direction,model_family,lambda_token,metric,contrast,point_estimate,interval_lower,interval_upper,valid_replicates,invalid_replicates,support_token
bejis_2022_to_mugla_2021,baseline,lambda_0,roc_auc,candidate_vs_raw,-0.0220647474818367,-0.039327142636448084,-0.005245673451307227,1000,0,bootstrap_supported_negative
bejis_2022_to_mugla_2021,baseline,lambda_0,roc_auc,candidate_vs_zscore,0.0052037170385909,-0.0011782786347012241,0.011633448195485197,1000,0,interval_includes_zero
bejis_2022_to_mugla_2021,baseline,lambda_0,roc_auc,candidate_vs_canonical,5.986613931363571e-06,-6.92451763059737e-05,7.634730942920327e-05,1000,0,interval_includes_zero
bejis_2022_to_mugla_2021,baseline,lambda_0,pr_auc,candidate_vs_raw,-0.0100764184098858,-0.017880189365731377,-0.0032240968338674114,1000,0,bootstrap_supported_negative
bejis_2022_to_mugla_2021,baseline,lambda_0,pr_auc,candidate_vs_zscore,0.0016094150517263,-0.0009982044926505791,0.004687575713139178,1000,0,interval_includes_zero
bejis_2022_to_mugla_2021,baseline,lambda_0,pr_auc,candidate_vs_canonical,-3.261265362237975e-05,-0.00011854511343309011,2.2781421565804676e-05,1000,0,interval_includes_zero
bejis_2022_to_mugla_2021,baseline,lambda_0,brier_score,candidate_vs_raw,-0.0128917935121955,-0.015378656675809704,-0.010755927411185206,1000,0,bootstrap_supported_negative
bejis_2022_to_mugla_2021,baseline,lambda_0,brier_score,candidate_vs_zscore,0.0043614146286369,0.0034148229133514705,0.005329281752770741,1000,0,bootstrap_supported_positive
bejis_2022_to_mugla_2021,baseline,lambda_0,brier_score,candidate_vs_canonical,5.232365841309483e-06,-2.2078896523496093e-06,1.3039045904664896e-05,1000,0,interval_includes_zero
bejis_2022_to_mugla_2021,baseline,lambda_1e_m8,roc_auc,candidate_vs_raw,-0.0220647474818367,-0.039327142636448084,-0.005245673451307227,1000,0,bootstrap_supported_negative
bejis_2022_to_mugla_2021,baseline,lambda_1e_m8,roc_auc,candidate_vs_zscore,0.0052037170385909,-0.0011782786347012241,0.011633448195485197,1000,0,interval_includes_zero
bejis_2022_to_mugla_2021,baseline,lambda_1e_m8,roc_auc,candidate_vs_canonical,5.986613931363571e-06,-6.92451763059737e-05,7.634730942920327e-05,1000,0,interval_includes_zero
bejis_2022_to_mugla_2021,baseline,lambda_1e_m8,pr_auc,candidate_vs_raw,-0.0100764184098858,-0.017880189365731377,-0.0032240968338674114,1000,0,bootstrap_supported_negative
bejis_2022_to_mugla_2021,baseline,lambda_1e_m8,pr_auc,candidate_vs_zscore,0.0016094150517263,-0.0009982044926505791,0.004687575713139178,1000,0,interval_includes_zero
bejis_2022_to_mugla_2021,baseline,lambda_1e_m8,pr_auc,candidate_vs_canonical,-3.261265362237975e-05,-0.00011854511343309011,2.2781421565804676e-05,1000,0,interval_includes_zero
bejis_2022_to_mugla_2021,baseline,lambda_1e_m8,brier_score,candidate_vs_raw,-0.0128917935121955,-0.015378656675809704,-0.010755927411185206,1000,0,bootstrap_supported_negative
bejis_2022_to_mugla_2021,baseline,lambda_1e_m8,brier_score,candidate_vs_zscore,0.0043614146286369,0.0034148229133514705,0.005329281752770741,1000,0,bootstrap_supported_positive
bejis_2022_to_mugla_2021,baseline,lambda_1e_m8,brier_score,candidate_vs_canonical,5.232365841309483e-06,-2.2078896523496093e-06,1.3039045904664896e-05,1000,0,interval_includes_zero
bejis_2022_to_mugla_2021,baseline,lambda_1e_m7,roc_auc,candidate_vs_raw,-0.0220647474818367,-0.03932714263644809,-0.005245673451307227,1000,0,bootstrap_supported_negative
bejis_2022_to_mugla_2021,baseline,lambda_1e_m7,roc_auc,candidate_vs_zscore,0.0052037170385909,-0.0011782786347012241,0.011633448195485197,1000,0,interval_includes_zero
bejis_2022_to_mugla_2021,baseline,lambda_1e_m7,roc_auc,candidate_vs_canonical,5.986613931363571e-06,-6.92451763059737e-05,7.634730942920327e-05,1000,0,interval_includes_zero
bejis_2022_to_mugla_2021,baseline,lambda_1e_m7,pr_auc,candidate_vs_raw,-0.0100764184098858,-0.017880189365731363,-0.0032240968338674114,1000,0,bootstrap_supported_negative
bejis_2022_to_mugla_2021,baseline,lambda_1e_m7,pr_auc,candidate_vs_zscore,0.0016094150517263,-0.0009982044926505791,0.004687575713139178,1000,0,interval_includes_zero
bejis_2022_to_mugla_2021,baseline,lambda_1e_m7,pr_auc,candidate_vs_canonical,-3.261265362237975e-05,-0.00011854511343309046,2.2781421565804676e-05,1000,0,interval_includes_zero
bejis_2022_to_mugla_2021,baseline,lambda_1e_m7,brier_score,candidate_vs_raw,-0.0128917935121955,-0.015378656675809704,-0.010755927411185206,1000,0,bootstrap_supported_negative
bejis_2022_to_mugla_2021,baseline,lambda_1e_m7,brier_score,candidate_vs_zscore,0.0043614146286369,0.0034148229133514705,0.005329281752770741,1000,0,bootstrap_supported_positive
bejis_2022_to_mugla_2021,baseline,lambda_1e_m7,brier_score,candidate_vs_canonical,5.232365841309483e-06,-2.2078896523496093e-06,1.3039045904664896e-05,1000,0,interval_includes_zero
bejis_2022_to_mugla_2021,baseline,lambda_1e_m6,roc_auc,candidate_vs_raw,-0.0220651368551004,-0.03932743421794823,-0.005246755216709605,1000,0,bootstrap_supported_negative
bejis_2022_to_mugla_2021,baseline,lambda_1e_m6,roc_auc,candidate_vs_zscore,0.0052033276653271,-0.001179222727769441,0.011632887332335891,1000,0,interval_includes_zero
bejis_2022_to_mugla_2021,baseline,lambda_1e_m6,roc_auc,candidate_vs_canonical,5.597240667620795e-06,-6.98168060718346e-05,7.623779410748373e-05,1000,0,interval_includes_zero
bejis_2022_to_mugla_2021,baseline,lambda_1e_m6,pr_auc,candidate_vs_raw,-0.010076757851206,-0.017880521511502018,-0.0032242671036443555,1000,0,bootstrap_supported_negative
bejis_2022_to_mugla_2021,baseline,lambda_1e_m6,pr_auc,candidate_vs_zscore,0.0016090756104061,-0.000999810042986307,0.004687007213472393,1000,0,interval_includes_zero
bejis_2022_to_mugla_2021,baseline,lambda_1e_m6,pr_auc,candidate_vs_canonical,-3.29520949425427e-05,-0.00011907123831221936,2.2349101701169685e-05,1000,0,interval_includes_zero
bejis_2022_to_mugla_2021,baseline,lambda_1e_m6,brier_score,candidate_vs_raw,-0.0128919136659943,-0.015378855216827959,-0.010756010184886344,1000,0,bootstrap_supported_negative
bejis_2022_to_mugla_2021,baseline,lambda_1e_m6,brier_score,candidate_vs_zscore,0.0043612944748381,0.0034147947527049657,0.005329146936495248,1000,0,bootstrap_supported_positive
bejis_2022_to_mugla_2021,baseline,lambda_1e_m6,brier_score,candidate_vs_canonical,5.1122120424546e-06,-2.372062955102727e-06,1.2875852402451786e-05,1000,0,interval_includes_zero
bejis_2022_to_mugla_2021,baseline,lambda_1e_m5,roc_auc,candidate_vs_raw,-0.0220707473698565,-0.039259849746387576,-0.0052953599368812925,1000,0,bootstrap_supported_negative
bejis_2022_to_mugla_2021,baseline,lambda_1e_m5,roc_auc,candidate_vs_zscore,0.005197717150571,-0.0011882101957373186,0.01166555609767836,1000,0,interval_includes_zero
bejis_2022_to_mugla_2021,baseline,lambda_1e_m5,roc_auc,candidate_vs_canonical,-1.3274088495052185e-08,-5.5336214843659806e-08,0.0,1000,0,interval_includes_zero
bejis_2022_to_mugla_2021,baseline,lambda_1e_m5,pr_auc,candidate_vs_raw,-0.0100438057562635,-0.017858115153245934,-0.0031010575315435387,1000,0,bootstrap_supported_negative
bejis_2022_to_mugla_2021,baseline,lambda_1e_m5,pr_auc,candidate_vs_zscore,0.0016420277053487,-0.0009926758369129495,0.004745202780470551,1000,0,interval_includes_zero
bejis_2022_to_mugla_2021,baseline,lambda_1e_m5,pr_auc,candidate_vs_canonical,0.0,-1.3877787807814457e-17,1.3877787807814457e-17,1000,0,interval_includes_zero
bejis_2022_to_mugla_2021,baseline,lambda_1e_m5,brier_score,candidate_vs_raw,-0.0128970258780368,-0.01538303876787223,-0.010760913029916,1000,0,bootstrap_supported_negative
bejis_2022_to_mugla_2021,baseline,lambda_1e_m5,brier_score,candidate_vs_zscore,0.0043561822627956,0.003409668645573802,0.005323615709547817,1000,0,bootstrap_supported_positive
bejis_2022_to_mugla_2021,baseline,lambda_1e_m5,brier_score,candidate_vs_canonical,0.0,-1.3877787807814457e-17,2.7755575615628914e-17,1000,0,interval_includes_zero
bejis_2022_to_mugla_2021,baseline,lambda_1e_m4,roc_auc,candidate_vs_raw,-0.0227963532963795,-0.04002805054880477,-0.0061891181361159306,1000,0,bootstrap_supported_negative
bejis_2022_to_mugla_2021,baseline,lambda_1e_m4,roc_auc,candidate_vs_zscore,0.0044721112240481,-0.0019361322531717266,0.010867671142876534,1000,0,interval_includes_zero
bejis_2022_to_mugla_2021,baseline,lambda_1e_m4,roc_auc,candidate_vs_canonical,-0.0007256192006114,-0.0011584957916678934,-0.00029809455921188404,1000,0,bootstrap_supported_negative
bejis_2022_to_mugla_2021,baseline,lambda_1e_m4,pr_auc,candidate_vs_raw,-0.0101012819376868,-0.017891381594805328,-0.003186540597144227,1000,0,bootstrap_supported_negative
bejis_2022_to_mugla_2021,baseline,lambda_1e_m4,pr_auc,candidate_vs_zscore,0.0015845515239253,-0.0010637066144414766,0.004646147722936434,1000,0,interval_includes_zero
bejis_2022_to_mugla_2021,baseline,lambda_1e_m4,pr_auc,candidate_vs_canonical,-5.747618142336319e-05,-0.0002208913679348584,0.00011566960244301578,1000,0,interval_includes_zero
bejis_2022_to_mugla_2021,baseline,lambda_1e_m4,brier_score,candidate_vs_raw,-0.0129177722493878,-0.015403779842098418,-0.01078862995214184,1000,0,bootstrap_supported_negative
bejis_2022_to_mugla_2021,baseline,lambda_1e_m4,brier_score,candidate_vs_zscore,0.0043354358914446,0.0033913412038649978,0.005314829761154073,1000,0,bootstrap_supported_positive
bejis_2022_to_mugla_2021,baseline,lambda_1e_m4,brier_score,candidate_vs_canonical,-2.0746371350993664e-05,-5.05625342118135e-05,9.451107818843683e-06,1000,0,interval_includes_zero
bejis_2022_to_mugla_2021,baseline,lambda_1e_m3,roc_auc,candidate_vs_raw,-0.0224973942742962,-0.039880269059465866,-0.006069876594186107,1000,0,bootstrap_supported_negative
bejis_2022_to_mugla_2021,baseline,lambda_1e_m3,roc_auc,candidate_vs_zscore,0.0047710702461314,-0.0015187697731235434,0.01137878335596177,1000,0,interval_includes_zero
bejis_2022_to_mugla_2021,baseline,lambda_1e_m3,roc_auc,candidate_vs_canonical,-0.0004266601785281,-0.0017100883837474407,0.000976551338328726,1000,0,interval_includes_zero
bejis_2022_to_mugla_2021,baseline,lambda_1e_m3,pr_auc,candidate_vs_raw,-0.0104858371678591,-0.01833204519177843,-0.0037841524841711557,1000,0,bootstrap_supported_negative
bejis_2022_to_mugla_2021,baseline,lambda_1e_m3,pr_auc,candidate_vs_zscore,0.001199996293753,-0.001399366646734156,0.004307825534669091,1000,0,interval_includes_zero
bejis_2022_to_mugla_2021,baseline,lambda_1e_m3,pr_auc,candidate_vs_canonical,-0.0004420314115956,-0.0009993501099926025,2.538271288385047e-05,1000,0,interval_includes_zero
bejis_2022_to_mugla_2021,baseline,lambda_1e_m3,brier_score,candidate_vs_raw,-0.0127367735552137,-0.015135936566011688,-0.010576415491912518,1000,0,bootstrap_supported_negative
bejis_2022_to_mugla_2021,baseline,lambda_1e_m3,brier_score,candidate_vs_zscore,0.0045164345856187,0.003558588833089816,0.005492694457635722,1000,0,bootstrap_supported_positive
bejis_2022_to_mugla_2021,baseline,lambda_1e_m3,brier_score,candidate_vs_canonical,0.0001602523228231,5.1795312979091565e-05,0.00027713209223717143,1000,0,bootstrap_supported_positive
bejis_2022_to_mugla_2021,baseline,lambda_1e_m2,roc_auc,candidate_vs_raw,-0.0185224197895279,-0.035678359825147804,-0.0015446231037979188,1000,0,bootstrap_supported_negative
bejis_2022_to_mugla_2021,baseline,lambda_1e_m2,roc_auc,candidate_vs_zscore,0.0087460447308996,0.0025208755992100125,0.014774666846456976,1000,0,bootstrap_supported_positive
bejis_2022_to_mugla_2021,baseline,lambda_1e_m2,roc_auc,candidate_vs_canonical,0.0035483143062401,0.0017975652182809665,0.005254310910154324,1000,0,bootstrap_supported_positive
bejis_2022_to_mugla_2021,baseline,lambda_1e_m2,pr_auc,candidate_vs_raw,-0.0101687643407454,-0.01815054653629693,-0.003353095961961496,1000,0,bootstrap_supported_negative
bejis_2022_to_mugla_2021,baseline,lambda_1e_m2,pr_auc,candidate_vs_zscore,0.0015170691208667,-0.001052819460980072,0.0043277575836209205,1000,0,interval_includes_zero
bejis_2022_to_mugla_2021,baseline,lambda_1e_m2,pr_auc,candidate_vs_canonical,-0.0001249585844819,-0.0008285194336388232,0.0003866248906933225,1000,0,interval_includes_zero
bejis_2022_to_mugla_2021,baseline,lambda_1e_m2,brier_score,candidate_vs_raw,-0.0124030592552347,-0.0148163832212382,-0.010261191088282568,1000,0,bootstrap_supported_negative
bejis_2022_to_mugla_2021,baseline,lambda_1e_m2,brier_score,candidate_vs_zscore,0.0048501488855977,0.003908369531353943,0.0057858808348742385,1000,0,bootstrap_supported_positive
bejis_2022_to_mugla_2021,baseline,lambda_1e_m2,brier_score,candidate_vs_canonical,0.0004939666228021,0.0003234514989899961,0.0006485523496024901,1000,0,bootstrap_supported_positive
bejis_2022_to_mugla_2021,baseline,lambda_1e_m1,roc_auc,candidate_vs_raw,-0.0286027759004037,-0.04697040714075752,-0.011364105959696003,1000,0,bootstrap_supported_negative
bejis_2022_to_mugla_2021,baseline,lambda_1e_m1,roc_auc,candidate_vs_zscore,-0.001334311379976,-0.0071885283281908074,0.004220435143041478,1000,0,interval_includes_zero
bejis_2022_to_mugla_2021,baseline,lambda_1e_m1,roc_auc,candidate_vs_canonical,-0.0065320418046356,-0.009418597147282637,-0.00372262150429526,1000,0,bootstrap_supported_negative
bejis_2022_to_mugla_2021,baseline,lambda_1e_m1,pr_auc,candidate_vs_raw,-0.0113153760646246,-0.01926358779413267,-0.004231559380889939,1000,0,bootstrap_supported_negative
bejis_2022_to_mugla_2021,baseline,lambda_1e_m1,pr_auc,candidate_vs_zscore,0.0003704573969875,-0.001986437074230639,0.0031302321830068134,1000,0,interval_includes_zero
bejis_2022_to_mugla_2021,baseline,lambda_1e_m1,pr_auc,candidate_vs_canonical,-0.0012715703083611,-0.002249776002864538,-0.00042220576257689317,1000,0,bootstrap_supported_negative
bejis_2022_to_mugla_2021,baseline,lambda_1e_m1,brier_score,candidate_vs_raw,-0.0136874346396174,-0.01608021642742489,-0.011473395199251876,1000,0,bootstrap_supported_negative
bejis_2022_to_mugla_2021,baseline,lambda_1e_m1,brier_score,candidate_vs_zscore,0.003565773501215,0.0026232933111364747,0.004527370216946279,1000,0,bootstrap_supported_positive
bejis_2022_to_mugla_2021,baseline,lambda_1e_m1,brier_score,candidate_vs_canonical,-0.0007904087615805,-0.001100712786052485,-0.00048615519285294504,1000,0,bootstrap_supported_negative
bejis_2022_to_mugla_2021,thermal,lambda_0,roc_auc,candidate_vs_raw,-0.1123257885390439,-0.13044059103547737,-0.09253189617027169,1000,0,bootstrap_supported_negative
bejis_2022_to_mugla_2021,thermal,lambda_0,roc_auc,candidate_vs_zscore,-0.0115843236164734,-0.022569319726688526,0.00023324715639328147,1000,0,interval_includes_zero
bejis_2022_to_mugla_2021,thermal,lambda_0,roc_auc,candidate_vs_canonical,-0.0004888360092465,-0.00152821529451702,0.0005492102232057204,1000,0,interval_includes_zero
bejis_2022_to_mugla_2021,thermal,lambda_0,pr_auc,candidate_vs_raw,-0.0236077642790685,-0.029302000421548513,-0.01807880002199894,1000,0,bootstrap_supported_negative
bejis_2022_to_mugla_2021,thermal,lambda_0,pr_auc,candidate_vs_zscore,0.0001069234951067,-0.0020898021011870023,0.002643916167039153,1000,0,interval_includes_zero
bejis_2022_to_mugla_2021,thermal,lambda_0,pr_auc,candidate_vs_canonical,-0.0001415630417926,-0.00030313449719566175,2.492158974333427e-05,1000,0,interval_includes_zero
bejis_2022_to_mugla_2021,thermal,lambda_0,brier_score,candidate_vs_raw,-0.0155128728218226,-0.01721737235542767,-0.013813447468292028,1000,0,bootstrap_supported_negative
bejis_2022_to_mugla_2021,thermal,lambda_0,brier_score,candidate_vs_zscore,0.0009854114336786,2.7180571299847667e-05,0.0020204348014756664,1000,0,bootstrap_supported_positive
bejis_2022_to_mugla_2021,thermal,lambda_0,brier_score,candidate_vs_canonical,-0.0001452471020957,-0.00021783214406328986,-6.871989762704499e-05,1000,0,bootstrap_supported_negative
bejis_2022_to_mugla_2021,thermal,lambda_1e_m8,roc_auc,candidate_vs_raw,-0.1123257885390439,-0.13044059103547737,-0.09253189617027169,1000,0,bootstrap_supported_negative
bejis_2022_to_mugla_2021,thermal,lambda_1e_m8,roc_auc,candidate_vs_zscore,-0.0115843236164734,-0.022569319726688526,0.00023324715639328147,1000,0,interval_includes_zero
bejis_2022_to_mugla_2021,thermal,lambda_1e_m8,roc_auc,candidate_vs_canonical,-0.0004888360092465,-0.00152821529451702,0.0005492102232057204,1000,0,interval_includes_zero
bejis_2022_to_mugla_2021,thermal,lambda_1e_m8,pr_auc,candidate_vs_raw,-0.0236077642790685,-0.029302000421548513,-0.01807880002199894,1000,0,bootstrap_supported_negative
bejis_2022_to_mugla_2021,thermal,lambda_1e_m8,pr_auc,candidate_vs_zscore,0.0001069234951067,-0.0020898021011870023,0.002643916167039153,1000,0,interval_includes_zero
bejis_2022_to_mugla_2021,thermal,lambda_1e_m8,pr_auc,candidate_vs_canonical,-0.0001415630417926,-0.00030313449719566175,2.492158974333427e-05,1000,0,interval_includes_zero
bejis_2022_to_mugla_2021,thermal,lambda_1e_m8,brier_score,candidate_vs_raw,-0.0155128728218226,-0.01721737235542767,-0.013813447468292028,1000,0,bootstrap_supported_negative
bejis_2022_to_mugla_2021,thermal,lambda_1e_m8,brier_score,candidate_vs_zscore,0.0009854114336786,2.7180571299847667e-05,0.0020204348014756664,1000,0,bootstrap_supported_positive
bejis_2022_to_mugla_2021,thermal,lambda_1e_m8,brier_score,candidate_vs_canonical,-0.0001452471020957,-0.00021783214406328986,-6.871989762704499e-05,1000,0,bootstrap_supported_negative
bejis_2022_to_mugla_2021,thermal,lambda_1e_m7,roc_auc,candidate_vs_raw,-0.112329310597203,-0.13030496749347678,-0.09271911734693758,1000,0,bootstrap_supported_negative
bejis_2022_to_mugla_2021,thermal,lambda_1e_m7,roc_auc,candidate_vs_zscore,-0.0115878456746325,-0.022702483367798412,0.00019393426578857942,1000,0,interval_includes_zero
bejis_2022_to_mugla_2021,thermal,lambda_1e_m7,roc_auc,candidate_vs_canonical,-0.0004923580674056,-0.0014316882498824012,0.0004723941511701384,1000,0,interval_includes_zero
bejis_2022_to_mugla_2021,thermal,lambda_1e_m7,pr_auc,candidate_vs_raw,-0.0235925907205247,-0.0292803381458434,-0.0180490713353023,1000,0,bootstrap_supported_negative
bejis_2022_to_mugla_2021,thermal,lambda_1e_m7,pr_auc,candidate_vs_zscore,0.0001220970536505,-0.0021005684547791255,0.00264992462040041,1000,0,interval_includes_zero
bejis_2022_to_mugla_2021,thermal,lambda_1e_m7,pr_auc,candidate_vs_canonical,-0.0001263894832488,-0.0002927597856977864,3.675144425880517e-05,1000,0,interval_includes_zero
bejis_2022_to_mugla_2021,thermal,lambda_1e_m7,brier_score,candidate_vs_raw,-0.0154524975731105,-0.017139462563623704,-0.013768267386442185,1000,0,bootstrap_supported_negative
bejis_2022_to_mugla_2021,thermal,lambda_1e_m7,brier_score,candidate_vs_zscore,0.0010457866823907,6.595319822706378e-05,0.00208230284604639,1000,0,bootstrap_supported_positive
bejis_2022_to_mugla_2021,thermal,lambda_1e_m7,brier_score,candidate_vs_canonical,-8.487185338364178e-05,-0.00015345012690062728,-1.0495981666546273e-05,1000,0,bootstrap_supported_negative
bejis_2022_to_mugla_2021,thermal,lambda_1e_m6,roc_auc,candidate_vs_raw,-0.1128790348505794,-0.1308523444918642,-0.09319716662840957,1000,0,bootstrap_supported_negative
bejis_2022_to_mugla_2021,thermal,lambda_1e_m6,roc_auc,candidate_vs_zscore,-0.0121375699280089,-0.02324718059797489,-0.0004730380596781036,1000,0,bootstrap_supported_negative
bejis_2022_to_mugla_2021,thermal,lambda_1e_m6,roc_auc,candidate_vs_canonical,-0.001042082320782,-0.0019175635721814133,-0.00017670591957831414,1000,0,bootstrap_supported_negative
bejis_2022_to_mugla_2021,thermal,lambda_1e_m6,pr_auc,candidate_vs_raw,-0.0236959153798712,-0.029405025955382833,-0.01813239925718519,1000,0,bootstrap_supported_negative
bejis_2022_to_mugla_2021,thermal,lambda_1e_m6,pr_auc,candidate_vs_zscore,1.8772394304006346e-05,-0.002204041068677558,0.002554989879906544,1000,0,interval_includes_zero
bejis_2022_to_mugla_2021,thermal,lambda_1e_m6,pr_auc,candidate_vs_canonical,-0.0002297141425953,-0.0003771138658645704,-8.519954872612396e-05,1000,0,bootstrap_supported_negative
bejis_2022_to_mugla_2021,thermal,lambda_1e_m6,brier_score,candidate_vs_raw,-0.0154846823430007,-0.017180873589504788,-0.013806689461110872,1000,0,bootstrap_supported_negative
bejis_2022_to_mugla_2021,thermal,lambda_1e_m6,brier_score,candidate_vs_zscore,0.0010136019125005,3.180499218524564e-05,0.0020514325476858075,1000,0,bootstrap_supported_positive
bejis_2022_to_mugla_2021,thermal,lambda_1e_m6,brier_score,candidate_vs_canonical,-0.0001170566232738,-0.00018125953862906664,-4.931905167020225e-05,1000,0,bootstrap_supported_negative
bejis_2022_to_mugla_2021,thermal,lambda_1e_m5,roc_auc,candidate_vs_raw,-0.1118369525297974,-0.12982511240091923,-0.09205540937220423,1000,0,bootstrap_supported_negative
bejis_2022_to_mugla_2021,thermal,lambda_1e_m5,roc_auc,candidate_vs_zscore,-0.0110954876072268,-0.022044475705899246,0.0006475783628580463,1000,0,interval_includes_zero
bejis_2022_to_mugla_2021,thermal,lambda_1e_m5,roc_auc,candidate_vs_canonical,0.0,0.0,0.0,1000,0,interval_includes_zero
bejis_2022_to_mugla_2021,thermal,lambda_1e_m5,pr_auc,candidate_vs_raw,-0.0234662012372758,-0.02911053171758445,-0.01794471936870943,1000,0,bootstrap_supported_negative
bejis_2022_to_mugla_2021,thermal,lambda_1e_m5,pr_auc,candidate_vs_zscore,0.0002484865368994,-0.001970853268069669,0.0027868127162098545,1000,0,interval_includes_zero
bejis_2022_to_mugla_2021,thermal,lambda_1e_m5,pr_auc,candidate_vs_canonical,5.551115123125783e-17,-1.3877787807814457e-17,3.4694469519504587e-19,1000,0,interval_includes_zero
bejis_2022_to_mugla_2021,thermal,lambda_1e_m5,brier_score,candidate_vs_raw,-0.0153676257197269,-0.017047367678696496,-0.013706777306090445,1000,0,bootstrap_supported_negative
bejis_2022_to_mugla_2021,thermal,lambda_1e_m5,brier_score,candidate_vs_zscore,0.0011306585357744,0.00017285738463755954,0.0021722194175354623,1000,0,bootstrap_supported_positive
bejis_2022_to_mugla_2021,thermal,lambda_1e_m5,brier_score,candidate_vs_canonical,0.0,-1.3877787807814457e-17,1.3877787807814457e-17,1000,0,interval_includes_zero
bejis_2022_to_mugla_2021,thermal,lambda_1e_m4,roc_auc,candidate_vs_raw,-0.1121869327235298,-0.12999996957029614,-0.09287350051085559,1000,0,bootstrap_supported_negative
bejis_2022_to_mugla_2021,thermal,lambda_1e_m4,roc_auc,candidate_vs_zscore,-0.0114454678009593,-0.02251112755788768,0.0002738720980315602,1000,0,interval_includes_zero
bejis_2022_to_mugla_2021,thermal,lambda_1e_m4,roc_auc,candidate_vs_canonical,-0.0003499801937324,-0.0025445668801719556,0.0017348150425114278,1000,0,interval_includes_zero
bejis_2022_to_mugla_2021,thermal,lambda_1e_m4,pr_auc,candidate_vs_raw,-0.023602112454429,-0.02950990511972253,-0.017908210768795174,1000,0,bootstrap_supported_negative
bejis_2022_to_mugla_2021,thermal,lambda_1e_m4,pr_auc,candidate_vs_zscore,0.0001125753197462,-0.002077467539515016,0.002711623331662471,1000,0,interval_includes_zero
bejis_2022_to_mugla_2021,thermal,lambda_1e_m4,pr_auc,candidate_vs_canonical,-0.0001359112171531,-0.0004801733280558277,0.0002041771110933909,1000,0,interval_includes_zero
bejis_2022_to_mugla_2021,thermal,lambda_1e_m4,brier_score,candidate_vs_raw,-0.0155619807926167,-0.017273917283160245,-0.013894633349884509,1000,0,bootstrap_supported_negative
bejis_2022_to_mugla_2021,thermal,lambda_1e_m4,brier_score,candidate_vs_zscore,0.0009363034628845,-2.1861630143014228e-05,0.0019650081396973655,1000,0,interval_includes_zero
bejis_2022_to_mugla_2021,thermal,lambda_1e_m4,brier_score,candidate_vs_canonical,-0.0001943550728898,-0.00034555857106886997,-4.7586643406577136e-05,1000,0,bootstrap_supported_negative
bejis_2022_to_mugla_2021,thermal,lambda_1e_m3,roc_auc,candidate_vs_raw,-0.1102824948160922,-0.12817500441073396,-0.09101570950095836,1000,0,bootstrap_supported_negative
bejis_2022_to_mugla_2021,thermal,lambda_1e_m3,roc_auc,candidate_vs_zscore,-0.0095410298935216,-0.020783210848882797,0.002100132718183904,1000,0,interval_includes_zero
bejis_2022_to_mugla_2021,thermal,lambda_1e_m3,roc_auc,candidate_vs_canonical,0.0015544577137052,-0.0008346458858450811,0.003960874917566194,1000,0,interval_includes_zero
bejis_2022_to_mugla_2021,thermal,lambda_1e_m3,pr_auc,candidate_vs_raw,-0.0232716805239071,-0.02901867565252622,-0.017683572648884878,1000,0,bootstrap_supported_negative
bejis_2022_to_mugla_2021,thermal,lambda_1e_m3,pr_auc,candidate_vs_zscore,0.0004430072502681,-0.0018422487254736442,0.003099421891431293,1000,0,interval_includes_zero
bejis_2022_to_mugla_2021,thermal,lambda_1e_m3,pr_auc,candidate_vs_canonical,0.0001945207133687,-0.00018882657343156326,0.0005720983388028885,1000,0,interval_includes_zero
bejis_2022_to_mugla_2021,thermal,lambda_1e_m3,brier_score,candidate_vs_raw,-0.0159483285771486,-0.01768576905359855,-0.014288845913757568,1000,0,bootstrap_supported_negative
bejis_2022_to_mugla_2021,thermal,lambda_1e_m3,brier_score,candidate_vs_zscore,0.0005499556783527,-0.0004612451499330993,0.0016188067653832227,1000,0,interval_includes_zero
bejis_2022_to_mugla_2021,thermal,lambda_1e_m3,brier_score,candidate_vs_canonical,-0.0005807028574216,-0.0007525502715513707,-0.0004001159627595022,1000,0,bootstrap_supported_negative
bejis_2022_to_mugla_2021,thermal,lambda_1e_m2,roc_auc,candidate_vs_raw,-0.1133574993719807,-0.13109601209474692,-0.09355985232055662,1000,0,bootstrap_supported_negative
bejis_2022_to_mugla_2021,thermal,lambda_1e_m2,roc_auc,candidate_vs_zscore,-0.0126160344494101,-0.023803260134011423,-0.00020786733951460608,1000,0,bootstrap_supported_negative
bejis_2022_to_mugla_2021,thermal,lambda_1e_m2,roc_auc,candidate_vs_canonical,-0.0015205468421832,-0.004177760028227796,0.0012444255504091282,1000,0,interval_includes_zero
bejis_2022_to_mugla_2021,thermal,lambda_1e_m2,pr_auc,candidate_vs_raw,-0.0236920022400445,-0.02945618536518747,-0.01800497032251241,1000,0,bootstrap_supported_negative
bejis_2022_to_mugla_2021,thermal,lambda_1e_m2,pr_auc,candidate_vs_zscore,2.2685534130720275e-05,-0.0021707296862386164,0.0027478818676538283,1000,0,interval_includes_zero
bejis_2022_to_mugla_2021,thermal,lambda_1e_m2,pr_auc,candidate_vs_canonical,-0.0002258010027686,-0.0007007306614077956,0.0002561558595263174,1000,0,interval_includes_zero
bejis_2022_to_mugla_2021,thermal,lambda_1e_m2,brier_score,candidate_vs_raw,-0.015221529250871,-0.016908685131957535,-0.013520693054846735,1000,0,bootstrap_supported_negative
bejis_2022_to_mugla_2021,thermal,lambda_1e_m2,brier_score,candidate_vs_zscore,0.0012767550046303,0.0002877396758753023,0.0023003537803521256,1000,0,bootstrap_supported_positive
bejis_2022_to_mugla_2021,thermal,lambda_1e_m2,brier_score,candidate_vs_canonical,0.0001460964688559,-6.945221874713955e-05,0.00033545009649847164,1000,0,interval_includes_zero
bejis_2022_to_mugla_2021,thermal,lambda_1e_m1,roc_auc,candidate_vs_raw,-0.1105673213585773,-0.12818866445360838,-0.09057497823096829,1000,0,bootstrap_supported_negative
bejis_2022_to_mugla_2021,thermal,lambda_1e_m1,roc_auc,candidate_vs_zscore,-0.0098258564360068,-0.020404212120757787,0.0016954846818472476,1000,0,interval_includes_zero
bejis_2022_to_mugla_2021,thermal,lambda_1e_m1,roc_auc,candidate_vs_canonical,0.00126963117122,-0.002795156920711167,0.004919526938693314,1000,0,interval_includes_zero
bejis_2022_to_mugla_2021,thermal,lambda_1e_m1,pr_auc,candidate_vs_raw,-0.0236680974965973,-0.029462813354424074,-0.0179685321212385,1000,0,bootstrap_supported_negative
bejis_2022_to_mugla_2021,thermal,lambda_1e_m1,pr_auc,candidate_vs_zscore,4.659027757794587e-05,-0.0021002227944310415,0.002551864326307155,1000,0,interval_includes_zero
bejis_2022_to_mugla_2021,thermal,lambda_1e_m1,pr_auc,candidate_vs_canonical,-0.0002018962593214,-0.0010140322699674013,0.0005761904230250422,1000,0,interval_includes_zero
bejis_2022_to_mugla_2021,thermal,lambda_1e_m1,brier_score,candidate_vs_raw,-0.0149524794860658,-0.01660880093347928,-0.013285900542310288,1000,0,bootstrap_supported_negative
bejis_2022_to_mugla_2021,thermal,lambda_1e_m1,brier_score,candidate_vs_zscore,0.0015458047694354,0.0006454999022579517,0.002541548992536431,1000,0,bootstrap_supported_positive
bejis_2022_to_mugla_2021,thermal,lambda_1e_m1,brier_score,candidate_vs_canonical,0.000415146233661,0.00010639212515358016,0.000728468476895722,1000,0,bootstrap_supported_positive
mugla_2021_to_bejis_2022,baseline,lambda_0,roc_auc,candidate_vs_raw,0.1587575650041938,0.1247895589683319,0.19287117709500845,1000,0,bootstrap_supported_positive
mugla_2021_to_bejis_2022,baseline,lambda_0,roc_auc,candidate_vs_zscore,0.0356102974385443,0.023885777264088838,0.04762983541904503,1000,0,bootstrap_supported_positive
mugla_2021_to_bejis_2022,baseline,lambda_0,roc_auc,candidate_vs_canonical,0.0007459190915543,0.00010188503985366085,0.0013598232072373235,1000,0,bootstrap_supported_positive
mugla_2021_to_bejis_2022,baseline,lambda_0,pr_auc,candidate_vs_raw,0.031549116138295,0.020935386107871067,0.04293296725761448,1000,0,bootstrap_supported_positive
mugla_2021_to_bejis_2022,baseline,lambda_0,pr_auc,candidate_vs_zscore,0.0104742396007144,0.006321340479544694,0.015326873915236773,1000,0,bootstrap_supported_positive
mugla_2021_to_bejis_2022,baseline,lambda_0,pr_auc,candidate_vs_canonical,0.0001119546586513,-9.123333499768023e-05,0.00035711871213221715,1000,0,interval_includes_zero
mugla_2021_to_bejis_2022,baseline,lambda_0,brier_score,candidate_vs_raw,-0.0136689030692862,-0.01861733429418004,-0.008826550970327394,1000,0,bootstrap_supported_negative
mugla_2021_to_bejis_2022,baseline,lambda_0,brier_score,candidate_vs_zscore,-4.025422010228708e-05,-0.0020871910166390937,0.002163604093738486,1000,0,interval_includes_zero
mugla_2021_to_bejis_2022,baseline,lambda_0,brier_score,candidate_vs_canonical,0.0001782250505391,8.041486894063907e-05,0.0002745765072502945,1000,0,bootstrap_supported_positive
mugla_2021_to_bejis_2022,baseline,lambda_1e_m8,roc_auc,candidate_vs_raw,0.1587575650041938,0.1247895589683319,0.19287117709500845,1000,0,bootstrap_supported_positive
mugla_2021_to_bejis_2022,baseline,lambda_1e_m8,roc_auc,candidate_vs_zscore,0.0356102974385443,0.023885777264088838,0.04762983541904503,1000,0,bootstrap_supported_positive
mugla_2021_to_bejis_2022,baseline,lambda_1e_m8,roc_auc,candidate_vs_canonical,0.0007459190915543,0.00010188503985366085,0.0013598232072373235,1000,0,bootstrap_supported_positive
mugla_2021_to_bejis_2022,baseline,lambda_1e_m8,pr_auc,candidate_vs_raw,0.031549116138295,0.020935386107871067,0.04293296725761448,1000,0,bootstrap_supported_positive
mugla_2021_to_bejis_2022,baseline,lambda_1e_m8,pr_auc,candidate_vs_zscore,0.0104742396007144,0.006321340479544694,0.015326873915236773,1000,0,bootstrap_supported_positive
mugla_2021_to_bejis_2022,baseline,lambda_1e_m8,pr_auc,candidate_vs_canonical,0.0001119546586513,-9.123333499768023e-05,0.00035711871213221715,1000,0,interval_includes_zero
mugla_2021_to_bejis_2022,baseline,lambda_1e_m8,brier_score,candidate_vs_raw,-0.0136689030692862,-0.01861733429418004,-0.008826550970327394,1000,0,bootstrap_supported_negative
mugla_2021_to_bejis_2022,baseline,lambda_1e_m8,brier_score,candidate_vs_zscore,-4.025422010228708e-05,-0.0020871910166390937,0.002163604093738486,1000,0,interval_includes_zero
mugla_2021_to_bejis_2022,baseline,lambda_1e_m8,brier_score,candidate_vs_canonical,0.0001782250505391,8.041486894063907e-05,0.0002745765072502945,1000,0,bootstrap_supported_positive
mugla_2021_to_bejis_2022,baseline,lambda_1e_m7,roc_auc,candidate_vs_raw,0.158757694044777,0.12478981286823443,0.1928712448664444,1000,0,bootstrap_supported_positive
mugla_2021_to_bejis_2022,baseline,lambda_1e_m7,roc_auc,candidate_vs_zscore,0.0356104264791276,0.023885777264088838,0.047629838624497066,1000,0,bootstrap_supported_positive
mugla_2021_to_bejis_2022,baseline,lambda_1e_m7,roc_auc,candidate_vs_canonical,0.0007460481321375,0.00010188503985366085,0.0013598232072373235,1000,0,bootstrap_supported_positive
mugla_2021_to_bejis_2022,baseline,lambda_1e_m7,pr_auc,candidate_vs_raw,0.0315491513454014,0.020935453711915412,0.04293296818539777,1000,0,bootstrap_supported_positive
mugla_2021_to_bejis_2022,baseline,lambda_1e_m7,pr_auc,candidate_vs_zscore,0.0104742748078208,0.006321373394467507,0.015326875236144332,1000,0,bootstrap_supported_positive
mugla_2021_to_bejis_2022,baseline,lambda_1e_m7,pr_auc,candidate_vs_canonical,0.0001119898657577,-9.118286385441063e-05,0.00035715019959630225,1000,0,interval_includes_zero
mugla_2021_to_bejis_2022,baseline,lambda_1e_m7,brier_score,candidate_vs_raw,-0.0136688502443789,-0.018617228477699237,-0.00882654702197576,1000,0,bootstrap_supported_negative
mugla_2021_to_bejis_2022,baseline,lambda_1e_m7,brier_score,candidate_vs_zscore,-4.020139519500532e-05,-0.0020871896954075494,0.0021637602002649876,1000,0,interval_includes_zero
mugla_2021_to_bejis_2022,baseline,lambda_1e_m7,brier_score,candidate_vs_canonical,0.0001782778754464,8.046642073838845e-05,0.0002746319924495137,1000,0,bootstrap_supported_positive
mugla_2021_to_bejis_2022,baseline,lambda_1e_m6,roc_auc,candidate_vs_raw,0.1594158655397122,0.1255703957439408,0.19353982184552615,1000,0,bootstrap_supported_positive
mugla_2021_to_bejis_2022,baseline,lambda_1e_m6,roc_auc,candidate_vs_zscore,0.0362685979740627,0.024605942534122627,0.04820338837463608,1000,0,bootstrap_supported_positive
mugla_2021_to_bejis_2022,baseline,lambda_1e_m6,roc_auc,candidate_vs_canonical,0.0014042196270727,0.0007541834340370563,0.0020095128274604107,1000,0,bootstrap_supported_positive
mugla_2021_to_bejis_2022,baseline,lambda_1e_m6,pr_auc,candidate_vs_raw,0.0317351807137802,0.021121356275745146,0.04321487318949109,1000,0,bootstrap_supported_positive
mugla_2021_to_bejis_2022,baseline,lambda_1e_m6,pr_auc,candidate_vs_zscore,0.0106603041761996,0.006481442518862638,0.015546555388129787,1000,0,bootstrap_supported_positive
mugla_2021_to_bejis_2022,baseline,lambda_1e_m6,pr_auc,candidate_vs_canonical,0.0002980192341365,0.00010737934604406161,0.0005322645149364635,1000,0,bootstrap_supported_positive
mugla_2021_to_bejis_2022,baseline,lambda_1e_m6,brier_score,candidate_vs_raw,-0.0135126760695641,-0.01846784375999912,-0.008646461321782883,1000,0,bootstrap_supported_negative
mugla_2021_to_bejis_2022,baseline,lambda_1e_m6,brier_score,candidate_vs_zscore,0.0001159727796197,-0.0019197287611222886,0.0023250763683740085,1000,0,interval_includes_zero
mugla_2021_to_bejis_2022,baseline,lambda_1e_m6,brier_score,candidate_vs_canonical,0.0003344520502612,0.00024061118939244856,0.00042662002843203077,1000,0,bootstrap_supported_positive
mugla_2021_to_bejis_2022,baseline,lambda_1e_m5,roc_auc,candidate_vs_raw,0.1580116459126395,0.12385395612788688,0.1923820512190342,1000,0,bootstrap_supported_positive
mugla_2021_to_bejis_2022,baseline,lambda_1e_m5,roc_auc,candidate_vs_zscore,0.03486437834699,0.023378042542302448,0.046673188116191915,1000,0,bootstrap_supported_positive
mugla_2021_to_bejis_2022,baseline,lambda_1e_m5,roc_auc,candidate_vs_canonical,0.0,0.0,0.0,1000,0,interval_includes_zero
mugla_2021_to_bejis_2022,baseline,lambda_1e_m5,pr_auc,candidate_vs_raw,0.0314371614796437,0.02083553093690531,0.04285053809296138,1000,0,bootstrap_supported_positive
mugla_2021_to_bejis_2022,baseline,lambda_1e_m5,pr_auc,candidate_vs_zscore,0.0103622849420631,0.006103129877249784,0.015262797532408433,1000,0,bootstrap_supported_positive
mugla_2021_to_bejis_2022,baseline,lambda_1e_m5,pr_auc,candidate_vs_canonical,8.326672684688674e-17,0.0,0.0,1000,0,interval_includes_zero
mugla_2021_to_bejis_2022,baseline,lambda_1e_m5,brier_score,candidate_vs_raw,-0.0138471281198254,-0.01869823733459802,-0.009013335533371584,1000,0,bootstrap_supported_negative
mugla_2021_to_bejis_2022,baseline,lambda_1e_m5,brier_score,candidate_vs_zscore,-0.0002184792706414,-0.002227822912098267,0.0019614452125936085,1000,0,interval_includes_zero
mugla_2021_to_bejis_2022,baseline,lambda_1e_m5,brier_score,candidate_vs_canonical,0.0,-2.7755575615628914e-17,2.7755575615628914e-17,1000,0,interval_includes_zero
mugla_2021_to_bejis_2022,baseline,lambda_1e_m4,roc_auc,candidate_vs_raw,0.1580692302729208,0.12389524792894605,0.19254493182856122,1000,0,bootstrap_supported_positive
mugla_2021_to_bejis_2022,baseline,lambda_1e_m4,roc_auc,candidate_vs_zscore,0.0349219627072713,0.02344027679390633,0.04674190239178468,1000,0,bootstrap_supported_positive
mugla_2021_to_bejis_2022,baseline,lambda_1e_m4,roc_auc,candidate_vs_canonical,5.758436028124869e-05,-0.0010636314598953007,0.0012529204715134884,1000,0,interval_includes_zero
mugla_2021_to_bejis_2022,baseline,lambda_1e_m4,pr_auc,candidate_vs_raw,0.0313123807311843,0.02047597966977897,0.04276764361357078,1000,0,bootstrap_supported_positive
mugla_2021_to_bejis_2022,baseline,lambda_1e_m4,pr_auc,candidate_vs_zscore,0.0102375041936037,0.006043282728713796,0.01491459851156081,1000,0,bootstrap_supported_positive
mugla_2021_to_bejis_2022,baseline,lambda_1e_m4,pr_auc,candidate_vs_canonical,-0.0001247807484593,-0.0005435822744268477,0.0002869664247308404,1000,0,interval_includes_zero
mugla_2021_to_bejis_2022,baseline,lambda_1e_m4,brier_score,candidate_vs_raw,-0.0145439520639303,-0.019501895954268114,-0.009721582264955233,1000,0,bootstrap_supported_negative
mugla_2021_to_bejis_2022,baseline,lambda_1e_m4,brier_score,candidate_vs_zscore,-0.0009153032147464,-0.002908193424491592,0.0012797092504302219,1000,0,interval_includes_zero
mugla_2021_to_bejis_2022,baseline,lambda_1e_m4,brier_score,candidate_vs_canonical,-0.0006968239441049,-0.0008994220758153267,-0.00048536805980904933,1000,0,bootstrap_supported_negative
mugla_2021_to_bejis_2022,baseline,lambda_1e_m3,roc_auc,candidate_vs_raw,0.1567584682882767,0.12295668018680694,0.19085548599183003,1000,0,bootstrap_supported_positive
mugla_2021_to_bejis_2022,baseline,lambda_1e_m3,roc_auc,candidate_vs_zscore,0.0336112007226272,0.0221545712498381,0.045628298682219154,1000,0,bootstrap_supported_positive
mugla_2021_to_bejis_2022,baseline,lambda_1e_m3,roc_auc,candidate_vs_canonical,-0.0012531776243628,-0.003164077790917047,0.000681295141048085,1000,0,interval_includes_zero
mugla_2021_to_bejis_2022,baseline,lambda_1e_m3,pr_auc,candidate_vs_raw,0.0317522857636631,0.020824903318976098,0.04343733483665963,1000,0,bootstrap_supported_positive
mugla_2021_to_bejis_2022,baseline,lambda_1e_m3,pr_auc,candidate_vs_zscore,0.0106774092260825,0.006403226897138086,0.015618379886058123,1000,0,bootstrap_supported_positive
mugla_2021_to_bejis_2022,baseline,lambda_1e_m3,pr_auc,candidate_vs_canonical,0.0003151242840194,-0.0004067296343475732,0.0010761624058850646,1000,0,interval_includes_zero
mugla_2021_to_bejis_2022,baseline,lambda_1e_m3,brier_score,candidate_vs_raw,-0.012914790971087,-0.017817530791415077,-0.008089899292692866,1000,0,bootstrap_supported_negative
mugla_2021_to_bejis_2022,baseline,lambda_1e_m3,brier_score,candidate_vs_zscore,0.0007138578780968,-0.0012769537686794681,0.0029000706283176425,1000,0,interval_includes_zero
mugla_2021_to_bejis_2022,baseline,lambda_1e_m3,brier_score,candidate_vs_canonical,0.0009323371487383,0.0006321011615264896,0.0012469134486600218,1000,0,bootstrap_supported_positive
mugla_2021_to_bejis_2022,baseline,lambda_1e_m2,roc_auc,candidate_vs_raw,0.1524701593651203,0.11844383381304502,0.1864173653389191,1000,0,bootstrap_supported_positive
mugla_2021_to_bejis_2022,baseline,lambda_1e_m2,roc_auc,candidate_vs_zscore,0.0293228917994708,0.018622343529378207,0.0408351328374699,1000,0,bootstrap_supported_positive
mugla_2021_to_bejis_2022,baseline,lambda_1e_m2,roc_auc,candidate_vs_canonical,-0.0055414865475191,-0.00793159671516008,-0.003028455579035361,1000,0,bootstrap_supported_negative
mugla_2021_to_bejis_2022,baseline,lambda_1e_m2,pr_auc,candidate_vs_raw,0.0299031028068365,0.019309514531026625,0.04101695801992561,1000,0,bootstrap_supported_positive
mugla_2021_to_bejis_2022,baseline,lambda_1e_m2,pr_auc,candidate_vs_zscore,0.0088282262692559,0.004853194132523038,0.013445427559178331,1000,0,bootstrap_supported_positive
mugla_2021_to_bejis_2022,baseline,lambda_1e_m2,pr_auc,candidate_vs_canonical,-0.0015340586728071,-0.0025471980762209506,-0.0006387971982635231,1000,0,bootstrap_supported_negative
mugla_2021_to_bejis_2022,baseline,lambda_1e_m2,brier_score,candidate_vs_raw,-0.0145938194565873,-0.019532995266672567,-0.009850791455958489,1000,0,bootstrap_supported_negative
mugla_2021_to_bejis_2022,baseline,lambda_1e_m2,brier_score,candidate_vs_zscore,-0.0009651706074034,-0.002953182141948546,0.0011577912077881548,1000,0,interval_includes_zero
mugla_2021_to_bejis_2022,baseline,lambda_1e_m2,brier_score,candidate_vs_canonical,-0.0007466913367619,-0.0011351996258802427,-0.0003576138930058787,1000,0,bootstrap_supported_negative
mugla_2021_to_bejis_2022,baseline,lambda_1e_m1,roc_auc,candidate_vs_raw,0.1455432608555392,0.11110402203457827,0.1786070210182699,1000,0,bootstrap_supported_positive
mugla_2021_to_bejis_2022,baseline,lambda_1e_m1,roc_auc,candidate_vs_zscore,0.0223959932898897,0.01222059573176772,0.03314491433854675,1000,0,bootstrap_supported_positive
mugla_2021_to_bejis_2022,baseline,lambda_1e_m1,roc_auc,candidate_vs_canonical,-0.0124683850571003,-0.016645673873060797,-0.008456631614134647,1000,0,bootstrap_supported_negative
mugla_2021_to_bejis_2022,baseline,lambda_1e_m1,pr_auc,candidate_vs_raw,0.0268109076751326,0.016839843100959102,0.03721620194907021,1000,0,bootstrap_supported_positive
mugla_2021_to_bejis_2022,baseline,lambda_1e_m1,pr_auc,candidate_vs_zscore,0.005736031137552,0.0020175292972011505,0.009738506810541395,1000,0,bootstrap_supported_positive
mugla_2021_to_bejis_2022,baseline,lambda_1e_m1,pr_auc,candidate_vs_canonical,-0.004626253804511,-0.006604883580628392,-0.003032085090971527,1000,0,bootstrap_supported_negative
mugla_2021_to_bejis_2022,baseline,lambda_1e_m1,brier_score,candidate_vs_raw,-0.0136538765211662,-0.01849906697930651,-0.008942979075877822,1000,0,bootstrap_supported_negative
mugla_2021_to_bejis_2022,baseline,lambda_1e_m1,brier_score,candidate_vs_zscore,-2.522767198229192e-05,-0.0019760860268193438,0.0018725319839985161,1000,0,interval_includes_zero
mugla_2021_to_bejis_2022,baseline,lambda_1e_m1,brier_score,candidate_vs_canonical,0.0001932515986591,-0.0006391914249151004,0.0008977615969937018,1000,0,interval_includes_zero
mugla_2021_to_bejis_2022,thermal,lambda_0,roc_auc,candidate_vs_raw,-0.0228428608297309,-0.05324249053471246,0.006660260392094857,1000,0,interval_includes_zero
mugla_2021_to_bejis_2022,thermal,lambda_0,roc_auc,candidate_vs_zscore,0.0250857797277244,0.01563825466904927,0.03538690153667617,1000,0,bootstrap_supported_positive
mugla_2021_to_bejis_2022,thermal,lambda_0,roc_auc,candidate_vs_canonical,1.6033292470463145e-05,-0.003000040619518518,0.003143030173646821,1000,0,interval_includes_zero
mugla_2021_to_bejis_2022,thermal,lambda_0,pr_auc,candidate_vs_raw,-0.0098521325687878,-0.02065019025747763,-0.000977443159236615,1000,0,bootstrap_supported_negative
mugla_2021_to_bejis_2022,thermal,lambda_0,pr_auc,candidate_vs_zscore,0.0062350774002103,0.004139927854948685,0.008831604651695519,1000,0,bootstrap_supported_positive
mugla_2021_to_bejis_2022,thermal,lambda_0,pr_auc,candidate_vs_canonical,0.0005145978424668,-0.00010373469918087026,0.0011965448942327789,1000,0,interval_includes_zero
mugla_2021_to_bejis_2022,thermal,lambda_0,brier_score,candidate_vs_raw,0.0006969257985306,-0.0033948192931716145,0.004345607626850608,1000,0,interval_includes_zero
mugla_2021_to_bejis_2022,thermal,lambda_0,brier_score,candidate_vs_zscore,-0.000154802156831,-0.001648494600111864,0.0014061878482763905,1000,0,interval_includes_zero
mugla_2021_to_bejis_2022,thermal,lambda_0,brier_score,candidate_vs_canonical,-0.0002152206154507,-0.0004746529642764008,1.78762366273041e-05,1000,0,interval_includes_zero
mugla_2021_to_bejis_2022,thermal,lambda_1e_m8,roc_auc,candidate_vs_raw,-0.0228428608297309,-0.05324249053471246,0.006660260392094857,1000,0,interval_includes_zero
mugla_2021_to_bejis_2022,thermal,lambda_1e_m8,roc_auc,candidate_vs_zscore,0.0250857797277244,0.01563825466904927,0.03538690153667617,1000,0,bootstrap_supported_positive
mugla_2021_to_bejis_2022,thermal,lambda_1e_m8,roc_auc,candidate_vs_canonical,1.6033292470463145e-05,-0.003000040619518518,0.003143030173646821,1000,0,interval_includes_zero
mugla_2021_to_bejis_2022,thermal,lambda_1e_m8,pr_auc,candidate_vs_raw,-0.0098521325687878,-0.02065019025747763,-0.000977443159236615,1000,0,bootstrap_supported_negative
mugla_2021_to_bejis_2022,thermal,lambda_1e_m8,pr_auc,candidate_vs_zscore,0.0062350774002103,0.004139927854948685,0.008831604651695519,1000,0,bootstrap_supported_positive
mugla_2021_to_bejis_2022,thermal,lambda_1e_m8,pr_auc,candidate_vs_canonical,0.0005145978424668,-0.00010373469918087026,0.0011965448942327789,1000,0,interval_includes_zero
mugla_2021_to_bejis_2022,thermal,lambda_1e_m8,brier_score,candidate_vs_raw,0.0006969257985306,-0.0033948192931716145,0.004345607626850608,1000,0,interval_includes_zero
mugla_2021_to_bejis_2022,thermal,lambda_1e_m8,brier_score,candidate_vs_zscore,-0.000154802156831,-0.001648494600111864,0.0014061878482763905,1000,0,interval_includes_zero
mugla_2021_to_bejis_2022,thermal,lambda_1e_m8,brier_score,candidate_vs_canonical,-0.0002152206154507,-0.0004746529642764008,1.78762366273041e-05,1000,0,interval_includes_zero
mugla_2021_to_bejis_2022,thermal,lambda_1e_m7,roc_auc,candidate_vs_raw,-0.0229938383121491,-0.05352333549994147,0.006432113106512236,1000,0,interval_includes_zero
mugla_2021_to_bejis_2022,thermal,lambda_1e_m7,roc_auc,candidate_vs_zscore,0.0249348022453061,0.01548742889187929,0.0351572217814572,1000,0,bootstrap_supported_positive
mugla_2021_to_bejis_2022,thermal,lambda_1e_m7,roc_auc,candidate_vs_canonical,-0.0001349441899477,-0.003175448102179143,0.003011401801253682,1000,0,interval_includes_zero
mugla_2021_to_bejis_2022,thermal,lambda_1e_m7,pr_auc,candidate_vs_raw,-0.0098819312750154,-0.020690526252925834,-0.001001424558965943,1000,0,bootstrap_supported_negative
mugla_2021_to_bejis_2022,thermal,lambda_1e_m7,pr_auc,candidate_vs_zscore,0.0062052786939827,0.0041134827613548575,0.008792270724343987,1000,0,bootstrap_supported_positive
mugla_2021_to_bejis_2022,thermal,lambda_1e_m7,pr_auc,candidate_vs_canonical,0.0004847991362392,-0.00013415557597434152,0.001160021769452766,1000,0,interval_includes_zero
mugla_2021_to_bejis_2022,thermal,lambda_1e_m7,brier_score,candidate_vs_raw,0.0006879819033062,-0.0034147693649820257,0.0043364889696775495,1000,0,interval_includes_zero
mugla_2021_to_bejis_2022,thermal,lambda_1e_m7,brier_score,candidate_vs_zscore,-0.0001637460520554,-0.0016621197992240232,0.0014019121323901925,1000,0,interval_includes_zero
mugla_2021_to_bejis_2022,thermal,lambda_1e_m7,brier_score,candidate_vs_canonical,-0.0002241645106751,-0.0004857310598901852,1.3875004506199476e-05,1000,0,interval_includes_zero
mugla_2021_to_bejis_2022,thermal,lambda_1e_m6,roc_auc,candidate_vs_raw,-0.0233201819472224,-0.05345043681949884,0.005952565659539167,1000,0,interval_includes_zero
mugla_2021_to_bejis_2022,thermal,lambda_1e_m6,roc_auc,candidate_vs_zscore,0.0246084586102329,0.015104855746036604,0.03503455761598518,1000,0,bootstrap_supported_positive
mugla_2021_to_bejis_2022,thermal,lambda_1e_m6,roc_auc,candidate_vs_canonical,-0.0004612878250209,-0.003345654454849667,0.0023522769521550487,1000,0,interval_includes_zero
mugla_2021_to_bejis_2022,thermal,lambda_1e_m6,pr_auc,candidate_vs_raw,-0.0099432119597613,-0.020860115444874098,-0.001120350940264644,1000,0,bootstrap_supported_negative
mugla_2021_to_bejis_2022,thermal,lambda_1e_m6,pr_auc,candidate_vs_zscore,0.0061439980092368,0.004048471277363826,0.008725344858054023,1000,0,bootstrap_supported_positive
mugla_2021_to_bejis_2022,thermal,lambda_1e_m6,pr_auc,candidate_vs_canonical,0.0004235184514933,-0.0001697584154563933,0.0010610448514718734,1000,0,interval_includes_zero
mugla_2021_to_bejis_2022,thermal,lambda_1e_m6,brier_score,candidate_vs_raw,0.0006092323818812,-0.0034758770318874714,0.004264938453027116,1000,0,interval_includes_zero
mugla_2021_to_bejis_2022,thermal,lambda_1e_m6,brier_score,candidate_vs_zscore,-0.0002424955734803,-0.0017118874590478638,0.0013020488109981197,1000,0,interval_includes_zero
mugla_2021_to_bejis_2022,thermal,lambda_1e_m6,brier_score,candidate_vs_canonical,-0.0003029140321,-0.0005433196375939746,-8.003838202264592e-05,1000,0,bootstrap_supported_negative
mugla_2021_to_bejis_2022,thermal,lambda_1e_m5,roc_auc,candidate_vs_raw,-0.0228588941222014,-0.05309985685244361,0.006127687224480129,1000,0,interval_includes_zero
mugla_2021_to_bejis_2022,thermal,lambda_1e_m5,roc_auc,candidate_vs_zscore,0.0250697464352539,0.015993006844093185,0.035283273981197426,1000,0,bootstrap_supported_positive
mugla_2021_to_bejis_2022,thermal,lambda_1e_m5,roc_auc,candidate_vs_canonical,0.0,0.0,0.0,1000,0,interval_includes_zero
mugla_2021_to_bejis_2022,thermal,lambda_1e_m5,pr_auc,candidate_vs_raw,-0.0103667304112547,-0.021052698600842093,-0.0017348883996390467,1000,0,bootstrap_supported_negative
mugla_2021_to_bejis_2022,thermal,lambda_1e_m5,pr_auc,candidate_vs_zscore,0.0057204795577434,0.0037342562637640636,0.008215378272746071,1000,0,bootstrap_supported_positive
mugla_2021_to_bejis_2022,thermal,lambda_1e_m5,pr_auc,candidate_vs_canonical,0.0,0.0,0.0,1000,0,interval_includes_zero
mugla_2021_to_bejis_2022,thermal,lambda_1e_m5,brier_score,candidate_vs_raw,0.0009121464139813,-0.0031721507804592496,0.0045886745786744764,1000,0,interval_includes_zero
mugla_2021_to_bejis_2022,thermal,lambda_1e_m5,brier_score,candidate_vs_zscore,6.0418458619718174e-05,-0.0014104986263246324,0.001636639177049367,1000,0,interval_includes_zero
mugla_2021_to_bejis_2022,thermal,lambda_1e_m5,brier_score,candidate_vs_canonical,0.0,-1.3877787807814457e-17,1.3877787807814457e-17,1000,0,interval_includes_zero
mugla_2021_to_bejis_2022,thermal,lambda_1e_m4,roc_auc,candidate_vs_raw,-0.0193529905155172,-0.050635950604682886,0.01017244625813357,1000,0,interval_includes_zero
mugla_2021_to_bejis_2022,thermal,lambda_1e_m4,roc_auc,candidate_vs_zscore,0.0285756500419381,0.01907905478641294,0.03849151996697208,1000,0,bootstrap_supported_positive
mugla_2021_to_bejis_2022,thermal,lambda_1e_m4,roc_auc,candidate_vs_canonical,0.0035059036066842,-0.0004232898586875477,0.00738768091397611,1000,0,interval_includes_zero
mugla_2021_to_bejis_2022,thermal,lambda_1e_m4,pr_auc,candidate_vs_raw,-0.0090694089154662,-0.02014319053203053,-0.00020323347877689433,1000,0,bootstrap_supported_negative
mugla_2021_to_bejis_2022,thermal,lambda_1e_m4,pr_auc,candidate_vs_zscore,0.0070178010535319,0.004808242309042991,0.009673749181906366,1000,0,bootstrap_supported_positive
mugla_2021_to_bejis_2022,thermal,lambda_1e_m4,pr_auc,candidate_vs_canonical,0.0012973214957884,0.0005656585723192355,0.002108951242952332,1000,0,bootstrap_supported_positive
mugla_2021_to_bejis_2022,thermal,lambda_1e_m4,brier_score,candidate_vs_raw,0.0014429956292013,-0.002664924109091877,0.005006125776213175,1000,0,interval_includes_zero
mugla_2021_to_bejis_2022,thermal,lambda_1e_m4,brier_score,candidate_vs_zscore,0.0005912676738397,-0.0009231540834997373,0.0022036496636749577,1000,0,interval_includes_zero
mugla_2021_to_bejis_2022,thermal,lambda_1e_m4,brier_score,candidate_vs_canonical,0.00053084921522,0.00018860305475575933,0.000841757098847199,1000,0,bootstrap_supported_positive
mugla_2021_to_bejis_2022,thermal,lambda_1e_m3,roc_auc,candidate_vs_raw,-0.0183677656623009,-0.049022956229896636,0.01065919911700169,1000,0,interval_includes_zero
mugla_2021_to_bejis_2022,thermal,lambda_1e_m3,roc_auc,candidate_vs_zscore,0.0295608748951544,0.020924282863597893,0.039478400177432836,1000,0,bootstrap_supported_positive
mugla_2021_to_bejis_2022,thermal,lambda_1e_m3,roc_auc,candidate_vs_canonical,0.0044911284599005,0.0006978525131412367,0.008772639031417164,1000,0,bootstrap_supported_positive
mugla_2021_to_bejis_2022,thermal,lambda_1e_m3,pr_auc,candidate_vs_raw,-0.0090794744394215,-0.019909062073243736,-0.00028270648879622965,1000,0,bootstrap_supported_negative
mugla_2021_to_bejis_2022,thermal,lambda_1e_m3,pr_auc,candidate_vs_zscore,0.0070077355295766,0.004983798648510352,0.009507617077840154,1000,0,bootstrap_supported_positive
mugla_2021_to_bejis_2022,thermal,lambda_1e_m3,pr_auc,candidate_vs_canonical,0.0012872559718331,0.0005485963073498891,0.0021174021091916843,1000,0,bootstrap_supported_positive
mugla_2021_to_bejis_2022,thermal,lambda_1e_m3,brier_score,candidate_vs_raw,0.0007677977514614,-0.00340256985516272,0.004497326120444555,1000,0,interval_includes_zero
mugla_2021_to_bejis_2022,thermal,lambda_1e_m3,brier_score,candidate_vs_zscore,-8.39302039001566e-05,-0.0015419386678797887,0.0015133450143415886,1000,0,interval_includes_zero
mugla_2021_to_bejis_2022,thermal,lambda_1e_m3,brier_score,candidate_vs_canonical,-0.0001443486625198,-0.00046024113562334357,0.00018277106397899048,1000,0,interval_includes_zero
mugla_2021_to_bejis_2022,thermal,lambda_1e_m2,roc_auc,candidate_vs_raw,-0.0181295890057423,-0.04867445746211376,0.01122846650419804,1000,0,interval_includes_zero
mugla_2021_to_bejis_2022,thermal,lambda_1e_m2,roc_auc,candidate_vs_zscore,0.029799051551713,0.020456128658788465,0.04022123857461677,1000,0,bootstrap_supported_positive
mugla_2021_to_bejis_2022,thermal,lambda_1e_m2,roc_auc,candidate_vs_canonical,0.004729305116459,0.00017283990042423774,0.009478519420136668,1000,0,bootstrap_supported_positive
mugla_2021_to_bejis_2022,thermal,lambda_1e_m2,pr_auc,candidate_vs_raw,-0.0088157867392616,-0.019701791711760498,0.00019150515864145603,1000,0,interval_includes_zero
mugla_2021_to_bejis_2022,thermal,lambda_1e_m2,pr_auc,candidate_vs_zscore,0.0072714232297365,0.005122461354779363,0.009821691476478347,1000,0,bootstrap_supported_positive
mugla_2021_to_bejis_2022,thermal,lambda_1e_m2,pr_auc,candidate_vs_canonical,0.001550943671993,0.000694325950941398,0.0024939915173524565,1000,0,bootstrap_supported_positive
mugla_2021_to_bejis_2022,thermal,lambda_1e_m2,brier_score,candidate_vs_raw,0.0004870955430634,-0.003615137143374669,0.0041747535444235555,1000,0,interval_includes_zero
mugla_2021_to_bejis_2022,thermal,lambda_1e_m2,brier_score,candidate_vs_zscore,-0.0003646324122982,-0.001870604407458643,0.001213116450081927,1000,0,interval_includes_zero
mugla_2021_to_bejis_2022,thermal,lambda_1e_m2,brier_score,candidate_vs_canonical,-0.0004250508709179,-0.0008518195765624539,-8.58343246212263e-06,1000,0,bootstrap_supported_negative
mugla_2021_to_bejis_2022,thermal,lambda_1e_m1,roc_auc,candidate_vs_raw,-0.0189708045680366,-0.049592340915882646,0.009978804797480433,1000,0,interval_includes_zero
mugla_2021_to_bejis_2022,thermal,lambda_1e_m1,roc_auc,candidate_vs_zscore,0.0289578359894187,0.019530913979700765,0.03872882148817966,1000,0,bootstrap_supported_positive
mugla_2021_to_bejis_2022,thermal,lambda_1e_m1,roc_auc,candidate_vs_canonical,0.0038880895541647,-0.0016757197118861089,0.009198622384483726,1000,0,interval_includes_zero
mugla_2021_to_bejis_2022,thermal,lambda_1e_m1,pr_auc,candidate_vs_raw,-0.0089724549362884,-0.019792237212610173,-7.507467706735408e-05,1000,0,bootstrap_supported_negative
mugla_2021_to_bejis_2022,thermal,lambda_1e_m1,pr_auc,candidate_vs_zscore,0.0071147550327097,0.00494152833840406,0.009580944601014121,1000,0,bootstrap_supported_positive
mugla_2021_to_bejis_2022,thermal,lambda_1e_m1,pr_auc,candidate_vs_canonical,0.0013942754749662,0.00019624510343137157,0.002732042883261038,1000,0,bootstrap_supported_positive
mugla_2021_to_bejis_2022,thermal,lambda_1e_m1,brier_score,candidate_vs_raw,-0.0003462803024893,-0.004406345703127735,0.003384261461357171,1000,0,interval_includes_zero
mugla_2021_to_bejis_2022,thermal,lambda_1e_m1,brier_score,candidate_vs_zscore,-0.0011980082578509,-0.002626673710394527,0.0002677335788225668,1000,0,interval_includes_zero
mugla_2021_to_bejis_2022,thermal,lambda_1e_m1,brier_score,candidate_vs_canonical,-0.0012584267164706,-0.001895392716410924,-0.0006111060890735847,1000,0,bootstrap_supported_negative
manavgat_2021_to_mugla_2021,baseline,lambda_0,roc_auc,candidate_vs_raw,0.0087380891271685,-0.002438418197737065,0.02054722358300352,1000,0,interval_includes_zero
manavgat_2021_to_mugla_2021,baseline,lambda_0,roc_auc,candidate_vs_zscore,0.0131041669319641,0.006164708374293469,0.020164773308748773,1000,0,bootstrap_supported_positive
manavgat_2021_to_mugla_2021,baseline,lambda_0,roc_auc,candidate_vs_canonical,-0.0009752428602902,-0.0012413461550094622,-0.0007271512801970845,1000,0,bootstrap_supported_negative
manavgat_2021_to_mugla_2021,baseline,lambda_0,pr_auc,candidate_vs_raw,-0.0011794166094661,-0.003595155818549728,0.0009352175019841508,1000,0,interval_includes_zero
manavgat_2021_to_mugla_2021,baseline,lambda_0,pr_auc,candidate_vs_zscore,0.0030576759472849,0.0016441545964962212,0.0046854020884780955,1000,0,bootstrap_supported_positive
manavgat_2021_to_mugla_2021,baseline,lambda_0,pr_auc,candidate_vs_canonical,-6.987763506381695e-05,-0.0001087413940490202,-3.7368641916456945e-05,1000,0,bootstrap_supported_negative
manavgat_2021_to_mugla_2021,baseline,lambda_0,brier_score,candidate_vs_raw,0.0494929734659013,0.04705235509885438,0.051735336288621175,1000,0,bootstrap_supported_positive
manavgat_2021_to_mugla_2021,baseline,lambda_0,brier_score,candidate_vs_zscore,-0.0021435709195843,-0.0037256976140820582,-0.000577168660419196,1000,0,bootstrap_supported_negative
manavgat_2021_to_mugla_2021,baseline,lambda_0,brier_score,candidate_vs_canonical,-0.000192007413685,-0.00021846432650664895,-0.0001665683442563931,1000,0,bootstrap_supported_negative
manavgat_2021_to_mugla_2021,baseline,lambda_1e_m8,roc_auc,candidate_vs_raw,0.0087380891271685,-0.002438418197737065,0.02054722358300352,1000,0,interval_includes_zero
manavgat_2021_to_mugla_2021,baseline,lambda_1e_m8,roc_auc,candidate_vs_zscore,0.0131041669319641,0.006164708374293469,0.020164773308748773,1000,0,bootstrap_supported_positive
manavgat_2021_to_mugla_2021,baseline,lambda_1e_m8,roc_auc,candidate_vs_canonical,-0.0009752428602902,-0.0012413461550094622,-0.0007271512801970845,1000,0,bootstrap_supported_negative
manavgat_2021_to_mugla_2021,baseline,lambda_1e_m8,pr_auc,candidate_vs_raw,-0.0011794166094661,-0.003595155818549728,0.0009352175019841508,1000,0,interval_includes_zero
manavgat_2021_to_mugla_2021,baseline,lambda_1e_m8,pr_auc,candidate_vs_zscore,0.0030576759472849,0.0016441545964962212,0.0046854020884780955,1000,0,bootstrap_supported_positive
manavgat_2021_to_mugla_2021,baseline,lambda_1e_m8,pr_auc,candidate_vs_canonical,-6.987763506381695e-05,-0.0001087413940490202,-3.7368641916456945e-05,1000,0,bootstrap_supported_negative
manavgat_2021_to_mugla_2021,baseline,lambda_1e_m8,brier_score,candidate_vs_raw,0.0494929734659013,0.04705235509885438,0.05173533628862118,1000,0,bootstrap_supported_positive
manavgat_2021_to_mugla_2021,baseline,lambda_1e_m8,brier_score,candidate_vs_zscore,-0.0021435709195843,-0.0037256976140820582,-0.0005771686604191952,1000,0,bootstrap_supported_negative
manavgat_2021_to_mugla_2021,baseline,lambda_1e_m8,brier_score,candidate_vs_canonical,-0.000192007413685,-0.00021846432650664895,-0.0001665683442563931,1000,0,bootstrap_supported_negative
manavgat_2021_to_mugla_2021,baseline,lambda_1e_m7,roc_auc,candidate_vs_raw,0.0087380891271685,-0.002438418197737065,0.02054722358300352,1000,0,interval_includes_zero
manavgat_2021_to_mugla_2021,baseline,lambda_1e_m7,roc_auc,candidate_vs_zscore,0.0131041669319641,0.006164708374293469,0.020164773308748773,1000,0,bootstrap_supported_positive
manavgat_2021_to_mugla_2021,baseline,lambda_1e_m7,roc_auc,candidate_vs_canonical,-0.0009752428602902,-0.0012413461550094622,-0.0007271512801970845,1000,0,bootstrap_supported_negative
manavgat_2021_to_mugla_2021,baseline,lambda_1e_m7,pr_auc,candidate_vs_raw,-0.0011794166094661,-0.003595155818549728,0.0009352175019841508,1000,0,interval_includes_zero
manavgat_2021_to_mugla_2021,baseline,lambda_1e_m7,pr_auc,candidate_vs_zscore,0.0030576759472849,0.0016441545964962212,0.0046854020884780955,1000,0,bootstrap_supported_positive
manavgat_2021_to_mugla_2021,baseline,lambda_1e_m7,pr_auc,candidate_vs_canonical,-6.987763506381695e-05,-0.0001087413940490202,-3.7368641916456945e-05,1000,0,bootstrap_supported_negative
manavgat_2021_to_mugla_2021,baseline,lambda_1e_m7,brier_score,candidate_vs_raw,0.0494929734659013,0.04705235509885438,0.05173533628862118,1000,0,bootstrap_supported_positive
manavgat_2021_to_mugla_2021,baseline,lambda_1e_m7,brier_score,candidate_vs_zscore,-0.0021435709195843,-0.0037256976140820582,-0.000577168660419196,1000,0,bootstrap_supported_negative
manavgat_2021_to_mugla_2021,baseline,lambda_1e_m7,brier_score,candidate_vs_canonical,-0.000192007413685,-0.00021846432650664895,-0.0001665683442563931,1000,0,bootstrap_supported_negative
manavgat_2021_to_mugla_2021,baseline,lambda_1e_m6,roc_auc,candidate_vs_raw,0.0087174213713127,-0.002439351643560006,0.02054381617012394,1000,0,interval_includes_zero
manavgat_2021_to_mugla_2021,baseline,lambda_1e_m6,roc_auc,candidate_vs_zscore,0.0130834991761083,0.0061650142170164,0.020082167523095107,1000,0,bootstrap_supported_positive
manavgat_2021_to_mugla_2021,baseline,lambda_1e_m6,roc_auc,candidate_vs_canonical,-0.000995910616146,-0.0012696855384913483,-0.000751396035943791,1000,0,bootstrap_supported_negative
manavgat_2021_to_mugla_2021,baseline,lambda_1e_m6,pr_auc,candidate_vs_raw,-0.0011815389812901,-0.0035962602908368576,0.0009272364016626021,1000,0,interval_includes_zero
manavgat_2021_to_mugla_2021,baseline,lambda_1e_m6,pr_auc,candidate_vs_zscore,0.0030555535754609,0.001641277142054353,0.004680197794244508,1000,0,bootstrap_supported_positive
manavgat_2021_to_mugla_2021,baseline,lambda_1e_m6,pr_auc,candidate_vs_canonical,-7.200000688789565e-05,-0.00011021680258121135,-4.044300354458901e-05,1000,0,bootstrap_supported_negative
manavgat_2021_to_mugla_2021,baseline,lambda_1e_m6,brier_score,candidate_vs_raw,0.049497386914682,0.04705766980083503,0.051740007742632356,1000,0,bootstrap_supported_positive
manavgat_2021_to_mugla_2021,baseline,lambda_1e_m6,brier_score,candidate_vs_zscore,-0.0021391574708035,-0.0037173881704743355,-0.0005757576899564903,1000,0,bootstrap_supported_negative
manavgat_2021_to_mugla_2021,baseline,lambda_1e_m6,brier_score,candidate_vs_canonical,-0.0001875939649043,-0.00021245062289364027,-0.00016163485819235756,1000,0,bootstrap_supported_negative
manavgat_2021_to_mugla_2021,baseline,lambda_1e_m5,roc_auc,candidate_vs_raw,0.0097133319874588,-0.0014219823378032626,0.021487203721204606,1000,0,interval_includes_zero
manavgat_2021_to_mugla_2021,baseline,lambda_1e_m5,roc_auc,candidate_vs_zscore,0.0140794097922544,0.007211367964707691,0.021253053688072104,1000,0,bootstrap_supported_positive
manavgat_2021_to_mugla_2021,baseline,lambda_1e_m5,roc_auc,candidate_vs_canonical,0.0,0.0,0.0,1000,0,interval_includes_zero
manavgat_2021_to_mugla_2021,baseline,lambda_1e_m5,pr_auc,candidate_vs_raw,-0.0011095389744022,-0.0035105640495187527,0.0010177384012151928,1000,0,interval_includes_zero
manavgat_2021_to_mugla_2021,baseline,lambda_1e_m5,pr_auc,candidate_vs_zscore,0.0031275535823488,0.0017226330812448588,0.004747785577873143,1000,0,bootstrap_supported_positive
manavgat_2021_to_mugla_2021,baseline,lambda_1e_m5,pr_auc,candidate_vs_canonical,2.775557561562892e-17,0.0,0.0,1000,0,interval_includes_zero
manavgat_2021_to_mugla_2021,baseline,lambda_1e_m5,brier_score,candidate_vs_raw,0.0496849808795863,0.04723738767853998,0.051907335977352975,1000,0,bootstrap_supported_positive
manavgat_2021_to_mugla_2021,baseline,lambda_1e_m5,brier_score,candidate_vs_zscore,-0.0019515635058993,-0.003541195108495055,-0.0003799489856595888,1000,0,bootstrap_supported_negative
manavgat_2021_to_mugla_2021,baseline,lambda_1e_m5,brier_score,candidate_vs_canonical,-2.775557561562892e-17,0.0,0.0,1000,0,interval_includes_zero
manavgat_2021_to_mugla_2021,baseline,lambda_1e_m4,roc_auc,candidate_vs_raw,0.0092811276646174,-0.001781803706972769,0.02088584507340358,1000,0,interval_includes_zero
manavgat_2021_to_mugla_2021,baseline,lambda_1e_m4,roc_auc,candidate_vs_zscore,0.013647205469413,0.006743293554055507,0.0206680710516764,1000,0,bootstrap_supported_positive
manavgat_2021_to_mugla_2021,baseline,lambda_1e_m4,roc_auc,candidate_vs_canonical,-0.0004322043228414,-0.0010904220732492406,0.00032351262277289237,1000,0,interval_includes_zero
manavgat_2021_to_mugla_2021,baseline,lambda_1e_m4,pr_auc,candidate_vs_raw,-0.0010754236506078,-0.0034989075718253587,0.0010651129745288745,1000,0,interval_includes_zero
manavgat_2021_to_mugla_2021,baseline,lambda_1e_m4,pr_auc,candidate_vs_zscore,0.0031616689061432,0.0017565051276097656,0.004725297396317283,1000,0,bootstrap_supported_positive
manavgat_2021_to_mugla_2021,baseline,lambda_1e_m4,pr_auc,candidate_vs_canonical,3.411532379447857e-05,-0.00011991745471646026,0.00016299258894658455,1000,0,interval_includes_zero
manavgat_2021_to_mugla_2021,baseline,lambda_1e_m4,brier_score,candidate_vs_raw,0.0496841258196456,0.047247238868889214,0.051927092542543275,1000,0,bootstrap_supported_positive
manavgat_2021_to_mugla_2021,baseline,lambda_1e_m4,brier_score,candidate_vs_zscore,-0.0019524185658399,-0.0035131261231994325,-0.0003811647824585374,1000,0,bootstrap_supported_negative
manavgat_2021_to_mugla_2021,baseline,lambda_1e_m4,brier_score,candidate_vs_canonical,-8.550599406853543e-07,-0.00010714364818195307,0.00011011654702859293,1000,0,interval_includes_zero
manavgat_2021_to_mugla_2021,baseline,lambda_1e_m3,roc_auc,candidate_vs_raw,0.0120702702991146,0.0008767893779919808,0.023992739792058536,1000,0,bootstrap_supported_positive
manavgat_2021_to_mugla_2021,baseline,lambda_1e_m3,roc_auc,candidate_vs_zscore,0.0164363481039102,0.009331095333826348,0.02327320280442785,1000,0,bootstrap_supported_positive
manavgat_2021_to_mugla_2021,baseline,lambda_1e_m3,roc_auc,candidate_vs_canonical,0.0023569383116557,0.00128594542245431,0.0034076454075166753,1000,0,bootstrap_supported_positive
manavgat_2021_to_mugla_2021,baseline,lambda_1e_m3,pr_auc,candidate_vs_raw,-0.0008860446019105,-0.003300057228274494,0.0013111993459348562,1000,0,interval_includes_zero
manavgat_2021_to_mugla_2021,baseline,lambda_1e_m3,pr_auc,candidate_vs_zscore,0.0033510479548405,0.001955749580498539,0.004961116752745113,1000,0,bootstrap_supported_positive
manavgat_2021_to_mugla_2021,baseline,lambda_1e_m3,pr_auc,candidate_vs_canonical,0.0002234943724917,-1.1606282247731194e-05,0.00042107725910622097,1000,0,interval_includes_zero
manavgat_2021_to_mugla_2021,baseline,lambda_1e_m3,brier_score,candidate_vs_raw,0.0493226444013202,0.04689536875785975,0.05158536703139912,1000,0,bootstrap_supported_positive
manavgat_2021_to_mugla_2021,baseline,lambda_1e_m3,brier_score,candidate_vs_zscore,-0.0023138999841654,-0.00390386040158594,-0.0007046240105340531,1000,0,bootstrap_supported_negative
manavgat_2021_to_mugla_2021,baseline,lambda_1e_m3,brier_score,candidate_vs_canonical,-0.0003623364782661,-0.0005648983813674541,-0.00016026090401165125,1000,0,bootstrap_supported_negative
manavgat_2021_to_mugla_2021,baseline,lambda_1e_m2,roc_auc,candidate_vs_raw,0.0115452446998136,0.0003543672479534232,0.02350172266445116,1000,0,bootstrap_supported_positive
manavgat_2021_to_mugla_2021,baseline,lambda_1e_m2,roc_auc,candidate_vs_zscore,0.0159113225046091,0.008953131756162622,0.02283625278476419,1000,0,bootstrap_supported_positive
manavgat_2021_to_mugla_2021,baseline,lambda_1e_m2,roc_auc,candidate_vs_canonical,0.0018319127123547,0.00041967600037747107,0.0031094904076871778,1000,0,bootstrap_supported_positive
manavgat_2021_to_mugla_2021,baseline,lambda_1e_m2,pr_auc,candidate_vs_raw,-0.0009568613175853,-0.0034088532890604664,0.0011977432992192826,1000,0,interval_includes_zero
manavgat_2021_to_mugla_2021,baseline,lambda_1e_m2,pr_auc,candidate_vs_zscore,0.0032802312391657,0.001942779648986016,0.004924160079598962,1000,0,bootstrap_supported_positive
manavgat_2021_to_mugla_2021,baseline,lambda_1e_m2,pr_auc,candidate_vs_canonical,0.0001526776568169,-9.683574296270296e-05,0.00048463919073263545,1000,0,interval_includes_zero
manavgat_2021_to_mugla_2021,baseline,lambda_1e_m2,brier_score,candidate_vs_raw,0.0489001584571273,0.04652450038905392,0.05116570759908428,1000,0,bootstrap_supported_positive
manavgat_2021_to_mugla_2021,baseline,lambda_1e_m2,brier_score,candidate_vs_zscore,-0.0027363859283582,-0.004324030876316181,-0.0011986043319234163,1000,0,bootstrap_supported_negative
manavgat_2021_to_mugla_2021,baseline,lambda_1e_m2,brier_score,candidate_vs_canonical,-0.000784822422459,-0.0010445157812328596,-0.0005297818204509849,1000,0,bootstrap_supported_negative
manavgat_2021_to_mugla_2021,baseline,lambda_1e_m1,roc_auc,candidate_vs_raw,0.0081695776138126,-0.003635016047748901,0.020292589121407745,1000,0,interval_includes_zero
manavgat_2021_to_mugla_2021,baseline,lambda_1e_m1,roc_auc,candidate_vs_zscore,0.0125356554186082,0.005935217360825729,0.01933208172298261,1000,0,bootstrap_supported_positive
manavgat_2021_to_mugla_2021,baseline,lambda_1e_m1,roc_auc,candidate_vs_canonical,-0.0015437543736461,-0.004357950468638662,0.0010653003524642086,1000,0,interval_includes_zero
manavgat_2021_to_mugla_2021,baseline,lambda_1e_m1,pr_auc,candidate_vs_raw,-0.0011816818778332,-0.0037350536984396138,0.0010681566515395634,1000,0,interval_includes_zero
manavgat_2021_to_mugla_2021,baseline,lambda_1e_m1,pr_auc,candidate_vs_zscore,0.0030554106789178,0.0017767173616986885,0.0045362410978603135,1000,0,bootstrap_supported_positive
manavgat_2021_to_mugla_2021,baseline,lambda_1e_m1,pr_auc,candidate_vs_canonical,-7.214290343099394e-05,-0.0007310637798481494,0.0005174397546534435,1000,0,interval_includes_zero
manavgat_2021_to_mugla_2021,baseline,lambda_1e_m1,brier_score,candidate_vs_raw,0.0497580336760309,0.047274541851059566,0.05206989913522421,1000,0,bootstrap_supported_positive
manavgat_2021_to_mugla_2021,baseline,lambda_1e_m1,brier_score,candidate_vs_zscore,-0.0018785107094546,-0.003359533553230192,-0.0003934966561552921,1000,0,bootstrap_supported_negative
manavgat_2021_to_mugla_2021,baseline,lambda_1e_m1,brier_score,candidate_vs_canonical,7.305279644462259e-05,-0.0004994281125250647,0.0006370436039652982,1000,0,interval_includes_zero
manavgat_2021_to_mugla_2021,thermal,lambda_0,roc_auc,candidate_vs_raw,-0.0197754937476432,-0.03296880244754525,-0.006275842000764431,1000,0,bootstrap_supported_negative
manavgat_2021_to_mugla_2021,thermal,lambda_0,roc_auc,candidate_vs_zscore,-0.0088600381785795,-0.014328562667777158,-0.0038067748225100026,1000,0,bootstrap_supported_negative
manavgat_2021_to_mugla_2021,thermal,lambda_0,roc_auc,candidate_vs_canonical,0.000465787766846,-0.0002062685078185092,0.001105103125183439,1000,0,interval_includes_zero
manavgat_2021_to_mugla_2021,thermal,lambda_0,pr_auc,candidate_vs_raw,-0.0023446500515426,-0.004529835048472919,-0.00029597719748814444,1000,0,bootstrap_supported_negative
manavgat_2021_to_mugla_2021,thermal,lambda_0,pr_auc,candidate_vs_zscore,-0.0002560310074749,-0.0012360372456118852,0.0006074739893619596,1000,0,interval_includes_zero
manavgat_2021_to_mugla_2021,thermal,lambda_0,pr_auc,candidate_vs_canonical,6.356115221656244e-05,-3.628270936118418e-05,0.00015388212485530263,1000,0,interval_includes_zero
manavgat_2021_to_mugla_2021,thermal,lambda_0,brier_score,candidate_vs_raw,0.04590109721279,0.04287497722514708,0.04889267045075883,1000,0,bootstrap_supported_positive
manavgat_2021_to_mugla_2021,thermal,lambda_0,brier_score,candidate_vs_zscore,-0.0166218002956691,-0.018027080195827584,-0.01514569808697358,1000,0,bootstrap_supported_negative
manavgat_2021_to_mugla_2021,thermal,lambda_0,brier_score,candidate_vs_canonical,5.467783792068026e-06,-0.00010994761522112942,0.00011838886039737053,1000,0,interval_includes_zero
manavgat_2021_to_mugla_2021,thermal,lambda_1e_m8,roc_auc,candidate_vs_raw,-0.0197755556933897,-0.03296880244754525,-0.006275842000764431,1000,0,bootstrap_supported_negative
manavgat_2021_to_mugla_2021,thermal,lambda_1e_m8,roc_auc,candidate_vs_zscore,-0.008860100124326,-0.014328566158897493,-0.0038068213524746963,1000,0,bootstrap_supported_negative
manavgat_2021_to_mugla_2021,thermal,lambda_1e_m8,roc_auc,candidate_vs_canonical,0.0004657258210994,-0.0002062685078185092,0.0011050511676292882,1000,0,interval_includes_zero
manavgat_2021_to_mugla_2021,thermal,lambda_1e_m8,pr_auc,candidate_vs_raw,-0.002344657636818,-0.004529872934693298,-0.00029599120130766233,1000,0,bootstrap_supported_negative
manavgat_2021_to_mugla_2021,thermal,lambda_1e_m8,pr_auc,candidate_vs_zscore,-0.0002560385927503,-0.0012360450253432339,0.0006074737390296587,1000,0,interval_includes_zero
manavgat_2021_to_mugla_2021,thermal,lambda_1e_m8,pr_auc,candidate_vs_canonical,6.35535669411269e-05,-3.628270936118418e-05,0.00015387689385736158,1000,0,interval_includes_zero
manavgat_2021_to_mugla_2021,thermal,lambda_1e_m8,brier_score,candidate_vs_raw,0.0459010447933309,0.042874875036587566,0.04889267045075883,1000,0,bootstrap_supported_positive
manavgat_2021_to_mugla_2021,thermal,lambda_1e_m8,brier_score,candidate_vs_zscore,-0.0166218527151282,-0.018027182472594747,-0.01514575182034407,1000,0,bootstrap_supported_negative
manavgat_2021_to_mugla_2021,thermal,lambda_1e_m8,brier_score,candidate_vs_canonical,5.415364333016814e-06,-0.00011000013285463738,0.0001182342695165331,1000,0,interval_includes_zero
manavgat_2021_to_mugla_2021,thermal,lambda_1e_m7,roc_auc,candidate_vs_raw,-0.0197734672367929,-0.03296336581302694,-0.006273247632519367,1000,0,bootstrap_supported_negative
manavgat_2021_to_mugla_2021,thermal,lambda_1e_m7,roc_auc,candidate_vs_zscore,-0.0088580116677292,-0.014326356435293985,-0.0038001323191782844,1000,0,bootstrap_supported_negative
manavgat_2021_to_mugla_2021,thermal,lambda_1e_m7,roc_auc,candidate_vs_canonical,0.0004678142776963,-0.00020219642478770672,0.001108725583107621,1000,0,interval_includes_zero
manavgat_2021_to_mugla_2021,thermal,lambda_1e_m7,pr_auc,candidate_vs_raw,-0.0023444963798012,-0.004529881560428786,-0.00029581351821278255,1000,0,bootstrap_supported_negative
manavgat_2021_to_mugla_2021,thermal,lambda_1e_m7,pr_auc,candidate_vs_zscore,-0.0002558773357335,-0.0012355389674651848,0.0006076249925811542,1000,0,interval_includes_zero
manavgat_2021_to_mugla_2021,thermal,lambda_1e_m7,pr_auc,candidate_vs_canonical,6.371482395792216e-05,-3.615188824203676e-05,0.00015406055069779287,1000,0,interval_includes_zero
manavgat_2021_to_mugla_2021,thermal,lambda_1e_m7,brier_score,candidate_vs_raw,0.045901182084963,0.0428748695578538,0.04889289696024194,1000,0,bootstrap_supported_positive
manavgat_2021_to_mugla_2021,thermal,lambda_1e_m7,brier_score,candidate_vs_zscore,-0.016621715423496,-0.01802724595268947,-0.01514570215484743,1000,0,bootstrap_supported_negative
manavgat_2021_to_mugla_2021,thermal,lambda_1e_m7,brier_score,candidate_vs_canonical,5.552655965135322e-06,-0.00010982339819828116,0.00011847767263533787,1000,0,interval_includes_zero
manavgat_2021_to_mugla_2021,thermal,lambda_1e_m6,roc_auc,candidate_vs_raw,-0.019805661326197,-0.033019389046295755,-0.0062874795304501425,1000,0,bootstrap_supported_negative
manavgat_2021_to_mugla_2021,thermal,lambda_1e_m6,roc_auc,candidate_vs_zscore,-0.0088902057571333,-0.01438493183519882,-0.003796087247503698,1000,0,bootstrap_supported_negative
manavgat_2021_to_mugla_2021,thermal,lambda_1e_m6,roc_auc,candidate_vs_canonical,0.0004356201882922,-0.00020739664736237753,0.0010859513874755477,1000,0,interval_includes_zero
manavgat_2021_to_mugla_2021,thermal,lambda_1e_m6,pr_auc,candidate_vs_raw,-0.0023510273170186,-0.0045316688936213505,-0.0003005284006143041,1000,0,bootstrap_supported_negative
manavgat_2021_to_mugla_2021,thermal,lambda_1e_m6,pr_auc,candidate_vs_zscore,-0.000262408272951,-0.0012432009669729135,0.000592468881638125,1000,0,interval_includes_zero
manavgat_2021_to_mugla_2021,thermal,lambda_1e_m6,pr_auc,candidate_vs_canonical,5.718388674050279e-05,-3.9635927365006675e-05,0.00014857025830071618,1000,0,interval_includes_zero
manavgat_2021_to_mugla_2021,thermal,lambda_1e_m6,brier_score,candidate_vs_raw,0.0459177616066837,0.042896182354684016,0.04892231264388123,1000,0,bootstrap_supported_positive
manavgat_2021_to_mugla_2021,thermal,lambda_1e_m6,brier_score,candidate_vs_zscore,-0.0166051359017753,-0.017994961335279325,-0.01511915068913398,1000,0,bootstrap_supported_negative
manavgat_2021_to_mugla_2021,thermal,lambda_1e_m6,brier_score,candidate_vs_canonical,2.21321776858463e-05,-9.5134638253936e-05,0.00013277688100629334,1000,0,interval_includes_zero
manavgat_2021_to_mugla_2021,thermal,lambda_1e_m5,roc_auc,candidate_vs_raw,-0.0202412815144892,-0.033340473552753026,-0.0067725995828052795,1000,0,bootstrap_supported_negative
manavgat_2021_to_mugla_2021,thermal,lambda_1e_m5,roc_auc,candidate_vs_zscore,-0.0093258259454255,-0.014722225443816215,-0.004396867401254638,1000,0,bootstrap_supported_negative
manavgat_2021_to_mugla_2021,thermal,lambda_1e_m5,roc_auc,candidate_vs_canonical,5.551115123125783e-17,0.0,0.0,1000,0,interval_includes_zero
manavgat_2021_to_mugla_2021,thermal,lambda_1e_m5,pr_auc,candidate_vs_raw,-0.0024082112037591,-0.004556476090837849,-0.0004137046535902491,1000,0,bootstrap_supported_negative
manavgat_2021_to_mugla_2021,thermal,lambda_1e_m5,pr_auc,candidate_vs_zscore,-0.0003195921596914,-0.0012990568842301859,0.0005148165808155466,1000,0,interval_includes_zero
manavgat_2021_to_mugla_2021,thermal,lambda_1e_m5,pr_auc,candidate_vs_canonical,5.551115123125783e-17,0.0,0.0,1000,0,interval_includes_zero
manavgat_2021_to_mugla_2021,thermal,lambda_1e_m5,brier_score,candidate_vs_raw,0.0458956294289979,0.04284650996185802,0.04885780326868838,1000,0,bootstrap_supported_positive
manavgat_2021_to_mugla_2021,thermal,lambda_1e_m5,brier_score,candidate_vs_zscore,-0.0166272680794612,-0.018009678622729862,-0.015166425002104324,1000,0,bootstrap_supported_negative
manavgat_2021_to_mugla_2021,thermal,lambda_1e_m5,brier_score,candidate_vs_canonical,0.0,0.0,0.0,1000,0,interval_includes_zero
manavgat_2021_to_mugla_2021,thermal,lambda_1e_m4,roc_auc,candidate_vs_raw,-0.0184210057530873,-0.03196712783118546,-0.00485071021585847,1000,0,bootstrap_supported_negative
manavgat_2021_to_mugla_2021,thermal,lambda_1e_m4,roc_auc,candidate_vs_zscore,-0.0075055501840236,-0.013051814262226104,-0.0024120063464446047,1000,0,bootstrap_supported_negative
manavgat_2021_to_mugla_2021,thermal,lambda_1e_m4,roc_auc,candidate_vs_canonical,0.0018202757614019,0.0007090522174129338,0.002982221533481387,1000,0,bootstrap_supported_positive
manavgat_2021_to_mugla_2021,thermal,lambda_1e_m4,pr_auc,candidate_vs_raw,-0.0020429405800329,-0.0042114611741596855,4.4034941899093266e-05,1000,0,interval_includes_zero
manavgat_2021_to_mugla_2021,thermal,lambda_1e_m4,pr_auc,candidate_vs_zscore,4.567846403473464e-05,-0.0009363638742386825,0.0009610934763636811,1000,0,interval_includes_zero
manavgat_2021_to_mugla_2021,thermal,lambda_1e_m4,pr_auc,candidate_vs_canonical,0.0003652706237262,0.00019112360595290192,0.0005693639476318682,1000,0,bootstrap_supported_positive
manavgat_2021_to_mugla_2021,thermal,lambda_1e_m4,brier_score,candidate_vs_raw,0.0464634593517156,0.04345344726817794,0.04941398653802371,1000,0,bootstrap_supported_positive
manavgat_2021_to_mugla_2021,thermal,lambda_1e_m4,brier_score,candidate_vs_zscore,-0.0160594381567435,-0.01745133238775925,-0.014593066520105884,1000,0,bootstrap_supported_negative
manavgat_2021_to_mugla_2021,thermal,lambda_1e_m4,brier_score,candidate_vs_canonical,0.0005678299227176,0.0003542642914428379,0.0007850558968677155,1000,0,bootstrap_supported_positive
manavgat_2021_to_mugla_2021,thermal,lambda_1e_m3,roc_auc,candidate_vs_raw,-0.0156129165695482,-0.02925083148414246,-0.001636022455382899,1000,0,bootstrap_supported_negative
manavgat_2021_to_mugla_2021,thermal,lambda_1e_m3,roc_auc,candidate_vs_zscore,-0.0046974610004845,-0.010200557839395608,0.0003953735614115717,1000,0,interval_includes_zero
manavgat_2021_to_mugla_2021,thermal,lambda_1e_m3,roc_auc,candidate_vs_canonical,0.004628364944941,0.0031569470205752583,0.00602743048061722,1000,0,bootstrap_supported_positive
manavgat_2021_to_mugla_2021,thermal,lambda_1e_m3,pr_auc,candidate_vs_raw,-0.0017885576162163,-0.003992225956862317,0.0002872041839623035,1000,0,interval_includes_zero
manavgat_2021_to_mugla_2021,thermal,lambda_1e_m3,pr_auc,candidate_vs_zscore,0.0003000614278513,-0.0006892323102444251,0.001233014960285045,1000,0,interval_includes_zero
manavgat_2021_to_mugla_2021,thermal,lambda_1e_m3,pr_auc,candidate_vs_canonical,0.0006196535875428,0.00038962897460405424,0.0008726264133636252,1000,0,bootstrap_supported_positive
manavgat_2021_to_mugla_2021,thermal,lambda_1e_m3,brier_score,candidate_vs_raw,0.0466730091786787,0.04369384751950909,0.04964964687730692,1000,0,bootstrap_supported_positive
manavgat_2021_to_mugla_2021,thermal,lambda_1e_m3,brier_score,candidate_vs_zscore,-0.0158498883297804,-0.01724810379950879,-0.014397955453177813,1000,0,bootstrap_supported_negative
manavgat_2021_to_mugla_2021,thermal,lambda_1e_m3,brier_score,candidate_vs_canonical,0.0007773797496807,0.00053533414161605,0.001037509765670435,1000,0,bootstrap_supported_positive
manavgat_2021_to_mugla_2021,thermal,lambda_1e_m2,roc_auc,candidate_vs_raw,-0.0187524774426998,-0.03231353270109298,-0.004726452130236254,1000,0,bootstrap_supported_negative
manavgat_2021_to_mugla_2021,thermal,lambda_1e_m2,roc_auc,candidate_vs_zscore,-0.0078370218736361,-0.013098368108185364,-0.0027095897800874834,1000,0,bootstrap_supported_negative
manavgat_2021_to_mugla_2021,thermal,lambda_1e_m2,roc_auc,candidate_vs_canonical,0.0014888040717894,-0.00017877601394674785,0.0032403916862993117,1000,0,interval_includes_zero
manavgat_2021_to_mugla_2021,thermal,lambda_1e_m2,pr_auc,candidate_vs_raw,-0.0021056164549659,-0.00424961199942322,-7.654896048334935e-05,1000,0,bootstrap_supported_negative
manavgat_2021_to_mugla_2021,thermal,lambda_1e_m2,pr_auc,candidate_vs_zscore,-1.6997410898209053e-05,-0.0009993161713169054,0.0009010241640328938,1000,0,interval_includes_zero
manavgat_2021_to_mugla_2021,thermal,lambda_1e_m2,pr_auc,candidate_vs_canonical,0.0003025947487932,5.701335693854698e-05,0.0006128722917690027,1000,0,bootstrap_supported_positive
manavgat_2021_to_mugla_2021,thermal,lambda_1e_m2,brier_score,candidate_vs_raw,0.0464032801158499,0.04341711724026135,0.04937118966326951,1000,0,bootstrap_supported_positive
manavgat_2021_to_mugla_2021,thermal,lambda_1e_m2,brier_score,candidate_vs_zscore,-0.0161196173926092,-0.0175221963550849,-0.014668744145516803,1000,0,bootstrap_supported_negative
manavgat_2021_to_mugla_2021,thermal,lambda_1e_m2,brier_score,candidate_vs_canonical,0.0005076506868519,0.00021527961775662032,0.0007808316976256472,1000,0,bootstrap_supported_positive
manavgat_2021_to_mugla_2021,thermal,lambda_1e_m1,roc_auc,candidate_vs_raw,-0.0108012895582329,-0.024574798548685408,0.00293501680829949,1000,0,interval_includes_zero
manavgat_2021_to_mugla_2021,thermal,lambda_1e_m1,roc_auc,candidate_vs_zscore,0.0001141660108307,-0.004948522919329507,0.004808238226925146,1000,0,interval_includes_zero
manavgat_2021_to_mugla_2021,thermal,lambda_1e_m1,roc_auc,candidate_vs_canonical,0.0094399919562563,0.00724645675860464,0.011605098861041944,1000,0,bootstrap_supported_positive
manavgat_2021_to_mugla_2021,thermal,lambda_1e_m1,pr_auc,candidate_vs_raw,-0.0012419183010227,-0.00338242892881419,0.0007461264137288432,1000,0,interval_includes_zero
manavgat_2021_to_mugla_2021,thermal,lambda_1e_m1,pr_auc,candidate_vs_zscore,0.0008467007430448,-0.00010511595736389584,0.001746082704634882,1000,0,interval_includes_zero
manavgat_2021_to_mugla_2021,thermal,lambda_1e_m1,pr_auc,candidate_vs_canonical,0.0011662929027363,0.0008495456360838007,0.0015712356622686365,1000,0,bootstrap_supported_positive
manavgat_2021_to_mugla_2021,thermal,lambda_1e_m1,brier_score,candidate_vs_raw,0.0495369374408595,0.04653183115440589,0.0525964544575052,1000,0,bootstrap_supported_positive
manavgat_2021_to_mugla_2021,thermal,lambda_1e_m1,brier_score,candidate_vs_zscore,-0.0129859600675995,-0.014258646667126043,-0.011662177224954736,1000,0,bootstrap_supported_negative
manavgat_2021_to_mugla_2021,thermal,lambda_1e_m1,brier_score,candidate_vs_canonical,0.0036413080118616,0.003156749152657643,0.004104712512631654,1000,0,bootstrap_supported_positive
mugla_2021_to_manavgat_2021,baseline,lambda_0,roc_auc,candidate_vs_raw,0.0951744926293327,0.07934657863973506,0.1107922726591467,1000,0,bootstrap_supported_positive
mugla_2021_to_manavgat_2021,baseline,lambda_0,roc_auc,candidate_vs_zscore,0.0134301537096814,0.0035487416666020928,0.023302127350098616,1000,0,bootstrap_supported_positive
mugla_2021_to_manavgat_2021,baseline,lambda_0,roc_auc,candidate_vs_canonical,0.000440956732853,7.43432672729194e-05,0.0008108742737219051,1000,0,bootstrap_supported_positive
mugla_2021_to_manavgat_2021,baseline,lambda_0,pr_auc,candidate_vs_raw,0.0302875691695541,0.025166505170824874,0.03598861915260355,1000,0,bootstrap_supported_positive
mugla_2021_to_manavgat_2021,baseline,lambda_0,pr_auc,candidate_vs_zscore,0.0001554405060488,-0.004344621624865163,0.004813043635852372,1000,0,interval_includes_zero
mugla_2021_to_manavgat_2021,baseline,lambda_0,pr_auc,candidate_vs_canonical,0.0001040806234957,-4.919056712119618e-05,0.0002556400690294024,1000,0,interval_includes_zero
mugla_2021_to_manavgat_2021,baseline,lambda_0,brier_score,candidate_vs_raw,0.0831101289704459,0.07810582121740937,0.08789030725460029,1000,0,bootstrap_supported_positive
mugla_2021_to_manavgat_2021,baseline,lambda_0,brier_score,candidate_vs_zscore,-0.0030199897583336,-0.005144781235915446,-0.0010271632259066905,1000,0,bootstrap_supported_negative
mugla_2021_to_manavgat_2021,baseline,lambda_0,brier_score,candidate_vs_canonical,0.0001578122853132,9.052718428243788e-05,0.00022224768855420504,1000,0,bootstrap_supported_positive
mugla_2021_to_manavgat_2021,baseline,lambda_1e_m8,roc_auc,candidate_vs_raw,0.0951744926293327,0.07934657863973506,0.1107922726591467,1000,0,bootstrap_supported_positive
mugla_2021_to_manavgat_2021,baseline,lambda_1e_m8,roc_auc,candidate_vs_zscore,0.0134301537096814,0.0035487416666020928,0.023302127350098616,1000,0,bootstrap_supported_positive
mugla_2021_to_manavgat_2021,baseline,lambda_1e_m8,roc_auc,candidate_vs_canonical,0.000440956732853,7.43432672729194e-05,0.0008108742737219051,1000,0,bootstrap_supported_positive
mugla_2021_to_manavgat_2021,baseline,lambda_1e_m8,pr_auc,candidate_vs_raw,0.0302875691695541,0.025166505170824874,0.03598861915260355,1000,0,bootstrap_supported_positive
mugla_2021_to_manavgat_2021,baseline,lambda_1e_m8,pr_auc,candidate_vs_zscore,0.0001554405060488,-0.004344621624865163,0.004813043635852372,1000,0,interval_includes_zero
mugla_2021_to_manavgat_2021,baseline,lambda_1e_m8,pr_auc,candidate_vs_canonical,0.0001040806234957,-4.919056712119618e-05,0.0002556400690294024,1000,0,interval_includes_zero
mugla_2021_to_manavgat_2021,baseline,lambda_1e_m8,brier_score,candidate_vs_raw,0.0831101289704459,0.07810582121740937,0.08789030725460029,1000,0,bootstrap_supported_positive
mugla_2021_to_manavgat_2021,baseline,lambda_1e_m8,brier_score,candidate_vs_zscore,-0.0030199897583336,-0.005144781235915446,-0.0010271632259066905,1000,0,bootstrap_supported_negative
mugla_2021_to_manavgat_2021,baseline,lambda_1e_m8,brier_score,candidate_vs_canonical,0.0001578122853132,9.052718428243788e-05,0.00022224768855420504,1000,0,bootstrap_supported_positive
mugla_2021_to_manavgat_2021,baseline,lambda_1e_m7,roc_auc,candidate_vs_raw,0.0951746089409517,0.07934657863973506,0.11079241569832873,1000,0,bootstrap_supported_positive
mugla_2021_to_manavgat_2021,baseline,lambda_1e_m7,roc_auc,candidate_vs_zscore,0.0134302700213004,0.0035487416666020928,0.023302137048549217,1000,0,bootstrap_supported_positive
mugla_2021_to_manavgat_2021,baseline,lambda_1e_m7,roc_auc,candidate_vs_canonical,0.000441073044472,7.443756717185891e-05,0.0008109109143002224,1000,0,bootstrap_supported_positive
mugla_2021_to_manavgat_2021,baseline,lambda_1e_m7,pr_auc,candidate_vs_raw,0.0302876541156532,0.025166505811975638,0.03598862294624847,1000,0,bootstrap_supported_positive
mugla_2021_to_manavgat_2021,baseline,lambda_1e_m7,pr_auc,candidate_vs_zscore,0.0001555254521479,-0.004344532204662993,0.00481304599361235,1000,0,interval_includes_zero
mugla_2021_to_manavgat_2021,baseline,lambda_1e_m7,pr_auc,candidate_vs_canonical,0.0001041655695948,-4.9186966841160274e-05,0.0002557120787960311,1000,0,interval_includes_zero
mugla_2021_to_manavgat_2021,baseline,lambda_1e_m7,brier_score,candidate_vs_raw,0.0831102565827551,0.07810582760425257,0.08789055659702061,1000,0,bootstrap_supported_positive
mugla_2021_to_manavgat_2021,baseline,lambda_1e_m7,brier_score,candidate_vs_zscore,-0.0030198621460244,-0.005144781235915446,-0.0010269111190364072,1000,0,bootstrap_supported_negative
mugla_2021_to_manavgat_2021,baseline,lambda_1e_m7,brier_score,candidate_vs_canonical,0.0001579398976224,9.06574944872604e-05,0.00022225728286560524,1000,0,bootstrap_supported_positive
mugla_2021_to_manavgat_2021,baseline,lambda_1e_m6,roc_auc,candidate_vs_raw,0.0949567572785872,0.07913512948568036,0.11053612624037058,1000,0,bootstrap_supported_positive
mugla_2021_to_manavgat_2021,baseline,lambda_1e_m6,roc_auc,candidate_vs_zscore,0.013212418358936,0.003381387740082921,0.02307523006764186,1000,0,bootstrap_supported_positive
mugla_2021_to_manavgat_2021,baseline,lambda_1e_m6,roc_auc,candidate_vs_canonical,0.0002232213821076,-9.406434115010464e-05,0.0005544402232126223,1000,0,interval_includes_zero
mugla_2021_to_manavgat_2021,baseline,lambda_1e_m6,pr_auc,candidate_vs_raw,0.0302134299903812,0.025101021305361657,0.035886980402226286,1000,0,bootstrap_supported_positive
mugla_2021_to_manavgat_2021,baseline,lambda_1e_m6,pr_auc,candidate_vs_zscore,8.130132687592106e-05,-0.004365575877092725,0.004732126557062127,1000,0,interval_includes_zero
mugla_2021_to_manavgat_2021,baseline,lambda_1e_m6,pr_auc,candidate_vs_canonical,2.994144432280632e-05,-0.00010461010565116988,0.00016827963479961388,1000,0,interval_includes_zero
mugla_2021_to_manavgat_2021,baseline,lambda_1e_m6,brier_score,candidate_vs_raw,0.0830192988747538,0.07801128023974897,0.08780063055165793,1000,0,bootstrap_supported_positive
mugla_2021_to_manavgat_2021,baseline,lambda_1e_m6,brier_score,candidate_vs_zscore,-0.0031108198540257,-0.005233673806544128,-0.0011152297316269354,1000,0,bootstrap_supported_negative
mugla_2021_to_manavgat_2021,baseline,lambda_1e_m6,brier_score,candidate_vs_canonical,6.698218962120084e-05,6.353255747879733e-06,0.00012639447703448393,1000,0,bootstrap_supported_positive
mugla_2021_to_manavgat_2021,baseline,lambda_1e_m5,roc_auc,candidate_vs_raw,0.0947335358964796,0.0788836069596386,0.11028949367068476,1000,0,bootstrap_supported_positive
mugla_2021_to_manavgat_2021,baseline,lambda_1e_m5,roc_auc,candidate_vs_zscore,0.0129891969768284,0.0032659166416503186,0.022867243168278498,1000,0,bootstrap_supported_positive
mugla_2021_to_manavgat_2021,baseline,lambda_1e_m5,roc_auc,candidate_vs_canonical,0.0,0.0,0.0,1000,0,interval_includes_zero
mugla_2021_to_manavgat_2021,baseline,lambda_1e_m5,pr_auc,candidate_vs_raw,0.0301834885460584,0.025053752963647334,0.035840735103089445,1000,0,bootstrap_supported_positive
mugla_2021_to_manavgat_2021,baseline,lambda_1e_m5,pr_auc,candidate_vs_zscore,5.135988255311474e-05,-0.004412335226224055,0.0047617173652335166,1000,0,interval_includes_zero
mugla_2021_to_manavgat_2021,baseline,lambda_1e_m5,pr_auc,candidate_vs_canonical,0.0,0.0,0.0,1000,0,interval_includes_zero
mugla_2021_to_manavgat_2021,baseline,lambda_1e_m5,brier_score,candidate_vs_raw,0.0829523166851326,0.07795572445016073,0.08775369778515207,1000,0,bootstrap_supported_positive
mugla_2021_to_manavgat_2021,baseline,lambda_1e_m5,brier_score,candidate_vs_zscore,-0.0031778020436469,-0.005272377726760728,-0.0011458115144839841,1000,0,bootstrap_supported_negative
mugla_2021_to_manavgat_2021,baseline,lambda_1e_m5,brier_score,candidate_vs_canonical,0.0,-2.7755575615628914e-17,2.7755575615628914e-17,1000,0,interval_includes_zero
mugla_2021_to_manavgat_2021,baseline,lambda_1e_m4,roc_auc,candidate_vs_raw,0.09590286506534,0.08006462683214519,0.11134797627815417,1000,0,bootstrap_supported_positive
mugla_2021_to_manavgat_2021,baseline,lambda_1e_m4,roc_auc,candidate_vs_zscore,0.0141585261456887,0.004787274939028055,0.023828320592301284,1000,0,bootstrap_supported_positive
mugla_2021_to_manavgat_2021,baseline,lambda_1e_m4,roc_auc,candidate_vs_canonical,0.0011693291688603,0.00020708224463100166,0.002105467470820985,1000,0,bootstrap_supported_positive
mugla_2021_to_manavgat_2021,baseline,lambda_1e_m4,pr_auc,candidate_vs_raw,0.0306367601093556,0.025384149309394265,0.03627449517069123,1000,0,bootstrap_supported_positive
mugla_2021_to_manavgat_2021,baseline,lambda_1e_m4,pr_auc,candidate_vs_zscore,0.0005046314458503,-0.0039647886922533305,0.0053518750466620656,1000,0,interval_includes_zero
mugla_2021_to_manavgat_2021,baseline,lambda_1e_m4,pr_auc,candidate_vs_canonical,0.0004532715632972,6.751946086243563e-05,0.0009238388529603451,1000,0,bootstrap_supported_positive
mugla_2021_to_manavgat_2021,baseline,lambda_1e_m4,brier_score,candidate_vs_raw,0.082591068041847,0.07760008891471472,0.08741469167581095,1000,0,bootstrap_supported_positive
mugla_2021_to_manavgat_2021,baseline,lambda_1e_m4,brier_score,candidate_vs_zscore,-0.0035390506869325,-0.005612498141369228,-0.0015143590250573092,1000,0,bootstrap_supported_negative
mugla_2021_to_manavgat_2021,baseline,lambda_1e_m4,brier_score,candidate_vs_canonical,-0.0003612486432855,-0.0005379758811868806,-0.00017350326738340902,1000,0,bootstrap_supported_negative
mugla_2021_to_manavgat_2021,baseline,lambda_1e_m3,roc_auc,candidate_vs_raw,0.0949446899481173,0.07907923125236087,0.110371764838346,1000,0,bootstrap_supported_positive
mugla_2021_to_manavgat_2021,baseline,lambda_1e_m3,roc_auc,candidate_vs_zscore,0.0132003510284661,0.002951487392551892,0.02317895384113599,1000,0,bootstrap_supported_positive
mugla_2021_to_manavgat_2021,baseline,lambda_1e_m3,roc_auc,candidate_vs_canonical,0.0002111540516377,-0.001573483077980456,0.0018590330328433408,1000,0,interval_includes_zero
mugla_2021_to_manavgat_2021,baseline,lambda_1e_m3,pr_auc,candidate_vs_raw,0.0301904536751935,0.025008809823950127,0.03567997027225942,1000,0,bootstrap_supported_positive
mugla_2021_to_manavgat_2021,baseline,lambda_1e_m3,pr_auc,candidate_vs_zscore,5.832501168820392e-05,-0.004476800976533451,0.004678677568604963,1000,0,interval_includes_zero
mugla_2021_to_manavgat_2021,baseline,lambda_1e_m3,pr_auc,candidate_vs_canonical,6.965129135089176e-06,-0.0006521786897420091,0.0006214932698015087,1000,0,interval_includes_zero
mugla_2021_to_manavgat_2021,baseline,lambda_1e_m3,brier_score,candidate_vs_raw,0.0831348564887045,0.0780641439387768,0.08802739536976355,1000,0,bootstrap_supported_positive
mugla_2021_to_manavgat_2021,baseline,lambda_1e_m3,brier_score,candidate_vs_zscore,-0.002995262240075,-0.0051186473873375184,-0.0009196316262869025,1000,0,bootstrap_supported_negative
mugla_2021_to_manavgat_2021,baseline,lambda_1e_m3,brier_score,candidate_vs_canonical,0.0001825398035719,-0.00012007579296923128,0.0004862699643224007,1000,0,interval_includes_zero
mugla_2021_to_manavgat_2021,baseline,lambda_1e_m2,roc_auc,candidate_vs_raw,0.0931130436501998,0.07686342005393193,0.10872819913960495,1000,0,bootstrap_supported_positive
mugla_2021_to_manavgat_2021,baseline,lambda_1e_m2,roc_auc,candidate_vs_zscore,0.0113687047305486,0.0014650496826642545,0.021160560788430163,1000,0,bootstrap_supported_positive
mugla_2021_to_manavgat_2021,baseline,lambda_1e_m2,roc_auc,candidate_vs_canonical,-0.0016204922462798,-0.003640566578661805,0.0004634938472165906,1000,0,interval_includes_zero
mugla_2021_to_manavgat_2021,baseline,lambda_1e_m2,pr_auc,candidate_vs_raw,0.0306173867508149,0.02524834953510399,0.036420901520978655,1000,0,bootstrap_supported_positive
mugla_2021_to_manavgat_2021,baseline,lambda_1e_m2,pr_auc,candidate_vs_zscore,0.0004852580873096,-0.004027096925706617,0.005137971766140833,1000,0,interval_includes_zero
mugla_2021_to_manavgat_2021,baseline,lambda_1e_m2,pr_auc,candidate_vs_canonical,0.0004338982047565,-0.00037168059125617867,0.0013003901193099506,1000,0,interval_includes_zero
mugla_2021_to_manavgat_2021,baseline,lambda_1e_m2,brier_score,candidate_vs_raw,0.0836818909221085,0.07876476148911687,0.08851415119434407,1000,0,bootstrap_supported_positive
mugla_2021_to_manavgat_2021,baseline,lambda_1e_m2,brier_score,candidate_vs_zscore,-0.002448227806671,-0.004531906830818675,-0.0003681077285692216,1000,0,bootstrap_supported_negative
mugla_2021_to_manavgat_2021,baseline,lambda_1e_m2,brier_score,candidate_vs_canonical,0.0007295742369758,0.0003387637064563548,0.0010774387049208834,1000,0,bootstrap_supported_positive
mugla_2021_to_manavgat_2021,baseline,lambda_1e_m1,roc_auc,candidate_vs_raw,0.0954268597646317,0.07950400980044875,0.11137507807795313,1000,0,bootstrap_supported_positive
mugla_2021_to_manavgat_2021,baseline,lambda_1e_m1,roc_auc,candidate_vs_zscore,0.0136825208449805,0.0039463856674127025,0.02369596479293233,1000,0,bootstrap_supported_positive
mugla_2021_to_manavgat_2021,baseline,lambda_1e_m1,roc_auc,candidate_vs_canonical,0.0006933238681521,-0.003843339562281103,0.005163499068848573,1000,0,interval_includes_zero
mugla_2021_to_manavgat_2021,baseline,lambda_1e_m1,pr_auc,candidate_vs_raw,0.0302535133189422,0.024957644918188415,0.03610637285951156,1000,0,bootstrap_supported_positive
mugla_2021_to_manavgat_2021,baseline,lambda_1e_m1,pr_auc,candidate_vs_zscore,0.0001213846554369,-0.0044391010464052425,0.004674022039018379,1000,0,interval_includes_zero
mugla_2021_to_manavgat_2021,baseline,lambda_1e_m1,pr_auc,candidate_vs_canonical,7.002477288378661e-05,-0.0019433838581074676,0.001971475749470159,1000,0,interval_includes_zero
mugla_2021_to_manavgat_2021,baseline,lambda_1e_m1,brier_score,candidate_vs_raw,0.0841899520723158,0.079117214686447,0.0890517513305626,1000,0,bootstrap_supported_positive
mugla_2021_to_manavgat_2021,baseline,lambda_1e_m1,brier_score,candidate_vs_zscore,-0.0019401666564637,-0.0038188459582756762,-2.5215968823681157e-05,1000,0,bootstrap_supported_negative
mugla_2021_to_manavgat_2021,baseline,lambda_1e_m1,brier_score,candidate_vs_canonical,0.0012376353871831,0.0003677662042366352,0.0020645590185140667,1000,0,bootstrap_supported_positive
mugla_2021_to_manavgat_2021,thermal,lambda_0,roc_auc,candidate_vs_raw,0.126589659974613,0.10814100670605675,0.1437705415699295,1000,0,bootstrap_supported_positive
mugla_2021_to_manavgat_2021,thermal,lambda_0,roc_auc,candidate_vs_zscore,-0.0132738793569363,-0.022037215204305242,-0.004333212919292134,1000,0,bootstrap_supported_negative
mugla_2021_to_manavgat_2021,thermal,lambda_0,roc_auc,candidate_vs_canonical,-0.0045704069123219,-0.006410718228388258,-0.002647662877218357,1000,0,bootstrap_supported_negative
mugla_2021_to_manavgat_2021,thermal,lambda_0,pr_auc,candidate_vs_raw,0.0321101960001368,0.026564975070361548,0.03815090036354523,1000,0,bootstrap_supported_positive
mugla_2021_to_manavgat_2021,thermal,lambda_0,pr_auc,candidate_vs_zscore,-0.0023209692368712,-0.0056516809880630455,0.0008472829212959407,1000,0,interval_includes_zero
mugla_2021_to_manavgat_2021,thermal,lambda_0,pr_auc,candidate_vs_canonical,-0.0009761528962057,-0.00156829883910782,-0.000355355843402156,1000,0,bootstrap_supported_negative
mugla_2021_to_manavgat_2021,thermal,lambda_0,brier_score,candidate_vs_raw,0.1039071314467459,0.09811518568091915,0.10936586858424754,1000,0,bootstrap_supported_positive
mugla_2021_to_manavgat_2021,thermal,lambda_0,brier_score,candidate_vs_zscore,-0.0036950384281464,-0.004841513112944598,-0.0026563409081439117,1000,0,bootstrap_supported_negative
mugla_2021_to_manavgat_2021,thermal,lambda_0,brier_score,candidate_vs_canonical,-0.0002995876229512,-0.00048715077554567705,-0.00010403640069309514,1000,0,bootstrap_supported_negative
mugla_2021_to_manavgat_2021,thermal,lambda_1e_m8,roc_auc,candidate_vs_raw,0.1269870289282504,0.10852816749177835,0.14412722920990842,1000,0,bootstrap_supported_positive
mugla_2021_to_manavgat_2021,thermal,lambda_1e_m8,roc_auc,candidate_vs_zscore,-0.0128765104032989,-0.021582716131635322,-0.0039255050073210805,1000,0,bootstrap_supported_negative
mugla_2021_to_manavgat_2021,thermal,lambda_1e_m8,roc_auc,candidate_vs_canonical,-0.0041730379586845,-0.006053032378633793,-0.0022450064005378485,1000,0,bootstrap_supported_negative
mugla_2021_to_manavgat_2021,thermal,lambda_1e_m8,pr_auc,candidate_vs_raw,0.0321999491350196,0.026627548939471654,0.03824283314127263,1000,0,bootstrap_supported_positive
mugla_2021_to_manavgat_2021,thermal,lambda_1e_m8,pr_auc,candidate_vs_zscore,-0.0022312161019883,-0.005591196508305246,0.0009468563691416178,1000,0,interval_includes_zero
mugla_2021_to_manavgat_2021,thermal,lambda_1e_m8,pr_auc,candidate_vs_canonical,-0.0008863997613229,-0.0014644543824426856,-0.0002626572377428728,1000,0,bootstrap_supported_negative
mugla_2021_to_manavgat_2021,thermal,lambda_1e_m8,brier_score,candidate_vs_raw,0.1039353752552628,0.09814747936540087,0.10939175333669356,1000,0,bootstrap_supported_positive
mugla_2021_to_manavgat_2021,thermal,lambda_1e_m8,brier_score,candidate_vs_zscore,-0.0036667946196294,-0.004839149879551816,-0.002628061984683568,1000,0,bootstrap_supported_negative
mugla_2021_to_manavgat_2021,thermal,lambda_1e_m8,brier_score,candidate_vs_canonical,-0.0002713438144343,-0.0004548117753853914,-7.450870941652089e-05,1000,0,bootstrap_supported_negative
mugla_2021_to_manavgat_2021,thermal,lambda_1e_m7,roc_auc,candidate_vs_raw,0.1271816958078965,0.10880260066865197,0.14456640611845464,1000,0,bootstrap_supported_positive
mugla_2021_to_manavgat_2021,thermal,lambda_1e_m7,roc_auc,candidate_vs_zscore,-0.0126818435236527,-0.021385724171019572,-0.003811506296941578,1000,0,bootstrap_supported_negative
mugla_2021_to_manavgat_2021,thermal,lambda_1e_m7,roc_auc,candidate_vs_canonical,-0.0039783710790384,-0.005857715773357428,-0.0020647239533252786,1000,0,bootstrap_supported_negative
mugla_2021_to_manavgat_2021,thermal,lambda_1e_m7,pr_auc,candidate_vs_raw,0.0322778079520358,0.026689957813395594,0.038316527053767854,1000,0,bootstrap_supported_positive
mugla_2021_to_manavgat_2021,thermal,lambda_1e_m7,pr_auc,candidate_vs_zscore,-0.0021533572849722,-0.00551072575875087,0.0009952624783912437,1000,0,interval_includes_zero
mugla_2021_to_manavgat_2021,thermal,lambda_1e_m7,pr_auc,candidate_vs_canonical,-0.0008085409443067,-0.0013871834191862865,-0.00019411549997810297,1000,0,bootstrap_supported_negative
mugla_2021_to_manavgat_2021,thermal,lambda_1e_m7,brier_score,candidate_vs_raw,0.1039624027750321,0.09817912715098946,0.10941160875498972,1000,0,bootstrap_supported_positive
mugla_2021_to_manavgat_2021,thermal,lambda_1e_m7,brier_score,candidate_vs_zscore,-0.0036397670998601,-0.0048043774240742335,-0.002596928799795811,1000,0,bootstrap_supported_negative
mugla_2021_to_manavgat_2021,thermal,lambda_1e_m7,brier_score,candidate_vs_canonical,-0.000244316294665,-0.0004297564146837317,-4.809245200072949e-05,1000,0,bootstrap_supported_negative
mugla_2021_to_manavgat_2021,thermal,lambda_1e_m6,roc_auc,candidate_vs_raw,0.1288742721800441,0.11022128910759156,0.14633616773207714,1000,0,bootstrap_supported_positive
mugla_2021_to_manavgat_2021,thermal,lambda_1e_m6,roc_auc,candidate_vs_zscore,-0.0109892671515051,-0.01956214388843096,-0.002147853750744501,1000,0,bootstrap_supported_negative
mugla_2021_to_manavgat_2021,thermal,lambda_1e_m6,roc_auc,candidate_vs_canonical,-0.0022857947068908,-0.00407275011892118,-0.0003882295212820307,1000,0,bootstrap_supported_negative
mugla_2021_to_manavgat_2021,thermal,lambda_1e_m6,pr_auc,candidate_vs_raw,0.0328151255240472,0.027160968351737282,0.0389380653845652,1000,0,bootstrap_supported_positive
mugla_2021_to_manavgat_2021,thermal,lambda_1e_m6,pr_auc,candidate_vs_zscore,-0.0016160397129608,-0.0049715720159098425,0.0014753507147840506,1000,0,interval_includes_zero
mugla_2021_to_manavgat_2021,thermal,lambda_1e_m6,pr_auc,candidate_vs_canonical,-0.0002712233722953,-0.0008284618048539909,0.0003061678979951111,1000,0,interval_includes_zero
mugla_2021_to_manavgat_2021,thermal,lambda_1e_m6,brier_score,candidate_vs_raw,0.1041572644033128,0.09838035188064072,0.10958046695805729,1000,0,bootstrap_supported_positive
mugla_2021_to_manavgat_2021,thermal,lambda_1e_m6,brier_score,candidate_vs_zscore,-0.0034449054715795,-0.0046372763177017304,-0.0024202517914076824,1000,0,bootstrap_supported_negative
mugla_2021_to_manavgat_2021,thermal,lambda_1e_m6,brier_score,candidate_vs_canonical,-4.945466638445195e-05,-0.00021223575121137662,0.00013526014872402913,1000,0,interval_includes_zero
mugla_2021_to_manavgat_2021,thermal,lambda_1e_m5,roc_auc,candidate_vs_raw,0.131160066886935,0.11236853558117763,0.1483271146422938,1000,0,bootstrap_supported_positive
mugla_2021_to_manavgat_2021,thermal,lambda_1e_m5,roc_auc,candidate_vs_zscore,-0.0087034724446143,-0.017568730304829163,0.00010810468306729353,1000,0,interval_includes_zero
mugla_2021_to_manavgat_2021,thermal,lambda_1e_m5,roc_auc,candidate_vs_canonical,0.0,0.0,0.0,1000,0,interval_includes_zero
mugla_2021_to_manavgat_2021,thermal,lambda_1e_m5,pr_auc,candidate_vs_raw,0.0330863488963426,0.027292812831509493,0.03917549689795653,1000,0,bootstrap_supported_positive
mugla_2021_to_manavgat_2021,thermal,lambda_1e_m5,pr_auc,candidate_vs_zscore,-0.0013448163406654,-0.0046268479669927896,0.0016895395287272593,1000,0,interval_includes_zero
mugla_2021_to_manavgat_2021,thermal,lambda_1e_m5,pr_auc,candidate_vs_canonical,8.326672684688674e-17,0.0,0.0,1000,0,interval_includes_zero
mugla_2021_to_manavgat_2021,thermal,lambda_1e_m5,brier_score,candidate_vs_raw,0.1042067190696972,0.09841807463344963,0.10961260852990179,1000,0,bootstrap_supported_positive
mugla_2021_to_manavgat_2021,thermal,lambda_1e_m5,brier_score,candidate_vs_zscore,-0.0033954508051951,-0.004556364668423922,-0.0023579502451151722,1000,0,bootstrap_supported_negative
mugla_2021_to_manavgat_2021,thermal,lambda_1e_m5,brier_score,candidate_vs_canonical,0.0,0.0,0.0,1000,0,interval_includes_zero
mugla_2021_to_manavgat_2021,thermal,lambda_1e_m4,roc_auc,candidate_vs_raw,0.1323362002855062,0.11344037096636157,0.15000888763729775,1000,0,bootstrap_supported_positive
mugla_2021_to_manavgat_2021,thermal,lambda_1e_m4,roc_auc,candidate_vs_zscore,-0.007527339046043,-0.0165335771729617,0.0011594611985073504,1000,0,interval_includes_zero
mugla_2021_to_manavgat_2021,thermal,lambda_1e_m4,roc_auc,candidate_vs_canonical,0.0011761333985712,-0.0015989168603978544,0.0038545618900401434,1000,0,interval_includes_zero
mugla_2021_to_manavgat_2021,thermal,lambda_1e_m4,pr_auc,candidate_vs_raw,0.0336202078717391,0.027888238605116366,0.039804672919700156,1000,0,bootstrap_supported_positive
mugla_2021_to_manavgat_2021,thermal,lambda_1e_m4,pr_auc,candidate_vs_zscore,-0.0008109573652689,-0.004046326290372963,0.002198121852647269,1000,0,interval_includes_zero
mugla_2021_to_manavgat_2021,thermal,lambda_1e_m4,pr_auc,candidate_vs_canonical,0.0005338589753965,-0.00031114737122386535,0.0013881600342588315,1000,0,interval_includes_zero
mugla_2021_to_manavgat_2021,thermal,lambda_1e_m4,brier_score,candidate_vs_raw,0.1041205910388707,0.09837568643032181,0.10957336039385544,1000,0,bootstrap_supported_positive
mugla_2021_to_manavgat_2021,thermal,lambda_1e_m4,brier_score,candidate_vs_zscore,-0.0034815788360216,-0.004674269715767348,-0.002432206414727521,1000,0,bootstrap_supported_negative
mugla_2021_to_manavgat_2021,thermal,lambda_1e_m4,brier_score,candidate_vs_canonical,-8.61280308265544e-05,-0.0003458993285807087,0.00017920934515308558,1000,0,interval_includes_zero
mugla_2021_to_manavgat_2021,thermal,lambda_1e_m3,roc_auc,candidate_vs_raw,0.1315789437974502,0.11348692859643388,0.14923959085420624,1000,0,bootstrap_supported_positive
mugla_2021_to_manavgat_2021,thermal,lambda_1e_m3,roc_auc,candidate_vs_zscore,-0.008284595534099,-0.017074229686867393,0.00021070051217339083,1000,0,interval_includes_zero
mugla_2021_to_manavgat_2021,thermal,lambda_1e_m3,roc_auc,candidate_vs_canonical,0.0004188769105152,-0.002287009000301564,0.002974575973991009,1000,0,interval_includes_zero
mugla_2021_to_manavgat_2021,thermal,lambda_1e_m3,pr_auc,candidate_vs_raw,0.033808697317935,0.02808003538909459,0.0400149186002046,1000,0,bootstrap_supported_positive
mugla_2021_to_manavgat_2021,thermal,lambda_1e_m3,pr_auc,candidate_vs_zscore,-0.0006224679190729,-0.0037634474992069692,0.002454814129574306,1000,0,interval_includes_zero
mugla_2021_to_manavgat_2021,thermal,lambda_1e_m3,pr_auc,candidate_vs_canonical,0.0007223484215924,-9.908587266948196e-05,0.001598907826164332,1000,0,interval_includes_zero
mugla_2021_to_manavgat_2021,thermal,lambda_1e_m3,brier_score,candidate_vs_raw,0.1042392594863313,0.0984345443528355,0.10972618288649799,1000,0,bootstrap_supported_positive
mugla_2021_to_manavgat_2021,thermal,lambda_1e_m3,brier_score,candidate_vs_zscore,-0.0033629103885609,-0.0045609538165767,-0.0023359589958635548,1000,0,bootstrap_supported_negative
mugla_2021_to_manavgat_2021,thermal,lambda_1e_m3,brier_score,candidate_vs_canonical,3.254041663414142e-05,-0.0002234813337760072,0.00030431919112026886,1000,0,interval_includes_zero
mugla_2021_to_manavgat_2021,thermal,lambda_1e_m2,roc_auc,candidate_vs_raw,0.1302058851352975,0.11226553281604824,0.1476135764281995,1000,0,bootstrap_supported_positive
mugla_2021_to_manavgat_2021,thermal,lambda_1e_m2,roc_auc,candidate_vs_zscore,-0.0096576541962518,-0.01867449129428779,-0.0005459382817080546,1000,0,bootstrap_supported_negative
mugla_2021_to_manavgat_2021,thermal,lambda_1e_m2,roc_auc,candidate_vs_canonical,-0.0009541817516374,-0.004187542865457415,0.0022211594349723055,1000,0,interval_includes_zero
mugla_2021_to_manavgat_2021,thermal,lambda_1e_m2,pr_auc,candidate_vs_raw,0.0337980788350419,0.0280526895283865,0.04001253879051726,1000,0,bootstrap_supported_positive
mugla_2021_to_manavgat_2021,thermal,lambda_1e_m2,pr_auc,candidate_vs_zscore,-0.0006330864019661,-0.0039010865638948377,0.0025946873104806326,1000,0,interval_includes_zero
mugla_2021_to_manavgat_2021,thermal,lambda_1e_m2,pr_auc,candidate_vs_canonical,0.0007117299386993,-0.0002885923591743965,0.0017237685241994697,1000,0,interval_includes_zero
mugla_2021_to_manavgat_2021,thermal,lambda_1e_m2,brier_score,candidate_vs_raw,0.1043647324993425,0.09860702567206618,0.10983071294625339,1000,0,bootstrap_supported_positive
mugla_2021_to_manavgat_2021,thermal,lambda_1e_m2,brier_score,candidate_vs_zscore,-0.0032374373755498,-0.004372339295606065,-0.0021504744921446413,1000,0,bootstrap_supported_negative
mugla_2021_to_manavgat_2021,thermal,lambda_1e_m2,brier_score,candidate_vs_canonical,0.0001580134296452,-0.00014943191903209473,0.0004478383894548728,1000,0,interval_includes_zero
mugla_2021_to_manavgat_2021,thermal,lambda_1e_m1,roc_auc,candidate_vs_raw,0.1321698843629883,0.11380378987057814,0.15010814902229958,1000,0,bootstrap_supported_positive
mugla_2021_to_manavgat_2021,thermal,lambda_1e_m1,roc_auc,candidate_vs_zscore,-0.007693654968561,-0.015779526325132742,4.007943742085906e-05,1000,0,interval_includes_zero
mugla_2021_to_manavgat_2021,thermal,lambda_1e_m1,roc_auc,candidate_vs_canonical,0.0010098174760533,-0.00312344018093316,0.005126157084425866,1000,0,interval_includes_zero
mugla_2021_to_manavgat_2021,thermal,lambda_1e_m1,pr_auc,candidate_vs_raw,0.0336411168333435,0.028088996939216102,0.04013293676293944,1000,0,bootstrap_supported_positive
mugla_2021_to_manavgat_2021,thermal,lambda_1e_m1,pr_auc,candidate_vs_zscore,-0.0007900484036645,-0.003973516985622369,0.002107377691729592,1000,0,interval_includes_zero
mugla_2021_to_manavgat_2021,thermal,lambda_1e_m1,pr_auc,candidate_vs_canonical,0.0005547679370009,-0.0008336692334408952,0.001949625482375435,1000,0,interval_includes_zero
mugla_2021_to_manavgat_2021,thermal,lambda_1e_m1,brier_score,candidate_vs_raw,0.1043022888560018,0.09852970429313239,0.10980014311917173,1000,0,bootstrap_supported_positive
mugla_2021_to_manavgat_2021,thermal,lambda_1e_m1,brier_score,candidate_vs_zscore,-0.0032998810188905,-0.004463413480293383,-0.002286572901601669,1000,0,bootstrap_supported_negative
mugla_2021_to_manavgat_2021,thermal,lambda_1e_m1,brier_score,candidate_vs_canonical,9.556978630462232e-05,-0.0003942733627333127,0.0005808837091785291,1000,0,interval_includes_zero
