population,analysis_type,month,gapfilled_fraction_filter,iteration,n_rows,n_blocks_sampled,positive_count,negative_count,auc_baseline,auc_thermal,delta_auc,pr_auc_baseline,pr_auc_thermal,delta_pr_auc,brier_baseline,brier_thermal,delta_brier,skipped,skip_reason
all_valid,monthly,august,,0,21716,5547,670,21046,0.8340733375789493,0.9005208916928236,0.06644755411387426,0.10843841631587435,0.24187062621101607,0.1334322098951417,0.11117871324711191,0.07857576823855499,-0.03260294500855693,False,
all_valid,monthly,august,,1,21727,5547,714,21013,0.8247020218642828,0.8944213006194245,0.06971927875514172,0.11275209491044981,0.2431051499666068,0.13035305505615696,0.11088088722116388,0.07708585535043926,-0.03379503187072462,False,
all_valid,monthly,august,,2,21753,5547,583,21170,0.8099679066221254,0.8816021733723003,0.07163426675017492,0.07850392208715588,0.19392187294898822,0.11541795086183233,0.10823009493972542,0.07403007248827938,-0.034200022451446044,False,
all_valid,monthly,august,,3,21741,5547,676,21065,0.8137390326082835,0.8870746646404408,0.07333563203215732,0.10528146404582375,0.23023783992219454,0.12495637587637079,0.1114664616516634,0.07632156484396553,-0.035144896807697876,False,
all_valid,monthly,august,,4,21682,5547,734,20948,0.8286287207092272,0.8928253118270282,0.06419659111780096,0.1193712684019973,0.2577146140035151,0.1383433456015178,0.10956754161828682,0.07664256819544998,-0.03292497342283683,False,
all_valid,monthly,august,,5,21777,5547,667,21110,0.8148761005570166,0.8823800084798907,0.06750390792287408,0.09180736045542512,0.22272975350049834,0.13092239304507322,0.10752001314985095,0.07458008298059657,-0.03293993016925438,False,
all_valid,monthly,august,,6,21770,5547,660,21110,0.8294379369249099,0.9049343984611631,0.07549646153625322,0.10478058205126216,0.24167168783771434,0.1368911057864522,0.10979646900136633,0.07487993614668004,-0.034916532854686294,False,
all_valid,monthly,august,,7,21712,5547,628,21084,0.8086005235956386,0.8898273300489278,0.08122680645328917,0.08625423709588978,0.21761824405257765,0.13136400695668787,0.11174515965796547,0.07718327394359946,-0.03456188571436601,False,
all_valid,monthly,august,,8,21719,5547,644,21075,0.7927429396638742,0.8599258047641151,0.06718286510024085,0.07875074102153816,0.17757776441248796,0.0988270233909498,0.11071855666799792,0.07841643105597419,-0.032302125612023724,False,
all_valid,monthly,august,,9,21725,5547,691,21034,0.8206584969521471,0.8843425164990264,0.0636840195468793,0.11205495780989053,0.22665503800810688,0.11460008019821635,0.11227814517205324,0.0794699023850115,-0.03280824278704174,False,
all_valid,monthly,august,,10,21671,5547,676,20995,0.798750406901615,0.8759613094692875,0.07721090256767249,0.09061227691996515,0.21939601878855056,0.1287837418685854,0.11129461863843709,0.07643167073521341,-0.03486294790322368,False,
all_valid,monthly,august,,11,21734,5547,659,21075,0.8078065727395294,0.8740192642434257,0.0662126915038963,0.08831538766762932,0.19354817686862888,0.10523278920099956,0.11084065739019251,0.07879178818918696,-0.03204886920100555,False,
all_valid,monthly,august,,12,21713,5547,654,21059,0.8194612108430471,0.8831082993418955,0.06364708849884837,0.09997188013919305,0.20922572220680904,0.109253842067616,0.11229048232858964,0.07841596362053865,-0.033874518708050985,False,
all_valid,monthly,august,,13,21705,5547,613,21092,0.8193152255526863,0.8975429323999358,0.07822770684724945,0.0911244869855551,0.24707079165530035,0.15594630466974524,0.11175199614683452,0.07600196292826393,-0.03575003321857059,False,
all_valid,monthly,august,,14,21735,5547,714,21021,0.8321715632640002,0.8987599035618243,0.06658834029782412,0.11272663313923356,0.24561119815366864,0.13288456501443507,0.10877025574856267,0.07479761130486809,-0.03397264444369458,False,
all_valid,monthly,august,,15,21681,5547,734,20947,0.8078330947874284,0.8857718500395899,0.07793875525216154,0.09803424265137163,0.24713250931429617,0.14909826666292453,0.11283021570067586,0.07846008777529843,-0.03437012792537743,False,
all_valid,monthly,august,,16,21720,5547,715,21005,0.8114558138838072,0.8861091681467782,0.07465335426297104,0.10292912087715231,0.255935146429299,0.15300602555214668,0.10939400406897275,0.07557033188833277,-0.033823672180639974,False,
all_valid,monthly,august,,17,21707,5547,687,21020,0.8201000087253146,0.8886766883137568,0.06857667958844216,0.10176730782729747,0.21180342106999978,0.11003611324270231,0.11378570145639635,0.07984534010413823,-0.03394036135225813,False,
all_valid,monthly,august,,18,21715,5547,703,21012,0.8031289578074874,0.8779726629151018,0.0748437051076144,0.09150678602696662,0.18538821232561822,0.09388142629865161,0.11257472745520926,0.07917272349212,-0.03340200396308926,False,
all_valid,monthly,august,,19,21709,5547,668,21041,0.823103851704414,0.8848992286801332,0.06179537697571913,0.10686906068483025,0.22257675731583895,0.1157076966310087,0.10983319323574425,0.07702834341466702,-0.03280484982107723,False,
all_valid,monthly,august,,20,21695,5547,687,21008,0.8153212029298329,0.8831916530584869,0.067870450128654,0.10193798430439857,0.23148409259475375,0.12954610829035518,0.1095012752937268,0.07614130314556841,-0.03335997214815839,False,
all_valid,monthly,august,,21,21773,5547,722,21051,0.8074823167216512,0.8798954287378324,0.07241311201618128,0.10625681699478509,0.22971581076525668,0.12345899377047159,0.11400717291833994,0.08005597338248802,-0.03395119953585192,False,
all_valid,monthly,august,,22,21772,5547,638,21134,0.7969824137545378,0.8737585189355992,0.07677610518106137,0.07971524487973684,0.17141761267965158,0.09170236779991474,0.11327582578722162,0.07895584928799816,-0.034319976499223456,False,
all_valid,monthly,august,,23,21755,5547,660,21095,0.8021314831174988,0.8753499680378087,0.07321848492030991,0.0909002630355825,0.21527829788911576,0.12437803485353326,0.11162295934154559,0.07708403856832423,-0.03453892077322136,False,
all_valid,monthly,august,,24,21675,5547,657,21018,0.819719141945883,0.8938298592508878,0.07411071730500474,0.09543136615914716,0.22860850872926555,0.1331771425701184,0.1150314879505174,0.07999643093313635,-0.03503505701738105,False,
all_valid,monthly,august,,25,21717,5547,634,21083,0.8298546932800224,0.8975345453772838,0.06767985209726146,0.11018475846684614,0.23967748755865612,0.12949272909180998,0.10902122815922231,0.07627365672870912,-0.0327475714305132,False,
all_valid,monthly,august,,26,21645,5547,652,20993,0.813454981634252,0.8854810353085851,0.07202605367433312,0.08947487663924676,0.2073447312625714,0.11786985462332465,0.11155087940580174,0.07588456444387758,-0.03566631496192417,False,
all_valid,monthly,august,,27,21733,5547,778,20955,0.8139348671624038,0.8762388985088011,0.06230403134639728,0.11658310482008252,0.24606419635237772,0.1294810915322952,0.11562829916846175,0.08017100912726906,-0.03545729004119269,False,
all_valid,monthly,august,,28,21714,5547,679,21035,0.8160307195420494,0.886650448985193,0.07061972944314354,0.10011141291739271,0.21164463796557775,0.11153322504818504,0.1126027569779157,0.07979525230579032,-0.032807504672125384,False,
all_valid,monthly,august,,29,21692,5547,743,20949,0.8234682871116786,0.8950292471487667,0.07156096003708812,0.11836307427904112,0.27201339234773414,0.153650318068693,0.11393991505492611,0.07883731389277215,-0.035102601162153954,False,
all_valid,monthly,august,,30,21726,5547,668,21058,0.8163263652199826,0.8896210807561438,0.07329471553616118,0.09664455329561296,0.19907504672358045,0.10243049342796749,0.11067394090289095,0.08064605181262932,-0.030027889090261634,False,
all_valid,monthly,august,,31,21743,5547,661,21082,0.8119366335701484,0.8786985649723629,0.06676193140221443,0.09624581402121597,0.21495689317714234,0.11871107915592637,0.11415769602517206,0.07749132036555996,-0.0366663756596121,False,
all_valid,monthly,august,,32,21742,5547,723,21019,0.8079900968214426,0.8767143236077588,0.06872422678631618,0.1060992592186292,0.24791197283442487,0.14181271361579567,0.11128048195296814,0.07705289424958585,-0.03422758770338229,False,
all_valid,monthly,august,,33,21725,5547,822,20903,0.8152429953069054,0.8824429792903916,0.06719998398348626,0.11804401766385253,0.23053897883886332,0.11249496117501079,0.1154908710489795,0.08109787663630735,-0.03439299441267214,False,
all_valid,monthly,august,,34,21710,5547,809,20901,0.8080821772711652,0.8831349201772863,0.07505274290612118,0.1177303526579803,0.24363889840466682,0.12590854574668653,0.11410501985481133,0.07777256760081067,-0.03633245225400067,False,
all_valid,monthly,august,,35,21744,5547,767,20977,0.7953564837480473,0.8639339205496004,0.06857743680155304,0.09846739514520159,0.20737699093180795,0.10890959578660636,0.11294294932475299,0.07916023315902176,-0.033782716165731225,False,
all_valid,monthly,august,,36,21702,5547,738,20964,0.8159874276666828,0.8815564066726338,0.06556897900595104,0.11304884161305953,0.23049068899249886,0.11744184737943933,0.11075103579400015,0.07937441529153359,-0.03137662050246656,False,
all_valid,monthly,august,,37,21717,5547,720,20997,0.812507143877697,0.8822393278404852,0.06973218396278824,0.10563681688012873,0.22406915846398479,0.11843234158385606,0.11008274477598864,0.0775286151009327,-0.03255412967505594,False,
all_valid,monthly,august,,38,21692,5547,731,20961,0.8259677881357543,0.8951009336536729,0.0691331455179186,0.11372408013677526,0.23452477959257662,0.12080069945580135,0.11231347325514475,0.07814405969024443,-0.03416941356490032,False,
all_valid,monthly,august,,39,21703,5547,707,20996,0.8080953252225858,0.8756553750522427,0.06756004982965691,0.09295736906304045,0.19087756213754142,0.09792019307450098,0.11347182043073695,0.07930321043642864,-0.034168609994308305,False,
all_valid,monthly,august,,40,21763,5547,638,21125,0.8200675928845691,0.8919307005991357,0.07186310771456661,0.09753988697814184,0.2079260888573564,0.11038620187921455,0.10703392139009274,0.07686595878434503,-0.03016796260574771,False,
all_valid,monthly,august,,41,21736,5547,661,21075,0.8127723371074058,0.8819220312155097,0.0691496941081039,0.09384031011617246,0.20427286418120175,0.11043255406502929,0.11419148090145628,0.07902913454294372,-0.035162346358512564,False,
all_valid,monthly,august,,42,21738,5547,774,20964,0.8260290681650886,0.8922093960016113,0.06618032783652272,0.12458781220995198,0.2512352100072878,0.12664739779733586,0.11090319355000332,0.07736841831044909,-0.033534775239554226,False,
all_valid,monthly,august,,43,21751,5547,737,21014,0.8235047540187397,0.8895198639299586,0.06601510991121895,0.11617486909564506,0.23494768620390827,0.1187728171082632,0.11057930916046547,0.0775037953034087,-0.033075513857056774,False,
all_valid,monthly,august,,44,21698,5547,732,20966,0.8064168685287498,0.881424270572861,0.07500740204411116,0.09948025140883042,0.21348534297702773,0.11400509156819731,0.11145675585453048,0.07756333264998241,-0.033893423204548065,False,
all_valid,monthly,august,,45,21720,5547,739,20981,0.8275259547606673,0.8925682421991571,0.06504228743848983,0.11628807458947084,0.24921102577424656,0.1329229511847757,0.1075624472410673,0.07747927238570228,-0.03008317485536502,False,
all_valid,monthly,august,,46,21703,5547,639,21064,0.8201006902282157,0.8896122228581855,0.06951153262996979,0.09749373766496841,0.22058367079030036,0.12308993312533195,0.10919413429942203,0.07582932635920371,-0.033364807940218316,False,
all_valid,monthly,august,,47,21684,5547,645,21039,0.8269845849218377,0.8930508162950239,0.06606623137318623,0.1054881646791091,0.24020899563963752,0.13472083096052842,0.11210614772177141,0.07802113156214564,-0.03408501615962577,False,
all_valid,monthly,august,,48,21735,5547,637,21098,0.8279207013751926,0.890685361115869,0.06276465974067647,0.10009492891796319,0.21185214569935207,0.11175721678138888,0.10870405680190014,0.07719370191076778,-0.03151035489113235,False,
all_valid,monthly,august,,49,21699,5547,737,20962,0.8163897921120301,0.8911635929174417,0.07477380080541163,0.10639682857700786,0.23808055090822727,0.13168372233121942,0.11269748472072215,0.07789613040305529,-0.03480135431766686,False,
all_valid,monthly,august,,50,21783,5547,706,21077,0.8069835935442968,0.8765899646796229,0.06960637113532608,0.09892585082389516,0.2132475878211128,0.11432173699721765,0.11388728536647921,0.0799600195014349,-0.03392726586504431,False,
all_valid,monthly,august,,51,21749,5547,681,21068,0.8056222811972811,0.8775092163630975,0.07188693516581646,0.0936480452415515,0.20682927125581974,0.11318122601426824,0.11117039390089462,0.07725584533572381,-0.0339145485651708,False,
all_valid,monthly,august,,52,21744,5547,677,21067,0.8255076176388492,0.8957662613877551,0.07025864374890589,0.1040388643826862,0.23507292920742479,0.1310340648247386,0.11369439694831555,0.07684169776270956,-0.03685269918560599,False,
all_valid,monthly,august,,53,21766,5547,729,21037,0.8085230066589189,0.8710087713378212,0.06248576467890232,0.10447915528104061,0.2097654726210887,0.10528631734004808,0.11074373790381718,0.07954357536819698,-0.031200162535620204,False,
all_valid,monthly,august,,54,21744,5547,696,21048,0.8124997952135677,0.888157869587631,0.07565807437406324,0.10439702447844364,0.20925744763891033,0.10486042316046669,0.10945604108507513,0.07643355422834842,-0.03302248685672671,False,
all_valid,monthly,august,,55,21719,5547,720,20999,0.8234671889137578,0.8892787884079136,0.06581159949415583,0.10596508430061014,0.2531102096794117,0.1471451253788016,0.10973647722047064,0.07686788699595773,-0.03286859022451291,False,
all_valid,monthly,august,,56,21774,5547,631,21143,0.8293295679642204,0.892084112465467,0.06275454450124662,0.09659053588380088,0.20140712810580894,0.10481659222200805,0.10653508329066115,0.07533581609168243,-0.031199267198978725,False,
all_valid,monthly,august,,57,21693,5547,681,21012,0.8285577949583666,0.8980114293126116,0.06945363435424501,0.10501689833395336,0.26366892071010806,0.1586520223761547,0.11208454463709867,0.07669369924669309,-0.03539084539040559,False,
all_valid,monthly,august,,58,21742,5547,761,20981,0.8063646972753836,0.8840976890360912,0.07773299176070758,0.09244338286995024,0.21131597823460047,0.11887259536465022,0.11337074551667574,0.07860889964034104,-0.0347618458763347,False,
all_valid,monthly,august,,59,21721,5547,603,21118,0.8061975691514333,0.8876979185268216,0.0815003493753883,0.0821267735675679,0.18177385371972082,0.09964708015215293,0.11199760531446826,0.0767635649884899,-0.035234040325978364,False,
all_valid,monthly,august,,60,21753,5547,680,21073,0.8039460167875816,0.8702397268877654,0.06629371010018381,0.09585154132425824,0.19517443155422748,0.09932289022996924,0.11451553483109628,0.08025451542710635,-0.03426101940398993,False,
all_valid,monthly,august,,61,21727,5547,768,20959,0.80941032442308,0.8814192789096171,0.0720089544865371,0.10873714784867197,0.23491056206849706,0.1261734142198251,0.11327743802996341,0.07906092562525113,-0.03421651240471228,False,
all_valid,monthly,august,,62,21733,5547,655,21078,0.8288730552966119,0.8972475914614493,0.06837453616483735,0.10695444415750777,0.2561598483560735,0.14920540419856576,0.10494717342670982,0.07161698936165423,-0.0333301840650556,False,
all_valid,monthly,august,,63,21728,5547,601,21127,0.8259822717017526,0.8953751447056534,0.06939287300390073,0.09503128602087041,0.2032864424144135,0.10825515639354308,0.10767793056009002,0.07554644957031646,-0.03213148098977356,False,
all_valid,monthly,august,,64,21734,5547,677,21057,0.8170215204717253,0.8913515253561252,0.07433000488439989,0.09963340916167526,0.24535088690251144,0.14571747774083618,0.11109417986808004,0.07438466483127182,-0.03670951503680822,False,
all_valid,monthly,august,,65,21714,5547,724,20990,0.8348857256415183,0.9015384858351385,0.06665276019362021,0.12513056370998343,0.26374828540821776,0.13861772169823433,0.10943962890569905,0.07645366171051787,-0.03298596719518118,False,
all_valid,monthly,august,,66,21693,5547,667,21026,0.8267403205084417,0.8990256369960173,0.07228531648757563,0.1038899885774849,0.23261530915272358,0.12872532057523867,0.11317626624305235,0.07873112006243714,-0.03444514618061521,False,
all_valid,monthly,august,,67,21723,5547,707,21016,0.8180993237993656,0.8831602136231895,0.06506088982382396,0.11252004799198911,0.2295074109004496,0.11698736290846048,0.11313009892103823,0.07840211118716757,-0.03472798773387066,False,
all_valid,monthly,august,,68,21706,5547,663,21043,0.8323851563296845,0.8945352793020453,0.06215012297236089,0.10399715644492696,0.2209970420442025,0.11699988559927554,0.10897524570371822,0.07570195766670744,-0.03327328803701078,False,
all_valid,monthly,august,,69,21744,5547,664,21080,0.8145259167600192,0.8869124505612582,0.07238653380123905,0.0940734611872117,0.20634731560222347,0.11227385441501177,0.11002317414328229,0.07481887542342966,-0.03520429871985263,False,
all_valid,monthly,august,,70,21771,5547,570,21201,0.8178119701404353,0.8897422912027486,0.07193032106231334,0.07863759294061112,0.18659971531190525,0.10796212237129413,0.10851500279195445,0.07612642618683442,-0.032388576605120026,False,
all_valid,monthly,august,,71,21693,5547,718,20975,0.8232924193478772,0.8944796996025909,0.07118728025471366,0.1172295960300917,0.248034361051175,0.1308047650210833,0.113815635986214,0.07851237306536536,-0.035303262920848635,False,
all_valid,monthly,august,,72,21740,5547,714,21026,0.8209300556520525,0.8850165101710806,0.06408645451902817,0.1041993956545544,0.2361555540456837,0.13195615839112929,0.1145117643503224,0.07939306301136875,-0.035118701338953645,False,
all_valid,monthly,august,,73,21708,5547,653,21055,0.8211442139252443,0.8907798178983577,0.06963560397311341,0.10082382729007168,0.2308376286703399,0.13001380138026825,0.10850106175657144,0.074827823358076,-0.03367323839849544,False,
all_valid,monthly,august,,74,21673,5547,695,20978,0.8229394823353826,0.8916350873919989,0.06869560505661632,0.10677621090114747,0.21681695504795823,0.11004074414681075,0.11230417756572796,0.07782155496715866,-0.034482622598569296,False,
all_valid,monthly,august,,75,21726,5547,676,21050,0.8316258837088364,0.8897130669440189,0.05808718323518247,0.11368909763066404,0.22160321524908366,0.10791411761841962,0.1101536278750724,0.0756079445423379,-0.0345456833327345,False,
all_valid,monthly,august,,76,21727,5547,705,21022,0.8248492798156069,0.8938676874142658,0.06901840759865896,0.11114360423519669,0.24887870340028426,0.13773509916508758,0.1083407841099962,0.0750315631731337,-0.033309220936862505,False,
all_valid,monthly,august,,77,21712,5547,704,21008,0.8090867981028873,0.8858906698963166,0.07680387179342929,0.09708841795784755,0.21101416425602473,0.11392574629817719,0.11455976964687634,0.07946018554215571,-0.035099584104720624,False,
all_valid,monthly,august,,78,21759,5547,626,21133,0.8136988484161394,0.8862225681893875,0.07252371977324812,0.09184994503847704,0.21792121485249788,0.12607126981402084,0.11189166801098939,0.07627096439214748,-0.03562070361884191,False,
all_valid,monthly,august,,79,21757,5547,720,21037,0.8020972308049839,0.8785454067700823,0.07644817596509845,0.09165615818947044,0.2215674144137702,0.12991125622429978,0.11292146006849302,0.07987751721765603,-0.03304394285083699,False,
all_valid,monthly,august,,80,21737,5547,649,21088,0.8263593049655007,0.8915610218592396,0.06520171689373888,0.1020009572776114,0.22702019314082206,0.12501923586321068,0.10809553504161662,0.07563940184262624,-0.03245613319899038,False,
all_valid,monthly,august,,81,21779,5547,625,21154,0.7978282688853171,0.8699299990545524,0.07210173016923527,0.08498686000956009,0.1763169134484474,0.09133005343888732,0.11210080458564371,0.07998058528435338,-0.03212021930129033,False,
all_valid,monthly,august,,82,21696,5547,794,20902,0.8292967638110631,0.9019234416963703,0.07262667788530719,0.11868548124404721,0.2860054482710158,0.1673199670269686,0.11376816461680365,0.0793583027937681,-0.034409861823035556,False,
all_valid,monthly,august,,83,21756,5547,721,21035,0.8086817196225695,0.8794298650917647,0.07074814546919517,0.10529142984478003,0.23857063528926853,0.1332792054444885,0.11492625653491002,0.07814995590437622,-0.036776300630533804,False,
all_valid,monthly,august,,84,21709,5547,717,20992,0.837037274743171,0.893483231707317,0.056445956964146005,0.11848920251481677,0.2849186344889427,0.16642943197412596,0.10749483280454364,0.07457439601844572,-0.03292043678609792,False,
all_valid,monthly,august,,85,21741,5547,695,21046,0.8182911430050106,0.8839416502529233,0.06565050724791266,0.10199804086250197,0.20406561771385415,0.10206757685135218,0.1135323209109731,0.07944500512509899,-0.03408731578587411,False,
all_valid,monthly,august,,86,21783,5547,679,21104,0.8148789192955346,0.8804253372874751,0.0655464179919405,0.09699885402413276,0.20588107834498903,0.10888222432085627,0.11028770746643975,0.07570661723984175,-0.034581090226598,False,
all_valid,monthly,august,,87,21726,5547,693,21033,0.8096379022067226,0.880430456667798,0.07079255446107535,0.0972607542685417,0.1961146631240424,0.09885390885550072,0.11103863763492615,0.07822815502813786,-0.03281048260678829,False,
all_valid,monthly,august,,88,21700,5547,792,20908,0.8124638266151084,0.8861273921537935,0.07366356553868514,0.10913452844623647,0.24677726201808628,0.1376427335718498,0.11319181535031446,0.07740731509758464,-0.03578450025272982,False,
all_valid,monthly,august,,89,21755,5547,635,21120,0.81455045036984,0.8873548973991887,0.07280444702934874,0.09195587293245398,0.20397074489513406,0.11201487196268008,0.11218464198485645,0.0785219453833449,-0.033662696601511555,False,
all_valid,monthly,august,,90,21702,5547,688,21014,0.8271039130059473,0.8962686282234876,0.0691647152175403,0.10866342377537641,0.25725159530003816,0.14858817152466175,0.10995269363399533,0.07603382779886761,-0.03391886583512772,False,
all_valid,monthly,august,,91,21687,5547,729,20958,0.8204491156197038,0.8907021699025459,0.07025305428284212,0.1030162914755689,0.22154271243713275,0.11852642096156385,0.11287991483398029,0.07789094065480233,-0.034988974179177956,False,
all_valid,monthly,august,,92,21765,5547,729,21036,0.8180619101984945,0.8866126942616628,0.06855078406316828,0.10407569793647424,0.2332511997425991,0.12917550180612486,0.11134480812633682,0.0773286340202443,-0.03401617410609252,False,
all_valid,monthly,august,,93,21753,5547,709,21044,0.8157164289262688,0.8878790868430952,0.07216265791682641,0.10590928205230908,0.2500531581626,0.1441438761102909,0.11096799981609741,0.07481995421447521,-0.0361480456016222,False,
all_valid,monthly,august,,94,21733,5547,642,21091,0.8072929337062021,0.8787817691354081,0.07148883542920592,0.08954454299864288,0.18502551409369777,0.09548097109505489,0.1142306305025782,0.07875970793355146,-0.035470922569026744,False,
all_valid,monthly,august,,95,21703,5547,815,20888,0.8038869295312658,0.8749872530798204,0.07110032354855456,0.1059553706253848,0.2435321864861092,0.1375768158607244,0.1147911715107623,0.07876703950083584,-0.03602413200992646,False,
all_valid,monthly,august,,96,21662,5547,752,20910,0.8267538437274236,0.8955989829766884,0.06884513924926483,0.11413934223233714,0.25502575462407623,0.1408864123917391,0.1111455550319929,0.07739197003186331,-0.03375358500012959,False,
all_valid,monthly,august,,97,21782,5547,686,21096,0.832377685350103,0.9022032833936435,0.0698255980435405,0.11662799815396803,0.2615856414412231,0.14495764328725508,0.11111397734769309,0.07483585575703032,-0.036278121590662765,False,
all_valid,monthly,august,,98,21742,5547,610,21132,0.8216327192386342,0.8903410413233911,0.06870832208475686,0.08962286795430657,0.20867044749212163,0.11904757953781506,0.10886430928270299,0.07604507884998894,-0.03281923043271405,False,
all_valid,monthly,august,,99,21763,5547,664,21099,0.8152875971395893,0.8874636895370477,0.07217609239745837,0.09285950332652589,0.20997602973932825,0.11711652641280236,0.11368598365661163,0.08000091094574863,-0.033685072710863004,False,
all_valid,monthly,august,,100,21700,5547,719,20981,0.8239051174123431,0.8808213723271316,0.05691625491478858,0.1069651094428414,0.23135105495040997,0.12438594550756857,0.11274852474623222,0.07997467812696603,-0.03277384661926619,False,
all_valid,monthly,august,,101,21743,5547,629,21114,0.8125446794771302,0.8939483337708101,0.0814036542936799,0.08775846929061848,0.20081639352860192,0.11305792423798344,0.11406850408631462,0.07922242562914239,-0.03484607845717223,False,
all_valid,monthly,august,,102,21760,5547,679,21081,0.7966688414607268,0.8731950449346824,0.07652620347395556,0.08288086192900966,0.1721693764064574,0.08928851447744775,0.1152911269502009,0.08167151899658212,-0.03361960795361878,False,
all_valid,monthly,august,,103,21743,5547,633,21110,0.819083668409587,0.8835623675878177,0.06447869917823068,0.09273897896538515,0.205485723010578,0.11274674404519285,0.10912887283137168,0.07679062829754961,-0.03233824453382207,False,
all_valid,monthly,august,,104,21689,5547,627,21062,0.8258512840573824,0.8934187922738017,0.06756750821641933,0.10026151132947878,0.24146074948113508,0.1411992381516563,0.11049332993590827,0.0773717725679491,-0.03312155736795917,False,
all_valid,monthly,august,,105,21716,5547,633,21083,0.8061698369769853,0.8801753904432035,0.07400555346621818,0.09254497571715348,0.17719020998075374,0.08464523426360027,0.10934819457677608,0.07634198948455978,-0.0330062050922163,False,
all_valid,monthly,august,,106,21699,5547,688,21011,0.8257454843697598,0.8943783461154899,0.06863286174573013,0.10373484431155452,0.2163370271533561,0.11260218284180157,0.11141850875464497,0.07817163079948243,-0.03324687795516254,False,
all_valid,monthly,august,,107,21735,5547,705,21030,0.8336107485759958,0.905851013243492,0.07224026466749622,0.1134185710451178,0.28676908203416857,0.17335051098905077,0.11022284007014164,0.07589977485745536,-0.034323065212686285,False,
all_valid,monthly,august,,108,21687,5547,737,20950,0.8165732845859659,0.8838842239226951,0.06731093933672916,0.11332565726321343,0.2217136926282969,0.10838803536508347,0.11540495387786069,0.07893858527469541,-0.03646636860316528,False,
all_valid,monthly,august,,109,21777,5547,581,21196,0.8065849790123749,0.887950556708813,0.08136557769643804,0.08053236650498832,0.17810566036601752,0.0975732938610292,0.11154149988148654,0.07639541177630739,-0.03514608810517915,False,
all_valid,monthly,august,,110,21679,5547,677,21002,0.8198945531951166,0.8850213604190753,0.0651268072239587,0.10400363679327998,0.20756809229662063,0.10356445550334065,0.11220126080967388,0.07923090511231488,-0.032970355697359,False,
all_valid,monthly,august,,111,21727,5547,641,21086,0.8253742973393412,0.894545004981457,0.06917070764211575,0.10437732032316653,0.2553112503826266,0.15093393005946004,0.10668255900812951,0.07474472876291072,-0.03193783024521879,False,
all_valid,monthly,august,,112,21681,5547,745,20936,0.7942732469424234,0.8646839969943554,0.07041075005193198,0.10107532209855925,0.21177975557610618,0.11070443347754692,0.11430958724906265,0.07903299278343957,-0.035276594465623076,False,
all_valid,monthly,august,,113,21696,5547,774,20922,0.8179876677419045,0.8838721008040941,0.0658844330621896,0.1209058061066966,0.23702291554313484,0.11611710943643824,0.11189132639435537,0.07862762742111266,-0.0332636989732427,False,
all_valid,monthly,august,,114,21778,5547,668,21110,0.8186208114325588,0.8895898870189511,0.07096907558639232,0.10081542352212448,0.22978090938914958,0.1289654858670251,0.11034752892810859,0.07548112853626138,-0.03486640039184721,False,
all_valid,monthly,august,,115,21688,5547,712,20976,0.8289160994052057,0.8953430726608901,0.06642697325568436,0.1118762230549129,0.24928916451459837,0.13741294145968547,0.11507064956157832,0.08005633009684972,-0.035014319464728605,False,
all_valid,monthly,august,,116,21743,5547,557,21186,0.8232394415132381,0.9032762904807737,0.0800368489675356,0.08564016388474298,0.20159935126837922,0.11595918738363624,0.11038949605986109,0.07504069403752102,-0.03534880202234007,False,
all_valid,monthly,august,,117,21748,5547,764,20984,0.8202665132047753,0.8830430889253942,0.0627765757206189,0.10972612468258171,0.22348053155427594,0.11375440687169423,0.10918354529504874,0.07669193799128385,-0.032491607303764894,False,
all_valid,monthly,august,,118,21704,5547,659,21045,0.8296712983342653,0.8972195933924378,0.0675482950581725,0.10205268325490677,0.21329516789834155,0.11124248464343478,0.11032456224149388,0.07791466898241145,-0.03240989325908243,False,
all_valid,monthly,august,,119,21748,5547,726,21022,0.8252007669782122,0.8862832404619796,0.061082473483767386,0.11424568374500303,0.24525746556803427,0.13101178182303125,0.11170231724475169,0.07774438408482356,-0.03395793315992812,False,
all_valid,monthly,august,,120,21690,5547,705,20985,0.819572778259378,0.8921841166520497,0.07261133839267164,0.1170388934034107,0.2687032785717676,0.15166438516835692,0.10988318469002659,0.07725903508504443,-0.03262414960498215,False,
all_valid,monthly,august,,121,21742,5547,726,21016,0.8180560449286441,0.8875429162721096,0.06948687134346543,0.10623809659257138,0.23433593812779138,0.12809784153522,0.10999469972513201,0.0760738670978588,-0.03392083262727322,False,
all_valid,monthly,august,,122,21737,5547,600,21137,0.8272578890097932,0.8949565532793995,0.06769866426960625,0.09360410206482438,0.23307156905936668,0.13946746699454232,0.10660727643749159,0.07290512094228117,-0.03370215549521041,False,
all_valid,monthly,august,,123,21712,5547,662,21050,0.8144060681301175,0.881002863273317,0.0665967951431995,0.09871103597610846,0.22060213055180458,0.12189109457569612,0.11065307638944853,0.07757861897029551,-0.03307445741915302,False,
all_valid,monthly,august,,124,21766,5547,659,21107,0.8420082716051956,0.9068198146117696,0.06481154300657399,0.10948490908651234,0.24358150709699877,0.13409659801048643,0.1080346972762708,0.07513528486495463,-0.032899412411316165,False,
all_valid,monthly,august,,125,21735,5547,763,20972,0.8311249549733541,0.9014515765762952,0.07032662160294101,0.12529795325913642,0.27001414826915043,0.144716195010014,0.1115057934210445,0.07685813467682176,-0.03464765874422274,False,
all_valid,monthly,august,,126,21779,5547,597,21182,0.8181196480624885,0.8996271762615047,0.08150752819901619,0.08250429208332145,0.21564041312511073,0.1331361210417893,0.1087683527382464,0.07577915417443298,-0.03298919856381341,False,
all_valid,monthly,august,,127,21722,5547,758,20964,0.8164557384212866,0.8880142060343174,0.07155846761303075,0.11282883612186297,0.23938641101990604,0.1265575748980431,0.10967540289764759,0.07786177069206936,-0.03181363220557823,False,
all_valid,monthly,august,,128,21741,5547,710,21031,0.812517604796675,0.8938240062791278,0.08130640148245283,0.09645793011513337,0.23175278383163508,0.1352948537165017,0.11481461625206053,0.07790236614870286,-0.03691225010335768,False,
all_valid,monthly,august,,129,21736,5547,755,20981,0.832349167379758,0.9021819489156224,0.06983278153586447,0.1181555251213525,0.24113914634830294,0.12298362122695045,0.11064887105707977,0.07651204780894841,-0.03413682324813136,False,
all_valid,monthly,august,,130,21725,5547,704,21021,0.820866971232231,0.8891486624847015,0.06828169125247052,0.10604697216882984,0.21352004137704853,0.10747306920821868,0.11025593527786426,0.07770949647590425,-0.03254643880196001,False,
all_valid,monthly,august,,131,21721,5547,640,21081,0.815079855675727,0.8870397959062664,0.07195994023053931,0.09222697639119366,0.20300987988786395,0.11078290349667029,0.11228325615895084,0.07899458091898105,-0.033288675239969784,False,
all_valid,monthly,august,,132,21725,5547,705,21020,0.8116164274483606,0.8832701716028639,0.07165374415450332,0.09715693204346872,0.2095439004489947,0.11238696840552599,0.11445386987607481,0.07946542537489647,-0.03498844450117834,False,
all_valid,monthly,august,,133,21715,5547,670,21045,0.809434935089343,0.8824894061410694,0.07305447105172636,0.09589302707421728,0.19996661637182034,0.10407358929760306,0.11568257100396616,0.08175820461280138,-0.03392436639116478,False,
all_valid,monthly,august,,134,21771,5547,701,21070,0.8191650411947945,0.8890353938742335,0.06987035267943897,0.1062220170145653,0.24160554711746632,0.13538353010290102,0.11360488673177024,0.08014159198394852,-0.033463294747821726,False,
all_valid,monthly,august,,135,21727,5547,792,20935,0.8115179137928122,0.8795885171273277,0.06807060333451542,0.10434213827096613,0.2232636621568517,0.11892152388588557,0.11314523742012658,0.08199110187290298,-0.0311541355472236,False,
all_valid,monthly,august,,136,21703,5547,681,21022,0.8249590562491627,0.8963892242949174,0.07143016804575475,0.11001202131512088,0.2476526727695998,0.1376406514544789,0.11126325624691608,0.07481603104750956,-0.03644722519940652,False,
all_valid,monthly,august,,137,21705,5547,774,20931,0.8222239875895909,0.8937332174363484,0.07150922984675745,0.11399433566085056,0.255194517946054,0.14120018228520348,0.11196869407319344,0.07651495322067943,-0.035453740852514015,False,
all_valid,monthly,august,,138,21778,5547,605,21173,0.8225841971667487,0.8905391358790413,0.06795493871229263,0.09371919982412907,0.234408698133706,0.14068949830957692,0.10852232336176126,0.07555285313705469,-0.032969470224706574,False,
all_valid,monthly,august,,139,21759,5547,649,21110,0.8124961406208144,0.8824699150900084,0.06997377446919395,0.08962330996962123,0.21240624862613786,0.12278293865651663,0.10775225950395557,0.07562881736562632,-0.03212344213832925,False,
all_valid,monthly,august,,140,21732,5547,698,21034,0.8304111531255305,0.9058457135711235,0.07543456044559305,0.10511404101074345,0.26981517299534646,0.164701131984603,0.11039952903381958,0.07617949695134403,-0.03422003208247555,False,
all_valid,monthly,august,,141,21745,5547,720,21025,0.8266064209274673,0.8933728365702206,0.06676641564275332,0.1091826004472439,0.22770708477299917,0.11852448432575527,0.10707244519517074,0.07527112828567586,-0.03180131690949488,False,
all_valid,monthly,august,,142,21751,5547,660,21091,0.820637770239496,0.8922916998920982,0.0716539296526022,0.09965155364371882,0.23599941000528268,0.13634785636156388,0.1097605666213624,0.0774907116541476,-0.032269854967214795,False,
all_valid,monthly,august,,143,21699,5547,629,21070,0.8129300997583193,0.8825353900202444,0.06960529026192508,0.09557976837582387,0.2092878326357024,0.11370806425987852,0.10905456502037987,0.07745130915335247,-0.031603255867027405,False,
all_valid,monthly,august,,144,21718,5547,643,21075,0.8139588118417339,0.8853722818416785,0.07141346999994458,0.08948438572406515,0.2226919315039149,0.13320754577984972,0.11187089260110519,0.07770835981310435,-0.03416253278800084,False,
all_valid,monthly,august,,145,21735,5547,677,21058,0.8129618933877917,0.8863088693771567,0.07334697598936502,0.09712714653378508,0.21400452920050533,0.11687738266672025,0.11424728441803866,0.07860157576548985,-0.03564570865254882,False,
all_valid,monthly,august,,146,21712,5547,710,21002,0.8154698881796638,0.8811184313767568,0.06564854319709301,0.09740506661326546,0.22311850332269456,0.12571343670942908,0.11178607343573653,0.0776779787331685,-0.03410809470256802,False,
all_valid,monthly,august,,147,21709,5547,649,21060,0.8164878540584755,0.88723735983623,0.07074950577775452,0.09242779201664995,0.22728935747358678,0.13486156545693684,0.11226328822661406,0.07854957730694002,-0.03371371091967404,False,
all_valid,monthly,august,,148,21753,5547,642,21111,0.8162824565776121,0.8794725579716529,0.0631901013940408,0.08699912883917203,0.20990679658624745,0.12290766774707541,0.1106246790287961,0.07804665698482924,-0.032578022043966856,False,
all_valid,monthly,august,,149,21729,5547,781,20948,0.8005345594493236,0.875473368969,0.07493880951967635,0.09837536707358713,0.22129471394132422,0.12291934686773709,0.11806570679667659,0.0815986835015045,-0.036467023295172096,False,
all_valid,monthly,august,,150,21762,5547,822,20940,0.8159575963766246,0.8906373092394677,0.07467971286284314,0.11732448447039016,0.2639721299343859,0.14664764546399572,0.11011744288989547,0.07762014793493242,-0.03249729495496305,False,
all_valid,monthly,august,,151,21701,5547,624,21077,0.8278832315697144,0.8920043479160051,0.0641211163462907,0.09461642787021336,0.19850700237640437,0.103890574506191,0.11229466404320118,0.07971132757512739,-0.03258333646807379,False,
all_valid,monthly,august,,152,21761,5547,630,21131,0.8006149845296123,0.8758473408135042,0.07523235628389191,0.0799569029248073,0.19470774345114056,0.11475084052633326,0.11203242765645513,0.07916673296141535,-0.03286569469503978,False,
all_valid,monthly,august,,153,21720,5547,667,21053,0.8137668685250782,0.8840041101379676,0.07023724161288947,0.09854211051965739,0.22346014454272442,0.12491803402306703,0.11092940463636432,0.07817672092100889,-0.03275268371535543,False,
all_valid,monthly,august,,154,21718,5547,650,21068,0.8198104306932862,0.893241737377868,0.07343130668458187,0.09406462279241731,0.20805742966061705,0.11399280686819974,0.11202869267246601,0.07537672763490232,-0.0366519650375637,False,
all_valid,monthly,august,,155,21716,5547,736,20980,0.8120252984208562,0.8828577682679156,0.07083246984705938,0.09893051972756417,0.22439239538103511,0.12546187565347094,0.11088185938051887,0.07690190627934465,-0.033979953101174215,False,
all_valid,monthly,august,,156,21731,5547,711,21020,0.8131562466126294,0.874403120194952,0.061246873582322614,0.10666939611880193,0.20460114188978754,0.09793174577098561,0.10985256798226163,0.07706922700895472,-0.032783340973306915,False,
all_valid,monthly,august,,157,21722,5547,687,21035,0.799484673945725,0.8809979485912611,0.08151327464553615,0.08491010755176208,0.21712058848460722,0.13221048093284515,0.11400070207654354,0.07804951702191786,-0.03595118505462569,False,
all_valid,monthly,august,,158,21764,5547,679,21085,0.8187402626929431,0.8814532523696952,0.0627129896767521,0.10503005499926175,0.22550474363874362,0.12047468863948187,0.11146484955602834,0.07803972785954617,-0.033425121696482166,False,
all_valid,monthly,august,,159,21726,5547,632,21094,0.8106202285610042,0.8751243679587333,0.06450413939772903,0.0896552037780321,0.2142816760511538,0.12462647227312171,0.11023728937064896,0.0785316207882507,-0.03170566858239826,False,
all_valid,monthly,august,,160,21715,5547,673,21042,0.8092639457517428,0.8774169625794757,0.06815301682773289,0.09456693542558864,0.2239958639473527,0.12942892852176408,0.10932401838506213,0.07776081384767199,-0.031563204537390144,False,
all_valid,monthly,august,,161,21752,5547,545,21207,0.82178569219182,0.8980717376078436,0.07628604541602368,0.07841913486804264,0.19656800596569954,0.1181488710976569,0.10846303629426328,0.0751316552105845,-0.03333138108367878,False,
all_valid,monthly,august,,162,21687,5547,737,20950,0.8098499690741345,0.8780899149295829,0.06823994585544835,0.11655991141812351,0.23838969827455808,0.12182978685643457,0.1127592479423749,0.07940445283639587,-0.033354795105979024,False,
all_valid,monthly,august,,163,21731,5547,652,21079,0.824407203750309,0.8889445111102638,0.06453730735995489,0.10796584160372724,0.22089418610158343,0.11292834449785619,0.10886237550414694,0.07575809950176647,-0.03310427600238047,False,
all_valid,monthly,august,,164,21701,5547,789,20912,0.8248277167014312,0.8933684809202278,0.06854076421879662,0.11986190268946033,0.27985060442006077,0.15998870173060042,0.11131267191564485,0.07667438800991809,-0.03463828390572676,False,
all_valid,monthly,august,,165,21671,5547,700,20971,0.8013270025954209,0.8659145622866952,0.06458755969127428,0.09853649096990293,0.1921995485771958,0.09366305760729286,0.1157852866650805,0.08121779434761787,-0.03456749231746263,False,
all_valid,monthly,august,,166,21681,5547,708,20973,0.8141291965106604,0.8746250559974743,0.06049585948681391,0.10652487199293104,0.21351034048466946,0.10698546849173843,0.11236713212586692,0.0791076688404443,-0.03325946328542262,False,
all_valid,monthly,august,,167,21743,5547,598,21145,0.8149652305193238,0.8885165417000469,0.07355131118072311,0.08693289006594829,0.2092963318406004,0.12236344177465211,0.1097658420301763,0.0740433922955356,-0.0357224497346407,False,
all_valid,monthly,august,,168,21736,5547,709,21027,0.8329011869553439,0.9021242954270026,0.06922310847165869,0.11172855848510192,0.23468580545329262,0.1229572469681907,0.10811694213484715,0.0738787782458594,-0.03423816388898776,False,
all_valid,monthly,august,,169,21697,5547,636,21061,0.8115435277999008,0.8877338632107573,0.07619033541085651,0.08516610005685822,0.2015639332253167,0.11639783316845849,0.11151295518909096,0.076868098012618,-0.03464485717647296,False,
all_valid,monthly,august,,170,21692,5547,788,20904,0.8245920801109641,0.893266972439637,0.06867489232867297,0.12393921529253438,0.26543837251749686,0.14149915722496248,0.11172363618638924,0.07851314985845453,-0.033210486327934705,False,
all_valid,monthly,august,,171,21741,5547,738,21003,0.8127926491853597,0.882256399814867,0.06946375062950738,0.10936132422519179,0.2494496850747723,0.1400883608495805,0.10915659689620683,0.07542251455659642,-0.03373408233961041,False,
all_valid,monthly,august,,172,21714,5547,822,20892,0.8279735360116424,0.8892865428180521,0.06131300680640972,0.12956142524802855,0.2584369263979978,0.12887550114996926,0.10536415213388148,0.07767288377112667,-0.027691268362754803,False,
all_valid,monthly,august,,173,21733,5547,684,21049,0.8030499844556519,0.8778388577585189,0.07478887330286699,0.0899041006827074,0.19729534577913874,0.10739124509643133,0.11145745451382949,0.07803490877545133,-0.03342254573837816,False,
all_valid,monthly,august,,174,21686,5547,715,20971,0.8350753438064487,0.8996667059038905,0.06459136209744187,0.12717158480821497,0.2792486602150764,0.1520770754068614,0.10842912028475093,0.07543316087218829,-0.03299595941256264,False,
all_valid,monthly,august,,175,21745,5547,668,21077,0.8225749951915687,0.8912317936599166,0.06865679846834782,0.09865774394529367,0.20080974303132781,0.10215199908603415,0.11338060794325586,0.07898830563771139,-0.034392302305544464,False,
all_valid,monthly,august,,176,21778,5547,734,21044,0.8273018333974695,0.8965649110958381,0.06926307769836859,0.11285065003674626,0.27307404414887604,0.16022339411212977,0.1103181079257411,0.07439257353101053,-0.03592553439473056,False,
all_valid,monthly,august,,177,21685,5547,711,20974,0.8122406456751692,0.8779461330262623,0.06570548735109316,0.1071780950044667,0.21204297981141776,0.10486488480695105,0.11421685822664483,0.07947088533360912,-0.034745972893035715,False,
all_valid,monthly,august,,178,21740,5547,761,20979,0.8037277625538686,0.8716852137789501,0.06795745122508157,0.1045714359436234,0.2165879301279256,0.11201649418430219,0.11226994733405986,0.08061878441761991,-0.03165116291643995,False,
all_valid,monthly,august,,179,21759,5547,728,21031,0.8317116647795171,0.8940049121626317,0.06229324738311459,0.11240783421906383,0.24417678023627548,0.13176894601721165,0.11054912535450978,0.07662488103512571,-0.03392424431938407,False,
all_valid,monthly,august,,180,21754,5547,621,21133,0.7985609581156625,0.8699219794457205,0.07136102133005795,0.08280414988090168,0.1667919888467153,0.08398783896581363,0.10995242515263684,0.07811314149049105,-0.03183928366214579,False,
all_valid,monthly,august,,181,21745,5547,648,21097,0.8145190762012269,0.882446717308704,0.06792764110747718,0.09574824580925799,0.21534628493152524,0.11959803912226726,0.10925790472034477,0.07822840758897211,-0.031029497131372666,False,
all_valid,monthly,august,,182,21708,5547,647,21061,0.821838632126728,0.8860945393989506,0.06425590727222252,0.10030847648660791,0.21541749536294286,0.11510901887633494,0.10844099549240872,0.07647491014715277,-0.031966085345255954,False,
all_valid,monthly,august,,183,21686,5547,723,20963,0.8279967556616417,0.8882189122123818,0.06022215655074015,0.11985677938325875,0.2593765022558935,0.13951972287263473,0.10824123905537032,0.07615408133265447,-0.03208715772271585,False,
all_valid,monthly,august,,184,21734,5547,622,21112,0.8260355275614728,0.8953539322967752,0.06931840473530237,0.09336601921665286,0.19683109115179956,0.1034650719351467,0.11081616829217966,0.07689963547624619,-0.03391653281593347,False,
all_valid,monthly,august,,185,21767,5547,700,21067,0.8150209196509096,0.8950161728905737,0.07999525323966405,0.09734353678354486,0.22375824876220574,0.1264147119786609,0.11279745726634602,0.07713698060071028,-0.03566047666563574,False,
all_valid,monthly,august,,186,21736,5547,626,21110,0.8224627427002631,0.8915151579358389,0.06905241523557581,0.1018440984883306,0.21251433671028053,0.11067023822194992,0.10974411411836228,0.07604220466361541,-0.03370190945474687,False,
all_valid,monthly,august,,187,21712,5547,643,21069,0.8172616125332695,0.8850522762098347,0.06779066367656528,0.1040642724674193,0.2390942792955619,0.1350300068281426,0.11209847445491301,0.07791231189904758,-0.03418616255586543,False,
all_valid,monthly,august,,188,21673,5547,645,21028,0.818728443286397,0.8873196756484156,0.06859123236201858,0.10169786732301223,0.22797959114794433,0.1262817238249321,0.11131317985996163,0.07664938723421492,-0.0346637926257467,False,
all_valid,monthly,august,,189,21731,5547,702,21029,0.8303199935945191,0.8986529116825375,0.06833291808801834,0.11337121000932626,0.23970922040258363,0.12633801039325737,0.11100307145070734,0.07675388993104149,-0.034249181519665856,False,
all_valid,monthly,august,,190,21751,5547,745,21006,0.8138081992553102,0.8859375429327638,0.0721293436774536,0.1093041152530259,0.24175137431437485,0.13244725906134897,0.1140923768726746,0.07820444369888897,-0.03588793317378562,False,
all_valid,monthly,august,,191,21729,5547,624,21105,0.8229343210686495,0.8940677412692339,0.07113342020058444,0.0950398510013416,0.23147765471901083,0.13643780371766923,0.10730395734575829,0.07420435398080867,-0.03309960336494962,False,
all_valid,monthly,august,,192,21769,5547,703,21066,0.8181937577746239,0.8885637350012472,0.0703699772266233,0.10106826916342523,0.23234675270524482,0.1312784835418196,0.10884287302158681,0.07555755436471717,-0.033285318656869636,False,
all_valid,monthly,august,,193,21757,5547,622,21135,0.8162145509232108,0.8961547911641361,0.07994024024092528,0.09371110177924814,0.20908323503570092,0.11537213325645278,0.11281227627003561,0.07726011253651092,-0.03555216373352468,False,
all_valid,monthly,august,,194,21735,5547,670,21065,0.826376567199606,0.8961790619652745,0.06980249476566858,0.10619094498736087,0.2396624801739491,0.13347153518658822,0.11219697346470987,0.07781102461502852,-0.03438594884968135,False,
all_valid,monthly,august,,195,21646,5547,710,20936,0.8254157539812816,0.8892739509275754,0.0638581969462938,0.11361643341366352,0.23733205916603103,0.12371562575236751,0.10911163493187458,0.07559166943183157,-0.033519965500043006,False,
all_valid,monthly,august,,196,21763,5547,738,21025,0.8201499698706857,0.8858571387140743,0.06570716884338867,0.10409252153731598,0.23314603673279724,0.12905351519548125,0.1107508620488113,0.07925141123909243,-0.03149945080971886,False,
all_valid,monthly,august,,197,21724,5547,669,21055,0.8267321084823398,0.8935971310103548,0.06686502252801496,0.1051307078129757,0.24963794486931323,0.14450723705633753,0.11100024950672913,0.07758063181551905,-0.033419617691210074,False,
all_valid,monthly,august,,198,21755,5547,715,21040,0.8164759100215373,0.8934871307399824,0.07701122071844513,0.10662317563819686,0.2700989117838472,0.16347573614565036,0.11337584519166502,0.07811897936392088,-0.035256865827744135,False,
all_valid,monthly,august,,199,21727,5547,743,20984,0.8019903904224407,0.8834688635422541,0.08147847311981338,0.09878167237931745,0.22276840159237882,0.12398672921306136,0.11416638497319884,0.07827270943707818,-0.03589367553612066,False,
all_valid,monthly,august,,200,21727,5547,730,20997,0.8080921540650621,0.8782635614611611,0.07017140739609906,0.09975870719830296,0.214455658625871,0.11469695142756803,0.11183356406512869,0.079352586555408,-0.03248097750972069,False,
all_valid,monthly,august,,201,21719,5547,632,21087,0.8311636751421027,0.8898019236760545,0.05863824853395183,0.10749838077925775,0.22697708742577857,0.11947870664652083,0.10810663518794332,0.07637963622113322,-0.0317269989668101,False,
all_valid,monthly,august,,202,21719,5547,674,21045,0.8217751561053641,0.8952453164865736,0.07347016038120946,0.10330643679851625,0.2489975438794733,0.14569110708095703,0.11059115913214633,0.07594956773109948,-0.03464159140104685,False,
all_valid,monthly,august,,203,21661,5547,747,20914,0.8029269863874228,0.8748192860697195,0.07189229968229671,0.10375213664622472,0.22243381458309844,0.11868167793687372,0.11164261265634333,0.07725794304323705,-0.03438466961310628,False,
all_valid,monthly,august,,204,21762,5547,634,21128,0.8107934870765184,0.8891505673097252,0.07835708023320676,0.08766078403241133,0.2058898577273045,0.11822907369489317,0.1110397757150753,0.07614451753705835,-0.03489525817801695,False,
all_valid,monthly,august,,205,21751,5547,616,21135,0.8259258661849151,0.8974404646689955,0.07151459848408037,0.09933083948538343,0.23367897850928887,0.13434813902390544,0.11064158958345985,0.07697713867526809,-0.033664450908191756,False,
all_valid,monthly,august,,206,21780,5547,659,21121,0.8083566334565222,0.8815113208172091,0.07315468736068687,0.09126475705622694,0.18984467470673141,0.09857991765050447,0.11190512763586222,0.07838806272677373,-0.033517064909088484,False,
all_valid,monthly,august,,207,21763,5547,707,21056,0.819887587434384,0.882072001435923,0.06218441400153907,0.10858981772489848,0.22117678980371835,0.11258697207881987,0.11234018161122825,0.07926848270328023,-0.03307169890794802,False,
all_valid,monthly,august,,208,21771,5547,550,21221,0.8253346813405247,0.8952397068084359,0.06990502546791122,0.07879319365691238,0.18299255843580495,0.10419936477889256,0.10809485401409502,0.07496846354233097,-0.03312639047176405,False,
all_valid,monthly,august,,209,21656,5547,667,20989,0.8253950827244912,0.8944822457512013,0.06908716302671003,0.1075921706478265,0.25284527779025384,0.14525310714242734,0.11359195439861798,0.07761580812861428,-0.0359761462700037,False,
all_valid,monthly,august,,210,21696,5547,674,21022,0.7958732366572592,0.8755207558451552,0.07964751918789603,0.08712050346559354,0.19710056107134255,0.10998005760574901,0.11354498944785235,0.0771187163465629,-0.03642627310128946,False,
all_valid,monthly,august,,211,21775,5547,729,21046,0.8187042635851418,0.8903832313488762,0.07167896776373439,0.10267485355264767,0.241656331282518,0.13898147772987035,0.10803073015261154,0.07452910174721247,-0.03350162840539907,False,
all_valid,monthly,august,,212,21730,5547,732,20998,0.8205986440550934,0.8853118720127913,0.06471322795769785,0.120957879381118,0.2366277722427965,0.11566989286167849,0.11189885053327775,0.08010097629613583,-0.03179787423714192,False,
all_valid,monthly,august,,213,21751,5547,698,21053,0.8199385450582695,0.8889904956749217,0.06905195061665226,0.11101856923810452,0.27204317452962495,0.16102460529152043,0.11190840893523747,0.07674934647264692,-0.035159062462590554,False,
all_valid,monthly,august,,214,21810,5547,619,21191,0.8051102103958084,0.8810488099277676,0.07593859953195914,0.08338494882677037,0.20210403844472433,0.11871908961795395,0.11283241047754654,0.07767991536016886,-0.03515249511737768,False,
all_valid,monthly,august,,215,21728,5547,663,21065,0.8269275699470755,0.9039885522760657,0.07706098232899017,0.11002455820117978,0.258891829840994,0.14886727163981422,0.11226811770206348,0.07569490868266873,-0.036573209019394745,False,
all_valid,monthly,august,,216,21716,5547,662,21054,0.8041211535751687,0.8833297890017814,0.07920863542661272,0.08779488362344152,0.2097096013247111,0.12191471770126956,0.1126235398472459,0.07772652877384943,-0.03489701107339646,False,
all_valid,monthly,august,,217,21759,5547,716,21043,0.8185921909832408,0.8884283100021053,0.06983611901886455,0.10564880802878351,0.2283488565486643,0.12270004851988078,0.1128659225817142,0.07978198471963677,-0.03308393786207743,False,
all_valid,monthly,august,,218,21761,5547,639,21122,0.8033150877405116,0.882496040959748,0.07918095321923635,0.08014993420376178,0.19582531095458083,0.11567537675081906,0.1152671844861182,0.07855591291803254,-0.03671127156808565,False,
all_valid,monthly,august,,219,21717,5547,655,21062,0.813794025780665,0.8859809751072987,0.07218694932663372,0.08858989882600372,0.19770538659866027,0.10911548777265655,0.11208912598613492,0.07690288155857242,-0.035186244427562505,False,
all_valid,monthly,august,,220,21695,5547,625,21070,0.8302475937351685,0.8978457332700522,0.0675981395348837,0.1088326066840115,0.23017487368794418,0.12134226700393268,0.10757052587360004,0.07698648297432542,-0.03058404289927462,False,
all_valid,monthly,august,,221,21741,5547,684,21057,0.8287138752042285,0.8970470571800796,0.06833318197585114,0.11732167819031024,0.2805873675342496,0.16326568934393937,0.10858325906377207,0.0734290347591489,-0.03515422430462317,False,
all_valid,monthly,august,,222,21728,5547,717,21011,0.8319761044341056,0.8989104266099043,0.06693432217579864,0.12142863679554036,0.24950994339876273,0.12808130660322237,0.10844509998858413,0.0769167635592096,-0.03152833642937454,False,
all_valid,monthly,august,,223,21745,5547,664,21081,0.8150574405205853,0.8901240367761067,0.07506659625552148,0.09886943581181558,0.23278083438570854,0.13391139857389295,0.11100953451313875,0.07596588884496902,-0.035043645668169726,False,
all_valid,monthly,august,,224,21705,5547,745,20960,0.7985134356268251,0.8793127209385727,0.08079928531174763,0.0945521850373616,0.2194718939327341,0.12491970889537252,0.11435145251327768,0.08009793107171104,-0.03425352144156664,False,
all_valid,monthly,august,,225,21716,5547,702,21014,0.8165150108854307,0.8894818323532514,0.07296682146782074,0.09863424546902647,0.21727069425304357,0.1186364487840171,0.11118787889597744,0.07699888399044408,-0.03418899490553336,False,
all_valid,monthly,august,,226,21705,5547,644,21061,0.8243897274435895,0.9006683042248471,0.0762785767812576,0.10388428205211594,0.23970534183236916,0.13582105978025322,0.11175269479951544,0.07668217881665719,-0.03507051598285825,False,
all_valid,monthly,august,,227,21755,5547,695,21060,0.800477839950262,0.880024868993694,0.07954702904343203,0.08658747692467599,0.20910505105056648,0.1225175741258905,0.11259852360748517,0.07780018440967262,-0.03479833919781254,False,
all_valid,monthly,august,,228,21709,5547,688,21021,0.8164243010588524,0.8898431994362227,0.07341889837737026,0.09932691242351918,0.22798522312330705,0.12865831069978786,0.11042988622808063,0.07730934143100178,-0.03312054479707885,False,
all_valid,monthly,august,,229,21728,5547,758,20970,0.8145971188895307,0.888547969646297,0.07395085075676633,0.10409530225034107,0.23996278815208716,0.13586748590174608,0.11570790405042577,0.07887659368670635,-0.03683131036371942,False,
all_valid,monthly,august,,230,21714,5547,637,21077,0.8175525055807558,0.8820492164150452,0.06449671083428943,0.09962732020000366,0.20459590069553893,0.10496858049553527,0.11085599117112192,0.07597790986186861,-0.03487808130925331,False,
all_valid,monthly,august,,231,21697,5547,764,20933,0.8184798895903984,0.8886547906647061,0.07017490107430768,0.10816112817304303,0.24499005796270232,0.13682892978965927,0.11332309080272035,0.07769275999942653,-0.03563033080329382,False,
all_valid,monthly,august,,232,21718,5547,658,21060,0.8095017275868339,0.8801709979014942,0.0706692703146603,0.09459311471360383,0.20008564905466422,0.10549253434106039,0.11134111262544592,0.07753032085200426,-0.033810791773441665,False,
all_valid,monthly,august,,233,21717,5547,650,21067,0.8237449748239134,0.8835478017022613,0.059802826878347926,0.09993247793370483,0.21627805761335173,0.1163455796796469,0.11069415900980573,0.07711490627796162,-0.0335792527318441,False,
all_valid,monthly,august,,234,21733,5547,647,21086,0.7977901934244115,0.8740887578813548,0.07629856445694327,0.08132437260863008,0.188410414619291,0.10708604201066092,0.11482238442469209,0.08051861203097867,-0.03430377239371342,False,
all_valid,monthly,august,,235,21712,5547,607,21105,0.8296135233458501,0.9009158334787193,0.07130231013286914,0.11750801829822062,0.2364570237016081,0.11894900540338747,0.10743302747286552,0.07289912458418846,-0.03453390288867707,False,
all_valid,monthly,august,,236,21695,5547,621,21074,0.8379363906987065,0.8986183492354294,0.06068195853672287,0.10424125625260859,0.26047816671480045,0.15623691046219185,0.10997849473348202,0.07601538825471671,-0.03396310647876531,False,
all_valid,monthly,august,,237,21719,5547,594,21125,0.8024990735759967,0.882973562050485,0.08047448847448835,0.08219922333329899,0.16496576799463583,0.08276654466133684,0.11288816916830516,0.07879123870291734,-0.03409693046538782,False,
all_valid,monthly,august,,238,21703,5547,710,20993,0.8221240078013932,0.8933119222168623,0.07118791441546912,0.11226509314179721,0.24101767054264017,0.12875257740084295,0.1093585258880409,0.07487319130290543,-0.034485334585135474,False,
all_valid,monthly,august,,239,21682,5547,571,21111,0.8138094357561785,0.8823963669308279,0.06858693117464942,0.08432457779394086,0.18154702011360097,0.09722244231966011,0.10958856734143964,0.07697875593368184,-0.0326098114077578,False,
all_valid,monthly,august,,240,21734,5547,707,21027,0.8386190880466275,0.907697108499754,0.0690780204531265,0.12174870772975471,0.2521437867612733,0.1303950790315186,0.10914105050987229,0.07596231187363045,-0.033178738636241836,False,
all_valid,monthly,august,,241,21712,5547,665,21047,0.8175877761586938,0.8904111849919853,0.07282340883329153,0.10325826781318112,0.2534014069005275,0.15014313908734636,0.11087088869165192,0.07573759767166205,-0.03513329101998987,False,
all_valid,monthly,august,,242,21746,5547,668,21078,0.8031123207612672,0.8748770605671663,0.07176473980589915,0.09230417478014435,0.20225737739570598,0.10995320261556163,0.11246784774924033,0.07787106900664686,-0.03459677874259347,False,
all_valid,monthly,august,,243,21683,5547,637,21046,0.8231610775290605,0.8820214552827469,0.058860377753686355,0.0976859681511209,0.2008220383355999,0.10313607018447898,0.1097255572170559,0.07983340790125211,-0.029892149315803793,False,
all_valid,monthly,august,,244,21722,5547,674,21048,0.8272304959019767,0.8897789227279853,0.06254842682600859,0.1075963857687963,0.243198247210875,0.1356018614420787,0.10791119274167352,0.07550841070691143,-0.03240278203476209,False,
all_valid,monthly,august,,245,21773,5547,690,21083,0.8178832179508595,0.8841466474465656,0.06626342949570607,0.09668534352427702,0.20771702794405936,0.11103168441978234,0.1102690378054204,0.07658327591070792,-0.03368576189471248,False,
all_valid,monthly,august,,246,21731,5547,691,21040,0.8210406888127089,0.8804532611028266,0.05941257229011776,0.11404552816157959,0.2273273453222643,0.11328181716068472,0.11102570710167985,0.07797598955440467,-0.033049717547275176,False,
all_valid,monthly,august,,247,21779,5547,625,21154,0.8098326557625035,0.8789363335539377,0.06910367779143423,0.09551154205383207,0.237810178961192,0.14229863690735994,0.11293536644549027,0.07543619984725108,-0.03749916659823918,False,
all_valid,monthly,august,,248,21677,5547,668,21009,0.8271365308794092,0.8914152987755747,0.06427876789616549,0.09967074885915655,0.23233750775686507,0.13266675889770851,0.11045956281584686,0.07615785175828699,-0.03430171105755987,False,
all_valid,monthly,august,,249,21720,5547,713,21007,0.8232192822121471,0.8870429952855492,0.06382371307340207,0.1071860740421974,0.2490460893807166,0.1418600153385192,0.1086704743529247,0.07435740294083464,-0.03431307141209007,False,
all_valid,monthly,august,,250,21784,5547,693,21091,0.8049090237227358,0.8864810585449721,0.0815720348222363,0.08576066034400129,0.22420235625725188,0.1384416959132506,0.1149556989909876,0.07907404736504424,-0.03588165162594337,False,
all_valid,monthly,august,,251,21716,5547,705,21011,0.8248111171757043,0.8906979154114141,0.06588679823570975,0.11304071738686548,0.2656483548915758,0.1526076375047103,0.11280173501746515,0.07759513326753062,-0.035206601749934535,False,
all_valid,monthly,august,,252,21745,5547,738,21007,0.8218357463243313,0.8821592957206289,0.06032354939629758,0.12750941714582256,0.24755970553143594,0.12005028838561338,0.11122972032352761,0.07768509712332528,-0.033544623200202336,False,
all_valid,monthly,august,,253,21749,5547,701,21048,0.8352466287233691,0.9063555430126153,0.07110891428924626,0.11155075911363209,0.2421351813137093,0.1305844222000772,0.1071690180373604,0.07304570359991834,-0.03412331443744206,False,
all_valid,monthly,august,,254,21741,5547,669,21072,0.8113030929332756,0.8821044765870705,0.07080138365379485,0.0960703053394274,0.2161599178186694,0.12008961247924199,0.11175904356115758,0.07570259854967454,-0.03605644501148304,False,
all_valid,monthly,august,,255,21785,5547,689,21096,0.8057101463872667,0.8830269586596459,0.07731681227237919,0.09845492502818189,0.2098715741483078,0.1114166491201259,0.11084565591062039,0.07790932257513314,-0.03293633333548725,False,
all_valid,monthly,august,,256,21781,5547,612,21169,0.8048643394876649,0.8720807216866937,0.06721638219902881,0.0869466150553807,0.2049911122242229,0.11804449716884219,0.11157172699162758,0.07885089081934717,-0.032720836172280415,False,
all_valid,monthly,august,,257,21745,5547,781,20964,0.8167011382967106,0.8905156843473636,0.07381454605065296,0.11028505251310293,0.25027948124776894,0.139994428734666,0.11295539600254607,0.07806063154618942,-0.034894764456356656,False,
all_valid,monthly,august,,258,21706,5547,762,20944,0.8297020400858983,0.8967329952739864,0.0670309551880881,0.11887281810271164,0.25235542585803394,0.1334826077553223,0.11125440830621552,0.07720582967858147,-0.03404857862763405,False,
all_valid,monthly,august,,259,21735,5547,677,21058,0.8142120804984979,0.8913850232592461,0.07717294276074815,0.09224702078351393,0.22354943607053676,0.13130241528702283,0.10897890879154974,0.07562974978743241,-0.033349159004117335,False,
all_valid,monthly,august,,260,21722,5547,797,20925,0.8183552719352291,0.8847447941728914,0.06638952223766237,0.12051632389640761,0.2524647162585351,0.13194839236212752,0.11317965343592151,0.08065628378711179,-0.032523369648809725,False,
all_valid,monthly,august,,261,21706,5547,703,21003,0.8073924141027338,0.8795491452179595,0.07215673111522569,0.09637387698392624,0.21689512527193458,0.12052124828800834,0.11329054914164892,0.0773103044481161,-0.03598024469353282,False,
all_valid,monthly,august,,262,21726,5547,601,21125,0.8435699081412636,0.9059080624993847,0.06233815435812107,0.11058810022093145,0.22594495969418538,0.11535685947325393,0.10624469910892004,0.07476118611186225,-0.03148351299705779,False,
all_valid,monthly,august,,263,21717,5547,796,20921,0.8152949273877633,0.8769887269145307,0.061693799526767346,0.11420691818758713,0.24708658220136762,0.13287966401378049,0.11180516954731727,0.0786420958309259,-0.033163073716391364,False,
all_valid,monthly,august,,264,21769,5547,643,21126,0.8194569530164051,0.8854873425521079,0.06603038953570284,0.09498253278281633,0.20177762406678848,0.10679509128397215,0.11085164298940683,0.07789350583695274,-0.03295813715245409,False,
all_valid,monthly,august,,265,21699,5547,694,21005,0.8192068308149494,0.8917160522367735,0.07250922142182414,0.10578221783183162,0.2592776289568704,0.15349541112503878,0.11109709474599988,0.07514912116788781,-0.035947973578112066,False,
all_valid,monthly,august,,266,21761,5547,714,21047,0.827462319559838,0.893322388108567,0.06586006854872906,0.1108246621145489,0.2576382264560764,0.14681356434152754,0.1093596369933013,0.07453857258152594,-0.03482106441177536,False,
all_valid,monthly,august,,267,21704,5547,639,21065,0.8301147762700368,0.8945096907366609,0.06439491446662404,0.10537607105844321,0.2087716470417007,0.10339557598325749,0.10957285175568725,0.07753588594850268,-0.03203696580718457,False,
all_valid,monthly,august,,268,21753,5547,750,21003,0.820084368899681,0.8874475074989288,0.06736313859924781,0.1027367424878246,0.2169270721468327,0.1141903296590081,0.11067150721223531,0.07767868710809044,-0.03299282010414488,False,
all_valid,monthly,august,,269,21782,5547,624,21158,0.825087679752582,0.8917504986899543,0.06666281893737225,0.09193138407229194,0.2294552431231049,0.13752385905081294,0.11347890744019119,0.07785514618017823,-0.03562376126001296,False,
all_valid,monthly,august,,270,21724,5547,627,21097,0.8183028509839754,0.8865518949117764,0.06824904392780107,0.09648677994445472,0.20087785975004022,0.1043910798055855,0.11391108073714214,0.07850486785616341,-0.03540621288097873,False,
all_valid,monthly,august,,271,21687,5547,718,20969,0.8375838268216871,0.9067189780483752,0.06913515122668812,0.12291148279048317,0.2711258504408716,0.14821436765038845,0.11110128256885414,0.07626155397158371,-0.03483972859727043,False,
all_valid,monthly,august,,272,21716,5547,681,21035,0.8183352897258502,0.8840001996532596,0.06566490992740937,0.10140842361649365,0.20924253647286012,0.10783411285636647,0.1094028439287784,0.07674161772386615,-0.032661226204912255,False,
all_valid,monthly,august,,273,21743,5547,730,21013,0.8114104836601478,0.8814322379687982,0.07002175430865043,0.10240724578841444,0.24664398479177022,0.14423673900335576,0.10874653869613098,0.07371368843507295,-0.03503285026105803,False,
all_valid,monthly,august,,274,21713,5547,734,20979,0.8232220802611356,0.8875448044385374,0.06432272417740181,0.11601721162465997,0.25073828338358295,0.13472107175892298,0.10975814302951233,0.07609592644103713,-0.033662216588475194,False,
all_valid,monthly,august,,275,21740,5547,655,21085,0.8158823518763565,0.8942561460609274,0.07837379418457091,0.09194921280377005,0.23684403589847497,0.14489482309470492,0.11025154145012593,0.0753056334744218,-0.03494590797570413,False,
all_valid,monthly,august,,276,21725,5547,648,21077,0.8102548884542685,0.8850812745974929,0.07482638614322434,0.08784320215735472,0.20752527763209727,0.11968207547474255,0.11459624667233968,0.07878258328902499,-0.035813663383314695,False,
all_valid,monthly,august,,277,21716,5547,729,20987,0.838039329722894,0.8989569805542302,0.06091765083133627,0.1251786256244934,0.2684490508567993,0.14327042523230593,0.1100312630645536,0.07854839297116621,-0.03148287009338739,False,
all_valid,monthly,august,,278,21732,5547,645,21087,0.8281678377103642,0.9004678660536287,0.07230002834326454,0.10161174079268148,0.23334109958483668,0.1317293587921552,0.10820426043826056,0.07514767394313118,-0.03305658649512938,False,
all_valid,monthly,august,,279,21772,5547,637,21135,0.8033853537047291,0.8760922068232216,0.07270685311849256,0.08661578072200508,0.203387679153768,0.1167718984317629,0.11573197268807776,0.07928744586698443,-0.03644452682109334,False,
all_valid,monthly,august,,280,21688,5547,725,20963,0.8252357931133179,0.8955635133823633,0.07032772026904544,0.11198482859106225,0.26624257854471794,0.1542577499536557,0.11016084141801451,0.07491182146723574,-0.03524901995077877,False,
all_valid,monthly,august,,281,21730,5547,629,21101,0.8152847886035887,0.8905003711048588,0.07521558250127014,0.09320250646457273,0.20151607328264434,0.10831356681807161,0.11065569498869335,0.07700897999127389,-0.03364671499741946,False,
all_valid,monthly,august,,282,21651,5547,697,20954,0.8194582544616074,0.8906765643236555,0.07121830986204813,0.10516099952773986,0.23677527665228146,0.1316142771245416,0.1153610070681285,0.08013823313188767,-0.035222773936240834,False,
all_valid,monthly,august,,283,21745,5547,604,21141,0.7953871529882458,0.8685272583232544,0.07314010533500859,0.07693654785837731,0.20885230655326312,0.1319157586948858,0.10812838043438638,0.07448501164418422,-0.03364336879020216,False,
all_valid,monthly,august,,284,21733,5547,729,21004,0.8357724141119895,0.9020097158317744,0.06623730171978481,0.12353053021102178,0.27224849772814663,0.14871796751712485,0.10923603947251133,0.07444917190461818,-0.03478686756789315,False,
all_valid,monthly,august,,285,21736,5547,693,21043,0.8198334215537085,0.8911702753360311,0.07133685378232257,0.10822939405540628,0.23757456316905345,0.12934516911364718,0.1099495758546292,0.07543567437301274,-0.034513901481616455,False,
all_valid,monthly,august,,286,21731,5547,695,21036,0.7948818127471781,0.8781304676737789,0.08324865492660083,0.08616804072157788,0.19077112701826102,0.10460308629668313,0.11448255238866555,0.08036868763788078,-0.03411386475078476,False,
all_valid,monthly,august,,287,21773,5547,714,21059,0.8283778680758594,0.8969312308236843,0.06855336274782486,0.11422255778437079,0.23835728459250094,0.12413472680813015,0.10918359414833091,0.07513436018815933,-0.03404923396017158,False,
all_valid,monthly,august,,288,21724,5547,633,21091,0.8103925343297229,0.8838938585770246,0.07350132424730171,0.0919769008601567,0.21142249220421466,0.11944559134405797,0.11131634387138281,0.07870374347824682,-0.03261260039313599,False,
all_valid,monthly,august,,289,21689,5547,667,21022,0.8304228154213257,0.9030174285894823,0.07259461316815663,0.12222559707835258,0.24801042314566238,0.12578482606730979,0.10873733609381844,0.07407657834807548,-0.03466075774574297,False,
all_valid,monthly,august,,290,21732,5547,573,21159,0.8374619260618535,0.9093989355257257,0.07193700946387216,0.09962343708576286,0.24831712044752066,0.1486936833617578,0.1090410242604046,0.0748101381323646,-0.03423088612804,False,
all_valid,monthly,august,,291,21756,5547,694,21062,0.8273090124750393,0.8895968455420622,0.0622878330670229,0.10754301025944711,0.21547943130942418,0.10793642104997707,0.11125019079673017,0.07724252729989337,-0.0340076634968368,False,
all_valid,monthly,august,,292,21718,5547,673,21045,0.8367795324319183,0.9061302515624023,0.06935071913048407,0.11422687696580046,0.2514904841105623,0.13726360714476182,0.10820949442019065,0.07231817450928865,-0.035891319910902,False,
all_valid,monthly,august,,293,21693,5547,734,20959,0.7966220022405233,0.8637670432983665,0.06714504105784325,0.09948976835412389,0.21100581735293045,0.11151604899880656,0.11317718062105232,0.07909400641658279,-0.03408317420446953,False,
all_valid,monthly,august,,294,21792,5547,675,21117,0.8069690033832667,0.8854573548782007,0.07848835149493394,0.08831831419876371,0.20969537725804116,0.12137706305927745,0.11209618939393869,0.07713631472349321,-0.03495987467044548,False,
all_valid,monthly,august,,295,21711,5547,778,20933,0.8047398008851105,0.8704612353012188,0.06572143441610823,0.09819989773987588,0.18926253238497154,0.09106263464509566,0.11280769829355718,0.08232759548123998,-0.030480102812317195,False,
all_valid,monthly,august,,296,21710,5547,656,21054,0.8185081422451443,0.8820321496175919,0.06352400737244757,0.09975417818909368,0.2313267271373643,0.1315725489482706,0.10880065750878756,0.07641773477246545,-0.03238292273632211,False,
all_valid,monthly,august,,297,21716,5547,761,20955,0.819292388953113,0.8959979632219847,0.0767055742688717,0.11527837675112539,0.27414795445822066,0.15886957770709526,0.11085319874611461,0.07669699022707661,-0.034156208519038,False,
all_valid,monthly,august,,298,21728,5547,677,21051,0.8104473997768801,0.8836574494789226,0.07321004970204248,0.08793434162411966,0.19691198630966614,0.10897764468554648,0.11055400154092698,0.07639879442023469,-0.034155207120692296,False,
all_valid,monthly,august,,299,21729,5547,631,21098,0.8319615997730913,0.9000563966901722,0.06809479691708098,0.10683445148454204,0.24684052049175753,0.1400060690072155,0.11237347598176124,0.0775742191896748,-0.03479925679208644,False,
all_valid,monthly,august,,300,21715,5547,690,21025,0.8330078409071325,0.8964428130762205,0.063434972169088,0.1078230233284107,0.24718802220334551,0.1393649988749348,0.10944490624397966,0.07660217223830912,-0.032842734005670546,False,
all_valid,monthly,august,,301,21664,5547,686,20978,0.8159969475171407,0.8883167066317149,0.07231975911457422,0.10912518982566916,0.2583955543259959,0.14927036450032677,0.11163691835824566,0.07537082490487604,-0.03626609345336962,False,
all_valid,monthly,august,,302,21724,5547,711,21013,0.8004675693695209,0.8720872880046195,0.07161971863509864,0.09610480038569355,0.20271785573771572,0.10661305535202217,0.11066100230514998,0.07698843864211549,-0.03367256366303449,False,
all_valid,monthly,august,,303,21725,5547,758,20967,0.8122486863072804,0.8743550771390599,0.06210639083177949,0.11166510386629878,0.22709184758364587,0.11542674371734708,0.10998445877525197,0.07907585743103848,-0.030908601344213485,False,
all_valid,monthly,august,,304,21707,5547,704,21003,0.8056652756316197,0.8807089382252751,0.07504366259365536,0.09494066396904347,0.2169677952505775,0.12202713128153403,0.11466979915093024,0.0793372606737977,-0.03533253847713254,False,
all_valid,monthly,august,,305,21724,5547,675,21049,0.8110809522049962,0.8781614680384217,0.06708051583342545,0.09965491470883835,0.21516882745406077,0.11551391274522242,0.11121659959577831,0.07820426460813647,-0.03301233498764185,False,
all_valid,monthly,august,,306,21730,5547,601,21129,0.8140360981968855,0.8843962162861542,0.07036011808926868,0.08819922460044856,0.19616986603740724,0.10797064143695868,0.10944887692860254,0.07570965133945634,-0.0337392255891462,False,
all_valid,monthly,august,,307,21705,5547,704,21001,0.8190367558254801,0.8875997787984122,0.06856302297293215,0.0998890581965548,0.251887029987451,0.1519979717908962,0.1108647919021823,0.07810542805764102,-0.032759363844541284,False,
all_valid,monthly,august,,308,21706,5547,677,21029,0.8130011499207713,0.8808246303743308,0.06782348045355946,0.09142098557604647,0.20698491428798216,0.11556392871193569,0.11120298962887903,0.07930950649516466,-0.03189348313371437,False,
all_valid,monthly,august,,309,21731,5547,669,21062,0.8134538799890252,0.8874633635565805,0.07400948356755532,0.09775003494654581,0.229981501014883,0.1322314660683372,0.11127313395705664,0.07734123658231398,-0.033931897374742656,False,
all_valid,monthly,august,,310,21742,5547,689,21053,0.8145757231541627,0.8819076217690138,0.06733189861485112,0.10149455706938212,0.22444232938828773,0.12294777231890561,0.11123861306177292,0.07873634228515348,-0.032502270776619435,False,
all_valid,monthly,august,,311,21734,5547,691,21043,0.8060346146712338,0.871519298950471,0.06548468427923715,0.09271933582765145,0.21939316114108554,0.12667382531343407,0.11186629994998869,0.07843939857672794,-0.03342690137326075,False,
all_valid,monthly,august,,312,21777,5547,756,21021,0.8098211312497028,0.8916306042156383,0.08180947296593555,0.10441173225596702,0.2498070545440722,0.1453953222881052,0.11219819842365242,0.0771296347896384,-0.03506856363401402,False,
all_valid,monthly,august,,313,21720,5547,658,21062,0.8108236819417791,0.8772001550495441,0.06637647310776496,0.09924150949137224,0.2116552547868836,0.11241374529551136,0.1086581652141449,0.0769595042525697,-0.0316986609615752,False,
all_valid,monthly,august,,314,21699,5547,700,20999,0.8243562618628097,0.8991069642772105,0.07475070241440074,0.10030405266020602,0.23463917058838343,0.13433511792817743,0.10992368057697413,0.07601553625050331,-0.033908144326470824,False,
all_valid,monthly,august,,315,21716,5547,774,20942,0.8276198172040066,0.898045160782444,0.07042534357843744,0.12130657374622465,0.2566420304930374,0.13533545674681274,0.10975243411887772,0.07710618066151224,-0.03264625345736548,False,
all_valid,monthly,august,,316,21799,5547,721,21078,0.8187677918842885,0.8995606964897175,0.08079290460542898,0.10034016476762905,0.22769410075992857,0.12735393599229952,0.11312441281416442,0.0787271412642561,-0.03439727154990832,False,
all_valid,monthly,august,,317,21744,5547,714,21030,0.820664357040962,0.8837845361634906,0.06312017912252865,0.11257792480889141,0.23199548142163484,0.11941755661274343,0.1130822406868779,0.07913043877157165,-0.03395180191530625,False,
all_valid,monthly,august,,318,21708,5547,642,21066,0.8085702611551945,0.8878120921252388,0.07924183097004434,0.09421980170278037,0.2363720757044085,0.1421522740016281,0.11226680902735506,0.07652118934275424,-0.03574561968460081,False,
all_valid,monthly,august,,319,21708,5547,694,21014,0.8323562389722894,0.8984038773108308,0.06604763833854144,0.11517439269222432,0.27926276509378856,0.16408837240156424,0.10992202167302784,0.07688557581520983,-0.03303644585781801,False,
all_valid,monthly,august,,320,21672,5547,706,20966,0.8386774324219517,0.906835807819432,0.06815837539748026,0.12013232367885185,0.2654686744333738,0.14533635075452195,0.10967401544157604,0.07533272064490266,-0.034341294796673374,False,
all_valid,monthly,august,,321,21729,5547,708,21021,0.8020585145282482,0.8759302306517803,0.07387171612353216,0.09203910749031856,0.2049182441106371,0.11287913662031855,0.11197200281075094,0.07729648466374671,-0.03467551814700423,False,
all_valid,monthly,august,,322,21719,5547,649,21070,0.7990148035420854,0.8699717648194477,0.07095696127736228,0.07974286848816503,0.18314571719251357,0.10340284870434854,0.1129211198751877,0.07884427992099288,-0.03407683995419482,False,
all_valid,monthly,august,,323,21753,5547,738,21015,0.8132211667108344,0.8874585000905921,0.07423733337975769,0.1008238266098717,0.21804657131303012,0.11722274470315842,0.11109910101771427,0.07772354903440074,-0.03337555198331353,False,
all_valid,monthly,august,,324,21690,5547,752,20938,0.8241850813851634,0.8910240060319932,0.06683892464682972,0.11795284172613787,0.25161199495380454,0.13365915322766667,0.11429325864642612,0.07801772359250078,-0.036275535053925334,False,
all_valid,monthly,august,,325,21724,5547,618,21106,0.8327338013669329,0.8957295844032143,0.0629957830362814,0.10375620797818062,0.22704866102683766,0.12329245304865703,0.10855114659177585,0.07626975622885948,-0.03228139036291637,False,
all_valid,monthly,august,,326,21695,5547,686,21009,0.8102944080469747,0.8773946942355817,0.06710028618860697,0.09772944499099216,0.24971696335340646,0.1519875183624143,0.11393215800108898,0.07852122358917218,-0.0354109344119168,False,
all_valid,monthly,august,,327,21666,5547,733,20933,0.7996356725469013,0.8732602275733355,0.07362455502643428,0.0940349364701174,0.20835843799488507,0.11432350152476767,0.11111022225921036,0.0777557526411653,-0.03335446961804506,False,
all_valid,monthly,august,,328,21741,5547,677,21064,0.8183229025307133,0.891619884199017,0.07329698166830378,0.10095012703379844,0.23472737139705488,0.13377724436325644,0.11505510733378131,0.08217228966131532,-0.032882817672465994,False,
all_valid,monthly,august,,329,21768,5547,654,21114,0.8093925968797896,0.8870340968309793,0.07764149995118974,0.08483060868408702,0.21095607856297746,0.12612546987889045,0.11265121527686503,0.07798757015708824,-0.03466364511977679,False,
all_valid,monthly,august,,330,21736,5547,697,21039,0.8253316942375856,0.8943949349240936,0.06906324068650804,0.1019358842758793,0.2146687856808031,0.11273290140492381,0.1090818981524176,0.07739888497203841,-0.031683013180379194,False,
all_valid,monthly,august,,331,21762,5547,673,21089,0.8254068214544219,0.8981290429994666,0.07272222154504471,0.09831450114281265,0.24130365499616613,0.14298915385335348,0.11035500097146204,0.07381514034063204,-0.03653986063083001,False,
all_valid,monthly,august,,332,21773,5547,711,21062,0.8051754240811503,0.8802218244948509,0.07504640041370059,0.09717441252499567,0.20526533661524438,0.1080909240902487,0.11128110502826544,0.07648853328457254,-0.03479257174369289,False,
all_valid,monthly,august,,333,21767,5547,693,21074,0.8079655679067277,0.8724486421174282,0.06448307421070054,0.09898931619421454,0.21207871803486447,0.11308940184064993,0.11529743661896288,0.07949247817927053,-0.03580495843969235,False,
all_valid,monthly,august,,334,21715,5547,666,21049,0.8149115669900504,0.8919142906505727,0.0770027236605223,0.0984449689383398,0.23860293022734158,0.14015796128900176,0.11259721814242508,0.07705107052200226,-0.035546147620422824,False,
all_valid,monthly,august,,335,21709,5547,733,20976,0.815724955071111,0.8836760624498551,0.0679511073787441,0.1063850476340951,0.23824724291531324,0.13186219528121812,0.11174917930935625,0.0774794004564166,-0.03426977885293965,False,
all_valid,monthly,august,,336,21674,5547,747,20927,0.8243466850949777,0.8906286652479529,0.06628198015297526,0.11660770824041518,0.2851966904100774,0.16858898216966223,0.11237598598384468,0.07882413887736268,-0.033551847106482,False,
all_valid,monthly,august,,337,21746,5547,710,21036,0.8132712131316134,0.8832197788365485,0.06994856570493502,0.10367536863155788,0.2197503160632803,0.11607494743172242,0.11234070525599336,0.07715369497656176,-0.03518701027943161,False,
all_valid,monthly,august,,338,21688,5547,646,21042,0.8324145605295379,0.9007686381622719,0.06835407763273404,0.11051237058636587,0.24636714337410834,0.13585477278774247,0.10876547144572303,0.07685890701370629,-0.03190656443201674,False,
all_valid,monthly,august,,339,21763,5547,698,21065,0.8162462755137088,0.8899727069372532,0.0737264314235444,0.0993520480847955,0.22981214359665586,0.13046009551186036,0.11061034371092651,0.07716261301529272,-0.033447730695633796,False,
all_valid,monthly,august,,340,21697,5547,736,20961,0.8327334874497774,0.9054501838818676,0.07271669643209022,0.12054672811075678,0.2711075513036282,0.1505608231928714,0.10957069830395354,0.07544393397688007,-0.03412676432707347,False,
all_valid,monthly,august,,341,21754,5547,608,21146,0.8170525438430559,0.8817478078471976,0.06469526400414172,0.0931654634353512,0.22196540299885906,0.12879993956350785,0.11194900023614486,0.07735215653493115,-0.034596843701213714,False,
all_valid,monthly,august,,342,21738,5547,687,21051,0.8223523422046284,0.8953861755435975,0.07303383333896907,0.10236128142699386,0.2488521860542841,0.14649090462729025,0.11096114388618748,0.0754268197985959,-0.03553432408759158,False,
all_valid,monthly,august,,343,21728,5547,679,21049,0.8091870074391956,0.881364130305114,0.07217712286591838,0.09407479622089084,0.23373697187117265,0.13966217565028183,0.1151696330824596,0.07927073618676646,-0.035898896895693144,False,
all_valid,monthly,august,,344,21714,5547,670,21044,0.8233930613043885,0.886648372847793,0.06325531154340447,0.10889935477066162,0.22960868266329726,0.12070932789263564,0.11175311571829262,0.0779068320904895,-0.03384628362780312,False,
all_valid,monthly,august,,345,21714,5547,691,21023,0.7979106062115278,0.8817037476630413,0.08379314145151351,0.09102264939133302,0.20912932164439485,0.11810667225306183,0.11263318439649038,0.07741466194325934,-0.03521852245323104,False,
all_valid,monthly,august,,346,21751,5547,653,21098,0.8256996410102233,0.8928147170565655,0.06711507604634215,0.09898246532874076,0.21183047511509398,0.11284800978635322,0.10654141979147179,0.07501280559108452,-0.03152861420038727,False,
all_valid,monthly,august,,347,21689,5547,688,21001,0.8311040421109516,0.8933203485326833,0.062216306421731704,0.1084052021511171,0.22328939983711857,0.11488419768600147,0.1110243810434016,0.07998997512322106,-0.03103440592018053,False,
all_valid,monthly,august,,348,21717,5547,660,21057,0.7972577318994187,0.867443562279009,0.07018583037959025,0.08396848016521569,0.19112597503450296,0.10715749486928727,0.11506976394313817,0.07959046288240748,-0.03547930106073069,False,
all_valid,monthly,august,,349,21756,5547,557,21199,0.8027962431411054,0.8744872370000176,0.0716909938589122,0.07335833393839633,0.14981699656004765,0.07645866262165132,0.11363380941470157,0.07919206879682632,-0.03444174061787525,False,
all_valid,monthly,august,,350,21767,5547,728,21039,0.8258190962989195,0.8978326618958302,0.07201356559691074,0.10567411987355496,0.22391523121085674,0.11824111133730178,0.10979362316807648,0.07582206479411924,-0.03397155837395724,False,
all_valid,monthly,august,,351,21717,5547,654,21063,0.8152905489153626,0.878147413010713,0.0628568640953504,0.09200966747991718,0.20001028260466,0.10800061512474282,0.11252848204796338,0.08002112300221999,-0.032507359045743395,False,
all_valid,monthly,august,,352,21741,5547,710,21031,0.8090358230405685,0.8712256420937302,0.06218981905316168,0.09970311835606195,0.19056543346863192,0.09086231511256997,0.11238098012455902,0.07863165481331688,-0.03374932531124214,False,
all_valid,monthly,august,,353,21723,5547,681,21042,0.8173568254024083,0.8863915410909529,0.06903471568854458,0.0998680947819905,0.21444071175188323,0.11457261696989272,0.1125027657227417,0.07937582208059409,-0.03312694364214762,False,
all_valid,monthly,august,,354,21735,5547,649,21086,0.8097036612993059,0.8886827398604029,0.07897907856109698,0.09043192123216086,0.22764352284245248,0.1372116016102916,0.11002467869713395,0.07504100419045436,-0.03498367450667959,False,
all_valid,monthly,august,,355,21688,5547,657,21031,0.8032887162945009,0.8809560461121139,0.07766732981761293,0.08850009009410721,0.19357394147320836,0.10507385137910115,0.11645713950385857,0.08219997763043231,-0.034257161873426256,False,
all_valid,monthly,august,,356,21749,5547,725,21024,0.8193069988978114,0.887469689812628,0.06816269091481653,0.10544196212822182,0.24629465038624185,0.14085268825802003,0.11300815569454868,0.07991843721516956,-0.033089718479379124,False,
all_valid,monthly,august,,357,21703,5547,728,20975,0.8201781293795596,0.8922379467969457,0.0720598174173861,0.10372374456263003,0.2445123480102547,0.14078860344762467,0.10949346396597465,0.07434556642426923,-0.035147897541705414,False,
all_valid,monthly,august,,358,21761,5547,602,21159,0.8395583887160949,0.9062495338647001,0.06669114514860519,0.1010257056261679,0.267541047081329,0.16651534145516106,0.1062329231940994,0.07324941461435147,-0.032983508579747925,False,
all_valid,monthly,august,,359,21661,5547,691,20970,0.8024916719978303,0.8734088460739516,0.0709171740761213,0.0926829614387461,0.2140228723956857,0.1213399109569396,0.11223952854138379,0.07872561440250438,-0.033513914138879414,False,
all_valid,monthly,august,,360,21722,5547,653,21069,0.8011902407440237,0.8787567895670151,0.07756654882299141,0.08251673640150738,0.1963555361824028,0.11383879978089544,0.11352766006389972,0.07856852667755318,-0.03495913338634654,False,
all_valid,monthly,august,,361,21667,5547,694,20973,0.8233145511224738,0.892138458242799,0.06882390712032527,0.10287334340726575,0.24833088859705166,0.1454575451897859,0.11396722236828334,0.07947292811715106,-0.034494294251132276,False,
all_valid,monthly,august,,362,21735,5547,706,21029,0.818522903148586,0.8875557927087603,0.06903288956017428,0.10531393686286145,0.23439165917106763,0.1290777223082062,0.10902417725704523,0.07523306099019675,-0.033791116266848484,False,
all_valid,monthly,august,,363,21674,5547,843,20831,0.8062516097888374,0.8786227616211877,0.07237115183235032,0.11256002739141284,0.259621164298755,0.14706113690734213,0.11561619217101389,0.08075515349426216,-0.034861038676751735,False,
all_valid,monthly,august,,364,21751,5547,714,21037,0.8091539130269211,0.8790457096466957,0.06989179661977463,0.10385642527024297,0.22554395513824568,0.12168752986800271,0.11305825233410689,0.07871717016983491,-0.03434108216427198,False,
all_valid,monthly,august,,365,21671,5547,670,21001,0.8251080438955642,0.8845585888944876,0.05945054499892333,0.11302866136254458,0.22511187488022968,0.1120832135176851,0.1102216109609325,0.07894486903792344,-0.031276741923009055,False,
all_valid,monthly,august,,366,21773,5547,653,21120,0.8282700908394822,0.89905063750058,0.07078054666109779,0.0990183166468828,0.2399143301439565,0.1408960134970737,0.11000180453249575,0.07472143689663284,-0.03528036763586291,False,
all_valid,monthly,august,,367,21744,5547,749,20995,0.8103841241366198,0.8714268226492989,0.06104269851267918,0.10375210904900911,0.21835730010103882,0.11460519105202971,0.11129307150659477,0.07935365164694351,-0.031939419859651264,False,
all_valid,monthly,august,,368,21705,5547,715,20990,0.827822972644316,0.8875814323837192,0.05975845973940319,0.11284277652851231,0.23293939501190977,0.12009661848339746,0.10768373816799545,0.07655797386546845,-0.031125764302527004,False,
all_valid,monthly,august,,369,21787,5547,676,21111,0.8141743879000796,0.8916862798187882,0.07751189191870866,0.09462319860376409,0.21076608686192622,0.11614288825816213,0.11801039271290034,0.08189604429287438,-0.03611434842002596,False,
all_valid,monthly,august,,370,21730,5547,622,21108,0.8015122198072446,0.8710175718567562,0.06950535204951158,0.08871268594561689,0.19510038991646667,0.10638770397084978,0.11234976319088741,0.07666428820876216,-0.03568547498212525,False,
all_valid,monthly,august,,371,21740,5547,615,21125,0.8310069947563381,0.897943368451436,0.06693637369509786,0.09626340709885756,0.21025110013686782,0.11398769303801026,0.11017428983909017,0.07710002564675991,-0.033074264192330255,False,
all_valid,monthly,august,,372,21664,5547,663,21001,0.8207665612130945,0.8915640948793431,0.07079753366624852,0.10458629046922385,0.22972274143697685,0.125136450967753,0.11191967032720776,0.07548940704053891,-0.036430263286668846,False,
all_valid,monthly,august,,373,21712,5547,710,21002,0.8150823328697065,0.8855072823379665,0.07042494946825995,0.10379723670105626,0.24778825276363015,0.1439910160625739,0.11120577201327851,0.07675159429495204,-0.03445417771832647,False,
all_valid,monthly,august,,374,21728,5547,611,21117,0.823434040274561,0.8858596796106054,0.06242563933604439,0.09672047889149096,0.23225329476845535,0.1355328158769644,0.11311451515917029,0.07849522991524877,-0.03461928524392152,False,
all_valid,monthly,august,,375,21721,5547,666,21055,0.8189087924305213,0.8870498615452308,0.06814106911470952,0.09506647586435853,0.20218090386621476,0.10711442800185624,0.10884593205736208,0.07550277928882596,-0.033343152768536125,False,
all_valid,monthly,august,,376,21727,5547,798,20929,0.8263503016703687,0.8874611393503589,0.06111083767999015,0.12704296842823737,0.26279246240620213,0.13574949397796476,0.11226761404992122,0.07792124886284295,-0.03434636518707827,False,
all_valid,monthly,august,,377,21715,5547,675,21040,0.8203509364878186,0.87497127165188,0.054620335164061395,0.10173130006397835,0.20318352824356442,0.10145222817958607,0.11182250102861958,0.07777525253921695,-0.03404724848940263,False,
all_valid,monthly,august,,378,21738,5547,681,21057,0.8297665165462013,0.8919890679218571,0.0622225513756558,0.10919120195211311,0.24633555394929055,0.13714435199717745,0.10769988102452584,0.07723790274752473,-0.030461978277001103,False,
all_valid,monthly,august,,379,21728,5547,681,21047,0.8126242455613117,0.8887802817650197,0.07615603620370792,0.09779289276453099,0.23841272703955152,0.14061983427502053,0.11353814250600877,0.07786405125478173,-0.035674091251227044,False,
all_valid,monthly,august,,380,21732,5547,595,21137,0.8002956303872734,0.8751990515655569,0.07490342117828352,0.08305959258179357,0.1841932843915895,0.10113369180979592,0.11309777362100468,0.07859076710070316,-0.03450700652030152,False,
all_valid,monthly,august,,381,21726,5547,613,21113,0.8218637705644969,0.9006643270975128,0.07880055653301588,0.09882936497170651,0.22128965484630214,0.12246028987459563,0.11215885711229708,0.07462395018127438,-0.037534906931022696,False,
all_valid,monthly,august,,382,21721,5547,704,21017,0.8108605668787605,0.8868072707375415,0.075946703858781,0.09638458372758045,0.22736711587749084,0.1309825321499104,0.11503049834049901,0.0803647214460361,-0.034665776894462916,False,
all_valid,monthly,august,,383,21709,5547,704,21005,0.8215398525242907,0.891724102486421,0.07018424996213024,0.1052641282768852,0.23256135867675712,0.12729723039987192,0.11077027727157783,0.07737079050043913,-0.0333994867711387,False,
all_valid,monthly,august,,384,21701,5547,668,21033,0.8284476546835013,0.9015460734500191,0.07309841876651779,0.10252605525008143,0.2405623161241528,0.13803626087407136,0.10620602304258199,0.0727001321794072,-0.03350589086317479,False,
all_valid,monthly,august,,385,21698,5547,757,20941,0.8000976133676694,0.8715882711804575,0.07149065781278807,0.09655127795222473,0.20863505375135616,0.11208377579913142,0.11473629183000462,0.08047266860581767,-0.034263623224186954,False,
all_valid,monthly,august,,386,21707,5547,690,21017,0.8227250128088166,0.8990357012577119,0.07631068844889533,0.10521859903850611,0.26734462665627196,0.16212602761776584,0.11144226184995135,0.07590931634850583,-0.03553294550144552,False,
all_valid,monthly,august,,387,21706,5547,699,21007,0.8355508992063616,0.8990466628979115,0.06349576369154986,0.11994585307287209,0.24616658349614,0.12622073042326792,0.10806051362497275,0.0754067867902333,-0.03265372683473945,False,
all_valid,monthly,august,,388,21734,5547,687,21047,0.8120592928186166,0.8861736562565421,0.07411436343792555,0.10089070112841078,0.2185884961627282,0.11769779503431743,0.11255187949727767,0.07812592042752604,-0.03442595906975163,False,
all_valid,monthly,august,,389,21713,5547,698,21015,0.8134045336698374,0.8805900683575041,0.06718553468766664,0.10139157606766708,0.20849160869980524,0.10710003263213816,0.1083312061378465,0.07495544016413692,-0.03337576597370957,False,
all_valid,monthly,august,,390,21738,5547,699,21039,0.7995204219481757,0.8795297458681033,0.08000932391992754,0.09817043679619761,0.2033838547073836,0.10521341791118599,0.11572481538487678,0.07965880308255706,-0.03606601230231972,False,
all_valid,monthly,august,,391,21715,5547,674,21041,0.8087228876446819,0.8816894442488079,0.07296655660412599,0.09091348989566332,0.19724447613051743,0.10633098623485411,0.11040696412510834,0.07699036471399429,-0.03341659941111405,False,
all_valid,monthly,august,,392,21783,5547,661,21122,0.8113454706831762,0.8780049653185491,0.0666594946353729,0.0956379980982554,0.21515662357926024,0.11951862548100484,0.11154618944727543,0.07839947903894069,-0.03314671040833474,False,
all_valid,monthly,august,,393,21666,5547,667,20999,0.8024537900105615,0.8783331083160739,0.07587931830551242,0.08497601572824459,0.20614301872347193,0.12116700299522734,0.1116526549204488,0.07675171870157746,-0.034900936218871345,False,
all_valid,monthly,august,,394,21723,5547,653,21070,0.8180342488503647,0.8825095521309774,0.06447530328061268,0.09658330234719434,0.19250132387557947,0.09591802152838513,0.10857651518126865,0.07780079783856451,-0.030775717342704137,False,
all_valid,monthly,august,,395,21716,5547,733,20983,0.8190257831666368,0.8899489803315734,0.07092319716493667,0.10615689257230415,0.22712959961919704,0.12097270704689289,0.10735908791372281,0.0763422720555928,-0.031016815858130015,False,
all_valid,monthly,august,,396,21706,5547,595,21111,0.8218811412585498,0.8946086093951578,0.07272746813660802,0.08507007288423629,0.17852139615162133,0.09345132326738503,0.10613520100029565,0.07482173651396055,-0.031313464486335096,False,
all_valid,monthly,august,,397,21736,5547,659,21077,0.8262791471375677,0.8946138168287203,0.06833466969115265,0.09684960786979202,0.2078656672884738,0.11101605941868178,0.10866209661513208,0.07533041277592617,-0.033331683839205914,False,
all_valid,monthly,august,,398,21687,5547,650,21037,0.8170199026623421,0.8914300445003492,0.0744101418380071,0.09347035631541926,0.2154538825429117,0.12198352622749244,0.11214448069837649,0.07751089332340257,-0.03463358737497392,False,
all_valid,monthly,august,,399,21722,5547,677,21045,0.8188163999700999,0.8918008221111615,0.0729844221410616,0.10605033651805099,0.25074498921514005,0.14469465269708906,0.11049785399012875,0.07545842547831609,-0.03503942851181266,False,
all_valid,monthly,august,,400,21722,5547,662,21060,0.8129016362400048,0.8877457731183813,0.07484413687837654,0.09140426346114454,0.2010385622218458,0.10963429876070126,0.11074028594480351,0.07737557811709807,-0.03336470782770544,False,
all_valid,monthly,august,,401,21676,5547,652,21024,0.8250114826409316,0.8861118989924457,0.061100416351514086,0.109148373744827,0.21515412081399685,0.10600574706916985,0.10943032704112382,0.07631649717707832,-0.0331138298640455,False,
all_valid,monthly,august,,402,21713,5547,648,21065,0.7996245454252416,0.8710371776951412,0.07141263226989958,0.08561340133229366,0.22763274831694932,0.14201934698465568,0.11439577501469303,0.0782639405113672,-0.03613183450332583,False,
all_valid,monthly,august,,403,21713,5547,638,21075,0.8141654860049755,0.8883882387502464,0.0742227527452709,0.09570996326528035,0.20798998503076846,0.11228002176548811,0.11026736704735023,0.0765646371707392,-0.03370272987661102,False,
all_valid,monthly,august,,404,21743,5547,635,21108,0.8019726819252766,0.8777747437624874,0.07580206183721083,0.07955211494771257,0.2090733836511133,0.12952126870340075,0.11195581650260414,0.07712849594372306,-0.034827320558881075,False,
all_valid,monthly,august,,405,21749,5547,745,21004,0.8201889317343197,0.8924194049327774,0.07223047319845766,0.11225958126328395,0.2456842552505618,0.13342467398727786,0.11402973826940423,0.07877774153771606,-0.03525199673168816,False,
all_valid,monthly,august,,406,21753,5547,670,21083,0.8195859860211346,0.886808074129188,0.06722208810805341,0.09849104845432127,0.2326880767502179,0.13419702829589664,0.1116170167469051,0.07988360673274135,-0.03173341001416376,False,
all_valid,monthly,august,,407,21707,5547,590,21117,0.8232615219643904,0.9013069235727019,0.07804540160831153,0.0945265699507056,0.23432978628063664,0.13980321632993103,0.10937735441492155,0.07434561753521628,-0.035031736879705275,False,
all_valid,monthly,august,,408,21774,5547,654,21120,0.817570269785006,0.8912073718839775,0.07363710209897145,0.09316318944122967,0.1875896491784204,0.09442645973719072,0.10938040085933631,0.07646702136817973,-0.03291337949115658,False,
all_valid,monthly,august,,409,21718,5547,667,21051,0.8237454594635133,0.8856941772807483,0.06194871781723499,0.10354616435855338,0.21983654390338508,0.1162903795448317,0.11191176413569279,0.0791655934396952,-0.032746170695997584,False,
all_valid,monthly,august,,410,21765,5547,729,21036,0.8415178786852039,0.9005142663527231,0.058996387667519246,0.13656724537706227,0.27422188889838744,0.13765464352132517,0.1043394387960615,0.0731468921009292,-0.0311925466951323,False,
all_valid,monthly,august,,411,21724,5547,728,20996,0.8214208514861021,0.8848117851856659,0.06339093369956383,0.11217044333283169,0.2459067722053881,0.1337363288725564,0.10822477541884493,0.0757206599987586,-0.03250411542008633,False,
all_valid,monthly,august,,412,21728,5547,651,21077,0.8199498481429405,0.8873668321851405,0.06741698404219998,0.09183909060412657,0.22191526234554299,0.13007617174141642,0.11233737826922513,0.07873543784577101,-0.033601940423454116,False,
all_valid,monthly,august,,413,21658,5547,756,20902,0.8220474838741033,0.8931300845112922,0.07108260063718885,0.11106890953823795,0.24749622050757114,0.1364273109693332,0.11193660707775652,0.07890550964709898,-0.03303109743065753,False,
all_valid,monthly,august,,414,21751,5547,704,21047,0.798722191566926,0.8824094855885312,0.08368729402160513,0.09249872004396269,0.21312512303840214,0.12062640299443946,0.11430919834174207,0.07755107225103854,-0.03675812609070353,False,
all_valid,monthly,august,,415,21682,5547,778,20904,0.8100694372708339,0.8837133543278269,0.07364391705699302,0.11039712898112722,0.23355811719694394,0.12316098821581672,0.11320350370030606,0.08025247940099918,-0.03295102429930688,False,
all_valid,monthly,august,,416,21724,5547,681,21043,0.804436381333153,0.875269804511188,0.07083342317803498,0.08957574822101086,0.18657706289572598,0.09700131467471512,0.1109885683507682,0.07797069067029672,-0.033017877680471486,False,
all_valid,monthly,august,,417,21680,5547,759,20921,0.8225432911903547,0.8868061851853881,0.06426289399503338,0.11605247784488726,0.26225752142355635,0.1462050435786691,0.10874098360187838,0.07535588639486678,-0.033385097207011605,False,
all_valid,monthly,august,,418,21717,5547,700,21017,0.8258019698339439,0.89249077277578,0.0666888029418361,0.11090275575175276,0.2682276550629112,0.15732489931115842,0.11157170900873978,0.07529191658912328,-0.0362797924196165,False,
all_valid,monthly,august,,419,21760,5547,623,21137,0.8198006720811132,0.8947528813592529,0.07495220927813973,0.0953478009956289,0.23274880951110904,0.13740100851548015,0.10867449444450826,0.07669727974894068,-0.03197721469556758,False,
all_valid,monthly,august,,420,21737,5547,676,21061,0.8038432459783628,0.8731826879880336,0.0693394420096708,0.08764522028196041,0.1920398060658441,0.10439458578388368,0.11125347182659905,0.07712804078310227,-0.03412543104349677,False,
all_valid,monthly,august,,421,21748,5547,752,20996,0.8116157763586175,0.8910628366902712,0.07944706033165372,0.10351081857471987,0.2468420974496633,0.1433312788749434,0.11560205570670447,0.08035209682492085,-0.035249958881783616,False,
all_valid,monthly,august,,422,21741,5547,688,21053,0.8198162527795299,0.8882199576042302,0.06840370482470037,0.09991695063463624,0.23452074223372904,0.1346037915990928,0.11133796431011617,0.07714954280881489,-0.034188421501301275,False,
all_valid,monthly,august,,423,21711,5547,654,21057,0.8091518448759804,0.8879454034694528,0.07879355859347248,0.09430697786310349,0.20786905292264002,0.11356207505953653,0.10969931233326284,0.07448630319725479,-0.035213009136008055,False,
all_valid,monthly,august,,424,21738,5547,614,21124,0.8009453408969652,0.8775630417445122,0.07661770084754693,0.0782121508401644,0.1826942974867187,0.1044821466465543,0.11233460258353863,0.07725555455282687,-0.035079048030711754,False,
all_valid,monthly,august,,425,21745,5547,662,21083,0.8171842178081078,0.8873087995038456,0.07012458169573776,0.0953172513986066,0.21878419425474077,0.12346694285613417,0.111476027928093,0.07881168847499707,-0.03266433945309592,False,
all_valid,monthly,august,,426,21764,5547,631,21133,0.8294010396610464,0.9005188106448009,0.07111777098375449,0.09799869930549712,0.23896026645997823,0.1409615671544811,0.11118495083932217,0.07510744407030781,-0.03607750676901436,False,
all_valid,monthly,august,,427,21731,5547,678,21053,0.8311418561974575,0.9070740413960161,0.0759321851985586,0.10972858866004628,0.2787052866659924,0.16897669800594614,0.11048153937538256,0.0743235019714066,-0.03615803740397597,False,
all_valid,monthly,august,,428,21745,5547,618,21127,0.8309123143853561,0.8983108471911968,0.06739853280584074,0.11090349882669544,0.261760553413829,0.15085705458713355,0.10715743918627522,0.07346423581497631,-0.03369320337129891,False,
all_valid,monthly,august,,429,21751,5547,702,21049,0.8030511901479644,0.8740046796248991,0.0709534894769347,0.09742511832066553,0.20904336003227011,0.11161824171160459,0.11471328290814851,0.07917883308994746,-0.03553444981820106,False,
all_valid,monthly,august,,430,21692,5547,639,21053,0.8116901029349357,0.884395199922812,0.0727050969878763,0.09661307138070144,0.22945510296477067,0.13284203158406924,0.10989277138085327,0.07350648607200795,-0.036386285308845315,False,
all_valid,monthly,august,,431,21700,5547,682,21018,0.8150593723743006,0.8944928226580819,0.07943345028378135,0.09618109910147722,0.24082947180638514,0.14464837270490793,0.10848701287502961,0.0733513770029614,-0.03513563587206821,False,
all_valid,monthly,august,,432,21777,5547,670,21107,0.818474029624465,0.8835094673974611,0.06503543777299603,0.10018915553987627,0.23114140873868574,0.1309522531988095,0.11095105889558497,0.07811720534716987,-0.0328338535484151,False,
all_valid,monthly,august,,433,21765,5547,633,21132,0.8326702329059887,0.8955084552406465,0.06283822233465775,0.10075569194334588,0.22360001958973916,0.12284432764639328,0.10892705648267018,0.07651441219944502,-0.032412644283225156,False,
all_valid,monthly,august,,434,21723,5547,667,21056,0.8186756498270621,0.8882505935482107,0.06957494372114859,0.09639415923110577,0.22228752439940885,0.12589336516830307,0.11290014458286653,0.07717510858196264,-0.03572503600090389,False,
all_valid,monthly,august,,435,21747,5547,670,21077,0.8271145104765115,0.894122404063565,0.0670078935870535,0.10853152176025113,0.2639714875422201,0.15543996578196898,0.1107322827796194,0.07828335246105142,-0.03244893031856798,False,
all_valid,monthly,august,,436,21724,5547,652,21072,0.8275748849402109,0.886091463798091,0.058516578857880086,0.10027773159886913,0.19588193394473732,0.0956042023458682,0.10964111246713255,0.07728314638589215,-0.032357966081240405,False,
all_valid,monthly,august,,437,21709,5547,626,21083,0.8206082334858165,0.893342364023283,0.07273413053746658,0.09202139085208698,0.24343606853692393,0.15141467768483696,0.11311243456454062,0.07667836553545151,-0.036434069029089106,False,
all_valid,monthly,august,,438,21737,5547,669,21068,0.8103083814585159,0.8890008948176351,0.0786925133591192,0.09062420427148303,0.22019443389935336,0.12957022962787035,0.1143698266855256,0.07690705674673565,-0.037462769938789955,False,
all_valid,monthly,august,,439,21658,5547,696,20962,0.8246946856216009,0.8899084084281683,0.06521372280656745,0.10605285823176293,0.23815371433542876,0.13210085610366584,0.11261888850387237,0.07840249233908357,-0.034216396164788804,False,
all_valid,monthly,august,,440,21697,5547,744,20953,0.8322261446381019,0.8972942643263546,0.06506811968825277,0.11790784487292312,0.25575622894129835,0.13784838406837524,0.10882411165019919,0.07493117063085088,-0.03389294101934831,False,
all_valid,monthly,august,,441,21717,5547,682,21035,0.8130215176911543,0.8887996336227778,0.07577811593162354,0.09826319672081439,0.2232019854759169,0.12493878875510252,0.1101272600500164,0.07714754288868376,-0.03297971716133263,False,
all_valid,monthly,august,,442,21782,5547,690,21092,0.8140787632923534,0.8750695366331627,0.06099077334080927,0.09736585992369523,0.20048492917258964,0.10311906924889441,0.1109047560981376,0.07840059789450603,-0.032504158203631575,False,
all_valid,monthly,august,,443,21685,5547,608,21077,0.8389628068011277,0.9074628929514088,0.06850008615028114,0.0953994021999817,0.2493987752303609,0.1539993730303792,0.10894319092217425,0.07368175874590435,-0.0352614321762699,False,
all_valid,monthly,august,,444,21729,5547,690,21039,0.827181404307115,0.8908895212548675,0.06370811694775258,0.1070430847770229,0.23254505706975656,0.12550197229273366,0.11097865883527587,0.08052070806823017,-0.030457950767045702,False,
all_valid,monthly,august,,445,21714,5547,606,21108,0.8165542321713695,0.8843615671970835,0.06780733502571401,0.09018728020534875,0.19506398122417204,0.10487670101882329,0.10756363524180691,0.0742638428424837,-0.03329979239932321,False,
all_valid,monthly,august,,446,21760,5547,702,21058,0.8244992327526282,0.8879537427357733,0.06345450998314517,0.1088196886172637,0.21943178956781847,0.11061210095055478,0.11228871178544315,0.07955131907705724,-0.03273739270838591,False,
all_valid,monthly,august,,447,21699,5547,690,21009,0.7893162419694527,0.8734750669312876,0.08415882496183491,0.08481814682927982,0.195191284738305,0.11037313790902517,0.11527953997936619,0.08037080654531216,-0.034908733434054026,False,
all_valid,monthly,august,,448,21695,5547,626,21069,0.8266074484915453,0.8872901558654758,0.060682707373930445,0.1079536455474668,0.22404518639634116,0.11609154084887437,0.10790299008743333,0.07516326323298712,-0.032739726854446205,False,
all_valid,monthly,august,,449,21711,5547,662,21049,0.8160243706994139,0.8832328939279789,0.06720852322856496,0.09596844858109994,0.19977307793950363,0.10380462935840369,0.11064572767503614,0.07640989738472388,-0.034235830290312255,False,
all_valid,monthly,august,,450,21724,5547,591,21133,0.8141414903259935,0.8903126064135105,0.07617111608751703,0.08516926108987417,0.21113163627724557,0.1259623751873714,0.11338444499100933,0.07721815362567541,-0.03616629136533392,False,
all_valid,monthly,august,,451,21758,5547,672,21086,0.8454767719949594,0.9054000228090857,0.059923250814126305,0.12046109264953679,0.2448735303201488,0.12441243767061201,0.11098302049234661,0.07730653344888733,-0.03367648704345928,False,
all_valid,monthly,august,,452,21712,5547,693,21019,0.8133760240425638,0.8856868797398795,0.07231085569731566,0.09711437183886436,0.23388375890525187,0.13676938706638753,0.11288908338528955,0.07719800249110001,-0.03569108089418954,False,
all_valid,monthly,august,,453,21744,5547,644,21100,0.7881484943039652,0.8728394071413853,0.08469091283742014,0.07687139653135898,0.18978231768126105,0.11291092114990207,0.11515807610404244,0.07981362809041245,-0.03534444801362999,False,
all_valid,monthly,august,,454,21740,5547,625,21115,0.8160904759649539,0.8822268150603836,0.06613633909542971,0.08797696909423627,0.19767164524223227,0.109694676147996,0.1126058277039026,0.07802096044656284,-0.03458486725733975,False,
all_valid,monthly,august,,455,21689,5547,678,21011,0.8071625355955562,0.877972894939566,0.07081035934400981,0.09465670344101311,0.22895341385131193,0.13429671041029884,0.1137526378413063,0.07824420717124173,-0.03550843067006458,False,
all_valid,monthly,august,,456,21672,5547,724,20948,0.818857956085946,0.8992474261444018,0.08038947005845576,0.10738863597335245,0.24746117254607528,0.14007253657272284,0.11229240238471908,0.07392172175603444,-0.038370680628684636,False,
all_valid,monthly,august,,457,21745,5547,705,21040,0.8189292263301244,0.8903076207426583,0.07137839441253391,0.09950854997209771,0.23587826074211657,0.13636971077001886,0.11357335788427014,0.07862188333192226,-0.034951474552347886,False,
all_valid,monthly,august,,458,21691,5547,693,20998,0.8123765514945627,0.8733969304023594,0.06102037890779677,0.09612793367181358,0.20546110345192758,0.10933316978011401,0.11120662807322995,0.07809372034035468,-0.03311290773287527,False,
all_valid,monthly,august,,459,21723,5547,675,21048,0.810450047158523,0.8794528907470754,0.06900284358855246,0.09540074008738986,0.21528103282298136,0.1198802927355915,0.11209237152811771,0.07928828050411425,-0.03280409102400346,False,
all_valid,monthly,august,,460,21710,5547,647,21063,0.8331858769756822,0.903350080765285,0.07016420378960275,0.10191713058321766,0.23439917972591406,0.1324820491426964,0.11132617127342108,0.07550971010753842,-0.03581646116588266,False,
all_valid,monthly,august,,461,21732,5547,749,20983,0.8105195718550722,0.8902982495779691,0.07977867772289693,0.10789340870488692,0.24226303593347862,0.1343696272285917,0.11194697831866865,0.07827359377801639,-0.03367338454065226,False,
all_valid,monthly,august,,462,21684,5547,728,20956,0.8117161755976415,0.8779756879406144,0.06625951234297289,0.10856935000735962,0.2156503382453433,0.10708098823798368,0.11224351073636656,0.07838838746072006,-0.03385512327564649,False,
all_valid,monthly,august,,463,21710,5547,664,21046,0.8107065246637029,0.880304001332709,0.06959747666900618,0.09090462431675973,0.20472657644380615,0.11382195212704642,0.10948685644645266,0.07866513842397657,-0.03082171802247609,False,
all_valid,monthly,august,,464,21690,5547,768,20922,0.8135569391669056,0.8872417117746869,0.07368477260778128,0.10723020680639178,0.22468892454493622,0.11745871773854444,0.11246368255567532,0.07785030747263937,-0.034613375083035955,False,
all_valid,monthly,august,,465,21785,5547,700,21085,0.8142023781293404,0.8902964870083675,0.07609410887902712,0.10777325580027765,0.2466332073539524,0.13885995155367475,0.11219820103455909,0.07742936309393443,-0.03476883794062466,False,
all_valid,monthly,august,,466,21701,5547,648,21053,0.8231099435698147,0.8880487106907728,0.06493876712095814,0.10012110622701555,0.22755925104167057,0.12743814481465504,0.10845047179843201,0.07561000785442605,-0.03284046394400596,False,
all_valid,monthly,august,,467,21743,5547,642,21101,0.808421697101066,0.8812384465693185,0.07281674946825245,0.09204118036275359,0.213162156053425,0.12112097569067141,0.11312713452228204,0.07673718271456158,-0.036389951807720464,False,
all_valid,monthly,august,,468,21684,5547,747,20937,0.8005482630079312,0.8801507473910224,0.07960248438309114,0.09664127213208859,0.24222291755677638,0.1455816454246878,0.11324406900183286,0.0778695323176429,-0.03537453668418995,False,
all_valid,monthly,august,,469,21726,5547,738,20988,0.8219562682095277,0.8969364607882786,0.07498019257875088,0.11468109885768618,0.269099687937537,0.15441858907985084,0.10958368671724127,0.07647766862551447,-0.033106018091726794,False,
all_valid,monthly,august,,470,21712,5547,665,21047,0.8183696281612474,0.8857192156044599,0.06734958744321251,0.09817062934583594,0.22416007857686965,0.12598944923103372,0.11056816966986106,0.0767479582296518,-0.03382021144020926,False,
all_valid,monthly,august,,471,21676,5547,757,20919,0.8105226658048157,0.8730563752760142,0.06253370947119852,0.1159390421622811,0.21479895965771256,0.09885991749543147,0.11142048570767236,0.07913680962903125,-0.03228367607864112,False,
all_valid,monthly,august,,472,21756,5547,599,21157,0.8078956253837377,0.8814495460955984,0.07355392071186073,0.09049423794298274,0.21047287227674338,0.11997863433376064,0.11131723075087255,0.07498728682866188,-0.03632994392221067,False,
all_valid,monthly,august,,473,21720,5547,685,21035,0.8263631521326118,0.8968914860356132,0.0705283339030014,0.10636141155395988,0.25527270959788745,0.14891129804392755,0.10763782241754956,0.07300979304704715,-0.03462802937050241,False,
all_valid,monthly,august,,474,21710,5547,677,21033,0.8200402673129324,0.8908995156447197,0.07085924833178725,0.09931418651194554,0.225176912192873,0.12586272568092746,0.11000413808839052,0.07601911812799873,-0.033985019960391785,False,
all_valid,monthly,august,,475,21716,5547,663,21053,0.8245054731150049,0.8990351794032142,0.07452970628820932,0.09630928508342904,0.23965951786787942,0.1433502327844504,0.11164860967740176,0.07535310920391726,-0.036295500473484496,False,
all_valid,monthly,august,,476,21694,5547,688,21006,0.8264954475908323,0.8984473428411373,0.07195189525030499,0.11735710010062184,0.2527324217646836,0.13537532166406174,0.11040406786324283,0.07690769270879429,-0.033496375154448546,False,
all_valid,monthly,august,,477,21674,5547,678,20996,0.8226254361696089,0.8946543968762697,0.07202896070666076,0.1075097105233946,0.23512495711114645,0.12761524658775186,0.11279009162313819,0.07689228645955351,-0.03589780516358468,False,
all_valid,monthly,august,,478,21739,5547,683,21056,0.8277022272336865,0.8968095814772126,0.0691073542435261,0.10606016638204085,0.2332429980368743,0.12718283165483343,0.11131592696272621,0.07899516548625389,-0.03232076147647232,False,
all_valid,monthly,august,,479,21751,5547,638,21113,0.815928381791545,0.889199436915585,0.07327105512403997,0.09469226045446094,0.2095189277372265,0.11482666728276555,0.11195395392726781,0.07648049049635613,-0.03547346343091168,False,
all_valid,monthly,august,,480,21715,5547,608,21107,0.8056405270887932,0.8817986144531748,0.07615808736438157,0.08195885633590093,0.2170454549457622,0.13508659860986127,0.10930056439032577,0.07377464498666646,-0.03552591940365932,False,
all_valid,monthly,august,,481,21642,5547,646,20996,0.8156487274297272,0.8833211338500566,0.06767240642032946,0.09492389434516621,0.20492971540121102,0.11000582105604481,0.1104691373181382,0.07757664059733688,-0.03289249672080133,False,
all_valid,monthly,august,,482,21717,5547,673,21044,0.8025637502460703,0.8774724605884846,0.07490871034241431,0.09056989530687923,0.22181991765068096,0.13125002234380173,0.1123034186328896,0.07958947315681224,-0.032713945476077366,False,
all_valid,monthly,august,,483,21721,5547,610,21111,0.8357235875011939,0.9025530936789227,0.06682950617772876,0.10263664964093293,0.22318315114065215,0.12054650149971922,0.10951715392597308,0.07565858562803415,-0.03385856829793893,False,
all_valid,monthly,august,,484,21701,5547,712,20989,0.8082069205860105,0.8818903802473312,0.07368345966132073,0.10056376900752993,0.2345487260781707,0.1339849570706408,0.1136911475785156,0.07863318426527793,-0.03505796331323767,False,
all_valid,monthly,august,,485,21707,5547,683,21024,0.8419281262047864,0.9040413410261382,0.06211321482135179,0.11068041002932512,0.27076674417513796,0.16008633414581286,0.10863207708709821,0.07501771794582134,-0.033614359141276876,False,
all_valid,monthly,august,,486,21723,5547,730,20993,0.8115732641474098,0.8753952556918843,0.06382199154447443,0.10484385116782002,0.20587479917496768,0.10103094800714765,0.11158161570632258,0.07758158107104342,-0.03400003463527916,False,
all_valid,monthly,august,,487,21697,5547,650,21047,0.8162443761398482,0.8844700688203324,0.06822569268048417,0.09244526252864524,0.21580848759064747,0.12336322506200223,0.10913350149869235,0.07773393651961165,-0.031399564979080696,False,
all_valid,monthly,august,,488,21736,5547,669,21067,0.8319534025650811,0.8938300842858605,0.061876681720779425,0.1170250453948619,0.2596148406400682,0.14258979524520626,0.10917512367907277,0.07527731448922732,-0.033897809189845446,False,
all_valid,monthly,august,,489,21731,5547,668,21063,0.8292175085806168,0.8974833412508412,0.06826583267022435,0.11088535283798306,0.2567487427314707,0.14586338989348763,0.10966843368696509,0.0760305437894286,-0.033637889897536494,False,
all_valid,monthly,august,,490,21694,5547,758,20936,0.8152112405894884,0.8777492380346487,0.06253799744516031,0.11119798274127755,0.2156355464746975,0.10443756373341993,0.11014594044744697,0.07959262863038656,-0.030553311817060405,False,
all_valid,monthly,august,,491,21732,5547,620,21112,0.815405548289308,0.8949298060115636,0.07952425772225558,0.08900906250489007,0.20610680721261512,0.11709774470772505,0.11139122743738421,0.07759880174046342,-0.033792425696920786,False,
all_valid,monthly,august,,492,21751,5547,590,21161,0.8098049738125541,0.8769460768490803,0.0671411030365262,0.08363840824905372,0.20339177735309916,0.11975336910404544,0.10627589013760086,0.0744925389110315,-0.03178335122656936,False,
all_valid,monthly,august,,493,21757,5547,608,21149,0.8259590941216581,0.8839498912478131,0.05799079712615496,0.09338343662408245,0.22083697279066875,0.12745353616658628,0.1116144783196289,0.0780273371506365,-0.03358714116899239,False,
all_valid,monthly,august,,494,21695,5547,717,20978,0.8322154058452416,0.897761924460147,0.06554651861490546,0.1163665911587146,0.2638028787619795,0.14743628760326488,0.11032084277009661,0.0781130702308195,-0.03220777253927712,False,
all_valid,monthly,august,,495,21731,5547,645,21086,0.8327971018648621,0.8966734973129605,0.06387639544809842,0.10996217784374651,0.226333475642242,0.11637129779849548,0.10704389909215181,0.07657300069181874,-0.03047089840033307,False,
all_valid,monthly,august,,496,21681,5547,714,20967,0.8124776977133201,0.8892824645477975,0.07680476683447734,0.09625634371369887,0.21638140264095043,0.12012505892725156,0.10999543079094926,0.07741886290455104,-0.03257656788639822,False,
all_valid,monthly,august,,497,21751,5547,626,21125,0.8053178819214699,0.8665590865266461,0.061241204605176236,0.09036699851872738,0.17792328182225392,0.08755628330352654,0.11336004907022372,0.07914582030786178,-0.03421422876236194,False,
all_valid,monthly,august,,498,21745,5547,722,21023,0.8234264068782073,0.8877343545250467,0.06430794764683934,0.10529158481243395,0.22051910402054578,0.11522751920811183,0.10914899394234452,0.07639243760186175,-0.03275655634048277,False,
all_valid,monthly,august,,499,21684,5547,661,21023,0.8093969985901905,0.882137732156043,0.07274073356585242,0.0917961582615099,0.2271902925903899,0.13539413432887998,0.11404786447416919,0.07885180763328051,-0.03519605684088868,False,
all_valid,monthly,august,,500,21682,5547,749,20933,0.797036090159098,0.8700285231978917,0.07299243303879366,0.09530777613841707,0.1966571478170097,0.10134937167859262,0.1126260511192189,0.08016472305181728,-0.032461328067401624,False,
all_valid,monthly,august,,501,21724,5547,661,21063,0.8214810219582589,0.8922781400054572,0.07079711804719835,0.1050118307951716,0.2471036528513408,0.14209182205616921,0.11006092704195426,0.07548775415175489,-0.03457317289019937,False,
all_valid,monthly,august,,502,21715,5547,645,21070,0.8205579776529324,0.8999621784895678,0.07940420083663546,0.0931480995603458,0.25111334487183795,0.15796524531149214,0.11105384259779225,0.07558423599007406,-0.03546960660771818,False,
all_valid,monthly,august,,503,21747,5547,689,21058,0.815497276786582,0.8851408529431671,0.06964357615658512,0.10040222683645968,0.2088356303240175,0.10843340348755783,0.11047998376637799,0.0770754085351122,-0.03340457523126579,False,
all_valid,monthly,august,,504,21796,5547,722,21074,0.830911953314754,0.8957172943146917,0.06480534099993773,0.1138099547748078,0.23856322335858848,0.12475326858378068,0.10781991076185551,0.07390448804646038,-0.03391542271539513,False,
all_valid,monthly,august,,505,21695,5547,696,20999,0.8193113191487498,0.8837128533214226,0.0644015341726728,0.10081055026414182,0.21526560413849297,0.11445505387435115,0.11068649570456354,0.07674725756031678,-0.033939238144246764,False,
all_valid,monthly,august,,506,21719,5547,675,21044,0.8112917555456997,0.8823826620766366,0.07109090653093697,0.08932791935968731,0.20198582176543445,0.11265790240574713,0.11467453594340972,0.07995875141412716,-0.03471578452928256,False,
all_valid,monthly,august,,507,21673,5547,791,20882,0.8066228138098479,0.8747446823890693,0.06812186857922142,0.11127653881052063,0.23002390387662652,0.11874736506610589,0.11326781955176779,0.07973454559153621,-0.03353327396023158,False,
all_valid,monthly,august,,508,21769,5547,742,21027,0.811040791219914,0.8748129250327232,0.06377213381280922,0.1041060029670166,0.2076817535230877,0.10357575055607111,0.11187259692204347,0.07841879197820913,-0.03345380494383435,False,
all_valid,monthly,august,,509,21777,5547,631,21146,0.820578775918027,0.8852671405486241,0.06468836463059713,0.09162762368418462,0.19731499741787917,0.10568737373369455,0.10858847880549977,0.0760422189177177,-0.032546259887782064,False,
all_valid,monthly,august,,510,21697,5547,669,21028,0.8226552794721992,0.887401465993239,0.0647461865210398,0.10270561852287924,0.2371679663341662,0.13446234781128696,0.1128566308801626,0.0785893314020873,-0.03426729947807529,False,
all_valid,monthly,august,,511,21759,5547,703,21056,0.8151699106521335,0.8811467192276263,0.06597680857549282,0.10649140776392517,0.21952683218540797,0.1130354244214828,0.11079238287184859,0.07771479773478461,-0.03307758513706398,False,
all_valid,monthly,august,,512,21742,5547,684,21058,0.8133796715170964,0.8764579615531374,0.06307829003604093,0.09829974331117748,0.21918852033525657,0.12088877702407909,0.11172212011888975,0.07820464020052109,-0.03351747991836866,False,
all_valid,monthly,august,,513,21659,5547,641,21018,0.8075153323004174,0.8761123553706065,0.06859702307018911,0.08961194517678792,0.17977960828441852,0.09016766310763061,0.11114390032326635,0.08094947444537234,-0.030194425877894004,False,
all_valid,monthly,august,,514,21669,5547,641,21028,0.8125594816450068,0.8836142108419738,0.07105472919696698,0.09159550552765985,0.23932579083191985,0.14773028530426,0.1139527511492112,0.07920120347588802,-0.03475154767332318,False,
all_valid,monthly,august,,515,21744,5547,632,21112,0.8007240467956313,0.8689684251802323,0.06824437838460107,0.08191612444813744,0.16565546886243357,0.08373934441429613,0.11439648086100322,0.07933813635181942,-0.0350583445091838,False,
all_valid,monthly,august,,516,21682,5547,688,20994,0.8115753864337762,0.8837894021769231,0.0722140157431469,0.09651864228571835,0.21084115417095262,0.11432251188523426,0.1122062197135331,0.07658587285729279,-0.03562034685624031,False,
all_valid,monthly,august,,517,21760,5547,713,21047,0.7974676458771796,0.874848923910428,0.07738127803324846,0.0937582523027429,0.2176526578183397,0.1238944055155968,0.11508004057980581,0.07887229416556464,-0.03620774641424117,False,
all_valid,monthly,august,,518,21689,5547,583,21106,0.8273472673017468,0.8917523879709363,0.06440512066918946,0.09643008780939132,0.19068565691773554,0.09425556910834422,0.11033204087103052,0.07857065868996453,-0.031761382181065986,False,
all_valid,monthly,august,,519,21712,5547,632,21080,0.8316389642831409,0.9059011181034275,0.07426215382028667,0.1026812704403007,0.2523371522260333,0.1496558817857326,0.11131482533354434,0.07442612656736868,-0.03688869876617566,False,
all_valid,monthly,august,,520,21774,5547,659,21115,0.818079115128261,0.8799840601202247,0.06190494499196364,0.09703848038684798,0.22234209722616619,0.1253036168393182,0.1080765855943866,0.07469265533961138,-0.03338393025477522,False,
all_valid,monthly,august,,521,21778,5547,701,21077,0.8231610783556549,0.8888958676551577,0.06573478929950283,0.10275827933697934,0.1993499863568272,0.09659170701984787,0.11117011594780905,0.07993530526815582,-0.031234810679653238,False,
all_valid,monthly,august,,522,21744,5547,685,21059,0.8217012820775,0.8945129134933033,0.07281163141580327,0.09950985033190955,0.21637661772266972,0.11686676739076017,0.11389350757182311,0.0794842877059641,-0.034409219865859014,False,
all_valid,monthly,august,,523,21717,5547,658,21059,0.786372300950391,0.8659207717325084,0.07954847078211735,0.07704502302856193,0.18280698544053423,0.10576196241197229,0.11347595858241111,0.07892158412680397,-0.034554374455607134,False,
all_valid,monthly,august,,524,21744,5547,602,21142,0.827524355952834,0.9021720239444025,0.07464766799156852,0.0946951725607996,0.2255472526759051,0.13085208011510552,0.10796623119221214,0.07399130541357313,-0.03397492577863902,False,
all_valid,monthly,august,,525,21725,5547,666,21059,0.821462780031563,0.8916804168240609,0.07021763679249782,0.10064232748682249,0.2269180883607591,0.1262757608739366,0.11211385002657735,0.07944837600503878,-0.032665474021538576,False,
all_valid,monthly,august,,526,21749,5547,649,21100,0.8243892536092712,0.8915617902861859,0.0671725366769147,0.09972283014612707,0.22696847492260286,0.1272456447764758,0.11146938627052129,0.0788217760345677,-0.032647610235953584,False,
all_valid,monthly,august,,527,21713,5547,751,20962,0.8242899998742255,0.8948574879837727,0.07056748810954727,0.12062540056005941,0.2714483249700804,0.15082292441002101,0.11010948720419071,0.07589532223056682,-0.034214164973623895,False,
all_valid,monthly,august,,528,21726,5547,676,21050,0.8203135673024216,0.8918416984075672,0.07152813110514566,0.10061844311627709,0.2307285261292698,0.1301100830129927,0.10781074515370026,0.0763219442276895,-0.031488800926010765,False,
all_valid,monthly,august,,529,21691,5547,777,20914,0.8177382426210963,0.8856483295136828,0.06791008689258649,0.11211991934124504,0.23353434477778534,0.1214144254365403,0.11100434377796001,0.07678488628416467,-0.03421945749379533,False,
all_valid,monthly,august,,530,21689,5547,707,20982,0.8160080500063569,0.8878031375178861,0.07179508751152919,0.09891039310185316,0.2443032702177826,0.1453928771159294,0.11023676903523141,0.07746403959940756,-0.03277272943582385,False,
all_valid,monthly,august,,531,21736,5547,649,21087,0.8098865197326536,0.8790095738814244,0.06912305414877085,0.09278275514068082,0.2134993040609172,0.12071654892023637,0.1143056674225722,0.07996645356549996,-0.03433921385707224,False,
all_valid,monthly,august,,532,21729,5547,716,21013,0.8137895216236185,0.8881433999224211,0.07435387829880258,0.09920512367924571,0.2259951213464208,0.12678999766717508,0.11233844614767823,0.07904052687203872,-0.033297919275639506,False,
all_valid,monthly,august,,533,21792,5547,683,21109,0.8119585249732495,0.8852455639337533,0.07328703896050381,0.09923187494097725,0.20754630724226783,0.10831443230129058,0.10939368082666354,0.07606961120095741,-0.033324069625706124,False,
all_valid,monthly,august,,534,21716,5547,670,21046,0.8270060890075897,0.9038040340916343,0.0767979450840447,0.10076791250187431,0.24520219833468015,0.14443428583280585,0.1150492047306214,0.07695944503129798,-0.03808975969932342,False,
all_valid,monthly,august,,535,21693,5547,726,20967,0.8090136001464192,0.8828965259720083,0.07388292582558909,0.09723178269370296,0.24372875209801892,0.14649696940431595,0.11354757117256585,0.07888433647130692,-0.03466323470125893,False,
all_valid,monthly,august,,536,21752,5547,739,21013,0.8112598895702622,0.8719704220732741,0.06071053250301195,0.10188623162399073,0.2064331033657308,0.10454687174174009,0.10914566256502209,0.0781752542244297,-0.030970408340592392,False,
all_valid,monthly,august,,537,21746,5547,671,21075,0.8134486690603603,0.8865162917901965,0.07306762272983625,0.09200705588667911,0.2188219085085834,0.12681485262190428,0.10985247089543917,0.07420061520150002,-0.03565185569393915,False,
all_valid,monthly,august,,538,21736,5547,675,21061,0.823754912977647,0.8943338837626859,0.07057897078503883,0.10242045649382407,0.23930234408297874,0.13688188758915465,0.11471045073572908,0.07812574777355004,-0.03658470296217904,False,
all_valid,monthly,august,,539,21678,5547,769,20909,0.8113425562414527,0.8789938765550465,0.06765132031359378,0.10716525448590539,0.25085100998749515,0.14368575550158977,0.11348834119214626,0.0797196738847391,-0.03376866730740716,False,
all_valid,monthly,august,,540,21731,5547,758,20973,0.8101020573379494,0.8756388254933124,0.06553676815536302,0.10355394781563577,0.21824460233011755,0.11469065451448178,0.11301852246588212,0.07974497440545524,-0.033273548060426886,False,
all_valid,monthly,august,,541,21716,5547,660,21056,0.8136233392051212,0.8886457901584232,0.07502245095330196,0.09390726025192092,0.22640552888952337,0.13249826863760245,0.10908991438364377,0.07552483822424375,-0.03356507615940002,False,
all_valid,monthly,august,,542,21787,5547,651,21136,0.8126392488816483,0.8892044760811701,0.07656522719952186,0.08838886806016118,0.2124907092830931,0.12410184122293193,0.10944374926772998,0.0745900241941025,-0.03485372507362748,False,
all_valid,monthly,august,,543,21704,5547,694,21010,0.8233659832630817,0.8902547435213368,0.06688876025825508,0.11641230947955974,0.27493784696643114,0.1585255374868714,0.1078693789437184,0.07395798573725917,-0.03391139320645922,False,
all_valid,monthly,august,,544,21674,5547,677,20997,0.8174946424434693,0.8819870096093771,0.0644923671659079,0.09978090537807062,0.217677436111826,0.11789653073375538,0.1132917995921307,0.07980908283161096,-0.03348271676051974,False,
all_valid,monthly,august,,545,21678,5547,697,20981,0.8249740473668976,0.8962082042254942,0.07123415685859658,0.10705210973799821,0.22598444595222203,0.11893233621422382,0.11225031496073477,0.07792293525833158,-0.034327379702403196,False,
all_valid,monthly,august,,546,21743,5547,702,21041,0.8155138299380493,0.8863220647356382,0.07080823479758891,0.10062058446860365,0.21803526234175688,0.11741467787315323,0.11107426387698167,0.0768965838219139,-0.03417768005506777,False,
all_valid,monthly,august,,547,21727,5547,644,21083,0.7982318037287115,0.8717847059963828,0.0735529022676713,0.0813151566321761,0.1667083525273283,0.0853931958951522,0.1149404694612483,0.07974810805727946,-0.03519236140396885,False,
all_valid,monthly,august,,548,21766,5547,695,21071,0.8295848670596055,0.8974321487236199,0.06784728166401433,0.11770848011145303,0.2539238278529781,0.1362153477415251,0.10973289703775206,0.07468401726566565,-0.035048879772086414,False,
all_valid,monthly,august,,549,21788,5547,673,21115,0.8110502206307424,0.8846335376321349,0.07358331700139253,0.0897355987967766,0.1966811019626319,0.10694550316585529,0.11354884874211282,0.07980646311718362,-0.033742385624929205,False,
all_valid,monthly,august,,550,21746,5547,659,21087,0.8178141672339025,0.8896727647502403,0.07185859751633772,0.09547914488597474,0.21573555295333718,0.12025640806736244,0.11058411637631456,0.07767495675297187,-0.03290915962334269,False,
all_valid,monthly,august,,551,21765,5547,715,21050,0.8196120459113333,0.8865281796588209,0.06691613374748762,0.11508061343255126,0.2357554518268286,0.12067483839427735,0.11244385806393678,0.07863219600423332,-0.03381166205970346,False,
all_valid,monthly,august,,552,21673,5547,639,21034,0.803447224502605,0.8734194120168807,0.0699721875142757,0.0933023173135857,0.20247944394911294,0.10917712663552724,0.11219547056930056,0.07804812451316126,-0.0341473460561393,False,
all_valid,monthly,august,,553,21698,5547,728,20970,0.817027530171307,0.8876232792005325,0.0705957490292255,0.09760269347058491,0.21532816265101867,0.11772546918043376,0.10988085098643269,0.07802339523924434,-0.031857455747188346,False,
all_valid,monthly,august,,554,21676,5547,741,20935,0.8198610376504359,0.8874071696114862,0.0675461319610503,0.11821307230792945,0.25359404706506716,0.13538097475713773,0.11128585585786571,0.07956820428396956,-0.03171765157389615,False,
all_valid,monthly,august,,555,21773,5547,657,21116,0.8100031196812966,0.8890367998413057,0.07903368016000911,0.08814480576771279,0.22242100330490922,0.13427619753719644,0.11336271976665091,0.07837436464678928,-0.03498835511986163,False,
all_valid,monthly,august,,556,21792,5547,639,21153,0.8067561570011527,0.8876153595012772,0.08085920250012457,0.08286840347241371,0.20337405622015595,0.12050565274774223,0.11409741459390171,0.07976611778702751,-0.034331296806874204,False,
all_valid,monthly,august,,557,21773,5547,809,20964,0.822178475833196,0.8940858411936503,0.07190736536045428,0.10972103163360651,0.228486759110702,0.11876572747709548,0.11505733789757779,0.0810155294854233,-0.034041808412154484,False,
all_valid,monthly,august,,558,21712,5547,659,21053,0.8214202078474249,0.8980717571888623,0.07665154934143747,0.09686048820841976,0.2315628627824766,0.13470237457405682,0.11111502751407304,0.07406843769323343,-0.03704658982083961,False,
all_valid,monthly,august,,559,21727,5547,693,21034,0.8181608941806718,0.8886677805095605,0.07050688632888868,0.11211224030833045,0.23719821532050459,0.12508597501217414,0.10864553666988952,0.07527975009095335,-0.03336578657893617,False,
all_valid,monthly,august,,560,21762,5547,639,21123,0.8164608855931911,0.8885663870391152,0.07210550144592409,0.09214672265633049,0.21124262440516903,0.11909590174883854,0.11134179920916844,0.07703554131979107,-0.03430625788937737,False,
all_valid,monthly,august,,561,21701,5547,689,21012,0.8166763231847335,0.8855021541357113,0.06882583095097783,0.1031417106048274,0.2329500003641786,0.12980828975935121,0.11242695222474121,0.07823984215133097,-0.03418711007341024,False,
all_valid,monthly,august,,562,21755,5547,641,21114,0.8024438169910997,0.8669516658472535,0.0645078488561538,0.09363619796134041,0.19164855884535578,0.09801236088401537,0.11168699518975451,0.0782854431706496,-0.03340155201910491,False,
all_valid,monthly,august,,563,21720,5547,676,21044,0.8282094068331329,0.8979587289072544,0.06974932207412143,0.10405303632595582,0.25352273259230146,0.14946969626634565,0.1084287697687524,0.07732665174458601,-0.03110211802416639,False,
all_valid,monthly,august,,564,21713,5547,637,21076,0.8037827070037031,0.8671154375001676,0.06333273049646448,0.08344206977288307,0.16538469958379734,0.08194262981091427,0.11112633399336402,0.07843522986748734,-0.03269110412587668,False,
all_valid,monthly,august,,565,21733,5547,744,20989,0.8117600130534326,0.8821224584101144,0.07036244535668179,0.10307845440601533,0.22368985672109984,0.1206114023150845,0.11017296862082747,0.07691642579929404,-0.033256542821533425,False,
all_valid,monthly,august,,566,21707,5547,658,21049,0.7996674715142161,0.8766567400049761,0.07698926849075993,0.08585736932611168,0.18402929432178922,0.09817192499567753,0.1117202761194402,0.07777476269776111,-0.03394551342167909,False,
all_valid,monthly,august,,567,21741,5547,707,21034,0.805046829952287,0.8779786589207828,0.0729318289684957,0.0932884865058218,0.21472580891892087,0.12143732241309907,0.11179958523761438,0.07722304264091946,-0.03457654259669492,False,
all_valid,monthly,august,,568,21662,5547,797,20865,0.8071092742043386,0.8708109520454881,0.06370167784114944,0.10960670097280809,0.2299008997472938,0.12029419877448572,0.10873190079294995,0.07522596729539545,-0.0335059334975545,False,
all_valid,monthly,august,,569,21723,5547,648,21075,0.8201446187191541,0.8853407876045283,0.06519616888537416,0.1006286759418756,0.20985363091348871,0.10922495497161311,0.11344403498808749,0.07677432329742441,-0.036669711690663076,False,
all_valid,monthly,august,,570,21794,5547,650,21144,0.801509720888268,0.8772838266538607,0.07577410576559274,0.08264608008443758,0.1816355385798876,0.09898945849545002,0.11235575432439279,0.07978758466981455,-0.03256816965457825,False,
all_valid,monthly,august,,571,21761,5547,637,21124,0.8061973598668488,0.8820181022753587,0.07582074240850989,0.08595019441979111,0.21162326489579827,0.12567307047600718,0.11382948676793159,0.07786718691859014,-0.03596229984934145,False,
all_valid,monthly,august,,572,21748,5547,677,21071,0.8244488441589515,0.8894647322722005,0.06501588811324899,0.10652929047073857,0.255702288604231,0.14917299813349244,0.1119886480613092,0.07878515773790506,-0.03320349032340414,False,
all_valid,monthly,august,,573,21752,5547,758,20994,0.8158167693596587,0.8926131803457854,0.07679641098612666,0.11389995959402498,0.25940604985843857,0.14550609026441358,0.11258981280156224,0.07721717868627397,-0.03537263411528828,False,
all_valid,monthly,august,,574,21758,5547,638,21120,0.79799755984611,0.8780990251258668,0.08010146527975681,0.08064951407861543,0.1979009539410374,0.11725143986242198,0.11438457013892582,0.08043864307516539,-0.03394592706376043,False,
all_valid,monthly,august,,575,21740,5547,775,20965,0.8093105713824115,0.8787979966611019,0.06948742527869045,0.10256557311343593,0.21333253352552017,0.11076696041208424,0.11477261590014864,0.07935173793479909,-0.035420877965349554,False,
all_valid,monthly,august,,576,21745,5547,712,21033,0.8049783459592924,0.8872067409319865,0.08222839497269407,0.09493258930372672,0.23200014559822743,0.1370675562945007,0.11370478729623729,0.07669368847672646,-0.037011098819510826,False,
all_valid,monthly,august,,577,21724,5547,617,21107,0.8114664502908273,0.8831322445279393,0.07166579423711195,0.08892631134139072,0.20957685665018638,0.12065054530879567,0.11335612090216582,0.07682683977579184,-0.03652928112637398,False,
all_valid,monthly,august,,578,21693,5547,709,20984,0.8179654106802846,0.889112303712359,0.07114689303207444,0.10293316857640653,0.23542820570272951,0.132495037126323,0.11039220567744748,0.07659540103183499,-0.033796804645612494,False,
all_valid,monthly,august,,579,21722,5547,704,21018,0.831371202929956,0.900926640801391,0.06955543787143492,0.10962970760889401,0.2760841952736075,0.1664544876647135,0.10737723782616809,0.07394157719145736,-0.033435660634710734,False,
all_valid,monthly,august,,580,21644,5547,659,20985,0.8374907577238311,0.8983820005835514,0.06089124285972036,0.10973204014190158,0.23698106939883687,0.1272490292569353,0.10938643642610935,0.07546598532531608,-0.03392045110079327,False,
all_valid,monthly,august,,581,21699,5547,753,20946,0.7998228290567955,0.8745291915504221,0.07470636249362661,0.10003796376445534,0.2534132247921799,0.15337526102772459,0.11110852413640027,0.07706038061112745,-0.034048143525272814,False,
all_valid,monthly,august,,582,21692,5547,728,20964,0.8209520218857654,0.8889054443934237,0.06795342250765823,0.107729826833384,0.2492896513954957,0.1415598245621117,0.11216574650609826,0.07681189757873248,-0.035353848927365775,False,
all_valid,monthly,august,,583,21726,5547,625,21101,0.8179498601961992,0.8870505094545282,0.06910064925832904,0.09373774054728749,0.2087118643401867,0.11497412379289922,0.11071792549446302,0.07684070773295247,-0.03387721776151055,False,
all_valid,monthly,august,,584,21684,5547,675,21009,0.8202832295859094,0.8892117134984479,0.06892848391253847,0.11066911273857034,0.24930818342114677,0.13863907068257642,0.11130291461009949,0.077853669538173,-0.03344924507192648,False,
all_valid,monthly,august,,585,21693,5547,672,21021,0.8161877804734947,0.884278632365367,0.06809085189187225,0.09821298979357207,0.21202547710021144,0.11381248730663937,0.11223893691633535,0.0777385004535461,-0.03450043646278925,False,
all_valid,monthly,august,,586,21733,5547,729,21004,0.819829471373798,0.8919698880270764,0.07214041665327842,0.11134747378580478,0.23383568295783497,0.12248820917203018,0.11053725001922615,0.07575661878005466,-0.034780631239171494,False,
all_valid,monthly,august,,587,21766,5547,673,21093,0.8294077829387707,0.8977869815757556,0.06837919863698494,0.11697201819777053,0.27284540835963245,0.1558733901618619,0.10834220128582484,0.07461377125324678,-0.033728430032578055,False,
all_valid,monthly,august,,588,21747,5547,650,21097,0.8202241660316268,0.8814881445046872,0.06126397847306031,0.09205572722717333,0.215252029411509,0.12319630218433568,0.1120762480155918,0.07909947100937555,-0.03297677700621625,False,
all_valid,monthly,august,,589,21773,5547,730,21043,0.819885830644232,0.8865514123396385,0.06666558169540648,0.11494097719939655,0.2531871801006439,0.13824620290124734,0.10908227998915641,0.0740760115136886,-0.03500626847546781,False,
all_valid,monthly,august,,590,21731,5547,613,21118,0.8126643159612568,0.8889435374938954,0.07627922153263866,0.08637602449198316,0.20795516766839406,0.1215791431764109,0.11212820613808076,0.07804979809500487,-0.034078408043075895,False,
all_valid,monthly,august,,591,21703,5547,703,21000,0.8150166632798211,0.8838662873399716,0.0688496240601505,0.10721114176464319,0.22615524060953812,0.11894409884489493,0.11151714078670506,0.0777987659757093,-0.033718374810995766,False,
all_valid,monthly,august,,592,21729,5547,640,21089,0.8026482259708853,0.8738469255298971,0.07119869955901181,0.08663337157931938,0.18903741613682912,0.10240404455750973,0.11182112801514502,0.07764991106829472,-0.0341712169468503,False,
all_valid,monthly,august,,593,21742,5547,647,21095,0.8247854245880397,0.891247477280412,0.06646205269237226,0.09411133514259169,0.19717758892518802,0.10306625378259633,0.11279802532351955,0.07903799923566263,-0.03376002608785693,False,
all_valid,monthly,august,,594,21715,5547,624,21091,0.8359812758875156,0.8996130473686066,0.063631771481091,0.10422515462304943,0.21639255842512561,0.11216740380207618,0.10854127646924476,0.0746265806827945,-0.03391469578645026,False,
all_valid,monthly,august,,595,21808,5547,703,21105,0.8143075855566035,0.8886460470121114,0.07433846145550782,0.0972224099822155,0.24006000835953578,0.1428375983773203,0.11289582862048447,0.07721948475571364,-0.03567634386477084,False,
all_valid,monthly,august,,596,21756,5547,690,21066,0.8119966647265943,0.8876296305469216,0.0756329658203273,0.09424828331242806,0.24251145203715455,0.1482631687247265,0.11470439086723161,0.07852245582740391,-0.036181935039827695,False,
all_valid,monthly,august,,597,21753,5547,649,21104,0.8243152117154635,0.8891018549561873,0.0647866432407238,0.10154368981947441,0.22983721809493787,0.12829352827546348,0.10958544781344175,0.07785470734185818,-0.03173074047158357,False,
all_valid,monthly,august,,598,21714,5547,701,21013,0.8312594071749484,0.8995732076189775,0.06831380044402913,0.1067006099054084,0.23830494117494083,0.13160433126953242,0.1087810381235093,0.07370927791113775,-0.035071760212371544,False,
all_valid,monthly,august,,599,21720,5547,742,20978,0.8236188392974388,0.89571278497638,0.07209394567894112,0.11246407656462903,0.24126203204061755,0.12879795547598852,0.11099971783744002,0.07682913738346424,-0.03417058045397578,False,
all_valid,monthly,august,,600,21712,5547,702,21010,0.8202586341329797,0.898764324680555,0.07850569054757528,0.0987517150082209,0.2407613641475668,0.14200964913934588,0.11116410144756607,0.0769630937962287,-0.034201007651337365,False,
all_valid,monthly,august,,601,21674,5547,670,21004,0.8126309985020622,0.8808678233286056,0.06823682482654336,0.09541593563977191,0.20442067302976435,0.10900473738999245,0.11150637183507925,0.07846932357469007,-0.03303704826038918,False,
all_valid,monthly,august,,602,21755,5547,602,21153,0.8149376171362166,0.8917998640815461,0.0768622469453295,0.08342201323281809,0.20093959849748605,0.11751758526466796,0.11127577383631847,0.07653875612843149,-0.03473701770788698,False,
all_valid,monthly,august,,603,21712,5547,727,20985,0.8315922259267525,0.8992993947664851,0.0677071688397326,0.11817856466628372,0.27039252009159553,0.1522139554253118,0.11273569253701006,0.07643927707812327,-0.03629641545888679,False,
all_valid,monthly,august,,604,21743,5547,694,21049,0.799713800774726,0.8747460125632478,0.07503221178852182,0.08914602144095836,0.22084120213112693,0.13169518069016856,0.11682776814051753,0.08162402423517189,-0.03520374390534564,False,
all_valid,monthly,august,,605,21784,5547,732,21052,0.8165287957272598,0.8894531521738003,0.0729243564465405,0.09859242002247132,0.23106843887002768,0.13247601884755636,0.10875059352190847,0.07582435763700299,-0.03292623588490548,False,
all_valid,monthly,august,,606,21653,5547,627,21026,0.8052594865838618,0.8820641444760957,0.0768046578922339,0.0844976442934161,0.19317385385993244,0.10867620956651634,0.11344028519544652,0.07705208299385502,-0.0363882022015915,False,
all_valid,monthly,august,,607,21729,5547,645,21084,0.8292758092767358,0.9036615442989946,0.07438573502225876,0.103967336770093,0.2397488638076361,0.1357815270375431,0.1092771914000754,0.07350213846922841,-0.035775052930846984,False,
all_valid,monthly,august,,608,21740,5547,676,21064,0.8235210752465858,0.8966464839755763,0.07312540872899054,0.10464047660316717,0.21511764143679543,0.11047716483362827,0.11054530445012442,0.07780563422830546,-0.032739670221818964,False,
all_valid,monthly,august,,609,21728,5547,695,21033,0.8111670355628207,0.8789684726331044,0.06780143707028374,0.09797992853539594,0.22345567420534782,0.12547574566995187,0.11150793834151596,0.07637742171926248,-0.03513051662225347,False,
all_valid,monthly,august,,610,21719,5547,728,20991,0.8212854567184995,0.8975766563482728,0.07629119962977327,0.11312373434189614,0.2799529978717512,0.16682926352985505,0.109427401104954,0.07532069680958013,-0.034106704295373866,False,
all_valid,monthly,august,,611,21686,5547,662,21024,0.8026806222323386,0.8796170798328022,0.07693645760046364,0.08447192302811399,0.21923949575601692,0.13476757272790293,0.11337324234215312,0.07871825719909552,-0.03465498514305761,False,
all_valid,monthly,august,,612,21767,5547,678,21089,0.7989875329601153,0.8665500517472585,0.06756251878714326,0.0877849927603047,0.1950482413573694,0.1072632485970647,0.11239119809560309,0.0790741811882228,-0.03331701690738029,False,
all_valid,monthly,august,,613,21670,5547,673,20997,0.802341889781042,0.8796223701666571,0.07728048038561508,0.08867177021956296,0.21575969639736772,0.12708792617780476,0.11596038179626546,0.07960134231921097,-0.03635903947705449,False,
all_valid,monthly,august,,614,21739,5547,769,20970,0.8185085139275687,0.884529140334852,0.06602062640728323,0.12142209350163378,0.2657975846032329,0.14437549110159908,0.11083362381815609,0.07713223949581932,-0.03370138432233677,False,
all_valid,monthly,august,,615,21765,5547,673,21092,0.8345268122756062,0.9013240374229761,0.06679722514736985,0.11013733809865564,0.26803230264196337,0.15789496454330773,0.10703334921922329,0.07300871437745202,-0.034024634841771276,False,
all_valid,monthly,august,,616,21691,5547,690,21001,0.8109846391027618,0.8787089503674429,0.06772431126468115,0.09791783922544293,0.2145481019842398,0.11663026275879686,0.11214706199962737,0.07791575650312038,-0.03423130549650699,False,
all_valid,monthly,august,,617,21679,5547,686,20993,0.8077942543391181,0.8803668972539644,0.07257264291484633,0.09622681015584517,0.22223756948723367,0.1260107593313885,0.11186279244095937,0.07702160594722257,-0.0348411864937368,False,
all_valid,monthly,august,,618,21741,5547,663,21078,0.820864956520756,0.881341471460525,0.06047651493976902,0.09914456541693398,0.1995173355458118,0.10037277012887783,0.10941608430967394,0.07669766818890901,-0.032718416120764926,False,
all_valid,monthly,august,,619,21709,5547,634,21075,0.8123283601079216,0.8846856839214013,0.0723573238134797,0.0934244900955524,0.208912914749234,0.11548842465368162,0.10945174414171559,0.07630537749485584,-0.03314636664685974,False,
all_valid,monthly,august,,620,21754,5547,695,21059,0.8157870949073877,0.8860918672820896,0.0703047723747019,0.09745227306261675,0.22143280590455858,0.12398053284194183,0.11146331108259945,0.07786659169347632,-0.033596719389123134,False,
all_valid,monthly,august,,621,21689,5547,688,21001,0.8132423511394253,0.8779635216706181,0.06472117053119275,0.10381524219818167,0.23097787016559512,0.12716262796741346,0.11210378289795021,0.07789659687980051,-0.034207186018149704,False,
all_valid,monthly,august,,622,21756,5547,743,21013,0.8047044388787329,0.879242030457464,0.07453759157873108,0.10526118427296198,0.23094130528166598,0.12568012100870402,0.11243741697380581,0.0791030584934316,-0.03333435848037421,False,
all_valid,monthly,august,,623,21733,5547,726,21007,0.8382539678168408,0.904466056900094,0.06621208908325316,0.11955265833972778,0.26814113344279816,0.14858847510307038,0.10919099899582001,0.07656619497863551,-0.0326248040171845,False,
all_valid,monthly,august,,624,21777,5547,675,21102,0.8091101773747968,0.8830407509205728,0.07393057354577592,0.09429251910174699,0.2066564678036807,0.1123639487019337,0.11191951618458036,0.07896404590729329,-0.03295547027728707,False,
all_valid,monthly,august,,625,21739,5547,594,21145,0.8143797874703527,0.8824443696044547,0.06806458213410205,0.08679596346165114,0.18523564349654623,0.09843968003489509,0.1091865629026153,0.07579162788311522,-0.03339493501950008,False,
all_valid,monthly,august,,626,21732,5547,615,21117,0.8061442424340425,0.8653934659818256,0.05924922354778317,0.0861074603278842,0.17538956513036252,0.08928210480247832,0.11168145924324671,0.07907223531245312,-0.03260922393079359,False,
all_valid,monthly,august,,627,21727,5547,823,20904,0.8223429190155401,0.8877240235870838,0.06538110457154367,0.12557168638735777,0.251795686522647,0.12622400013528923,0.11028379213944893,0.07710804306571092,-0.033175749073738006,False,
all_valid,monthly,august,,628,21745,5547,655,21090,0.8250656039727957,0.8918292740309615,0.06676367005816575,0.1057004810252777,0.2703795250411101,0.16467904401583244,0.11049557657394185,0.0765441735116097,-0.033951403062332144,False,
all_valid,monthly,august,,629,21711,5547,688,21023,0.8195390098773325,0.8945170378179381,0.0749780279406056,0.10129678718866672,0.23589516984587294,0.13459838265720622,0.11064121057232938,0.07708224119874475,-0.03355896937358463,False,
all_valid,monthly,august,,630,21732,5547,713,21019,0.8154832464075947,0.8845451857589344,0.06906193935133964,0.1041845380881645,0.25726924598816037,0.15308470789999587,0.11301007635939325,0.0778081373035983,-0.035201939055794954,False,
all_valid,monthly,august,,631,21735,5547,745,20990,0.8195049096565639,0.8857485347768673,0.06624362512030346,0.10742036567783476,0.25340580939722257,0.14598544371938782,0.112263095508009,0.0770910983197011,-0.03517199718830791,False,
all_valid,monthly,august,,632,21766,5547,704,21062,0.8184367473519738,0.8904329263818509,0.0719961790298771,0.11129675132063818,0.23116691166938333,0.11987016034874515,0.11298026072531296,0.07799865716437913,-0.03498160356093383,False,
all_valid,monthly,august,,633,21649,5547,655,20994,0.8082664839899733,0.8810233676361185,0.0727568836461453,0.09422597079458082,0.21525338953521453,0.1210274187406337,0.11190924556318024,0.07786088355253692,-0.03404836201064332,False,
all_valid,monthly,august,,634,21716,5547,713,21003,0.8207268059415007,0.8962074408791799,0.0754806349376792,0.09816860008952993,0.22882129525717998,0.13065269516765005,0.1135417630458201,0.07651191148422855,-0.037029851561591554,False,
all_valid,monthly,august,,635,21738,5547,727,21011,0.7956214328552732,0.8690719219126525,0.07345048905737928,0.09250660177618875,0.20627366842127673,0.11376706664508798,0.11347856042788271,0.08088808793001577,-0.03259047249786694,False,
all_valid,monthly,august,,636,21697,5547,684,21013,0.8135671651884673,0.8806757192637362,0.06710855407526894,0.10062007019201194,0.22685157928667096,0.12623150909465902,0.10834428868336371,0.07503996310254821,-0.0333043255808155,False,
all_valid,monthly,august,,637,21760,5547,720,21040,0.8302678099915505,0.8919981780735108,0.06173036808196031,0.11644339285689716,0.22552336492395844,0.10907997206706128,0.11049517675222627,0.07825603513601827,-0.032239141616208,False,
all_valid,monthly,august,,638,21718,5547,726,20992,0.8037054913743868,0.8823350781932406,0.07862958681885379,0.09937199037119493,0.2264615114321058,0.12708952106091087,0.11365113464537706,0.07711400184737088,-0.036537132798006175,False,
all_valid,monthly,august,,639,21715,5547,688,21027,0.8105462550364371,0.8838680279286543,0.0733217728922172,0.09655508296338276,0.23588137788466185,0.13932629492127907,0.11468557075348602,0.07962688852135977,-0.035058682232126256,False,
all_valid,monthly,august,,640,21673,5547,641,21032,0.8211568554031625,0.8901737431231749,0.06901688772001235,0.09626704957154959,0.22099351240141196,0.12472646282986237,0.10948003182527645,0.07657344405701857,-0.032906587768257875,False,
all_valid,monthly,august,,641,21740,5547,681,21059,0.8170573005190158,0.8893660695539747,0.07230876903495886,0.10694963416853492,0.25290124237390377,0.14595160820536884,0.1107155842387921,0.07643471394721987,-0.03428087029157223,False,
all_valid,monthly,august,,642,21795,5547,655,21140,0.8254192695732557,0.8898921764752614,0.06447290690200569,0.09817154776637092,0.23117442056971158,0.13300287280334067,0.10982261005963478,0.07588844355519771,-0.03393416650443708,False,
all_valid,monthly,august,,643,21728,5547,737,20991,0.8171226965720981,0.8938606950953394,0.07673799852324126,0.11018801574889901,0.26170859475336355,0.15152057900446453,0.11308325396645806,0.07857006068672186,-0.034513193279736204,False,
all_valid,monthly,august,,644,21736,5547,752,20984,0.8115949918276134,0.8801203525888012,0.06852536076118776,0.101876986185199,0.20697303292451522,0.10509604673931622,0.11199176114721218,0.07741000834926046,-0.034581752797951726,False,
all_valid,monthly,august,,645,21747,5547,656,21091,0.8161960916169306,0.8958436207329217,0.07964752911599104,0.09816629830095182,0.22132031066241997,0.12315401236146815,0.11280461850452393,0.07599188862570413,-0.0368127298788198,False,
all_valid,monthly,august,,646,21723,5547,742,20981,0.8125746809043377,0.8786571241262953,0.06608244322195755,0.10731835980114492,0.23939060651029956,0.13207224670915463,0.11104788394460222,0.07653506865690263,-0.03451281528769959,False,
all_valid,monthly,august,,647,21762,5547,656,21106,0.8176641915488141,0.8951247535667813,0.07746056201796725,0.09502527514911137,0.24869097381149854,0.15366569866238716,0.11260954491171672,0.07619439596469056,-0.03641514894702616,False,
all_valid,monthly,august,,648,21720,5547,716,21004,0.8253461165683791,0.8929839381485198,0.06763782158014076,0.11774437485449021,0.24311628354526688,0.12537190869077666,0.11100523178122677,0.07781401197059126,-0.03319121981063551,False,
all_valid,monthly,august,,649,21759,5547,700,21059,0.8103863295638782,0.881774809548683,0.0713884799848048,0.10411512428459715,0.21947038742263275,0.1153552631380356,0.11359506746355277,0.07784486488423005,-0.035750202579322723,False,
all_valid,monthly,august,,650,21704,5547,698,21006,0.8143701335707876,0.8822126001930954,0.06784246662230786,0.10682847457575025,0.21470622971609962,0.10787775514034938,0.1113325663676461,0.07921678864391393,-0.03211577772373217,False,
all_valid,monthly,august,,651,21686,5547,705,20981,0.8202771098876693,0.8888022631756323,0.06852515328796294,0.10440999700233734,0.24474589168333713,0.14033589468099977,0.11079696484742294,0.07738922952901864,-0.0334077353184043,False,
all_valid,monthly,august,,652,21726,5547,654,21072,0.8120455366078498,0.8815416460587147,0.06949610945086482,0.09118585783697764,0.19577194950408272,0.10458609166710509,0.11209644860633555,0.07885823300436816,-0.033238215601967394,False,
all_valid,monthly,august,,653,21722,5547,688,21034,0.8124554293049348,0.8792878390689713,0.0668324097640366,0.09828697953249577,0.21430801279877731,0.11602103326628155,0.11085809407577032,0.077999322742752,-0.03285877133301833,False,
all_valid,monthly,august,,654,21735,5547,638,21097,0.8058700497166172,0.884631786628802,0.0787617369121848,0.08230822353073432,0.20777167174017905,0.12546344820944472,0.11298330521960628,0.07770564216868837,-0.03527766305091791,False,
all_valid,monthly,august,,655,21721,5547,648,21073,0.8022455596741016,0.8759259405722494,0.07368038089814777,0.08631886688790422,0.19738246495667197,0.11106359806876775,0.11315881371597095,0.07868950105651286,-0.03446931265945809,False,
all_valid,monthly,august,,656,21713,5547,652,21061,0.8096926602043786,0.8827719394117526,0.073079279207374,0.090769788939033,0.21960955905730997,0.12883977011827696,0.11199607466651147,0.07523021934744097,-0.036765855319070506,False,
all_valid,monthly,august,,657,21747,5547,650,21097,0.8105833494372149,0.8866839980894112,0.07610064865219635,0.08925168401369386,0.20514827951604728,0.11589659550235341,0.11188381528879031,0.07689835180302913,-0.034985463485761176,False,
all_valid,monthly,august,,658,21799,5547,628,21171,0.8227605693041827,0.8830793053952242,0.060318736091041436,0.09739146406846075,0.209427017058069,0.11203555298960824,0.1090522305205698,0.07596721032310211,-0.03308502019746769,False,
all_valid,monthly,august,,659,21737,5547,585,21152,0.8289567089491446,0.8955803011495145,0.06662359220036984,0.09047909878267818,0.24056072782859989,0.1500816290459217,0.10850036379129106,0.07372447095917534,-0.034775892832115726,False,
all_valid,monthly,august,,660,21738,5547,754,20984,0.801470313114653,0.8678668653444179,0.06639655222976493,0.09960419861687676,0.22484621476124514,0.12524201614436836,0.11382527216663423,0.08175188032744922,-0.032073391839185006,False,
all_valid,monthly,august,,661,21730,5547,723,21007,0.824470944645271,0.8879776687754941,0.06350672413022307,0.11331902032083559,0.24388388091114788,0.1305648605903123,0.11155551001172413,0.07861544199258126,-0.03294006801914287,False,
all_valid,monthly,august,,662,21718,5547,688,21030,0.8227178228223248,0.8906000840438354,0.06788226122151064,0.1062136450572252,0.22601043908325644,0.11979679402603123,0.11034694427405946,0.07677573632646972,-0.033571207947589735,False,
all_valid,monthly,august,,663,21710,5547,671,21039,0.8127915023189138,0.8863653187122715,0.0735738163933577,0.09617683307089661,0.21474823705177046,0.11857140398087385,0.11184594063523406,0.07833306357852479,-0.03351287705670927,False,
all_valid,monthly,august,,664,21749,5547,673,21076,0.8130383298313018,0.8868694122480956,0.07383108241679381,0.0974886404640446,0.2218356717248254,0.12434703126078081,0.11252200294657114,0.07548215332785096,-0.03703984961872017,False,
all_valid,monthly,august,,665,21730,5547,701,21029,0.810320494169827,0.8801629758076766,0.06984248163784956,0.09857444881293805,0.24033653392189358,0.14176208510895555,0.1115336179052633,0.07691693042824645,-0.03461668747701685,False,
all_valid,monthly,august,,666,21680,5547,667,21013,0.8217850575973138,0.8901081510831698,0.06832309348585597,0.1058049735435796,0.22979015407110917,0.12398518052752958,0.11148364564615297,0.07750079330167207,-0.033982852344480896,False,
all_valid,monthly,august,,667,21756,5547,687,21069,0.8009744512433432,0.8720155850296555,0.07104113378631227,0.08665032054704185,0.16975528877457322,0.08310496822753137,0.11386557374202766,0.08013468806880171,-0.03373088567322595,False,
all_valid,monthly,august,,668,21710,5547,616,21094,0.8148719584198867,0.8764302860787643,0.06155832765887759,0.09393983083814478,0.19840942536244371,0.10446959452429894,0.11086022165878966,0.07578200795956742,-0.03507821369922223,False,
all_valid,monthly,august,,669,21729,5547,718,21011,0.8091380440196533,0.8766844373467194,0.06754639332706613,0.10274015911851611,0.22974368982291132,0.1270035307043952,0.11415512800889388,0.0812963220633637,-0.03285880594553019,False,
all_valid,monthly,august,,670,21750,5547,715,21035,0.8226484330976843,0.8924802319145081,0.06983179881682378,0.10362004632943388,0.22679489566074784,0.12317484933131397,0.11484882767373294,0.08149239730590768,-0.03335643036782526,False,
all_valid,monthly,august,,671,21757,5547,657,21100,0.8041090119529384,0.8788515945667149,0.07474258261377653,0.08427367139888835,0.204636063907612,0.12036239250872365,0.11078991034633412,0.07766464685878191,-0.03312526348755221,False,
all_valid,monthly,august,,672,21739,5547,730,21009,0.8176225844501085,0.8894450323638206,0.07182244791371206,0.10039696276409053,0.22802774159675457,0.12763077883266405,0.11292876611380939,0.07790429431308142,-0.03502447180072797,False,
all_valid,monthly,august,,673,21721,5547,663,21058,0.8154188668314919,0.8875362838283176,0.07211741699682572,0.09121854435406596,0.19765484718169027,0.10643630282762431,0.10952947182667636,0.07532105351957921,-0.034208418307097144,False,
all_valid,monthly,august,,674,21751,5547,670,21081,0.8234545926975341,0.8974429828939832,0.0739883901964491,0.10060428787510471,0.25510649113902684,0.1545022032639221,0.10964934087204822,0.07331143480460588,-0.036337906067442347,False,
all_valid,monthly,august,,675,21720,5547,626,21094,0.8117990640404386,0.8833134264971249,0.0715143624566863,0.10030612306951667,0.21861216203238704,0.11830603896287037,0.1119628559900046,0.07683620537045689,-0.035126650619547714,False,
all_valid,monthly,august,,676,21696,5547,646,21050,0.8289925946625681,0.901735437517925,0.07274284285535682,0.10263029928230273,0.22749887507433889,0.12486857579203615,0.11308561356067869,0.07987668155210835,-0.033208932008570335,False,
all_valid,monthly,august,,677,21759,5547,622,21137,0.814644151985356,0.8788611031964643,0.06421695121110826,0.09295491980010982,0.1992018235028037,0.10624690370269387,0.11320710385255878,0.07968553097218446,-0.033521572880374315,False,
all_valid,monthly,august,,678,21777,5547,721,21056,0.8042319747564384,0.8753713102158855,0.07113933545944717,0.09444443496672666,0.20160809384343464,0.10716365887670798,0.11227297900062383,0.07792417867019237,-0.03434880033043146,False,
all_valid,monthly,august,,679,21658,5547,702,20956,0.8053557746008595,0.8851826428892663,0.0798268682884068,0.09266342930195327,0.20945207345207129,0.11678864415011801,0.11533695887237165,0.08042446065650827,-0.03491249821586338,False,
all_valid,monthly,august,,680,21764,5547,705,21059,0.8092763357524065,0.8887237780784079,0.07944744232600132,0.09636540410532823,0.2226606867886167,0.12629528268328846,0.1132931884967619,0.07932278207163432,-0.03397040642512758,False,
all_valid,monthly,august,,681,21750,5547,612,21138,0.8129776810588618,0.8831386277663682,0.07016094670750639,0.09337595645200968,0.22322390773583842,0.12984795128382876,0.11025929555127403,0.07426726835922953,-0.0359920271920445,False,
all_valid,monthly,august,,682,21644,5547,654,20990,0.8266178885241698,0.8934674003785114,0.06684951185434151,0.09671326679232839,0.20873200278658643,0.11201873599425805,0.10985901001802012,0.07626563152007956,-0.03359337849794056,False,
all_valid,monthly,august,,683,21699,5547,695,21004,0.8142929267326949,0.8913336822448343,0.0770407555121394,0.10266556787734392,0.2333567579185021,0.1306911900411582,0.11091268350159562,0.07531211835465489,-0.03560056514694074,False,
all_valid,monthly,august,,684,21711,5547,648,21063,0.8163724581692898,0.8792867429457658,0.06291428477647598,0.10596264379402603,0.22177290732132104,0.11581026352729501,0.11202713422791284,0.07919078282801603,-0.03283635139989681,False,
all_valid,monthly,august,,685,21750,5547,682,21068,0.8099639792277151,0.8820285604998087,0.07206458127209359,0.09433805107795083,0.20184635418233185,0.10750830310438102,0.109445952393598,0.07601323323670486,-0.03343271915689314,False,
all_valid,monthly,august,,686,21728,5547,699,21029,0.8108281016112975,0.8845514855804755,0.07372338396917799,0.09478812531872383,0.19827082034071355,0.10348269502198973,0.11297829376990808,0.07934750821065907,-0.033630785559249005,False,
all_valid,monthly,august,,687,21727,5547,709,21018,0.8284414957103732,0.8824416870971366,0.054000191386763374,0.11292389489645942,0.21813986468471175,0.10521596978825233,0.10918285283360271,0.07878362493118574,-0.030399227902416975,False,
all_valid,monthly,august,,688,21734,5547,689,21045,0.8298581966006219,0.8963655529773956,0.06650735637677374,0.10573000984843546,0.23510525271559068,0.12937524286715524,0.11190052804444185,0.07713357225806053,-0.03476695578638132,False,
all_valid,monthly,august,,689,21719,5547,670,21049,0.805811244977072,0.8825664777920459,0.07675523281497387,0.09400895152243585,0.22095952944095382,0.12695057791851797,0.11481193020241384,0.07821875132325577,-0.03659317887915807,False,
all_valid,monthly,august,,690,21727,5547,771,20956,0.8239858499149227,0.8831344235801082,0.059148573665185444,0.11827058728942436,0.24029667263358137,0.12202608534415701,0.11052159403652492,0.07850356205970883,-0.03201803197681609,False,
all_valid,monthly,august,,691,21732,5547,727,21005,0.8333005143532014,0.8968613944344817,0.06356088008128025,0.11499178117054869,0.23430114199054175,0.11930936081999306,0.10824911255755133,0.07558613757965991,-0.03266297497789142,False,
all_valid,monthly,august,,692,21715,5547,639,21076,0.8189813688652232,0.884022158721503,0.06504078985627981,0.0974041089995372,0.20022863343671837,0.10282452443718117,0.106975411546093,0.07547316272607231,-0.03150224882002069,False,
all_valid,monthly,august,,693,21709,5547,684,21025,0.8099134975766805,0.8855150162365883,0.07560151865990783,0.09889735927555346,0.21050692140292623,0.11160956212737277,0.11257335762612584,0.07912013334759224,-0.0334532242785336,False,
all_valid,monthly,august,,694,21707,5547,741,20966,0.8167235739169245,0.8909174715492715,0.07419389763234696,0.11187467948388528,0.25744978731811663,0.14557510783423133,0.11001400463925255,0.07710686046577199,-0.03290714417348056,False,
all_valid,monthly,august,,695,21774,5547,745,21029,0.8220599166188207,0.8887746260277833,0.06671470940896262,0.11244877999161174,0.2361112446198424,0.12366246462823066,0.11165354106255934,0.07751984829809547,-0.034133692764463874,False,
all_valid,monthly,august,,696,21701,5547,751,20950,0.8133303248810656,0.8900362603243408,0.0767059354432752,0.11182177013624213,0.26587579970058184,0.15405402956433972,0.11494896825177965,0.07877890749841626,-0.03617006075336339,False,
all_valid,monthly,august,,697,21749,5547,718,21031,0.8059329184971542,0.8837720521066594,0.07783913360950523,0.0936037282160982,0.22216282334171825,0.12855909512562003,0.11376466448684439,0.07823883820049604,-0.035525826286348344,False,
all_valid,monthly,august,,698,21715,5547,598,21117,0.8166650116099456,0.8868372784659067,0.07017226685596101,0.08704992801731791,0.19222570622193522,0.1051757782046173,0.11099681269708611,0.07739264193686049,-0.03360417076022562,False,
all_valid,monthly,august,,699,21780,5547,659,21121,0.8310757892651052,0.9018493701189454,0.07077358085384022,0.10903000404745417,0.2564096042826797,0.14737960023522556,0.10990059926825554,0.07351398807055323,-0.03638661119770231,False,
all_valid,monthly,august,,700,21739,5547,651,21088,0.8163789978765014,0.8898791313235853,0.07350013344708395,0.0929628551439473,0.21219543626571805,0.11923258112177075,0.11128676353215296,0.07947186925936481,-0.03181489427278815,False,
all_valid,monthly,august,,701,21791,5547,659,21132,0.8358655055569486,0.8968417178012791,0.060976212244330474,0.10751002119511507,0.24249901881732835,0.13498899762221328,0.10597331633029744,0.07434999079236783,-0.03162332553792961,False,
all_valid,monthly,august,,702,21749,5547,677,21072,0.8354790328496011,0.9051751524491116,0.0696961195995105,0.10393675846754201,0.24208930062534975,0.13815254215780776,0.10668718653919301,0.07296759903054997,-0.03371958750864304,False,
all_valid,monthly,august,,703,21723,5547,773,20950,0.8266893700580759,0.8874261084884543,0.06073673843037841,0.11344960419251729,0.2397452821515641,0.1262956779590468,0.10988574614669472,0.07826550985913007,-0.03162023628756465,False,
all_valid,monthly,august,,704,21743,5547,626,21117,0.8174356744509255,0.8863247983507677,0.06888912389984225,0.09216246701112434,0.2259330236443574,0.13377055663323306,0.11248949671073354,0.07800790595600542,-0.03448159075472812,False,
all_valid,monthly,august,,705,21696,5547,671,21025,0.8188458491859986,0.8950685703450756,0.07622272115907702,0.09630429256101274,0.22353635240435288,0.12723205984334013,0.11000339398240662,0.07515699376606251,-0.03484640021634411,False,
all_valid,monthly,august,,706,21690,5547,696,20994,0.8262806204071442,0.8877070378071896,0.0614264174000454,0.11512765140546681,0.22911041395159817,0.11398276254613136,0.11086875594612229,0.07871570234731537,-0.03215305359880692,False,
all_valid,monthly,august,,707,21720,5547,723,20997,0.8006236285747467,0.8736789837130787,0.07305535513833206,0.09041212383865294,0.2114533876109174,0.12104126377226446,0.11280055767084686,0.07797136477888468,-0.03482919289196218,False,
all_valid,monthly,august,,708,21692,5547,706,20986,0.8225077341457099,0.8872954288424848,0.06478769469677492,0.10838791121587833,0.2360483255947,0.12766041437882164,0.11107337535677833,0.07919133521741842,-0.03188204013935991,False,
all_valid,monthly,august,,709,21763,5547,691,21072,0.8264786049511729,0.8918273589166275,0.06534875396545459,0.1069233346983992,0.23801978417243977,0.1310964494740406,0.11047331491606852,0.07634448233278042,-0.034128832583288096,False,
all_valid,monthly,august,,710,21746,5547,696,21050,0.8182656237202064,0.8875922816501487,0.0693266579299423,0.09675640692394062,0.2175473063316935,0.12079089940775288,0.11084800577952587,0.07677826371837951,-0.034069742061146366,False,
all_valid,monthly,august,,711,21719,5547,705,21014,0.8088902568837931,0.8737972051054109,0.0649069482216178,0.09836541476399273,0.2176461010071331,0.11928068624314038,0.1137782124735988,0.08098195058694266,-0.032796261886656145,False,
all_valid,monthly,august,,712,21762,5547,691,21071,0.8259277210445752,0.8981191081548352,0.07219138711025996,0.10436479523436097,0.23280635596740606,0.12844156073304508,0.1088079167027114,0.07515231748003208,-0.033655599222679314,False,
all_valid,monthly,august,,713,21665,5547,647,21018,0.7993211971250667,0.8728092488031529,0.07348805167808625,0.08428357478088952,0.17993663856123795,0.09565306378034844,0.11045921002596508,0.0769659874367446,-0.03349322258922048,False,
all_valid,monthly,august,,714,21718,5547,600,21118,0.8261031663351959,0.8918724942387222,0.0657693279035263,0.09679897425353153,0.21754552997240761,0.12074655571887609,0.11394664453547451,0.07859993711504763,-0.03534670742042688,False,
all_valid,monthly,august,,715,21741,5547,711,21030,0.8344897417325594,0.8949684096057271,0.06047866787316769,0.12257232128799372,0.2674182185376408,0.14484589724964708,0.10995680232343656,0.0763476621249664,-0.03360914019847017,False,
all_valid,monthly,august,,716,21760,5547,672,21088,0.8060168217989017,0.8782782834064962,0.0722614616075945,0.09318288850735824,0.21303375619822593,0.11985086769086768,0.11381501104267391,0.07913871911742071,-0.034676291925253205,False,
all_valid,monthly,august,,717,21777,5547,673,21104,0.8285589402570952,0.8937302788032269,0.06517133854613166,0.10569992111582385,0.24246457336822988,0.13676465225240603,0.10674841648882308,0.07413025334469978,-0.0326181631441233,False,
all_valid,monthly,august,,718,21710,5547,734,20976,0.8097958585600359,0.8827760466353658,0.07298018807532991,0.11003002419923895,0.2178123629408452,0.10778233874160624,0.11092674013459186,0.07790294477316713,-0.03302379536142473,False,
all_valid,monthly,august,,719,21710,5547,726,20984,0.8134912445426083,0.8836695989808317,0.0701783544382234,0.10233320733180686,0.23139135594860127,0.12905814861679443,0.11007839210449478,0.07711264144391233,-0.03296575066058245,False,
all_valid,monthly,august,,720,21724,5547,692,21032,0.8051756942902311,0.8798596468469736,0.07468395255674254,0.08908841763052211,0.19164406714409202,0.10255564951356991,0.11303749596059937,0.07916036885978966,-0.0338771271008097,False,
all_valid,monthly,august,,721,21736,5547,673,21063,0.834278738820685,0.8992878436790386,0.06500910485835354,0.10448959669849502,0.24634528484152002,0.14185568814302502,0.10931011719178994,0.07605149055002314,-0.033258626641766806,False,
all_valid,monthly,august,,722,21742,5547,612,21130,0.815561850233073,0.8835444447537653,0.06798259452069222,0.08585275640443116,0.21558035035780498,0.12972759395337383,0.11103429592818462,0.07613732689828433,-0.03489696902990029,False,
all_valid,monthly,august,,723,21729,5547,734,20995,0.8098688347361803,0.88429164073709,0.07442280600090967,0.09948229118076934,0.22687543397503562,0.12739314279426628,0.11453596035368176,0.07837527426300901,-0.036160686090672745,False,
all_valid,monthly,august,,724,21773,5547,713,21060,0.8215717065646939,0.8883709670759694,0.0667992605112755,0.10504980060371043,0.22983568442907323,0.1247858838253628,0.11006421960968127,0.07676022311987774,-0.03330399648980353,False,
all_valid,monthly,august,,725,21712,5547,669,21043,0.8026217510205986,0.8826681106456729,0.08004635962507423,0.08460788158441875,0.19470582610726067,0.11009794452284193,0.11096608819559634,0.07580902809938235,-0.035157060096213985,False,
all_valid,monthly,august,,726,21716,5547,699,21017,0.8163180524955511,0.886764668944678,0.07044661644912686,0.1037273964084268,0.2222010088521341,0.11847361244370729,0.11125660943871385,0.07888494334856817,-0.032371666090145676,False,
all_valid,monthly,august,,727,21737,5547,706,21031,0.8281758090006887,0.894275589131005,0.06609978013031637,0.12080327793567919,0.2574266309675374,0.13662335303185819,0.11130448234306468,0.07563884974809734,-0.03566563259496734,False,
all_valid,monthly,august,,728,21735,5547,664,21071,0.8112776196142361,0.8774162427318309,0.06613862311759489,0.09450047451451699,0.21754726665477395,0.12304679214025696,0.11005143891381824,0.07832834369142846,-0.03172309522238978,False,
all_valid,monthly,august,,729,21709,5547,708,21001,0.8174768110315973,0.8886387438639591,0.07116193283236183,0.10214245039428732,0.24652297269108434,0.14438052229679701,0.11054253430269712,0.07576362871238773,-0.034778905590309384,False,
all_valid,monthly,august,,730,21720,5547,784,20936,0.8143957191206631,0.8874985500027295,0.07310283088206637,0.10826711155119972,0.22285277631691436,0.11458566476571463,0.11377336192304166,0.07993328922498408,-0.03384007269805758,False,
all_valid,monthly,august,,731,21778,5547,603,21175,0.8228450819495596,0.8929760485255737,0.07013096657601403,0.09619645381963479,0.21518558149828004,0.11898912767864525,0.10606175619199096,0.07461669004462333,-0.031445066147367626,False,
all_valid,monthly,august,,732,21728,5547,761,20967,0.8190005356643602,0.8851321145606008,0.06613157889624066,0.1151305895883277,0.2550721457286573,0.13994155614032958,0.10963246942861551,0.07589134553766831,-0.0337411238909472,False,
all_valid,monthly,august,,733,21729,5547,590,21139,0.8235353403340762,0.891244394448048,0.06770905411397188,0.09136214642042015,0.23386218047147175,0.1425000340510516,0.11092074159456354,0.07613423012609959,-0.034786511468463954,False,
all_valid,monthly,august,,734,21693,5547,746,20947,0.804409149044742,0.8767220628700214,0.07231291382527938,0.10451822434583873,0.2117423477988151,0.10722412345297637,0.11748060919199303,0.08177908954822005,-0.03570151964377298,False,
all_valid,monthly,august,,735,21684,5547,715,20969,0.8108721932843255,0.888577777318299,0.07770558403397354,0.0969320553688285,0.23812198370391433,0.1411899283350858,0.11381945166811255,0.07682005544526724,-0.036999396222845315,False,
all_valid,monthly,august,,736,21700,5547,675,21025,0.814327564187255,0.8830710529792575,0.06874348879200243,0.09462936802436271,0.20715126332861422,0.11252189530425151,0.11322940163974973,0.07940800137019006,-0.03382140026955967,False,
all_valid,monthly,august,,737,21742,5547,657,21085,0.8121415492629853,0.8830049711810101,0.07086342191802475,0.09009033304176522,0.20830532109871458,0.11821498805694935,0.11289029200397632,0.07625433112543156,-0.03663596087854476,False,
all_valid,monthly,august,,738,21701,5547,723,20978,0.8115676608848077,0.8959486899731748,0.08438102908836709,0.09779297175749829,0.2553625563702506,0.15756958461275233,0.11262424978111098,0.07626000926876443,-0.036364240512346546,False,
all_valid,monthly,august,,739,21761,5547,731,21030,0.8164042248289689,0.8869594800730896,0.07055525524412065,0.1059616924942793,0.22000719626018672,0.11404550376590743,0.1122075472970707,0.07797026944275365,-0.03423727785431706,False,
all_valid,monthly,august,,740,21720,5547,642,21078,0.8284912824905801,0.8907684231155664,0.06227714062498624,0.1039607636070567,0.23303798049502447,0.12907721688796778,0.11093492261394115,0.07719216134949733,-0.033742761264443824,False,
all_valid,monthly,august,,741,21686,5547,721,20965,0.837175690413287,0.904198894333168,0.06702320391988104,0.11872164849184563,0.2647978017005426,0.146076153208697,0.11119480125275813,0.07742924990792902,-0.033765551344829114,False,
all_valid,monthly,august,,742,21721,5547,574,21147,0.8116573730032135,0.8871676265148442,0.07551025351163065,0.08009893659180517,0.21100492815525834,0.13090599156345317,0.11084310448491842,0.07682714977640438,-0.03401595470851404,False,
all_valid,monthly,august,,743,21725,5547,632,21093,0.8151298168988812,0.8868317193237663,0.07170190242488506,0.09113823972620246,0.2182260525793437,0.12708781285314125,0.11126752229657207,0.07536083356353045,-0.03590668873304162,False,
all_valid,monthly,august,,744,21741,5547,696,21045,0.8279419716371323,0.8949345682350083,0.06699259659787593,0.1038240310404237,0.23151178103429418,0.12768774999387048,0.11047139677657174,0.07877537473864249,-0.03169602203792925,False,
all_valid,monthly,august,,745,21771,5547,728,21043,0.8224951342436967,0.8894918463658662,0.06699671212216951,0.11373432762750758,0.26299304548686575,0.14925871785935818,0.10827243860884707,0.07477764762076135,-0.03349479098808572,False,
all_valid,monthly,august,,746,21746,5547,683,21063,0.8220635451242313,0.8996173996312673,0.077553854507036,0.10442861110541184,0.23379052495753458,0.12936191385212276,0.11125344168225355,0.0750646126659556,-0.036188829016297955,False,
all_valid,monthly,august,,747,21765,5547,723,21042,0.8261930331525581,0.8944916595052008,0.06829862635264272,0.10561117884831661,0.24406329273862865,0.13845211389031203,0.11433352001485274,0.07984201653919142,-0.03449150347566132,False,
all_valid,monthly,august,,748,21766,5547,704,21062,0.8167973099981871,0.8950610373270259,0.0782637273288388,0.09954037399596796,0.23547399970766322,0.13593362571169526,0.11241113362774746,0.07816397099415909,-0.034247162633588374,False,
all_valid,monthly,august,,749,21759,5547,651,21108,0.8074376180200604,0.8774847343498887,0.0700471163298283,0.09069030006025192,0.19422858711759175,0.10353828705733983,0.11152008358403995,0.07794090431508442,-0.033579179268955525,False,
all_valid,monthly,august,,750,21704,5547,561,21143,0.8098264403257573,0.8712737295302516,0.06144728920449427,0.0779991266117505,0.1787477309976541,0.10074860438590359,0.11047064967383233,0.07917403975384533,-0.03129660991998699,False,
all_valid,monthly,august,,751,21711,5547,670,21041,0.8095134091436265,0.8783914418686474,0.06887803272502091,0.09588033693961281,0.20743116527538102,0.11155082833576821,0.11367448553390741,0.07874535268974424,-0.03492913284416317,False,
all_valid,monthly,august,,752,21773,5547,682,21091,0.8109853113814443,0.87673607079836,0.06575075941691577,0.09920064895117103,0.20708339695842237,0.10788274800725134,0.11137110097905212,0.07816297210588555,-0.03320812887316657,False,
all_valid,monthly,august,,753,21709,5547,661,21048,0.8238326804060283,0.8846271557957577,0.060794475389729374,0.10286869898427486,0.2255535985716936,0.12268489958741874,0.11102391963943486,0.0777737410734427,-0.03325017856599216,False,
all_valid,monthly,august,,754,21775,5547,629,21146,0.8237108289600485,0.8926441003624284,0.06893327140237981,0.09538261428358308,0.21655490004180294,0.12117228575821987,0.11059658768091181,0.07605837115906461,-0.0345382165218472,False,
all_valid,monthly,august,,755,21709,5547,670,21039,0.8088968390615012,0.877957638018378,0.06906079895687678,0.09104963132802982,0.1954334417148011,0.10438381038677128,0.11342351310861773,0.07776389783192879,-0.03565961527668894,False,
all_valid,monthly,august,,756,21777,5547,750,21027,0.828579572295937,0.8954346316640509,0.06685505936811387,0.12145423374422012,0.2672471489509636,0.14579291520674345,0.11184134273187837,0.07517069503040698,-0.036670647701471396,False,
all_valid,monthly,august,,757,21682,5547,708,20974,0.825978114415534,0.8928206916392045,0.06684257722367049,0.10427986938093801,0.23067015739903504,0.12639028801809704,0.11033250260001515,0.0770730237233778,-0.03325947887663734,False,
all_valid,monthly,august,,758,21751,5547,585,21166,0.7981333553005101,0.877283758583957,0.07915040328344691,0.0742475751753717,0.19813938881086507,0.12389181363549337,0.113651979980464,0.0750102988878082,-0.0386416810926558,False,
all_valid,monthly,august,,759,21712,5547,644,21068,0.801271349089078,0.8718605798202095,0.07058923073113144,0.09039565704724557,0.19905781924296928,0.10866216219572371,0.10840627171620151,0.07463891955028248,-0.03376735216591903,False,
all_valid,monthly,august,,760,21772,5547,593,21179,0.8213050615619039,0.8895792047023576,0.06827414314045377,0.08402470793414565,0.18031528356904264,0.09629057563489699,0.11183894786236868,0.07863386849880054,-0.033205079363568146,False,
all_valid,monthly,august,,761,21710,5547,708,21002,0.8269240029332692,0.9035101311309066,0.07658612819763744,0.10695905541100345,0.2493168518848192,0.14235779647381575,0.11417616123615099,0.07642902500668151,-0.03774713622946947,False,
all_valid,monthly,august,,762,21735,5547,678,21057,0.8215481423297881,0.8914595907189966,0.06991144838920849,0.09846286792637333,0.2277869595378178,0.12932409161144448,0.11052399062717846,0.07736360339969342,-0.033160387227485044,False,
all_valid,monthly,august,,763,21740,5547,661,21079,0.8168119657058429,0.8843017539593686,0.0674897882535257,0.09609413377781954,0.23271587412694664,0.1366217403491271,0.112917974497066,0.0778447553976077,-0.035073219099458305,False,
all_valid,monthly,august,,764,21731,5547,693,21038,0.8216725812029548,0.8888921812203493,0.06721960001739447,0.10478202245788099,0.23833428228508946,0.13355225982720847,0.10866905603940981,0.07652100392474574,-0.032148052114664066,False,
all_valid,monthly,august,,765,21739,5547,717,21022,0.829312640128486,0.8954556739190809,0.06614303379059483,0.12338626296124736,0.26333844701496917,0.1399521840537218,0.1121838973248105,0.07681937637809766,-0.035364520946712844,False,
all_valid,monthly,august,,766,21690,5547,676,21014,0.8123369993405355,0.8741595487482844,0.061822549407748895,0.09665457686257946,0.20250575254265735,0.10585117568007789,0.11403187660416034,0.08182432947123865,-0.03220754713292169,False,
all_valid,monthly,august,,767,21694,5547,598,21096,0.8187643237539364,0.8914725548313618,0.07270823107742541,0.08908052956562115,0.22063335675978601,0.13155282719416486,0.10920464774281656,0.07617375305632473,-0.03303089468649183,False,
all_valid,monthly,august,,768,21717,5547,683,21034,0.8173831644812393,0.8923650908359901,0.07498192635475087,0.09897095868848567,0.24045152921988192,0.14148057053139623,0.11197259911843642,0.0758476329404454,-0.03612496617799102,False,
all_valid,monthly,august,,769,21750,5547,643,21107,0.8068397849334809,0.8824705726233386,0.07563078768985776,0.09433650123386193,0.2371489185845128,0.14281241735065087,0.11121587695252126,0.0761207417118471,-0.03509513524067416,False,
all_valid,monthly,august,,770,21726,5547,579,21147,0.8227085947344654,0.8966874121465557,0.07397881741209023,0.09017460213802454,0.22568239844877647,0.13550779631075194,0.11127233019218466,0.07381522729881963,-0.03745710289336503,False,
all_valid,monthly,august,,771,21716,5547,690,21026,0.7998250613112543,0.8684422461079933,0.06861718479673895,0.10000299132184343,0.1973805278914115,0.09737753656956807,0.11441808004082277,0.07943694947389499,-0.03498113056692778,False,
all_valid,monthly,august,,772,21708,5547,665,21043,0.8133656147687567,0.8918724602219801,0.0785068454532234,0.08950597175805253,0.22104161456271382,0.1315356428046613,0.11273452237216933,0.07744708272098498,-0.035287439651184346,False,
all_valid,monthly,august,,773,21695,5547,677,21018,0.8137411374058924,0.8798723272012889,0.06613118979539656,0.10297712044309418,0.2140144705289876,0.11103735008589341,0.1103308342131915,0.0788900510781966,-0.03144078313499489,False,
all_valid,monthly,august,,774,21712,5547,674,21038,0.8086873604157857,0.878288982801504,0.06960162238571832,0.09418678476301018,0.19465412321157982,0.10046733844856964,0.11171190597492822,0.07993207178436877,-0.03177983419055945,False,
all_valid,monthly,august,,775,21705,5547,703,21002,0.8238183100627279,0.890029236530071,0.06621092646734317,0.10664010578640659,0.2259846925126168,0.1193445867262102,0.10860293113370068,0.07480637763205315,-0.03379655350164752,False,
all_valid,monthly,august,,776,21718,5547,697,21021,0.8122029640783484,0.87936481090816,0.06716184682981163,0.10244243106168055,0.21575205407889247,0.11330962301721192,0.11454153296546264,0.08175621978571083,-0.03278531317975181,False,
all_valid,monthly,august,,777,21686,5547,634,21052,0.8264194534668847,0.8863069125512251,0.059887459084340344,0.10533304213829932,0.21304927426951042,0.1077162321312111,0.10621984122219809,0.07632657951142562,-0.029893261710772473,False,
all_valid,monthly,august,,778,21770,5547,745,21025,0.8122229688210744,0.8868929765619389,0.07467000774086452,0.09880682830760878,0.2248180560861516,0.12601122777854282,0.1159384268080576,0.08118393120358731,-0.03475449560447029,False,
all_valid,monthly,august,,779,21755,5547,617,21138,0.8284391234387347,0.9013150136488274,0.07287589021009266,0.10130043162006568,0.2417494868270126,0.14044905520694695,0.10580752550480782,0.07278612223122083,-0.03302140327358699,False,
all_valid,monthly,august,,780,21735,5547,585,21150,0.8210703360206906,0.8940709219858156,0.07300058596512504,0.0870178890169767,0.19505635492151122,0.10803846590453452,0.11151465815243304,0.07621358867140417,-0.035301069481028874,False,
all_valid,monthly,august,,781,21697,5547,706,20991,0.8173814678164377,0.8838168604027383,0.0664353925863006,0.09956266734922883,0.2157079980368509,0.11614533068762206,0.11011693197439223,0.07730053545236631,-0.03281639652202592,False,
all_valid,monthly,august,,782,21703,5547,668,21035,0.8228610285964795,0.8924356184232438,0.06957458982676434,0.10425121581106163,0.21321236597487137,0.10896115016380974,0.11205575320312038,0.07901110743602066,-0.033044645767099715,False,
all_valid,monthly,august,,783,21746,5547,672,21074,0.8206776743629025,0.8861915721019356,0.06551389773903304,0.1048364642792358,0.23845631978563053,0.1336198555063947,0.1092747256439078,0.07661042124767907,-0.032664304396228735,False,
all_valid,monthly,august,,784,21744,5547,776,20968,0.8030781195302021,0.8778949366142614,0.0748168170840593,0.10226244887622156,0.22407827108624942,0.12181582221002786,0.11519016340937739,0.08022583583401567,-0.03496432757536172,False,
all_valid,monthly,august,,785,21755,5547,738,21017,0.8141641822280145,0.88345046009341,0.06928627786539554,0.10022731675776085,0.20863923979398805,0.1084119230362272,0.11204434910647988,0.07929485098923977,-0.03274949811724011,False,
all_valid,monthly,august,,786,21699,5547,635,21064,0.8240652409903377,0.8926022979087356,0.06853705691839784,0.09688857830640972,0.22083450333756124,0.12394592503115152,0.11104927930616368,0.07765370732173846,-0.03339557198442522,False,
all_valid,monthly,august,,787,21686,5547,778,20908,0.828212211854308,0.90447334952046,0.07626113766615195,0.1164967559820336,0.2657373913112102,0.1492406353291766,0.110650555192387,0.07683821417748204,-0.03381234101490496,False,
all_valid,monthly,august,,788,21723,5547,734,20989,0.821990057592124,0.8877813641322178,0.0657913065400938,0.1068715937887654,0.24264186298566487,0.13577026919689947,0.10993126626396249,0.07508668100339647,-0.034844585260566024,False,
all_valid,monthly,august,,789,21762,5547,620,21142,0.8273938742939447,0.8960670702866333,0.06867319599268862,0.10622231411987947,0.24768902849951238,0.14146671437963293,0.10742579654875105,0.07277588515813985,-0.0346499113906112,False,
all_valid,monthly,august,,790,21729,5547,685,21044,0.809544964530348,0.8744539421746857,0.06490897764433778,0.09508494881177919,0.20650624783719573,0.11142129902541655,0.11200924682455242,0.07973324731515338,-0.032275999509399037,False,
all_valid,monthly,august,,791,21752,5547,659,21093,0.81037801593593,0.8800262901046576,0.06964827416872765,0.09628731021008076,0.21211564956184956,0.1158283393517688,0.11100443262211447,0.07603405795598861,-0.03497037466612586,False,
all_valid,monthly,august,,792,21732,5547,770,20962,0.8005437792814952,0.8771563757299852,0.07661259644848994,0.09722100777135743,0.23397142573123758,0.13675041795988013,0.11123324106918195,0.07855834549312626,-0.032674895576055685,False,
all_valid,monthly,august,,793,21678,5547,638,21040,0.8187590885252155,0.885225037844023,0.06646594931880745,0.09780786017811065,0.2137657674532385,0.11595790727512785,0.11196831791454152,0.07768594468011789,-0.03428237323442364,False,
all_valid,monthly,august,,794,21738,5547,659,21079,0.8245674682445063,0.890863340100515,0.06629587185600871,0.09840586331198915,0.21397737499954697,0.11557151168755782,0.10947236173787864,0.07668016439351301,-0.03279219734436563,False,
all_valid,monthly,august,,795,21709,5547,710,20999,0.8327788244778926,0.8993195517694001,0.0665407272915075,0.11674222110273251,0.2689996652893519,0.15225744418661935,0.11117798214957222,0.07750618311576156,-0.033671799033810665,False,
all_valid,monthly,august,,796,21746,5547,629,21117,0.8227693945000045,0.8907945157997388,0.06802512129973426,0.10132978242946415,0.2420366033027421,0.14070682087327796,0.10813080498172942,0.07389690967934984,-0.03423389530237958,False,
all_valid,monthly,august,,797,21711,5547,738,20973,0.8206961021119293,0.8918629669298647,0.07116686481793533,0.10619653076785385,0.24301069832620467,0.13681416755835082,0.11204820767978704,0.07688031707229215,-0.035167890607494895,False,
all_valid,monthly,august,,798,21749,5547,673,21076,0.8045462441593249,0.8816014187105211,0.07705517455119626,0.09313584483454855,0.20310897184678328,0.10997312701223473,0.11048416920651681,0.0757996366571095,-0.034684532549407315,False,
all_valid,monthly,august,,799,21716,5547,727,20989,0.8180369975679277,0.8834434333619307,0.06540643579400296,0.10519624270138586,0.22667897433956333,0.12148273163817747,0.1112309834172507,0.0778518716548016,-0.03337911176244909,False,
all_valid,monthly,august,,800,21765,5547,696,21069,0.8412398943155031,0.9084942168670755,0.06725432255157249,0.11444068781565334,0.2511159561522355,0.13667526833658214,0.10633460707033215,0.07289666084699636,-0.03343794622333579,False,
all_valid,monthly,august,,801,21677,5547,711,20966,0.8064182811283905,0.8799639842847833,0.07354570315639275,0.09591292885947529,0.2233613880817516,0.12744845922227632,0.11164495031306251,0.07795284529085264,-0.03369210502220987,False,
all_valid,monthly,august,,802,21673,5547,693,20980,0.8136468869547993,0.8883074927402859,0.07466060578548661,0.09659667140978151,0.22450432018963024,0.12790764877984873,0.11071758490572717,0.07585638051144278,-0.03486120439428439,False,
all_valid,monthly,august,,803,21723,5547,734,20989,0.8398351387641353,0.9019823280989405,0.06214718933480523,0.1331769566968308,0.28454897104290444,0.15137201434607364,0.1127233224163801,0.07912103113864753,-0.033602291277732566,False,
all_valid,monthly,august,,804,21757,5547,651,21106,0.8178921464808676,0.886728215402526,0.06883606892165839,0.10365347821572002,0.21495625030297744,0.11130277208725742,0.11289701430857571,0.07976388398237687,-0.03313313032619884,False,
all_valid,monthly,august,,805,21721,5547,726,20995,0.8207703263993723,0.8882636361668166,0.06749330976744428,0.11445059735870176,0.25408806912060705,0.13963747176190527,0.11027816177524949,0.07638477732985989,-0.0338933844453896,False,
all_valid,monthly,august,,806,21760,5547,643,21117,0.8027599471536462,0.8881313773495236,0.08537143019587745,0.08496126723791357,0.20377449685013155,0.11881322961221798,0.11511289205593116,0.0780033946572157,-0.037109497398715455,False,
all_valid,monthly,august,,807,21707,5547,657,21050,0.8046383004877131,0.8736975455265241,0.069059245038811,0.08948024929470022,0.19986241311661737,0.11038216382191715,0.11083229149255237,0.07848602121394316,-0.032346270278609215,False,
all_valid,monthly,august,,808,21725,5547,700,21025,0.8327544759639885,0.891214744351962,0.05846026838797347,0.11828576460729277,0.21909613800926014,0.10081037340196737,0.11146452325074575,0.07912342460600351,-0.032341098644742244,False,
all_valid,monthly,august,,809,21744,5547,703,21041,0.8254110395993786,0.8881509736832303,0.0627399340838517,0.10789718519153804,0.24512579454128858,0.13722860934975054,0.10745431371680668,0.07464212907252339,-0.03281218464428329,False,
all_valid,monthly,august,,810,21773,5547,697,21076,0.8149876664162464,0.8857798367484975,0.07079217033225105,0.09652357008136916,0.21787834365738912,0.12135477357601995,0.11024316084494236,0.07781199961534577,-0.03243116122959659,False,
all_valid,monthly,august,,811,21696,5547,662,21034,0.8151327142043368,0.8901037652461401,0.07497105104180335,0.0970582650183513,0.2590555369665916,0.16199727194824032,0.11288959538713832,0.07671727717630046,-0.036172318210837856,False,
all_valid,monthly,august,,812,21677,5547,768,20909,0.8205703136209288,0.8846922975752067,0.06412198395427793,0.12107050606447593,0.25402454685985193,0.13295404079537598,0.10973720516181684,0.07678798206333814,-0.0329492230984787,False,
all_valid,monthly,august,,813,21750,5547,757,20993,0.815221227733897,0.8909858044774439,0.07576457674354686,0.11200859535832904,0.2501475994168243,0.13813900405849527,0.11267904935174627,0.07866889753661735,-0.034010151815128925,False,
all_valid,monthly,august,,814,21734,5547,684,21050,0.8125062855079107,0.8861534775180231,0.07364719201011238,0.10279046717619128,0.2223597493536789,0.1195692821774876,0.10736244078882522,0.07332517197276237,-0.03403726881606285,False,
all_valid,monthly,august,,815,21766,5547,699,21067,0.8198330783732234,0.8997046890318531,0.07987161065862969,0.10112791516109482,0.24296749739031864,0.14183958222922383,0.11375319878190246,0.0797971387977925,-0.03395605998410996,False,
all_valid,monthly,august,,816,21767,5547,658,21109,0.832013556498827,0.9069468057028067,0.0749332492039797,0.10471028170420674,0.27114327600691973,0.166432994302713,0.10966400924888155,0.07568432022055355,-0.033979689028328,False,
all_valid,monthly,august,,817,21758,5547,751,21007,0.8183143821756961,0.8879161894991949,0.06960180732349885,0.1079579003581195,0.2553266616000707,0.14736876124195122,0.10970564039177896,0.07600742260248342,-0.03369821778929555,False,
all_valid,monthly,august,,818,21715,5547,730,20985,0.8154243246154299,0.8894639680659048,0.07403964345047487,0.10074228613394477,0.25247295707933043,0.15173067094538567,0.11184729816814488,0.07662098196262039,-0.035226316205524494,False,
all_valid,monthly,august,,819,21726,5547,679,21047,0.8087518271225919,0.8818479267209869,0.07309609959839503,0.09433863921492203,0.22178372333055682,0.1274450841156348,0.11105205670031407,0.07568034166481669,-0.03537171503549738,False,
all_valid,monthly,august,,820,21682,5547,619,21063,0.8347217751315635,0.9107769391264624,0.07605516399489887,0.10541254284390009,0.24037847584144365,0.13496593299754356,0.11092792868705428,0.07473322887780197,-0.036194699809252315,False,
all_valid,monthly,august,,821,21731,5547,675,21056,0.7919555611842846,0.8661791483732972,0.07422358718901267,0.08999666289717219,0.19933518400345598,0.1093385211062838,0.11280058243558778,0.07722212963127383,-0.03557845280431396,False,
all_valid,monthly,august,,822,21694,5547,688,21006,0.8181795788135837,0.8928195211113545,0.07463994229777082,0.10124018472124958,0.23567708946470428,0.1344369047434547,0.11030004506088013,0.07455894954731526,-0.03574109551356487,False,
all_valid,monthly,august,,823,21747,5547,666,21081,0.8386439662944573,0.9048690073309399,0.06622504103648263,0.11106698944967486,0.2546646745527531,0.14359768510307824,0.10966704849215854,0.07652300090881313,-0.03314404758334541,False,
all_valid,monthly,august,,824,21711,5547,684,21027,0.8147007175680836,0.8825066740979364,0.06780595652985277,0.09981088731894332,0.20476182817470173,0.10495094085575842,0.11199775734730115,0.08003990882541288,-0.031957848521888266,False,
all_valid,monthly,august,,825,21751,5547,650,21101,0.7951954883654804,0.8712692435283781,0.07607375516289772,0.08190165983941973,0.19374471129006787,0.11184305145064814,0.11675703860525859,0.07962307527483399,-0.037133963330424596,False,
all_valid,monthly,august,,826,21741,5547,735,21006,0.8174452262100689,0.8819780030454533,0.06453277683538439,0.11112614573540547,0.22374724173732485,0.11262109600191939,0.11121567347996733,0.07677643374548213,-0.034439239734485205,False,
all_valid,monthly,august,,827,21710,5547,623,21087,0.8153832768486986,0.8881865322757869,0.07280325542708832,0.09063248742744977,0.2059924723337596,0.11535998490630985,0.11306901239671009,0.07652550379426944,-0.036543508602440655,False,
all_valid,monthly,august,,828,21722,5547,683,21039,0.822417434761922,0.8983812186765747,0.07596378391465275,0.10517043109481157,0.23427411451416447,0.1291036834193529,0.11091414329027507,0.07616266432512056,-0.034751478965154514,False,
all_valid,monthly,august,,829,21724,5547,612,21112,0.8259847263396959,0.8897384661203119,0.06375373978061605,0.09421212462198424,0.20694947121923132,0.11273734659724709,0.11283783868767147,0.07841390223121478,-0.034423936456456694,False,
all_valid,monthly,august,,830,21727,5547,740,20987,0.8110784153381954,0.880590107904636,0.06951169256644063,0.10937108494317004,0.2281812271120198,0.11881014216884976,0.11353045492252209,0.07870494946169093,-0.03482550546083116,False,
all_valid,monthly,august,,831,21703,5547,715,20988,0.8174570617109211,0.8946298317653378,0.0771727700544167,0.10303269327872151,0.2571495799258505,0.15411688664712903,0.11177131986588432,0.07632241256543465,-0.03544890730044967,False,
all_valid,monthly,august,,832,21726,5547,685,21041,0.7994459201482542,0.8754236168037586,0.07597769665550436,0.08535470899399639,0.2005049059963329,0.1151501970023365,0.11064941154687044,0.0779647903883702,-0.03268462115850024,False,
all_valid,monthly,august,,833,21706,5547,669,21037,0.8325536194929668,0.8966742559713816,0.06412063647841482,0.10907354374211331,0.22004556915089227,0.11097202540877896,0.10791020047697544,0.0782039255518336,-0.029706274925141843,False,
all_valid,monthly,august,,834,21708,5547,613,21095,0.8150344495324693,0.8859345607747443,0.07090011124227502,0.09713661933159752,0.20270408032673054,0.10556746099513302,0.10898009281438549,0.07562612975347224,-0.03335396306091325,False,
all_valid,monthly,august,,835,21767,5547,659,21108,0.8357349571234632,0.8972485027503614,0.06151354562689815,0.111462959115543,0.25189660670851044,0.14043364759296745,0.10728241916667162,0.07490185193031401,-0.03238056723635761,False,
all_valid,monthly,august,,836,21719,5547,739,20980,0.8160567896998365,0.8814555650010125,0.065398775301176,0.11276208531888869,0.2439773560615976,0.1312152707427089,0.10961714048435155,0.07762742140224431,-0.03198971908210724,False,
all_valid,monthly,august,,837,21752,5547,627,21125,0.827260383341355,0.9014908977662015,0.07423051442484652,0.09241271936101803,0.21095299076903742,0.1185402714080194,0.10848440951600463,0.0746213324285532,-0.033863077087451426,False,
all_valid,monthly,august,,838,21732,5547,680,21052,0.8152600423600944,0.8907249276301819,0.07546488527008743,0.10653744656820632,0.22907847503010945,0.12254102846190312,0.11254740618197782,0.0772778498446796,-0.035269556337298225,False,
all_valid,monthly,august,,839,21766,5547,660,21106,0.8329247894466316,0.902224414140457,0.06929962469382533,0.10225336464175573,0.2343888464262663,0.13213548178451057,0.10917212566045677,0.07501247733880552,-0.03415964832165125,False,
all_valid,monthly,august,,840,21740,5547,730,21010,0.812687109204358,0.8813206366179184,0.06863352741356032,0.11120906301374603,0.24929565335906778,0.13808659034532175,0.11460548239291864,0.07840321740295887,-0.036202264989959765,False,
all_valid,monthly,august,,841,21688,5547,720,20968,0.8219685287634068,0.8896924943829752,0.0677239656195684,0.11298596012898136,0.23532584020432665,0.12233988007534528,0.10974053495497461,0.07624203343191074,-0.03349850152306387,False,
all_valid,monthly,august,,842,21757,5547,669,21088,0.8237259311680741,0.8909127471527953,0.0671868159847212,0.10057627098713634,0.21822561943948424,0.1176493484523479,0.10991121884122185,0.07907930767176637,-0.03083191116945548,False,
all_valid,monthly,august,,843,21776,5547,636,21140,0.8174809446457578,0.8870493505411662,0.06956840589540836,0.09723815807727884,0.20887300174317075,0.11163484366589191,0.1115003914420448,0.07644875262180514,-0.03505163882023965,False,
all_valid,monthly,august,,844,21704,5547,683,21021,0.8309286753126954,0.8918412689590268,0.06091259364633139,0.11408507936729977,0.23732656082759804,0.12324148146029827,0.10974667426519216,0.07771920689916222,-0.032027467366029946,False,
all_valid,monthly,august,,845,21690,5547,719,20971,0.8187528853840084,0.8945331419659004,0.07578025658189202,0.10344563131032494,0.2218028682408799,0.11835723693055497,0.11175181078911163,0.077576492844778,-0.034175317944333636,False,
all_valid,monthly,august,,846,21681,5547,679,21002,0.8153122102544691,0.8804640107913141,0.065151800536845,0.1059540888955004,0.2211131891504727,0.11515910025497231,0.11125108522497078,0.0775458862141777,-0.03370519901079308,False,
all_valid,monthly,august,,847,21710,5547,763,20947,0.8259561155436854,0.8959131768682127,0.06995706132452728,0.1149343939513619,0.27528170237996397,0.16034730842860206,0.1126216280347492,0.07843241159812918,-0.034189216436620026,False,
all_valid,monthly,august,,848,21732,5547,656,21076,0.804105727703225,0.8797732306773627,0.07566750297413771,0.08296796440893825,0.18556297941445812,0.10259501500551987,0.11419141828869875,0.07975312047730963,-0.034438297811389115,False,
all_valid,monthly,august,,849,21733,5547,699,21034,0.8228427222469568,0.884244161948847,0.06140143970189027,0.11193100895600669,0.24159614099147012,0.12966513203546343,0.1116213071409193,0.07903242866631273,-0.032588878474606564,False,
all_valid,monthly,august,,850,21699,5547,707,20992,0.8127435763230069,0.8850344685764309,0.072290892253424,0.09355860067570301,0.20713139492902555,0.11357279425332253,0.11352461189280279,0.08163431488252036,-0.031890297010282426,False,
all_valid,monthly,august,,851,21753,5547,674,21079,0.8197269196296031,0.8992935717450095,0.07956665211540637,0.09989789826587699,0.23057864275688114,0.13068074449100414,0.1099431220790678,0.07486326971830222,-0.03507985236076558,False,
all_valid,monthly,august,,852,21679,5547,747,20932,0.8246291747025045,0.8916873302497204,0.06705815554721584,0.11308358057930257,0.2469018666878408,0.13381828610853824,0.11215142578879411,0.0785409263194645,-0.03361049946932962,False,
all_valid,monthly,august,,853,21708,5547,648,21060,0.8139466310248202,0.8849964973678965,0.0710498663430763,0.09262089067829408,0.22211069961124782,0.12948980893295375,0.11124598924248122,0.07472101559073764,-0.03652497365174358,False,
all_valid,monthly,august,,854,21784,5547,698,21086,0.8282882054579594,0.8944536591450974,0.066165453687138,0.11576492783065495,0.24972492079502445,0.1339599929643695,0.11299544746485413,0.08034281005105137,-0.032652637413802754,False,
all_valid,monthly,august,,855,21696,5547,627,21069,0.8437395985227547,0.9075477149849325,0.06380811646217777,0.11901624687059573,0.26421182646166774,0.14519557959107202,0.10952200815299784,0.07694982133321557,-0.03257218681978227,False,
all_valid,monthly,august,,856,21704,5547,691,21013,0.8015215307070263,0.8770115639942554,0.07549003328722914,0.09050913252896753,0.18550410399108722,0.09499497146211969,0.11452187285962813,0.08180426231183935,-0.03271761054778878,False,
all_valid,monthly,august,,857,21719,5547,713,21006,0.8155734306327225,0.8879421213921515,0.07236869075942898,0.10620293770161257,0.24052463467972657,0.134321696978114,0.11193234129774242,0.0780038460489062,-0.03392849524883622,False,
all_valid,monthly,august,,858,21693,5547,680,21013,0.82224561265995,0.8857431394010991,0.06349752674114906,0.11099654648168007,0.2146440718092606,0.10364752532758052,0.10940878749539207,0.0761844630873509,-0.03322432440804117,False,
all_valid,monthly,august,,859,21665,5547,714,20951,0.8171562644436324,0.8875986746185277,0.07044241017489528,0.10618854433625265,0.23773996876268125,0.1315514244264286,0.1147382842139897,0.07928871832941843,-0.035449565884571266,False,
all_valid,monthly,august,,860,21683,5547,722,20961,0.7939850964480797,0.8626907826842649,0.06870568623618523,0.09612588023684081,0.19879707232731147,0.10267119209047067,0.11351784962049974,0.08069194009030078,-0.032825909530198955,False,
all_valid,monthly,august,,861,21753,5547,681,21072,0.8064571563324736,0.8868178133679423,0.08036065703546869,0.08940047502656522,0.20085556859736312,0.1114550935707979,0.11446015528093453,0.07730729681070199,-0.037152858470232544,False,
all_valid,monthly,august,,862,21726,5547,751,20975,0.8216231040376836,0.8931298276910088,0.07150672365332522,0.11793179640003575,0.24985575881467145,0.13192396241463572,0.11025073323260508,0.07643835230853334,-0.03381238092407174,False,
all_valid,monthly,august,,863,21721,5547,704,21017,0.8155531966546563,0.8917925478076189,0.07623935115296254,0.10075087675558536,0.2229530803098813,0.12220220355429595,0.11200260859288289,0.07776793594407871,-0.03423467264880417,False,
all_valid,monthly,august,,864,21741,5547,690,21051,0.812189720065624,0.8815094329230806,0.06931971285745664,0.09442347846745823,0.19751794622362556,0.10309446775616733,0.10983289311754862,0.07603345467637827,-0.03379943844117035,False,
all_valid,monthly,august,,865,21736,5547,749,20987,0.824290998884617,0.8924497287181975,0.06815872983358051,0.12402925456908086,0.28622152446554217,0.1621922698964613,0.11025905272372033,0.0771301540711664,-0.03312889865255393,False,
all_valid,monthly,august,,866,21707,5547,745,20962,0.8085833169512875,0.8830489687635472,0.07446565181225973,0.0991785010104264,0.23701828224564714,0.13783978123522073,0.11181212534432035,0.07671604261657625,-0.0350960827277441,False,
all_valid,monthly,august,,867,21641,5547,725,20916,0.8227968029754487,0.8894606339974018,0.06666383102195317,0.11123762492768582,0.22418711518608356,0.11294949025839773,0.11312622784184019,0.07965360654224214,-0.03347262129959805,False,
all_valid,monthly,august,,868,21696,5547,659,21037,0.8198003330067416,0.88845406637038,0.06865373336363845,0.10642765894543058,0.21598425738866384,0.10955659844323326,0.10800594863377237,0.07602001524568958,-0.031985933388082796,False,
all_valid,monthly,august,,869,21788,5547,687,21101,0.8249783894428315,0.8942380608354343,0.0692596713926028,0.10722248371712703,0.24757686865576312,0.14035438493863608,0.11022571896369474,0.07700421137636643,-0.03322150758732831,False,
all_valid,monthly,august,,870,21759,5547,657,21102,0.8262098552410579,0.8976230837620331,0.0714132285209752,0.0986674600277262,0.23034499584308235,0.13167753581535616,0.10984148966655609,0.07510207642026134,-0.034739413246294745,False,
all_valid,monthly,august,,871,21775,5547,626,21149,0.8124895670261074,0.8789531812696074,0.0664636142435,0.09306515928981582,0.2018013469362988,0.10873618764648299,0.11516940437954044,0.08145361560073212,-0.03371578877880832,False,
all_valid,monthly,august,,872,21733,5547,688,21045,0.8104417720609769,0.8767396967738015,0.06629792471282459,0.10355640843754522,0.21488355116394275,0.11132714272639753,0.11057561698443347,0.07659180877352909,-0.03398380821090438,False,
all_valid,monthly,august,,873,21764,5547,651,21113,0.8028047890645924,0.8860989614584327,0.0832941723938403,0.08788526977754392,0.2092705187664402,0.12138524898889629,0.11166554529074131,0.07600941731743066,-0.03565612797331065,False,
all_valid,monthly,august,,874,21701,5547,641,21060,0.8268731490000341,0.8986525386941403,0.07177938969410624,0.10286787643527295,0.2382210689682811,0.13535319253300815,0.10814322183924062,0.0734249537207652,-0.03471826811847542,False,
all_valid,monthly,august,,875,21745,5547,671,21074,0.8287603246639088,0.9014080253996739,0.0726477007357651,0.09794144972035476,0.237212474834701,0.13927102511434625,0.10889681258687425,0.07352759176452205,-0.03536922082235221,False,
all_valid,monthly,august,,876,21695,5547,637,21058,0.8262608184049645,0.8940524287185888,0.06779161031362435,0.10405313097319811,0.23407078379566715,0.13001765282246902,0.11117538647809767,0.07814863429773691,-0.03302675218036076,False,
all_valid,monthly,august,,877,21734,5547,634,21100,0.8169769910445976,0.8897162378339587,0.07273924678936106,0.08840441420422054,0.19797127189513014,0.1095668576909096,0.11149330181092167,0.07930586340343544,-0.032187438407486224,False,
all_valid,monthly,august,,878,21748,5547,601,21147,0.8226215713521711,0.8958457897168124,0.07322421836464132,0.0926538063960429,0.22056705518104575,0.12791324878500285,0.10978845068654464,0.07591729309451048,-0.03387115759203416,False,
all_valid,monthly,august,,879,21710,5547,695,21015,0.8240270310518181,0.897303091145927,0.07327606009410892,0.11417875069429083,0.2545442631924695,0.14036551249817864,0.11212859160100279,0.07664683522642443,-0.03548175637457836,False,
all_valid,monthly,august,,880,21707,5547,681,21026,0.8363671968682085,0.8966248067388212,0.06025760987061268,0.11366915013907034,0.22939210383021372,0.11572295369114338,0.10986138066700672,0.07762507881679719,-0.03223630185020954,False,
all_valid,monthly,august,,881,21695,5547,700,20995,0.819401286020481,0.8875856836661791,0.06818439764569806,0.09805611285576245,0.21959513848715637,0.12153902563139392,0.11244513921178884,0.08028577192408488,-0.03215936728770395,False,
all_valid,monthly,august,,882,21672,5547,664,21008,0.8083404400159664,0.8827774445076575,0.0744370044916911,0.09720582050741626,0.22072951828739296,0.1235236977799767,0.11257942172413767,0.07735656743899649,-0.03522285428514117,False,
all_valid,monthly,august,,883,21748,5547,615,21133,0.8117328156672472,0.8851948499610865,0.07346203429383935,0.08857700455824963,0.22206723829188454,0.13349023373363492,0.1114700873999311,0.07708287621515929,-0.03438721118477181,False,
all_valid,monthly,august,,884,21746,5547,591,21155,0.8286128370847515,0.8963943914088304,0.06778155432407884,0.09697871365624745,0.221687993494058,0.12470927983781054,0.10976315607248621,0.07529808277405275,-0.03446507329843346,False,
all_valid,monthly,august,,885,21779,5547,645,21134,0.832873366917484,0.8894510700638159,0.056577703146331815,0.12186391577387477,0.25424451652566565,0.13238060075179087,0.10858671466035508,0.07471885824181657,-0.03386785641853851,False,
all_valid,monthly,august,,886,21680,5547,705,20975,0.8303339166011547,0.8998122384804605,0.0694783218793058,0.10387454117947915,0.25324491787098946,0.14937037669151032,0.11360761999925731,0.07770304838921598,-0.03590457161004133,False,
all_valid,monthly,august,,887,21767,5547,698,21069,0.8108870281722722,0.8846784769540823,0.0737914487818101,0.09823799001390693,0.22414727636118528,0.12590928634727835,0.11217750546548995,0.07669421496523952,-0.035483290500250425,False,
all_valid,monthly,august,,888,21784,5547,665,21119,0.8009793411983009,0.8692488359019619,0.06826949470366095,0.09274313389649162,0.18196903171131068,0.08922589781481906,0.10870633022154963,0.07874221929388552,-0.029964110927664114,False,
all_valid,monthly,august,,889,21745,5547,665,21080,0.8284417400236835,0.8939375240758443,0.06549578405216072,0.1089897557283079,0.23718848747449411,0.12819873174618623,0.11222306006053571,0.07936189562508786,-0.03286116443544786,False,
all_valid,monthly,august,,890,21731,5547,671,21060,0.8161564503094558,0.8861607528274196,0.07000430251796375,0.10561737982371261,0.22762190384767425,0.12200452402396164,0.10990243837558238,0.07592170972746212,-0.033980728648120254,False,
all_valid,monthly,august,,891,21699,5547,672,21027,0.829689209112094,0.8966338205753601,0.06694461146326613,0.10383670821599322,0.23725416716905826,0.13341745895306503,0.11252984938966211,0.07631577075666841,-0.036214078632993696,False,
all_valid,monthly,august,,892,21697,5547,721,20976,0.8251805643276617,0.8926583819193403,0.06747781759167859,0.10841659078265428,0.23131343614404645,0.12289684536139217,0.11184923664911202,0.07643046153067543,-0.03541877511843659,False,
all_valid,monthly,august,,893,21731,5547,597,21134,0.8183781118139196,0.8903093271473927,0.07193121533347313,0.08970297860469126,0.22202882697240933,0.13232584836771807,0.10903904171477691,0.07573867247063094,-0.033300369244145964,False,
all_valid,monthly,august,,894,21738,5547,623,21115,0.830282535180539,0.8912345411069627,0.06095200592642369,0.09600401394584085,0.19751813946539798,0.10151412551955713,0.10825744477799301,0.07545550730532191,-0.0328019374726711,False,
all_valid,monthly,august,,895,21728,5547,737,20991,0.8302772002758563,0.9046131872631075,0.07433598698725119,0.11337643368594225,0.27607852627193896,0.16270209258599672,0.10727924587891083,0.07220796960625868,-0.03507127627265215,False,
all_valid,monthly,august,,896,21797,5547,617,21180,0.8259793726077169,0.8946241446702877,0.0686447720625708,0.09152935122342302,0.23179939925494633,0.14027004803152332,0.10901689773382356,0.07461974986312055,-0.03439714787070301,False,
all_valid,monthly,august,,897,21728,5547,711,21017,0.8158535783135038,0.8835596687618831,0.06770609044837927,0.09818631865049503,0.2431289770895746,0.14494265843907955,0.10688601926865883,0.07541330424155958,-0.03147271502709925,False,
all_valid,monthly,august,,898,21731,5547,647,21084,0.8040959001998922,0.879616295984825,0.07552039578493286,0.08262697619714054,0.19175248766346445,0.1091255114663239,0.11367556633270555,0.08046326919798068,-0.03321229713472487,False,
all_valid,monthly,august,,899,21713,5547,709,21004,0.8187997772739372,0.8875521460214846,0.06875236874754742,0.1011729384505876,0.21279346518565415,0.11162052673506655,0.11086672159144446,0.07803623489827675,-0.03283048669316771,False,
all_valid,monthly,august,,900,21675,5547,743,20932,0.8171572166386883,0.8837140787100395,0.06655686207135114,0.11069815293068982,0.263921778208876,0.1532236252781862,0.11187785160720104,0.0779781027105676,-0.03389974889663344,False,
all_valid,monthly,august,,901,21787,5547,689,21098,0.811100757113703,0.8837306475372857,0.0726298904235827,0.0941040298622868,0.22649718720276735,0.13239315734048054,0.11331052864947595,0.07874936995157143,-0.03456115869790452,False,
all_valid,monthly,august,,902,21687,5547,708,20979,0.8261764589448206,0.897350403941741,0.07117394499692042,0.10984758494501316,0.25445840775430084,0.14461082280928766,0.11167543345510658,0.0770436025291337,-0.034631830925972884,False,
all_valid,monthly,august,,903,21702,5547,688,21014,0.821978938182961,0.8904755633564334,0.06849662517347244,0.09925237725905119,0.21162147219243704,0.11236909493338586,0.10952464145825204,0.07741631892844249,-0.03210832252980955,False,
all_valid,monthly,august,,904,21720,5547,722,20998,0.8112807340311265,0.8869734065162254,0.07569267248509881,0.09948779758061972,0.23246469702038913,0.13297689943976942,0.11386756760493923,0.0787555200784036,-0.03511204752653563,False,
all_valid,monthly,august,,905,21696,5547,641,21055,0.8034785205229155,0.8776253857088504,0.07414686518593494,0.09811980317945669,0.22766170726715818,0.1295419040877015,0.11647713133355185,0.07991331902822627,-0.036563812305325585,False,
all_valid,monthly,august,,906,21711,5547,610,21101,0.828020659420228,0.8864498691305905,0.058429209710362584,0.09852984238098553,0.2025427798417121,0.10401293746072657,0.11196361191097169,0.07801705107471248,-0.033946560836259215,False,
all_valid,monthly,august,,907,21821,5547,669,21152,0.8165612866314345,0.8845860356754385,0.06802474904400402,0.09595370560919429,0.22144881879831751,0.1254951131891232,0.11154143153700824,0.0765558693319367,-0.03498556220507154,False,
all_valid,monthly,august,,908,21766,5547,598,21168,0.8291410395447663,0.894613043099068,0.06547200355430172,0.09736635577612894,0.2077857540206178,0.11041939824448886,0.11244940386521626,0.07626119349197297,-0.036188210373243296,False,
all_valid,monthly,august,,909,21718,5547,622,21096,0.8140403477838867,0.8803571515668077,0.06631680378292104,0.08758530721138119,0.19639620099846972,0.10881089378708853,0.10915991766230283,0.07785716991757821,-0.03130274774472462,False,
all_valid,monthly,august,,910,21681,5547,654,21027,0.8156873156676817,0.8796653465349414,0.06397803086725973,0.09629597170978342,0.19856691144015146,0.10227093973036804,0.11158667116081403,0.07772981707837029,-0.03385685408244374,False,
all_valid,monthly,august,,911,21704,5547,750,20954,0.7995568069740064,0.8775963857338297,0.07803957875982326,0.09751058011481478,0.22222575114671966,0.12471517103190488,0.11538298856404028,0.08039617622286042,-0.034986812341179854,False,
all_valid,monthly,august,,912,21736,5547,610,21126,0.8099448585613562,0.8807708782434199,0.0708260196820637,0.09285938409171214,0.18209822585409788,0.08923884176238574,0.10990684621585366,0.07912981055182154,-0.030777035664032115,False,
all_valid,monthly,august,,913,21691,5547,699,20992,0.814821410268153,0.8807491756516277,0.06592776538347467,0.10257376543744476,0.21337808995605217,0.11080432451860742,0.11518284177014157,0.07983062673628098,-0.03535221503386059,False,
all_valid,monthly,august,,914,21684,5547,723,20961,0.8036049033431842,0.8807841975906912,0.07717929424750691,0.08818697251019458,0.20898583003619775,0.12079885752600317,0.11423308398956426,0.07940468588562984,-0.03482839810393443,False,
all_valid,monthly,august,,915,21724,5547,692,21032,0.8108863702324232,0.885098086153332,0.0742117159209088,0.09640692118436499,0.2103365746959392,0.1139296535115742,0.11483549793646929,0.07980927407547528,-0.03502622386099401,False,
all_valid,monthly,august,,916,21693,5547,769,20924,0.8167837705546036,0.8832833371326635,0.06649956657805989,0.11735937911079125,0.2755376156241269,0.15817823651333562,0.11274823671517363,0.0772440322219478,-0.03550420449322583,False,
all_valid,monthly,august,,917,21740,5547,689,21051,0.8269531890172868,0.8925088211027211,0.06555563208543436,0.11436929600073127,0.24524889889765106,0.1308796028969198,0.10827944470721931,0.07658643649173828,-0.03169300821548103,False,
all_valid,monthly,august,,918,21763,5547,676,21087,0.8200509413943866,0.8891202493586026,0.06906930796421595,0.1045254685875196,0.22420827478120467,0.11968280619368507,0.11147270240023818,0.07625571714193441,-0.03521698525830377,False,
all_valid,monthly,august,,919,21730,5547,759,20971,0.8261497196486094,0.8961548569267717,0.07000513727816227,0.12343978982570426,0.266759354915319,0.14331956508961474,0.11344923935045573,0.07836997909133799,-0.03507926025911774,False,
all_valid,monthly,august,,920,21732,5547,707,21025,0.8077679464905894,0.8902582801171234,0.08249033362653402,0.09442111979386648,0.24034089988761306,0.14591978009374656,0.11476821417840964,0.07801025012838604,-0.0367579640500236,False,
all_valid,monthly,august,,921,21762,5547,758,21004,0.8133779267575116,0.8918727755838944,0.0784948488263828,0.10690236775375334,0.2524219509366652,0.14551958318291186,0.11201566300471566,0.0760906684088635,-0.03592499459585216,False,
all_valid,monthly,august,,922,21697,5547,754,20943,0.83432592266669,0.8950831048174083,0.060757182150718236,0.12392879162107077,0.257471400721329,0.13354260910025822,0.1072457720305012,0.07394782909736633,-0.03329794293313487,False,
all_valid,monthly,august,,923,21729,5547,669,21060,0.8150818999598273,0.8863019318425398,0.07122003188271253,0.09644882638739444,0.22371303125364725,0.1272642048662528,0.10843881456545633,0.07501161710454843,-0.0334271974609079,False,
all_valid,monthly,august,,924,21730,5547,634,21096,0.8360129867488746,0.9046901710551972,0.06867718430632264,0.10383084433274313,0.2691677239025548,0.16533687956981163,0.10600813706755899,0.07357254686047833,-0.03243559020708066,False,
all_valid,monthly,august,,925,21685,5547,660,21025,0.8142075451302562,0.8869183872013836,0.07271084207112744,0.09399580794415842,0.22300454258716776,0.12900873464300933,0.11281282039196398,0.07802790868597977,-0.03478491170598422,False,
all_valid,monthly,august,,926,21753,5547,706,21047,0.802066964386061,0.8762178833262827,0.07415091894022174,0.09499879650010211,0.22508194656858935,0.13008315006848725,0.1132794621950419,0.07864443022848953,-0.03463503196655236,False,
all_valid,monthly,august,,927,21747,5547,680,21067,0.813237667497815,0.8768800661195792,0.06364239862176424,0.09433331430011341,0.20140864487802518,0.10707533057791177,0.11331548841833748,0.08073317482550314,-0.03258231359283434,False,
all_valid,monthly,august,,928,21742,5547,721,21021,0.8272423699410028,0.8929807396223088,0.06573836968130609,0.11762677752643529,0.2403774342524393,0.122750656726004,0.10873548779761695,0.07496495854529558,-0.033770529252321366,False,
all_valid,monthly,august,,929,21743,5547,697,21046,0.8157310944626182,0.8920791936116979,0.0763480991490797,0.10030669416595484,0.23025484427517107,0.12994815010921623,0.11202969713897802,0.0778268619899337,-0.03420283514904432,False,
all_valid,monthly,august,,930,21713,5547,719,20994,0.8306506673938099,0.9035320111991729,0.07288134380536304,0.12370565946800474,0.27382398027264937,0.15011832080464463,0.11122955560829594,0.07468796348557641,-0.03654159212271953,False,
all_valid,monthly,august,,931,21708,5547,674,21034,0.8196865947431726,0.886947485616759,0.06726089087358633,0.0989046915317859,0.20275378392993926,0.10384909239815336,0.11374541866783662,0.07958040213489045,-0.034165016532946166,False,
all_valid,monthly,august,,932,21765,5547,585,21180,0.8180910873828721,0.8902472902189615,0.07215620283608948,0.0887585936471614,0.20200730486114024,0.11324871121397884,0.11108232753446413,0.07739090240933798,-0.033691425125126157,False,
all_valid,monthly,august,,933,21734,5547,650,21084,0.8096466150051808,0.8799161595376734,0.07026954453249268,0.09176205107720611,0.21628097855550774,0.12451892747830162,0.11272093235350952,0.07890038759276763,-0.033820544760741894,False,
all_valid,monthly,august,,934,21702,5547,789,20913,0.8149557006554464,0.8861321000509261,0.0711763993954797,0.1126634474752319,0.24580532329924903,0.13314187582401715,0.11210254403616296,0.07753844294593436,-0.0345641010902286,False,
all_valid,monthly,august,,935,21706,5547,707,20999,0.8125994145474563,0.8800829270983672,0.0674835125509109,0.1145842374490349,0.24158774091135515,0.12700350346232026,0.11190401225383127,0.07797136281976223,-0.03393264943406904,False,
all_valid,monthly,august,,936,21779,5547,698,21081,0.8129240619039484,0.8793912523791098,0.06646719047516136,0.10626784178519859,0.22182504117474083,0.11555719938954225,0.11185218879166943,0.07791378253287978,-0.03393840625878965,False,
all_valid,monthly,august,,937,21736,5547,661,21075,0.8139243354994321,0.8791205675286197,0.06519623202918756,0.09507985605318513,0.22259262282757322,0.1275127667743881,0.11179632530195069,0.07686378035438544,-0.034932544947565244,False,
all_valid,monthly,august,,938,21739,5547,627,21112,0.8298184725135723,0.8988002318310849,0.0689817593175126,0.10589483811444081,0.24874136500662938,0.14284652689218857,0.10968815597954276,0.07615858099647313,-0.03352957498306963,False,
all_valid,monthly,august,,939,21737,5547,685,21052,0.8182277183643976,0.8840485360546217,0.06582081769022419,0.10528502056156053,0.22167389490828024,0.11638887434671971,0.1123173595308958,0.07928591870194525,-0.033031440828950556,False,
all_valid,monthly,august,,940,21757,5547,660,21097,0.8212307221621342,0.900133797567082,0.07890307540494779,0.09342348172716278,0.21854520867359015,0.12512172694642737,0.11057246866684703,0.07497455761282425,-0.03559791105402278,False,
all_valid,monthly,august,,941,21768,5547,714,21054,0.81653944944559,0.8955810309304686,0.07904158148487861,0.10693534312429753,0.2347040193437312,0.12776867621943366,0.11353671318136553,0.07790958641605625,-0.03562712676530928,False,
all_valid,monthly,august,,942,21683,5547,698,20985,0.827482039633986,0.8954367732989794,0.06795473366499338,0.12327895163161734,0.2603249010541205,0.13704594942250314,0.10678025156473663,0.07658256459971399,-0.030197686965022633,False,
all_valid,monthly,august,,943,21716,5547,649,21067,0.8056170923745161,0.8772119153485142,0.0715948229739981,0.08842126075384715,0.18459701944296342,0.09617575868911626,0.11286075624788004,0.0794083712082083,-0.03345238503967174,False,
all_valid,monthly,august,,944,21697,5547,695,21002,0.8140957455918895,0.8873933212253167,0.0732975756334272,0.09719680341903744,0.2426231319201186,0.14542632850108117,0.11418234093710058,0.07914290171039322,-0.03503943922670737,False,
all_valid,monthly,august,,945,21746,5547,686,21060,0.8174333225353634,0.8839826651051141,0.06654934256975076,0.10550797537875889,0.2054274136983755,0.09991943831961661,0.11074745396702244,0.07800422199195402,-0.032743231975068426,False,
all_valid,monthly,august,,946,21737,5547,668,21069,0.8052236691361688,0.8744229467876151,0.06919927765144629,0.09217534704985927,0.21260414523051901,0.12042879818065974,0.11367227806537127,0.07910753619926568,-0.034564741866105586,False,
all_valid,monthly,august,,947,21754,5547,741,21013,0.828843824139969,0.8994236778941486,0.07057985375417952,0.11553321059229055,0.281642581622779,0.16610937103048845,0.1098112480727987,0.0763920757949909,-0.0334191722778078,False,
all_valid,monthly,august,,948,21724,5547,712,21012,0.8270363698004566,0.8922794518701993,0.06524308206974272,0.1080400145448527,0.22269795541071158,0.11465794086585888,0.11152926387912801,0.07886913977894101,-0.032660124100186996,False,
all_valid,monthly,august,,949,21748,5547,790,20958,0.820210221528047,0.8906175823618303,0.0704073608337833,0.1133669266328568,0.247545062431115,0.13417813579825819,0.11361385981078176,0.0794176389066,-0.03419622090418176,False,
all_valid,monthly,august,,950,21761,5547,788,20973,0.8002451665556949,0.86894220536387,0.06869703880817513,0.11123411294471651,0.25026217875873547,0.13902806581401894,0.11283041871899843,0.07899254882877114,-0.03383786989022729,False,
all_valid,monthly,august,,951,21681,5547,604,21077,0.8160419050048907,0.8823556766155758,0.06631377161068508,0.09136595364719233,0.19825550098347663,0.10688954733628431,0.1104974619622741,0.0759729493518754,-0.0345245126103987,False,
all_valid,monthly,august,,952,21751,5547,679,21072,0.8263941540498501,0.8916556377852554,0.0652614837354053,0.10971712313674856,0.24172456486321617,0.1320074417264676,0.111701513748793,0.07870685486967144,-0.03299465887912156,False,
all_valid,monthly,august,,953,21747,5547,666,21081,0.8194588497705049,0.8894269963716385,0.0699681466011336,0.10050746572818851,0.2432112871418906,0.14270382141370208,0.1065686079731775,0.0734832970510813,-0.03308531092209621,False,
all_valid,monthly,august,,954,21764,5547,673,21091,0.8255274339040131,0.8920001580922632,0.06647272418825012,0.10039309719426928,0.21890149187953026,0.11850839468526098,0.10919693452364146,0.07595519860661121,-0.03324173591703025,False,
all_valid,monthly,august,,955,21697,5547,640,21057,0.816571389561666,0.8831883399819538,0.06661695042028781,0.0989606569851248,0.21521406698410722,0.11625340999898243,0.11215852597622675,0.07969459967301555,-0.032463926303211196,False,
all_valid,monthly,august,,956,21742,5547,730,21012,0.8336475047526659,0.8971407075930518,0.06349320284038584,0.11810745357174342,0.24253409522284378,0.12442664165110036,0.11040102812201195,0.07698516290194904,-0.033415865220062915,False,
all_valid,monthly,august,,957,21740,5547,674,21066,0.8228396073834361,0.8970301336396196,0.0741905262561835,0.09431722574469449,0.22387824437899903,0.12956101863430453,0.11218547710273653,0.07734757164086487,-0.03483790546187167,False,
all_valid,monthly,august,,958,21729,5547,670,21059,0.8164319435161909,0.8787427362924208,0.06231079277622997,0.10044298380377917,0.20300319851433168,0.10256021471055252,0.11506073111865346,0.0812962933877715,-0.03376443773088196,False,
all_valid,monthly,august,,959,21715,5547,667,21048,0.8081572811085905,0.8784757421745228,0.07031846106593231,0.09056459090167501,0.1867989693111324,0.0962343784094574,0.11185925453219193,0.0785116721491656,-0.033347582383026333,False,
all_valid,monthly,august,,960,21744,5547,711,21033,0.8327165609356885,0.8998260920502462,0.06710953111455775,0.11291403642550268,0.22481970459726267,0.11190566817175998,0.11049888963688646,0.07822485156763688,-0.03227403806924958,False,
all_valid,monthly,august,,961,21721,5547,657,21064,0.8153049255989285,0.883834422714626,0.06852949711569745,0.09892776695695568,0.21853177748167105,0.11960401052471537,0.10992202309217829,0.07512409482416846,-0.03479792826800983,False,
all_valid,monthly,august,,962,21777,5547,609,21168,0.8131232104226475,0.8831333071451533,0.0700100967225058,0.08826335341300945,0.21722007905460256,0.1289567256415931,0.11119248446300868,0.07753632729006181,-0.03365615717294687,False,
all_valid,monthly,august,,963,21698,5547,597,21101,0.8214143875467887,0.8990240525407951,0.07760966499400634,0.08969511972848247,0.2231691387412225,0.13347401901274003,0.1117907506088578,0.0778072336380652,-0.033983516970792604,False,
all_valid,monthly,august,,964,21739,5547,650,21089,0.8064403972906036,0.8784264490784478,0.07198605178784423,0.0942406301293041,0.2119966801722916,0.11775605004298749,0.11294820990324549,0.07719384771472239,-0.0357543621885231,False,
all_valid,monthly,august,,965,21771,5547,734,21037,0.8225151248371398,0.8954134139421408,0.07289828910500096,0.10825854858026669,0.2778698735984199,0.16961132501815324,0.10711388479248699,0.07309581554818882,-0.03401806924429816,False,
all_valid,monthly,august,,966,21674,5547,730,20944,0.8148194925541824,0.8863103958893646,0.07149090333518215,0.10764302204178933,0.253449317354924,0.14580629531313466,0.10968695556238722,0.07516966332367168,-0.03451729223871554,False,
all_valid,monthly,august,,967,21746,5547,666,21080,0.8226020137784844,0.8877500128211703,0.06514799904268587,0.10694067446493177,0.22961854961008488,0.1226778751451531,0.10994093880213321,0.07535936527834165,-0.034581573523791556,False,
all_valid,monthly,august,,968,21732,5547,680,21052,0.8214065171955158,0.8896478328173375,0.06824131562182167,0.09995482880453722,0.22909083511968992,0.1291360063151527,0.11056065874597196,0.07886151690339112,-0.03169914184258084,False,
all_valid,monthly,august,,969,21732,5547,745,20987,0.8310751014610195,0.9026065032907875,0.07153140182976803,0.12405257720529536,0.2718685134344354,0.14781593622914005,0.1097125670887841,0.0773819390445011,-0.03233062804428301,False,
all_valid,monthly,august,,970,21736,5547,698,21038,0.8088366364480047,0.8707915898397522,0.0619549533917475,0.09445259749501123,0.2064556742812762,0.11200307678626498,0.1118539831335701,0.07892086622138872,-0.032933116912181384,False,
all_valid,monthly,august,,971,21725,5547,716,21009,0.8058811453777058,0.8747338530892985,0.06885270771159269,0.09715659601496425,0.22225086874180874,0.12509427272684448,0.11411087406130206,0.07940837190352967,-0.03470250215777239,False,
all_valid,monthly,august,,972,21778,5547,675,21103,0.8119183335351653,0.8768093706178338,0.06489103708266852,0.09211128599111848,0.1945705475854019,0.10245926159428342,0.11251481519502672,0.0804483580902678,-0.032066457104758916,False,
all_valid,monthly,august,,973,21753,5547,707,21046,0.8249009612002322,0.8975803120557233,0.07267935085549115,0.11568315826797015,0.26542758396516,0.14974442569718982,0.1097764760314254,0.07529489036997572,-0.03448158566144968,False,
all_valid,monthly,august,,974,21751,5547,592,21159,0.8118009811172295,0.8758524581578602,0.06405147704063063,0.08386891645301381,0.17612354613377157,0.09225462968075776,0.11072573460924998,0.07799664744187261,-0.032729087167377366,False,
all_valid,monthly,august,,975,21764,5547,632,21132,0.812637846615727,0.886896290226353,0.07425844361062595,0.09549194785701513,0.22530786352860793,0.12981591567159279,0.11314398697398229,0.07982543341175838,-0.03331855356222391,False,
all_valid,monthly,august,,976,21691,5547,809,20882,0.8128940781972374,0.8797499967147202,0.06685591851748285,0.11547516494310159,0.23062825521535443,0.11515309027225284,0.11212195629790694,0.07937554262846178,-0.03274641366944517,False,
all_valid,monthly,august,,977,21735,5547,688,21047,0.8078219317562797,0.8745653415777093,0.06674340982142957,0.09661273970089428,0.2247757672705991,0.12816302756970482,0.11045220797327224,0.0795373008643211,-0.03091490710895113,False,
all_valid,monthly,august,,978,21719,5547,729,20990,0.8181158837803095,0.8999518354484565,0.08183595166814694,0.10784008817055166,0.2391168768009794,0.13127678863042774,0.11532526031791042,0.07901737060226326,-0.03630788971564716,False,
all_valid,monthly,august,,979,21715,5547,651,21064,0.8177816505968497,0.8837988008748701,0.06601715027802035,0.10400075364248462,0.23074741279254868,0.12674665915006406,0.11492594083896003,0.07712345128940937,-0.037802489549550664,False,
all_valid,monthly,august,,980,21777,5547,689,21088,0.8263824575873635,0.8920519115694052,0.06566945398204171,0.11037722762052143,0.23101239037820281,0.12063516275768138,0.10924726559269134,0.07612490728412885,-0.033122358308562486,False,
all_valid,monthly,august,,981,21708,5547,652,21056,0.82656947817797,0.8922513233772167,0.06568184519924669,0.1026280318358931,0.21911045106594357,0.11648241923005047,0.11028766256937099,0.07782263453448646,-0.03246502803488453,False,
all_valid,monthly,august,,982,21735,5547,721,21014,0.8236264655212355,0.8965503085123754,0.07292384299113985,0.11695802960987164,0.25008534880185396,0.1331273191919823,0.11026849381973318,0.07542441987956917,-0.034844073940164005,False,
all_valid,monthly,august,,983,21751,5547,699,21052,0.8262723382416781,0.8933342249194514,0.06706188667777324,0.10840840619013892,0.2518689278013567,0.1434605216112178,0.11216558002692113,0.07542935876279,-0.03673622126413113,False,
all_valid,monthly,august,,984,21714,5547,690,21024,0.8199554546356959,0.8884972729578893,0.06854181832219342,0.10650966723467631,0.22357348786672543,0.11706382063204912,0.1110516540056386,0.07946780399257028,-0.03158385001306832,False,
all_valid,monthly,august,,985,21735,5547,611,21124,0.8224004870624426,0.8941712268078971,0.07177073974545445,0.09417955302664963,0.22448555096071265,0.13030599793406303,0.11448588855740198,0.07966389488730456,-0.03482199367009742,False,
all_valid,monthly,august,,986,21713,5547,708,21005,0.8182935324788152,0.8918907524035844,0.0735972199247692,0.10058888067064259,0.22645551902970967,0.12586663835906708,0.11138814593326088,0.074279289080361,-0.037108856852899885,False,
all_valid,monthly,august,,987,21761,5547,649,21112,0.8149071851585001,0.8846841352685888,0.06977695011008866,0.09381140869046467,0.23084339734025108,0.1370319886497864,0.11061979700084368,0.07561170907806464,-0.03500808792277904,False,
all_valid,monthly,august,,988,21772,5547,666,21106,0.8273071944302874,0.8943661039984361,0.06705890956814864,0.10458760398970748,0.24298119750808642,0.13839359351837893,0.11227517517630621,0.07823500043727061,-0.0340401747390356,False,
all_valid,monthly,august,,989,21680,5547,661,21019,0.8138304951236757,0.8897068778417394,0.07587638271806374,0.0925274552311368,0.2208334741072508,0.12830601887611398,0.11182743075763941,0.07810446144555287,-0.03372296931208654,False,
all_valid,monthly,august,,990,21697,5547,639,21058,0.8039117982660899,0.8820489976933816,0.07813719942729169,0.09269523503255432,0.20112617013591633,0.108430935103362,0.11259294808452448,0.078632231011971,-0.03396071707255348,False,
all_valid,monthly,august,,991,21750,5547,789,20961,0.8106393375010106,0.8802569489151468,0.06961761141413625,0.10726304430501464,0.24034204744151433,0.13307900313649967,0.11195450587799688,0.07712488551589408,-0.0348296203621028,False,
all_valid,monthly,august,,992,21742,5547,653,21089,0.7932703643429941,0.8723320700855275,0.07906170574253335,0.07762226494073488,0.1704068214011046,0.09278455646036973,0.11311334614928095,0.07959542350489487,-0.03351792264438608,False,
all_valid,monthly,august,,993,21710,5547,652,21058,0.805628130777572,0.8794659010725272,0.0738377702949552,0.09460103263744839,0.21625410326758254,0.12165307063013416,0.11339531512724725,0.0797180051298386,-0.033677309997408644,False,
all_valid,monthly,august,,994,21717,5547,693,21024,0.8046488751397427,0.8772597688122802,0.07261089367253748,0.09452266131478389,0.2279270266097857,0.13340436529500183,0.11555323703359649,0.08183610081923025,-0.03371713621436624,False,
all_valid,monthly,august,,995,21724,5547,717,21007,0.8129882189100943,0.8789583255737494,0.0659701066636551,0.10630163030033912,0.19581154527283365,0.08950991497249453,0.11357422157338434,0.08130610320781892,-0.032268118365565424,False,
all_valid,monthly,august,,996,21757,5547,713,21044,0.8166649027363491,0.8883596727673774,0.07169477003102831,0.09848907231704336,0.21130932292308727,0.1128202506060439,0.11209173354090125,0.07818965695449077,-0.03390207658641048,False,
all_valid,monthly,august,,997,21752,5547,766,20986,0.8238494318853374,0.8942473522694105,0.07039792038407311,0.11239684927948203,0.2669614386316958,0.1545645893522138,0.11041898991745448,0.0759739223000473,-0.03444506761740718,False,
all_valid,monthly,august,,998,21710,5547,662,21048,0.8100028305320826,0.8812086544236106,0.07120582389152808,0.09270140404890341,0.22695200201859658,0.1342505979696932,0.11303996790259349,0.07800356977996097,-0.035036398122632526,False,
all_valid,monthly,august,,999,21765,5547,691,21074,0.8206444192863491,0.8887101299850695,0.06806571069872036,0.1010394327280052,0.2451924957273974,0.1441530629993922,0.11057356012847581,0.0763076580226404,-0.03426590210583541,False,
burnable_tree_shrub_grass,monthly,august,,0,18234,4910,683,17551,0.8083197488548954,0.8763830953891079,0.06806334653421242,0.12551467021006887,0.23803876073302432,0.11252409052295545,0.12182269227562308,0.08583170631519145,-0.035990985960431626,False,
burnable_tree_shrub_grass,monthly,august,,1,18262,4910,576,17686,0.8046219271049292,0.8809674279404928,0.07634550083556357,0.10850856697459196,0.22321148838529156,0.1147029214106996,0.1215706966965986,0.08541077591406662,-0.03615992078253198,False,
burnable_tree_shrub_grass,monthly,august,,2,18275,4910,641,17634,0.7872714160012471,0.8754373244000873,0.0881659083988402,0.10376012564758227,0.21842886959172964,0.11466874394414736,0.12317614487856125,0.08493046013644748,-0.038245684742113775,False,
burnable_tree_shrub_grass,monthly,august,,3,18171,4910,744,17427,0.790299558341987,0.87655302209956,0.08625346375757303,0.12399511698119829,0.2907475800519287,0.16675246307073038,0.1251603749614846,0.08644713449616928,-0.038713240465315324,False,
burnable_tree_shrub_grass,monthly,august,,4,18270,4910,663,17607,0.7804491409174039,0.8603882094405583,0.07993906852315436,0.09790573451187431,0.2027655963337733,0.10485986182189899,0.12485693477579479,0.08426790499488523,-0.04058902978090956,False,
burnable_tree_shrub_grass,monthly,august,,5,18232,4910,671,17561,0.802799456287392,0.8739138880687638,0.07111443178137178,0.1193075748092969,0.2419988207550943,0.12269124594579739,0.12220610709774954,0.08545652368512449,-0.03674958341262505,False,
burnable_tree_shrub_grass,monthly,august,,6,18339,4910,725,17614,0.771558243246947,0.8504963528227938,0.0789381095758468,0.09620579799247857,0.18471446587889168,0.08850866788641311,0.12830685436583372,0.09264690315155973,-0.035659951214274,False,
burnable_tree_shrub_grass,monthly,august,,7,18251,4910,664,17587,0.7720331488003529,0.8525812466902922,0.08054809788993933,0.09473882884387577,0.1866866629176324,0.09194783407375662,0.12563879560539135,0.08871913349366788,-0.03691966211172347,False,
burnable_tree_shrub_grass,monthly,august,,8,18213,4910,731,17482,0.8107091507528322,0.8910143417399737,0.0803051909871415,0.12197849896121607,0.2672878975886421,0.145309398627426,0.12176128712699769,0.08559068433483065,-0.036170602792167036,False,
burnable_tree_shrub_grass,monthly,august,,9,18251,4910,684,17567,0.8156186157125418,0.8907787295224266,0.07516011380988485,0.13437145740862613,0.2611162032560241,0.12674474584739795,0.12257263234185846,0.08368586488979389,-0.03888676745206457,False,
burnable_tree_shrub_grass,monthly,august,,10,18279,4910,664,17615,0.7938038842853674,0.866083978263323,0.07228009397795554,0.11688081637143546,0.24019075367190582,0.12330993730047035,0.12496679595404006,0.08777303406542997,-0.037193761888610094,False,
burnable_tree_shrub_grass,monthly,august,,11,18284,4910,704,17580,0.7941948010394042,0.8749848097011066,0.08079000866170238,0.11323244828534047,0.23932515951281969,0.12609271122747923,0.1262840269788,0.08947648965712308,-0.03680753732167692,False,
burnable_tree_shrub_grass,monthly,august,,12,18345,4910,723,17622,0.7784586662622934,0.8592811889702188,0.08082252270792534,0.10669993114446084,0.25421816613378245,0.1475182349893216,0.1255736699583893,0.08670196368541284,-0.03887170627297647,False,
burnable_tree_shrub_grass,monthly,august,,13,18338,4910,673,17665,0.7793088220635914,0.8532083614941945,0.07389953943060312,0.10242705761123193,0.22222864723765118,0.11980158962641925,0.12352967045416686,0.08580709178833203,-0.03772257866583484,False,
burnable_tree_shrub_grass,monthly,august,,14,18306,4910,642,17664,0.780670208728385,0.8530840662953181,0.07241385756693308,0.09954725007757406,0.184790653843429,0.08524340376585493,0.1239186093024632,0.0899095627819914,-0.034009046520471806,False,
burnable_tree_shrub_grass,monthly,august,,15,18204,4910,720,17484,0.7851926523297492,0.8687631072218409,0.0835704548920917,0.10574875707175645,0.2127435120528729,0.10699475498111645,0.12539086840480504,0.08808857247575412,-0.03730229592905092,False,
burnable_tree_shrub_grass,monthly,august,,16,18254,4910,663,17591,0.7785309967140916,0.8596343615654962,0.08110336485140457,0.09535596216816174,0.20362532213880494,0.1082693599706432,0.12544338223068285,0.08725291586753449,-0.038190466363148365,False,
burnable_tree_shrub_grass,monthly,august,,17,18248,4910,728,17520,0.7970980182773847,0.8700124504490943,0.07291443217170956,0.10913722191489392,0.21336632723729962,0.1042291053224057,0.12406512880150268,0.08844600622546292,-0.03561912257603976,False,
burnable_tree_shrub_grass,monthly,august,,18,18249,4910,683,17566,0.7815310723547702,0.8659755327283558,0.08444446037358566,0.10142621392993188,0.21813852553076027,0.11671231160082839,0.12412590727908121,0.08417233728027312,-0.039953569998808086,False,
burnable_tree_shrub_grass,monthly,august,,19,18153,4910,693,17460,0.7939882378026708,0.8687243073841012,0.07473606958143042,0.11266690221362317,0.23783869994709997,0.1251717977334768,0.12223992410681976,0.08432951655123226,-0.0379104075555875,False,
burnable_tree_shrub_grass,monthly,august,,20,18254,4910,701,17553,0.7863886531379634,0.8670839397096366,0.08069528657167324,0.10350995267708102,0.231088213579456,0.12757826090237498,0.12603386348125106,0.08785065781639746,-0.0381832056648536,False,
burnable_tree_shrub_grass,monthly,august,,21,18249,4910,713,17536,0.8023949210312138,0.8755905703258566,0.07319564929464284,0.12173939862289601,0.25555948452889016,0.13382008590599415,0.1251336896672982,0.08887952345998355,-0.036254166207314656,False,
burnable_tree_shrub_grass,monthly,august,,22,18338,4910,659,17679,0.7935005747841223,0.8758458570866852,0.08234528230256288,0.09421824842599043,0.20515806934536227,0.11093982091937184,0.12340068587523363,0.08571580780183198,-0.03768487807340165,False,
burnable_tree_shrub_grass,monthly,august,,23,18189,4910,661,17528,0.7852993023999293,0.8711296418921859,0.0858303394922566,0.1017730836691606,0.23496898719313547,0.13319590352397487,0.124360739670823,0.0860556735455917,-0.03830506612523131,False,
burnable_tree_shrub_grass,monthly,august,,24,18292,4910,695,17597,0.7813439014089631,0.8576344970508789,0.07629059564191576,0.11275336287192822,0.22948489658168209,0.11673153370975387,0.121284097575298,0.08504775322990413,-0.03623634434539387,False,
burnable_tree_shrub_grass,monthly,august,,25,18306,4910,666,17640,0.7869157422728852,0.877282214186976,0.09036647191409086,0.09810307954557373,0.2668540388095654,0.16875095926399164,0.12383559641813371,0.08368557563312551,-0.040150020785008206,False,
burnable_tree_shrub_grass,monthly,august,,26,18224,4910,701,17523,0.7915686601583262,0.8635758358914142,0.07200717573308801,0.11137116144311156,0.25168188804347386,0.1403107266003623,0.12257956386713446,0.08523682498227493,-0.03734273888485953,False,
burnable_tree_shrub_grass,monthly,august,,27,18221,4910,697,17524,0.7778834241509164,0.860665365015292,0.08278194086437562,0.1024360032550853,0.23032325495863445,0.12788725170354914,0.12955084654579013,0.08934875065336537,-0.040202095892424766,False,
burnable_tree_shrub_grass,monthly,august,,28,18213,4910,829,17384,0.7814813630047901,0.856969124861151,0.07548776185636086,0.12150445106920411,0.2561011599185149,0.1345967088493108,0.12416829982072115,0.08554475848640176,-0.03862354133431939,False,
burnable_tree_shrub_grass,monthly,august,,29,18202,4910,674,17528,0.793682376108358,0.8738799607783121,0.08019758466995408,0.10153330337637775,0.2243979208907516,0.12286461751437386,0.12391665115168107,0.08615378399215494,-0.037762867159526134,False,
burnable_tree_shrub_grass,monthly,august,,30,18233,4910,719,17514,0.7746323108411741,0.8501452364831759,0.07551292564200174,0.10285401833971929,0.2107129975836767,0.10785897924395742,0.12817480759667074,0.09037572383728719,-0.03779908375938355,False,
burnable_tree_shrub_grass,monthly,august,,31,18264,4910,633,17631,0.7883755839720412,0.8686223631487803,0.08024677917673906,0.09558298898200067,0.206343653969295,0.11076066498729432,0.12349374958522932,0.08434146036104007,-0.03915228922418926,False,
burnable_tree_shrub_grass,monthly,august,,32,18324,4910,706,17618,0.8087392593912291,0.8840942031665401,0.07535494377531093,0.13477814319595605,0.2590198130295064,0.12424166983355034,0.12335503736931927,0.08753190915972962,-0.03582312820958965,False,
burnable_tree_shrub_grass,monthly,august,,33,18288,4910,628,17660,0.7830547460524703,0.8590399153147564,0.07598516926228616,0.09408779599101144,0.20004735493577433,0.10595955894476289,0.12466890914473963,0.08938201284836034,-0.035286896296379294,False,
burnable_tree_shrub_grass,monthly,august,,34,18267,4910,767,17500,0.7840941329856583,0.8598173216613895,0.07572318867573113,0.11211056543702387,0.2561304273696373,0.14401986193261346,0.12177044474123058,0.08688556556334458,-0.034884879177886005,False,
burnable_tree_shrub_grass,monthly,august,,35,18289,4910,734,17555,0.7854077531339807,0.8651786483430433,0.07977089520906255,0.1087947393151443,0.23335175024811852,0.12455701093297422,0.1230179910327697,0.08575351211349473,-0.037264478919274965,False,
burnable_tree_shrub_grass,monthly,august,,36,18243,4910,677,17566,0.7975224395321228,0.8752207122292612,0.07769827269713847,0.11296788261531385,0.23686125263320215,0.1238933700178883,0.12141870283757407,0.08643795538195867,-0.0349807474556154,False,
burnable_tree_shrub_grass,monthly,august,,37,18233,4910,668,17565,0.7836487145265405,0.8640313736318993,0.0803826591053588,0.09975227908198607,0.213537633370052,0.11378535428806592,0.12447843994334434,0.08579707619381281,-0.03868136374953153,False,
burnable_tree_shrub_grass,monthly,august,,38,18194,4910,676,17518,0.8031344007279748,0.8848938809177508,0.08175948018977597,0.11210852576413055,0.2417133460964929,0.12960482033236234,0.12392888785734682,0.08758468880716866,-0.03634419905017816,False,
burnable_tree_shrub_grass,monthly,august,,39,18194,4910,672,17522,0.7917627193840668,0.8692703832189195,0.07750766383485264,0.10760014281954249,0.2160785982895061,0.10847845546996361,0.1212118536287304,0.08598165028279746,-0.03523020334593294,False,
burnable_tree_shrub_grass,monthly,august,,40,18295,4910,720,17575,0.8171980401454085,0.8939177335229966,0.0767196933775881,0.1321155268180589,0.2993684775659203,0.16725295074786137,0.11739858120758752,0.0801099849523621,-0.03728859625522542,False,
burnable_tree_shrub_grass,monthly,august,,41,18284,4910,684,17600,0.8034334296916534,0.8863540005316322,0.08292057083997872,0.11261365172565667,0.2501474824007351,0.1375338306750784,0.11764255824224322,0.08181756888757276,-0.03582498935467046,False,
burnable_tree_shrub_grass,monthly,august,,42,18246,4910,780,17466,0.7734445237193435,0.8548278413445023,0.08138331762515882,0.10644532208765087,0.23894656336945244,0.13250124128180157,0.1256304860637224,0.08708732362157352,-0.03854316244214888,False,
burnable_tree_shrub_grass,monthly,august,,43,18229,4910,688,17541,0.7791670064022761,0.8504880757772819,0.07132106937500582,0.1037497216084185,0.19283335233217436,0.08908363072375586,0.12495096202717684,0.08925807186238809,-0.03569289016478876,False,
burnable_tree_shrub_grass,monthly,august,,44,18182,4910,697,17485,0.7725565549318969,0.8508110866908262,0.07825453175892927,0.10212671273413151,0.20988178528414292,0.1077550725500114,0.12202655620768395,0.08409541761984228,-0.03793113858784167,False,
burnable_tree_shrub_grass,monthly,august,,45,18367,4910,762,17605,0.7759107149379687,0.8489755877930766,0.07306487285510788,0.1097822253619116,0.19587118812792711,0.08608896276601552,0.12392605830336209,0.0891685706759185,-0.03475748762744359,False,
burnable_tree_shrub_grass,monthly,august,,46,18252,4910,692,17560,0.7905360810828604,0.8674072873187881,0.07687120623592769,0.11164118278898298,0.232798377716665,0.12115719492768202,0.1253346075716312,0.0887206448413918,-0.0366139627302394,False,
burnable_tree_shrub_grass,monthly,august,,47,18308,4910,712,17596,0.8012466444110127,0.8662628572377277,0.06501621282671499,0.13006935362477395,0.2432621731318574,0.11319281950708346,0.11914930371385651,0.08455086073816638,-0.03459844297569013,False,
burnable_tree_shrub_grass,monthly,august,,48,18150,4910,742,17408,0.7735789056925837,0.8487202959013793,0.07514139020879562,0.10938764552624736,0.22988683626406273,0.12049919073781537,0.12319946588468657,0.08832872024236488,-0.03487074564232169,False,
burnable_tree_shrub_grass,monthly,august,,49,18255,4910,703,17552,0.7821937107668528,0.8580884145432195,0.07589470377636665,0.1057449628750213,0.2116860398786399,0.1059410770036186,0.1259701270003172,0.08966030021401611,-0.0363098267863011,False,
burnable_tree_shrub_grass,monthly,august,,50,18357,4910,753,17604,0.7782538331110912,0.8524642624684176,0.07421042935732636,0.11159841587066155,0.20451311334436587,0.09291469747370432,0.12193012323609148,0.08650090077846886,-0.03542922245762262,False,
burnable_tree_shrub_grass,monthly,august,,51,18225,4910,686,17539,0.7985294164092782,0.8840162456778953,0.08548682926861706,0.12170543498517447,0.25076766840378645,0.12906223341861198,0.12352146533823104,0.08469425078134792,-0.03882721455688312,False,
burnable_tree_shrub_grass,monthly,august,,52,18196,4910,677,17519,0.7951429479856562,0.8654223315087405,0.07027938352308427,0.11231183385313419,0.23500472179433624,0.12269288794120205,0.12043372879419567,0.08514572530346601,-0.035288003490729664,False,
burnable_tree_shrub_grass,monthly,august,,53,18264,4910,645,17619,0.7999179444671032,0.877595495701214,0.0776775512341108,0.10961327520748661,0.24104260400292501,0.1314293287954384,0.12059584494411871,0.08270023293357755,-0.03789561201054116,False,
burnable_tree_shrub_grass,monthly,august,,54,18224,4910,709,17515,0.7738918122568323,0.8473675797533204,0.0734757674964881,0.11061161933046273,0.20898231501682768,0.09837069568636495,0.1274068836106829,0.09100378119772969,-0.036403102412953206,False,
burnable_tree_shrub_grass,monthly,august,,55,18353,4910,701,17652,0.7992337109945877,0.8740620291558496,0.0748283181612619,0.1397787394520975,0.2560965772697446,0.1163178378176471,0.12250953531103298,0.08538817041336084,-0.037121364897672135,False,
burnable_tree_shrub_grass,monthly,august,,56,18251,4910,653,17598,0.8066372831939868,0.8758116220571492,0.06917433886316249,0.11730062860867865,0.25901758241610917,0.14171695380743052,0.12212948869399977,0.0864793173183258,-0.03565017137567397,False,
burnable_tree_shrub_grass,monthly,august,,57,18236,4910,658,17578,0.8011317165246279,0.8726298865568698,0.0714981700322419,0.11867720065951512,0.23403715456793886,0.11535995390842374,0.12346437891067127,0.0879360600555324,-0.03552831885513888,False,
burnable_tree_shrub_grass,monthly,august,,58,18239,4910,678,17561,0.794831131400551,0.8768578939084479,0.08202676250789698,0.11037733341262569,0.21747530720359465,0.10709797379096896,0.12363225881819204,0.08600242593919655,-0.03762983287899549,False,
burnable_tree_shrub_grass,monthly,august,,59,18267,4910,688,17579,0.7821172229814379,0.8573950882196912,0.0752778652382533,0.10406690862188128,0.23075047448081887,0.12668356585893759,0.12236991954631264,0.08764931447794568,-0.034720605068366966,False,
burnable_tree_shrub_grass,monthly,august,,60,18275,4910,720,17555,0.7875640051900377,0.8694338428431279,0.0818698376530902,0.10413532960063993,0.22663813266675095,0.12250280306611103,0.12557793594136457,0.08956633479324332,-0.036011601148121256,False,
burnable_tree_shrub_grass,monthly,august,,61,18254,4910,791,17463,0.7980113706906993,0.8858475057939006,0.08783613510320132,0.1260331100750968,0.27459900209087706,0.14856589201578027,0.12226491477697508,0.08362195974198498,-0.0386429550349901,False,
burnable_tree_shrub_grass,monthly,august,,62,18311,4910,747,17564,0.7750130942048007,0.8615664357879402,0.08655334158313954,0.09836626208559177,0.22607405637056305,0.12770779428497128,0.12975245733888055,0.09057270741826946,-0.03917974992061109,False,
burnable_tree_shrub_grass,monthly,august,,63,18275,4910,662,17613,0.7998492856570684,0.8762420232377793,0.07639273758071097,0.10247716185195603,0.2438536690681958,0.1413765072162398,0.11961130049556326,0.08080227230038434,-0.038809028195178924,False,
burnable_tree_shrub_grass,monthly,august,,64,18231,4910,666,17565,0.767632876257983,0.839650923340078,0.07201804708209492,0.09749622377238353,0.17963082516377513,0.0821346013913916,0.127549122281919,0.09195656487905682,-0.035592557402862185,False,
burnable_tree_shrub_grass,monthly,august,,65,18300,4910,724,17576,0.756574958129745,0.8250551040218078,0.06848014589206286,0.09632026241356684,0.18348654444478837,0.08716628203122154,0.12810896022223633,0.0928713764539049,-0.03523758376833143,False,
burnable_tree_shrub_grass,monthly,august,,66,18251,4910,614,17637,0.7725790780006274,0.8488146495402488,0.07623557153962135,0.08819965022685236,0.19536676303637476,0.1071671128095224,0.12387938394037072,0.08659256036689834,-0.03728682357347238,False,
burnable_tree_shrub_grass,monthly,august,,67,18268,4910,757,17511,0.7829314610095621,0.8510387167847016,0.06810725577513943,0.1120953557941834,0.21503806651830545,0.10294271072412206,0.12423344785717588,0.08749348021799344,-0.03673996763918244,False,
burnable_tree_shrub_grass,monthly,august,,68,18195,4910,764,17431,0.770389217501106,0.8482819770157339,0.07789275951462793,0.1044445020470648,0.2010452242803324,0.09660072223326759,0.12489978200958786,0.08827896836669648,-0.03662081364289138,False,
burnable_tree_shrub_grass,monthly,august,,69,18283,4910,724,17559,0.7825205487167337,0.8710848256186954,0.08856427690196167,0.10688625643433225,0.2221792280833087,0.11529297164897645,0.12436156185570275,0.08655265028245927,-0.03780891157324348,False,
burnable_tree_shrub_grass,monthly,august,,70,18141,4910,707,17434,0.7948215366776685,0.8775518548921379,0.08273031821446941,0.11086157945049008,0.24374900468597846,0.13288742523548838,0.12518079500580945,0.08716386016685547,-0.03801693483895398,False,
burnable_tree_shrub_grass,monthly,august,,71,18244,4910,723,17521,0.8034708872964377,0.8829134736004998,0.07944258630406209,0.1195830702355008,0.28584827120963463,0.16626520097413383,0.12269204092788687,0.08429282927533832,-0.038399211652548546,False,
burnable_tree_shrub_grass,monthly,august,,72,18291,4910,733,17558,0.7960340214082129,0.8789594945273564,0.08292547311914356,0.11329770593544572,0.26434004432794833,0.1510423383925026,0.12173230834453815,0.08348589394117066,-0.038246414403367485,False,
burnable_tree_shrub_grass,monthly,august,,73,18205,4910,617,17588,0.8042848391178751,0.8773023377881413,0.07301749867026619,0.10847577460823957,0.23059885384581036,0.12212307923757079,0.12229517997163797,0.08451788164457603,-0.037777298327061934,False,
burnable_tree_shrub_grass,monthly,august,,74,18175,4910,676,17499,0.7848058773265488,0.8591698900123118,0.07436401268576298,0.1048298856204487,0.2287945756287265,0.12396469000827778,0.12593107339320017,0.08712794594193314,-0.03880312745126703,False,
burnable_tree_shrub_grass,monthly,august,,75,18181,4910,727,17454,0.7926210125290625,0.8645968833935506,0.07197587086448809,0.11417707821313727,0.21997124421332742,0.10579416600019015,0.12135188392489944,0.08568248841604169,-0.035669395508857754,False,
burnable_tree_shrub_grass,monthly,august,,76,18372,4910,697,17675,0.7965611765111744,0.8704521905357169,0.07389101402454246,0.1144090642750628,0.24027355184598043,0.12586448757091762,0.12234414796306611,0.0851742883998876,-0.03716985956317852,False,
burnable_tree_shrub_grass,monthly,august,,77,18319,4910,630,17689,0.7882575217133418,0.8654939353396022,0.07723641362626033,0.0938335956436555,0.205285414682123,0.1114518190384675,0.12448929249777853,0.08669470659736557,-0.03779458590041296,False,
burnable_tree_shrub_grass,monthly,august,,78,18346,4910,635,17711,0.7940010589975446,0.8684853089654234,0.07448424996787884,0.10472753405176384,0.23621784128397852,0.13149030723221466,0.12294588425057734,0.08486762843847082,-0.038078255812106526,False,
burnable_tree_shrub_grass,monthly,august,,79,18289,4910,663,17626,0.7870442916581308,0.8647890756473665,0.07774478398923568,0.10258041262934078,0.2368777113385345,0.1342972987091937,0.12346432898750669,0.08775530966934213,-0.03570901931816456,False,
burnable_tree_shrub_grass,monthly,august,,80,18157,4910,674,17483,0.7971854303230725,0.8718293701503333,0.07464393982726081,0.1129608736721871,0.24352163305077534,0.13056075937858824,0.12355634938324987,0.08621002770618695,-0.03734632167706292,False,
burnable_tree_shrub_grass,monthly,august,,81,18314,4910,725,17589,0.7888558091754054,0.8642993563767322,0.07544354720132673,0.11532984598135303,0.22125812102523973,0.1059282750438867,0.12380367000845745,0.0881871496297766,-0.03561652037868085,False,
burnable_tree_shrub_grass,monthly,august,,82,18263,4910,605,17658,0.779043610041664,0.8591100514925925,0.08006644145092845,0.09016931279938305,0.19592892086424615,0.1057596080648631,0.1252192161352234,0.08577203167565287,-0.039447184459570545,False,
burnable_tree_shrub_grass,monthly,august,,83,18338,4910,699,17639,0.7913531037065821,0.8798063466627346,0.08845324295615253,0.10521683114282661,0.2481907370541065,0.1429739059112799,0.12190782553729233,0.08314169667611541,-0.03876612886117692,False,
burnable_tree_shrub_grass,monthly,august,,84,18298,4910,668,17630,0.7958529197985198,0.8700044324283933,0.07415151262987352,0.11091155612442727,0.2386605966951755,0.12774904057074823,0.1234926980558432,0.08588818980929891,-0.037604508246544294,False,
burnable_tree_shrub_grass,monthly,august,,85,18233,4910,781,17452,0.7933685971809856,0.8694921178352595,0.07612352065427386,0.130692087409299,0.2564788055214852,0.12578671811218622,0.12625973764316603,0.08706499261434845,-0.039194745028817576,False,
burnable_tree_shrub_grass,monthly,august,,86,18275,4910,633,17642,0.7851279610107504,0.858171106470216,0.07304314545946555,0.1047729322569257,0.23119545924047055,0.12642252698354484,0.12215489429784705,0.08420318170096047,-0.03795171259688658,False,
burnable_tree_shrub_grass,monthly,august,,87,18194,4910,643,17551,0.7865334112282242,0.8686424003346656,0.08210898910644138,0.09598585233011522,0.22059323773391898,0.12460738540380376,0.12485975056263635,0.08655793428394148,-0.03830181627869486,False,
burnable_tree_shrub_grass,monthly,august,,88,18214,4910,655,17559,0.7735675013226944,0.8576198282866618,0.08405232696396747,0.09332714244494474,0.21919745114419836,0.12587030869925364,0.12604717629905066,0.08765567769665752,-0.03839149860239313,False,
burnable_tree_shrub_grass,monthly,august,,89,18229,4910,699,17530,0.7874411901281841,0.8675531910552684,0.08011200092708426,0.11090734351228881,0.2198587330927115,0.10895138958042269,0.12625838791051164,0.08980041303417673,-0.03645797487633491,False,
burnable_tree_shrub_grass,monthly,august,,90,18240,4910,692,17548,0.781034859299217,0.85660388483578,0.07556902553656297,0.10988392888071151,0.2579153476677266,0.1480314187870151,0.12161567455771495,0.08460641784116478,-0.03700925671655017,False,
burnable_tree_shrub_grass,monthly,august,,91,18194,4910,665,17529,0.7996366064914124,0.8734436639262027,0.07380705743479021,0.1153353288527692,0.23268032170394856,0.11734499285117936,0.12399099103184663,0.08667657198409338,-0.03731441904775325,False,
burnable_tree_shrub_grass,monthly,august,,92,18102,4910,730,17372,0.7946381990859169,0.8670663546125239,0.07242815552660697,0.1129714612655861,0.2295203514156406,0.11654889015005448,0.12238519565068125,0.08812022511567093,-0.03426497053501032,False,
burnable_tree_shrub_grass,monthly,august,,93,18328,4910,724,17604,0.7840917935526959,0.8656414884362043,0.08154969488350838,0.11410550068407188,0.22804894204999196,0.11394344136592008,0.1267299782342168,0.08696898618079127,-0.03976099205342554,False,
burnable_tree_shrub_grass,monthly,august,,94,18289,4910,636,17653,0.7918582531092939,0.8800385631177126,0.08818031000841864,0.10861643067204345,0.25226497280894467,0.1436485421369012,0.1218983288178685,0.08158324510284587,-0.040315083715022626,False,
burnable_tree_shrub_grass,monthly,august,,95,18200,4910,759,17441,0.7836664307498897,0.8519032621858795,0.0682368314359898,0.11999657658677741,0.22479702517713132,0.10480044859035391,0.12128366510805673,0.0882214319388931,-0.033062233169163624,False,
burnable_tree_shrub_grass,monthly,august,,96,18223,4910,721,17502,0.7877318875068924,0.8679700722929069,0.08023818478601452,0.11082095481710856,0.23501721909930437,0.12419626428219581,0.12638298504249512,0.08891100552194922,-0.0374719795205459,False,
burnable_tree_shrub_grass,monthly,august,,97,18186,4910,755,17431,0.7840167532838085,0.8739881485410214,0.08997139525721287,0.113535697776911,0.2550293885907804,0.1414936908138694,0.12855754054491722,0.08757097564743316,-0.04098656489748406,False,
burnable_tree_shrub_grass,monthly,august,,98,18317,4910,747,17570,0.7974669308994659,0.8660140847967852,0.06854715389731936,0.12409667950392735,0.25093735569639763,0.1268406761924703,0.12333972825019647,0.08649674956053287,-0.0368429786896636,False,
burnable_tree_shrub_grass,monthly,august,,99,18221,4910,647,17574,0.7847767242214814,0.8639035571200888,0.07912683289860745,0.10202636357003901,0.23012913529832962,0.1281027717282906,0.12240013277359832,0.08523391698483522,-0.0371662157887631,False,
burnable_tree_shrub_grass,monthly,august,,100,18201,4910,687,17514,0.7941403583309272,0.8781881959601792,0.08404783762925194,0.10514518232747802,0.23961929819112823,0.1344741158636502,0.12482926557748368,0.0875125764659482,-0.037316689111535475,False,
burnable_tree_shrub_grass,monthly,august,,101,18205,4910,690,17515,0.7780999309080829,0.8565986090597294,0.07849867815164646,0.11683572080474229,0.21509641321611542,0.09826069241137313,0.12329031882770182,0.08776352973697506,-0.03552678909072676,False,
burnable_tree_shrub_grass,monthly,august,,102,18113,4910,663,17450,0.7748662630139118,0.8547803463461646,0.0799140833322528,0.09984555766428592,0.20122271283032564,0.10137715516603972,0.12308138034817206,0.0865660802972248,-0.03651530005094726,False,
burnable_tree_shrub_grass,monthly,august,,103,18310,4910,746,17564,0.7895335511401275,0.8755669041538169,0.08603335301368942,0.10487831688857721,0.28053713103321026,0.17565881414463305,0.12812391363405726,0.08700604309242475,-0.041117870541632504,False,
burnable_tree_shrub_grass,monthly,august,,104,18289,4910,751,17538,0.7896233387224303,0.8741283716590902,0.0845050329366599,0.12145685491566079,0.2579320643241137,0.13647520940845292,0.12406494156007508,0.08510596212498317,-0.03895897943509191,False,
burnable_tree_shrub_grass,monthly,august,,105,18228,4910,660,17568,0.7863010225202849,0.866177743969752,0.07987672144946711,0.1067795115642451,0.22997526024079432,0.12319574867654921,0.1229734627343131,0.0872421915650962,-0.0357312711692169,False,
burnable_tree_shrub_grass,monthly,august,,106,18262,4910,737,17525,0.7888539148376907,0.8631719369692841,0.07431802213159333,0.12583497114027858,0.2294990346809858,0.1036640635407072,0.1255724014274622,0.08867777727968247,-0.036894624147779734,False,
burnable_tree_shrub_grass,monthly,august,,107,18269,4910,608,17661,0.7629671682178097,0.852996138533015,0.09002897031520529,0.07739208781697758,0.17003914497397782,0.09264705715700024,0.12195347872245219,0.08379066295125868,-0.0381628157711935,False,
burnable_tree_shrub_grass,monthly,august,,108,18317,4910,713,17604,0.7788191148065609,0.8586456189193263,0.07982650411276548,0.1171932700088838,0.2206563403316819,0.10346307032279811,0.12570028662967744,0.08839227497292038,-0.03730801165675707,False,
burnable_tree_shrub_grass,monthly,august,,109,18241,4910,655,17586,0.7705674100581396,0.853867536893938,0.08330012683579846,0.09356261743341107,0.19617388653161183,0.10261126909820076,0.12694846380375366,0.08864662385878491,-0.038301839944968746,False,
burnable_tree_shrub_grass,monthly,august,,110,18387,4910,658,17729,0.8043317998896249,0.8727103996148704,0.06837859972524551,0.11640176787696202,0.22592125757012368,0.10951948969316166,0.12051073049221561,0.08572770090472936,-0.03478302958748625,False,
burnable_tree_shrub_grass,monthly,august,,111,18234,4910,778,17456,0.7929056736702961,0.8592815222231909,0.0663758485528948,0.1200563935732505,0.24201471784138065,0.12195832426813015,0.12191732356281619,0.08801504310813885,-0.033902280454677344,False,
burnable_tree_shrub_grass,monthly,august,,112,18290,4910,630,17660,0.7805874633734202,0.8635754732243973,0.0829880098509771,0.08721317510080241,0.18204419932669166,0.09483102422588925,0.12547172579835578,0.08660913779081579,-0.038862588007539986,False,
burnable_tree_shrub_grass,monthly,august,,113,18246,4910,657,17589,0.8008463242342293,0.8728097582090231,0.07196343397479377,0.11238069753269767,0.22914998553103158,0.11676928799833391,0.12305244670419092,0.0871182486544413,-0.03593419804974962,False,
burnable_tree_shrub_grass,monthly,august,,114,18278,4910,720,17558,0.77254800755591,0.8478518022806951,0.0753037947247851,0.10025573848888364,0.20711182528626232,0.10685608679737868,0.12212134572784686,0.08603440676613738,-0.036086938961709475,False,
burnable_tree_shrub_grass,monthly,august,,115,18257,4910,604,17653,0.7867195527616079,0.8712445176569805,0.08452496489537265,0.09062541169928841,0.20786333498898227,0.11723792328969386,0.12113047182190616,0.0826893126799596,-0.038441159141946554,False,
burnable_tree_shrub_grass,monthly,august,,116,18264,4910,745,17519,0.8003438644371155,0.8697912257104559,0.06944736127334039,0.12652518497363038,0.23168283626614017,0.10515765129250979,0.12308673786598268,0.08786169892120947,-0.035225038944773204,False,
burnable_tree_shrub_grass,monthly,august,,117,18220,4910,661,17559,0.7691059982859603,0.8549709089709137,0.08586491068495339,0.09996579284999021,0.2167550513135809,0.11678925846359067,0.12716028658696857,0.08654466750731574,-0.04061561907965283,False,
burnable_tree_shrub_grass,monthly,august,,118,18245,4910,618,17627,0.7925645197506106,0.8561807487520523,0.0636162290014417,0.10273832976671815,0.1893212821344821,0.08658295236776395,0.12305461093755668,0.0885224524163606,-0.03453215852119608,False,
burnable_tree_shrub_grass,monthly,august,,119,18266,4910,739,17527,0.7837614234153175,0.8561050945330587,0.0723436711177412,0.1044967759909049,0.20774602923742772,0.10324925324652282,0.1267024760393909,0.09084388762816621,-0.035858588411224676,False,
burnable_tree_shrub_grass,monthly,august,,120,18222,4910,763,17459,0.7913818234475124,0.8694265696595138,0.07804474621200141,0.12263382424899952,0.2541906224145466,0.13155679816554708,0.12380076700262004,0.0862741880354465,-0.03752657896717354,False,
burnable_tree_shrub_grass,monthly,august,,121,18195,4910,684,17511,0.7934706705659701,0.8564902061561304,0.06301953559016027,0.11130024059584831,0.2154240274843898,0.10412378688854149,0.12066718342702339,0.08538862524180435,-0.035278558185219036,False,
burnable_tree_shrub_grass,monthly,august,,122,18242,4910,752,17490,0.7799507013126042,0.8556361233774924,0.07568542206488815,0.10914153374761966,0.2151985593990617,0.10605702565144205,0.1241989140416721,0.08769976408489732,-0.03649914995677478,False,
burnable_tree_shrub_grass,monthly,august,,123,18231,4910,677,17554,0.787554470030355,0.8623445796040377,0.0747901095736827,0.10228602874777776,0.2326521231445145,0.13036609439673674,0.12353480350731662,0.08654160417014176,-0.03699319933717486,False,
burnable_tree_shrub_grass,monthly,august,,124,18193,4910,747,17446,0.7946019240706185,0.8727264133149971,0.07812448924437865,0.116370723633761,0.220723451620895,0.10435272798713399,0.12570459537641082,0.08924790038814825,-0.03645669498826257,False,
burnable_tree_shrub_grass,monthly,august,,125,18318,4910,654,17664,0.786377310198112,0.8645126977795505,0.07813538758143856,0.10031348946241811,0.245012993382266,0.1446995039198479,0.12201393017399884,0.08526408463657556,-0.036749845537423276,False,
burnable_tree_shrub_grass,monthly,august,,126,18240,4910,655,17585,0.7792432394888946,0.8639608271275615,0.08471758763866688,0.10077923711110266,0.21526864964629572,0.11448941253519306,0.12456826756037585,0.0843456835853957,-0.04022258397498016,False,
burnable_tree_shrub_grass,monthly,august,,127,18290,4910,742,17548,0.7755048609067344,0.8561311538563151,0.08062629294958068,0.10461100847124119,0.20725052157603627,0.10263951310479508,0.12595296385034352,0.0899509395140539,-0.036002024336289615,False,
burnable_tree_shrub_grass,monthly,august,,128,18301,4910,681,17620,0.8009013919238084,0.8736213687223002,0.07271997679849185,0.10830186106150806,0.23352123756608978,0.1252193765045817,0.12403435817669603,0.0873828741475702,-0.036651484029125825,False,
burnable_tree_shrub_grass,monthly,august,,129,18289,4910,740,17549,0.7858304084470817,0.8673517240529606,0.08152131560587883,0.10613365111461273,0.2505317321255419,0.14439808101092919,0.12398138427174409,0.08678131612776117,-0.03720006814398291,False,
burnable_tree_shrub_grass,monthly,august,,130,18378,4910,648,17730,0.7746004017742127,0.8504093466468914,0.07580894487267864,0.09668475658765842,0.20993566271852637,0.11325090613086795,0.12250312775917035,0.08605786531522333,-0.036445262443947024,False,
burnable_tree_shrub_grass,monthly,august,,131,18314,4910,684,17630,0.7871840927711603,0.8488925210549535,0.06170842828379319,0.11289668035881806,0.21995360417843424,0.10705692381961618,0.12470219690898102,0.08866985430107874,-0.03603234260790228,False,
burnable_tree_shrub_grass,monthly,august,,132,18284,4910,770,17514,0.8052238357736816,0.8891311440643404,0.08390730829065873,0.12374946661757094,0.28869410841416754,0.1649446417965966,0.12225013682192112,0.08338474144281513,-0.038865395379105994,False,
burnable_tree_shrub_grass,monthly,august,,133,18291,4910,656,17635,0.7755609168297523,0.8464679268638449,0.07090701003409261,0.09898176531962172,0.19398508390698557,0.09500331858736386,0.12538567879459958,0.08768161974978396,-0.03770405904481562,False,
burnable_tree_shrub_grass,monthly,august,,134,18188,4910,703,17485,0.7933379596654885,0.8742262723871019,0.08088831272161345,0.11044349248545303,0.243013463215893,0.13256997073043997,0.12054950241605977,0.08273344674256364,-0.037816055673496135,False,
burnable_tree_shrub_grass,monthly,august,,135,18241,4910,700,17541,0.787606261249155,0.8581909322648162,0.07058467101566124,0.10702489293650969,0.22156456229815494,0.11453966936164525,0.12366339413998084,0.08812031944445363,-0.03554307469552721,False,
burnable_tree_shrub_grass,monthly,august,,136,18270,4910,735,17535,0.7774353722099048,0.8474275549969061,0.06999218278700137,0.10200426136689486,0.20466636815141004,0.10266210678451518,0.12439392502427936,0.08780905516370849,-0.03658486986057087,False,
burnable_tree_shrub_grass,monthly,august,,137,18283,4910,666,17617,0.7713323671630988,0.8482644817718894,0.07693211460879057,0.09246141481926609,0.17759788820148117,0.08513647338221508,0.12742896690811062,0.09025064559645789,-0.03717832131165273,False,
burnable_tree_shrub_grass,monthly,august,,138,18283,4910,703,17580,0.7822426477132782,0.8669944508906248,0.08475180317734654,0.10746348815255592,0.2491636851525734,0.14170019700001746,0.12324476153057129,0.0852512669240974,-0.03799349460647389,False,
burnable_tree_shrub_grass,monthly,august,,139,18282,4910,788,17494,0.7781840648483396,0.8534617960385547,0.07527773119021508,0.11669760648072854,0.24347258690352552,0.126774980422797,0.12690187549141763,0.09058753165858553,-0.036314343832832094,False,
burnable_tree_shrub_grass,monthly,august,,140,18247,4910,711,17536,0.7965249064492285,0.8728107322882339,0.07628582583900545,0.12038754547291544,0.23708523602508008,0.11669769055216464,0.12354734006941523,0.08610939878583865,-0.03743794128357658,False,
burnable_tree_shrub_grass,monthly,august,,141,18238,4910,742,17496,0.7932616018817393,0.872558317526871,0.07929671564513163,0.12062508092173574,0.23892330939098796,0.11829822846925223,0.12639123282402817,0.088333596024543,-0.038057636799485164,False,
burnable_tree_shrub_grass,monthly,august,,142,18209,4910,738,17471,0.7966255036026405,0.8817969972384746,0.0851714936358341,0.11423233491915992,0.2869946731616029,0.17276233824244297,0.12532094325213833,0.08516856582484997,-0.04015237742728836,False,
burnable_tree_shrub_grass,monthly,august,,143,18267,4910,631,17636,0.7806244898149908,0.8633624350710387,0.08273794525604794,0.09452756855343464,0.19911208943765013,0.10458452088421549,0.12221065579809767,0.08162849119903841,-0.040582164599059264,False,
burnable_tree_shrub_grass,monthly,august,,144,18308,4910,680,17628,0.7907157646925346,0.86068237029325,0.06996660560071544,0.11462919156542664,0.2320735387435654,0.11744434717813876,0.12410857088288964,0.08800127350517134,-0.0361072973777183,False,
burnable_tree_shrub_grass,monthly,august,,145,18274,4910,650,17624,0.776467753762352,0.8592914382485421,0.08282368448619015,0.09336350460761283,0.2043492779233247,0.11098577331571186,0.12586775660740188,0.08777866573204011,-0.03808909087536176,False,
burnable_tree_shrub_grass,monthly,august,,146,18322,4910,701,17621,0.792141614519247,0.8635348773724387,0.0713932628531917,0.11381928581944434,0.24069296135161805,0.1268736755321737,0.1253141262018366,0.08738373168425156,-0.03793039451758504,False,
burnable_tree_shrub_grass,monthly,august,,147,18217,4910,636,17581,0.7975727531043195,0.8757240073707357,0.07815125426641623,0.10843234674453531,0.2503539973060833,0.141921650561548,0.12095955838045434,0.08342415001652638,-0.03753540836392796,False,
burnable_tree_shrub_grass,monthly,august,,148,18217,4910,694,17523,0.7935239004940564,0.875083977731367,0.08156007723731062,0.11126805602834312,0.2673098257965519,0.15604176976820877,0.1264375639528638,0.08397263417390366,-0.04246492977896013,False,
burnable_tree_shrub_grass,monthly,august,,149,18292,4910,719,17573,0.7974552724114397,0.8793815142033783,0.08192624179193864,0.11235633398140837,0.24431005336450934,0.13195371938310096,0.1220766805189222,0.08609458947626653,-0.03598209104265568,False,
burnable_tree_shrub_grass,monthly,august,,150,18354,4910,683,17671,0.7984271323929247,0.8785633093835736,0.0801361769906489,0.1262910760324169,0.23167534707392848,0.10538427104151157,0.1248212881381983,0.08738563396900985,-0.037435654169188454,False,
burnable_tree_shrub_grass,monthly,august,,151,18257,4910,707,17550,0.8084039136514384,0.8786926018609187,0.07028868820948031,0.1359054526108096,0.26432373098295203,0.12841827837214242,0.1226304254263117,0.08507724969941124,-0.03755317572690045,False,
burnable_tree_shrub_grass,monthly,august,,152,18326,4910,660,17666,0.809635140605649,0.8867063594166503,0.07707121881100132,0.12526125381713632,0.285841211994959,0.16057995817782267,0.121872066778326,0.08251391444456987,-0.03935815233375613,False,
burnable_tree_shrub_grass,monthly,august,,153,18257,4910,722,17535,0.7910129878746661,0.8701282042168137,0.07911521634214758,0.11693298452326956,0.25897566850298126,0.1420426839797117,0.1235324074120717,0.08585352851155716,-0.03767887890051454,False,
burnable_tree_shrub_grass,monthly,august,,154,18227,4910,724,17503,0.7967628595950245,0.8655723738598244,0.06880951426479998,0.11844117679592009,0.22938599086215325,0.11094481406623316,0.11900536710573452,0.08529157955345222,-0.0337137875522823,False,
burnable_tree_shrub_grass,monthly,august,,155,18223,4910,669,17554,0.7835193746803586,0.8542384609319132,0.07071908625155465,0.10079740636092405,0.21303568891884342,0.11223828255791937,0.12413820419640068,0.08850062688841066,-0.03563757730799001,False,
burnable_tree_shrub_grass,monthly,august,,156,18072,4910,658,17414,0.7967693952704791,0.8783370679986022,0.08156767272812315,0.10878900283390937,0.226958941999632,0.11816993916572265,0.12203754678145014,0.08528984890285071,-0.036747697878599425,False,
burnable_tree_shrub_grass,monthly,august,,157,18225,4910,619,17606,0.8101409106199476,0.8877578267212107,0.07761691610126309,0.11300875674356006,0.26289635804970746,0.1498876013061474,0.1215166029283187,0.08188551616618911,-0.03963108676212959,False,
burnable_tree_shrub_grass,monthly,august,,158,18279,4910,637,17642,0.8003122276528272,0.8815290576914624,0.08121683003863522,0.10400494735960011,0.24555069186236775,0.14154574450276763,0.12541493431274003,0.08554475205623162,-0.039870182256508416,False,
burnable_tree_shrub_grass,monthly,august,,159,18195,4910,737,17458,0.7790809592566645,0.8658157364066471,0.08673477714998257,0.10610505829707165,0.2397593516241719,0.13365429332710024,0.12531312773654374,0.08740406226869042,-0.03790906546785332,False,
burnable_tree_shrub_grass,monthly,august,,160,18214,4910,668,17546,0.7912589132688688,0.8694082824889375,0.07814936922006877,0.10489381904010696,0.21613212883064478,0.11123830979053782,0.12383128394441406,0.08676096960216696,-0.0370703143422471,False,
burnable_tree_shrub_grass,monthly,august,,161,18271,4910,686,17585,0.8028871843631641,0.8785386432082074,0.07565145884504332,0.11786574645799294,0.25288446690122585,0.1350187204432329,0.12048381179048022,0.08368612464717312,-0.0367976871433071,False,
burnable_tree_shrub_grass,monthly,august,,162,18267,4910,766,17501,0.7800066031288329,0.8628635618434635,0.08285695871463061,0.11344163308536596,0.25910237117040924,0.14566073808504326,0.12517668489552022,0.08609383111319763,-0.039082853782322596,False,
burnable_tree_shrub_grass,monthly,august,,163,18306,4910,606,17700,0.7895857806119594,0.861056012380899,0.07147023176893963,0.09560586347005971,0.2275120391438564,0.1319061756737967,0.12073655588877068,0.08423946646934498,-0.0364970894194257,False,
burnable_tree_shrub_grass,monthly,august,,164,18199,4910,612,17587,0.7944060824041526,0.8670515134656429,0.07264543106149035,0.09775441446815242,0.21996442482041437,0.12221001035226195,0.12041673779906417,0.08521464664783736,-0.035202091151226814,False,
burnable_tree_shrub_grass,monthly,august,,165,18213,4910,716,17497,0.7844389445213753,0.869872744345958,0.08543379982458266,0.10274265573862756,0.21992984489163023,0.11718718915300266,0.1277850726799188,0.08951252882497847,-0.03827254385494032,False,
burnable_tree_shrub_grass,monthly,august,,166,18185,4910,618,17567,0.7780770634407004,0.8606089344853167,0.08253187104461635,0.09258527769257431,0.20544848154399512,0.1128632038514208,0.12421753537070451,0.08810372022355038,-0.03611381514715413,False,
burnable_tree_shrub_grass,monthly,august,,167,18207,4910,738,17469,0.7929660454655952,0.8679624657600975,0.07499642029450226,0.12100062561995516,0.25458727992610863,0.13358665430615346,0.12290156874219231,0.08489015152253697,-0.03801141721965534,False,
burnable_tree_shrub_grass,monthly,august,,168,18219,4910,691,17528,0.7940681719255394,0.864620576480154,0.07055240455461464,0.11197403893333654,0.23586621141113237,0.12389217247779583,0.1240718984429951,0.08732123296026681,-0.03675066548272829,False,
burnable_tree_shrub_grass,monthly,august,,169,18243,4910,712,17531,0.8010426073491645,0.8744970386326885,0.07345443128352391,0.1190617737050864,0.25321207901503284,0.13415030530994643,0.1230898887322145,0.08616787860470174,-0.03692201012751277,False,
burnable_tree_shrub_grass,monthly,august,,170,18213,4910,642,17571,0.7815337896573068,0.8552161581733992,0.07368236851609244,0.10044716877231288,0.19726969766381094,0.09682252889149806,0.12457359631568851,0.08758364385010316,-0.036989952465585355,False,
burnable_tree_shrub_grass,monthly,august,,171,18207,4910,638,17569,0.7916399842912255,0.872358087975918,0.08071810368469245,0.10332216237912008,0.24023964478527934,0.13691748240615925,0.12441352166710626,0.08587216712858466,-0.0385413545385216,False,
burnable_tree_shrub_grass,monthly,august,,172,18285,4910,795,17490,0.7844864450845228,0.8613506370216945,0.07686419193717164,0.12147726088099171,0.252380793232857,0.1309035323518653,0.12674488197415623,0.08953392391143729,-0.03721095806271894,False,
burnable_tree_shrub_grass,monthly,august,,173,18179,4910,678,17501,0.7925012376031104,0.875565054099732,0.08306381649662153,0.11010583315765946,0.2569055130406783,0.14679967988301887,0.12458498831217779,0.0860097357461969,-0.03857525256598089,False,
burnable_tree_shrub_grass,monthly,august,,174,18232,4910,672,17560,0.7726826052174857,0.8612668978468381,0.08858429262935241,0.10128367759185149,0.22887524926660113,0.12759157167474966,0.12868682717127006,0.08911326407310385,-0.0395735630981662,False,
burnable_tree_shrub_grass,monthly,august,,175,18218,4910,628,17590,0.7810503217302824,0.863682408577543,0.08263208684726053,0.09417904613080495,0.21794748422743002,0.12376843809662506,0.12528701069324671,0.08834063097489238,-0.036946379718354336,False,
burnable_tree_shrub_grass,monthly,august,,176,18242,4910,680,17562,0.7853061338987253,0.8659873088285536,0.08068117492982829,0.10245478142519626,0.20751558258497266,0.1050608011597764,0.1214356352002857,0.08474737585065685,-0.036688259349628854,False,
burnable_tree_shrub_grass,monthly,august,,177,18208,4910,698,17510,0.7674688962017611,0.8438275140361873,0.07635861783442621,0.09706376463313873,0.20810141048860856,0.11103764585546982,0.12689007104557584,0.08925910230083486,-0.03763096874474098,False,
burnable_tree_shrub_grass,monthly,august,,178,18175,4910,674,17501,0.7735555424810824,0.8627132285955004,0.08915768611441799,0.09648708478287459,0.21114575068533334,0.11465866590245875,0.12256587608211583,0.08576353980137288,-0.03680233628074295,False,
burnable_tree_shrub_grass,monthly,august,,179,18194,4910,694,17500,0.8198478386167147,0.8857308357348703,0.0658829971181556,0.12831716851746636,0.2898702919818223,0.16155312346435594,0.11908302289501511,0.08227641804034855,-0.036806604854666566,False,
burnable_tree_shrub_grass,monthly,august,,180,18221,4910,619,17602,0.7955687863344946,0.8750146618307253,0.07944587549623072,0.10390820204417138,0.21853449554021057,0.11462629349603919,0.1238938180374684,0.08574019477745584,-0.038153623260012565,False,
burnable_tree_shrub_grass,monthly,august,,181,18255,4910,744,17511,0.7813545617716176,0.8702669535523908,0.08891239178077326,0.10611482050943569,0.25119391307458544,0.14507909256514975,0.12591983562520098,0.0857296468207007,-0.04019018880450029,False,
burnable_tree_shrub_grass,monthly,august,,182,18270,4910,676,17594,0.7871821048461249,0.8623701228162102,0.07518801797008523,0.0975209464791381,0.20736948271703762,0.10984853623789952,0.12506280197304204,0.0880605844848174,-0.03700221748822463,False,
burnable_tree_shrub_grass,monthly,august,,183,18333,4910,745,17588,0.7861530817992133,0.8621870769118053,0.07603399511259201,0.11409457661692154,0.25571163397542374,0.1416170573585022,0.12233081947037798,0.08336982222708787,-0.03896099724329011,False,
burnable_tree_shrub_grass,monthly,august,,184,18221,4910,641,17580,0.7797568148459727,0.8559695015786979,0.07621268673272519,0.09376741763559929,0.20811291536878687,0.11434549773318758,0.12368588245045936,0.08405554244540103,-0.03963034000505833,False,
burnable_tree_shrub_grass,monthly,august,,185,18105,4910,672,17433,0.7681725511004034,0.8443722804041596,0.07619972930375618,0.0953006773352071,0.1947562862923592,0.0994556089571521,0.12307096508372616,0.0870282776458113,-0.03604268743791486,False,
burnable_tree_shrub_grass,monthly,august,,186,18289,4910,624,17665,0.7649779641765915,0.8532290782149259,0.08825111403833441,0.08789647171047726,0.19593793101787818,0.10804145930740092,0.1259073686736984,0.08662867740638898,-0.039278691267309415,False,
burnable_tree_shrub_grass,monthly,august,,187,18243,4910,727,17516,0.8048672653935108,0.879329898574948,0.0744626331814372,0.11894740660448447,0.26304444550189987,0.1440970388974154,0.11932465277720831,0.08257290954079129,-0.03675174323641703,False,
burnable_tree_shrub_grass,monthly,august,,188,18293,4910,703,17590,0.7852286190022943,0.8594220173915574,0.07419339838926309,0.11222063930843382,0.2245829081337481,0.11236226882531428,0.12433609819389174,0.08835959383837126,-0.03597650435552048,False,
burnable_tree_shrub_grass,monthly,august,,189,18281,4910,656,17625,0.79284258778758,0.8756977166580177,0.08285512887043767,0.10074849544709605,0.24510843299883894,0.1443599375517429,0.12406862611888864,0.08366345659440239,-0.04040516952448625,False,
burnable_tree_shrub_grass,monthly,august,,190,18222,4910,667,17555,0.7904751697065168,0.8666381989865222,0.0761630292800054,0.10484957847135148,0.20923719932206597,0.10438762085071449,0.11964162500926148,0.08476752959051613,-0.03487409541874535,False,
burnable_tree_shrub_grass,monthly,august,,191,18207,4910,691,17516,0.7774360692014809,0.8642099891965633,0.08677391999508244,0.09448754361462483,0.2221033165887303,0.12761577297410548,0.12434001534597465,0.08615470628420915,-0.038185309061765496,False,
burnable_tree_shrub_grass,monthly,august,,192,18277,4910,622,17655,0.7682803028026455,0.8453952634497756,0.07711496064713008,0.08903403633801932,0.17738588270058475,0.08835184636256543,0.12417908100252961,0.08821640664384975,-0.035962674358679864,False,
burnable_tree_shrub_grass,monthly,august,,193,18208,4910,753,17455,0.7944518307938873,0.8720591709358498,0.07760734014196258,0.11825874084350854,0.2704557573848522,0.15219701654134368,0.12461844339849543,0.08808150334653612,-0.0365369400519593,False,
burnable_tree_shrub_grass,monthly,august,,194,18300,4910,666,17634,0.7755218641574544,0.8557438861113581,0.08022202195390371,0.10030552092204498,0.2175053392404233,0.11719981831837833,0.12406289382274226,0.08599238580322915,-0.0380705080195131,False,
burnable_tree_shrub_grass,monthly,august,,195,18297,4910,658,17639,0.7927941348534979,0.8691969180616798,0.07640278320818183,0.10936911463158697,0.23511072567004662,0.12574161103845966,0.12422094820401001,0.08525385685330737,-0.03896709135070264,False,
burnable_tree_shrub_grass,monthly,august,,196,18219,4910,706,17513,0.8070704740743785,0.8814797878192955,0.074409313744917,0.11210902393697506,0.22732758094594205,0.11521855700896699,0.12143991149835753,0.08439352636580758,-0.03704638513254996,False,
burnable_tree_shrub_grass,monthly,august,,197,18310,4910,713,17597,0.8104248213927195,0.8826865570050868,0.07226173561236726,0.12693901291386953,0.24935703258553915,0.12241801967166963,0.12156060162140402,0.08461886653582289,-0.03694173508558113,False,
burnable_tree_shrub_grass,monthly,august,,198,18276,4910,633,17643,0.7779420862374966,0.8453365811788106,0.067394494941314,0.09268180288396151,0.18265594154661502,0.08997413866265351,0.12362362717767086,0.08874470485740467,-0.034878922320266195,False,
burnable_tree_shrub_grass,monthly,august,,199,18254,4910,648,17606,0.797830740923058,0.8643297984834015,0.06649905756034358,0.11085767165846039,0.1984358425492436,0.08757817089078321,0.12214484318391393,0.08531689100077963,-0.036827952183134297,False,
burnable_tree_shrub_grass,monthly,august,,200,18229,4910,647,17582,0.8137652021167496,0.887301576696836,0.07353637458008633,0.11574794972298703,0.2559351678371793,0.14018721811419227,0.11853133855210071,0.08064177354953826,-0.03788956500256245,False,
burnable_tree_shrub_grass,monthly,august,,201,18217,4910,743,17474,0.7991400721333184,0.8807484944753913,0.08160842234207288,0.11832787110203573,0.24524920925588908,0.12692133815385337,0.1219487078250031,0.08489446678785728,-0.037054241037145816,False,
burnable_tree_shrub_grass,monthly,august,,202,18259,4910,731,17528,0.7739096047067315,0.8534030522826561,0.07949344757592458,0.10006896829552864,0.20390238254768425,0.10383341425215561,0.12841847013910118,0.08693869087625761,-0.041479779262843575,False,
burnable_tree_shrub_grass,monthly,august,,203,18191,4910,709,17482,0.7777224899792153,0.8623953164641318,0.08467282648491647,0.09717339139482581,0.21986069374393374,0.12268730234910794,0.12288682946398145,0.08753177810998013,-0.03535505135400133,False,
burnable_tree_shrub_grass,monthly,august,,204,18279,4910,730,17549,0.7830817351337975,0.8695246265446963,0.08644289141089878,0.10369148912493911,0.2626429614140009,0.15895147228906178,0.12517388464385645,0.08644608929034885,-0.03872779535350761,False,
burnable_tree_shrub_grass,monthly,august,,205,18264,4910,673,17591,0.8051516955811948,0.8725754921785192,0.06742379659732434,0.1194835912964816,0.22880911104711174,0.10932551975063014,0.11861610608251778,0.08373209862062339,-0.03488400746189439,False,
burnable_tree_shrub_grass,monthly,august,,206,18301,4910,681,17620,0.7710936627547456,0.8464862716076544,0.07539260885290888,0.0942044067348696,0.18975812332430717,0.09555371658943757,0.12347634212966596,0.0904875068493962,-0.03298883528026976,False,
burnable_tree_shrub_grass,monthly,august,,207,18260,4910,670,17590,0.778908301019066,0.8600537958303989,0.08114549481133282,0.09802060204739005,0.21942590827290448,0.12140530622551443,0.12596228919267352,0.08935202234857664,-0.03661026684409688,False,
burnable_tree_shrub_grass,monthly,august,,208,18194,4910,746,17448,0.8080691396449718,0.8790882874643675,0.07101914781939567,0.1332781186498975,0.2967742364319022,0.1634961177820047,0.1226071193678406,0.08499039276122962,-0.03761672660661099,False,
burnable_tree_shrub_grass,monthly,august,,209,18359,4910,669,17690,0.789871698349164,0.8634168764327679,0.07354517808360383,0.10342758008423122,0.20430578654570292,0.10087820646147169,0.12224141534259626,0.08629413614776155,-0.035947279194834716,False,
burnable_tree_shrub_grass,monthly,august,,210,18243,4910,646,17597,0.7859104185187772,0.8573599390974151,0.07144952057863796,0.10504433376410767,0.2166156377889525,0.11157130402484482,0.12269523217262408,0.08460182053585585,-0.03809341163676823,False,
burnable_tree_shrub_grass,monthly,august,,211,18267,4910,770,17497,0.7712425655158694,0.8613942724133044,0.0901517068974349,0.11101447320351882,0.21214031071665523,0.10112583751313642,0.1317681195503955,0.09134392753433822,-0.04042419201605728,False,
burnable_tree_shrub_grass,monthly,august,,212,18228,4910,631,17597,0.7831853362124919,0.8696108425771681,0.08642550636467627,0.09425632783720056,0.20693808047257425,0.1126817526353737,0.12504732321720027,0.0840742378769208,-0.04097308534027948,False,
burnable_tree_shrub_grass,monthly,august,,213,18359,4910,611,17748,0.7756745925038186,0.8498190893642105,0.07414449686039182,0.0914820392457839,0.20303870585619194,0.11155666661040804,0.1238438131908092,0.08555091088839835,-0.03829290230241085,False,
burnable_tree_shrub_grass,monthly,august,,214,18343,4910,670,17673,0.7801113259031611,0.8659845400395747,0.08587321413641358,0.09583032131191299,0.2178920247548515,0.12206170344293851,0.12196297011853093,0.08326998801586728,-0.03869298210266364,False,
burnable_tree_shrub_grass,monthly,august,,215,18231,4910,696,17535,0.8032066409053814,0.8733341199374649,0.0701274790320835,0.12914236965227677,0.23943118041174638,0.11028881075946961,0.1228219776437166,0.08684914108414123,-0.03597283655957538,False,
burnable_tree_shrub_grass,monthly,august,,216,18209,4910,677,17532,0.7680203087597408,0.8426283434958013,0.07460803473606048,0.09685686549085848,0.19210546348067797,0.0952485979898195,0.12441901072763978,0.08742822745426983,-0.03699078327336995,False,
burnable_tree_shrub_grass,monthly,august,,217,18272,4910,748,17524,0.7848486933733051,0.8655161386004465,0.08066744522714142,0.1181811645668313,0.2584543321235309,0.1402731675566996,0.12560111195776302,0.08792967757935573,-0.037671434378407295,False,
burnable_tree_shrub_grass,monthly,august,,218,18263,4910,723,17540,0.7721800082325165,0.8482777953888445,0.07609778715632798,0.09635855241967045,0.2059810310406939,0.10962247862102345,0.12410174002136372,0.0877911563807032,-0.03631058364066052,False,
burnable_tree_shrub_grass,monthly,august,,219,18173,4910,578,17595,0.7664012759208292,0.8429358765220144,0.07653460060118522,0.07967999442375204,0.18129559304853152,0.10161559862477948,0.12741934429359142,0.0888982114184253,-0.03852113287516612,False,
burnable_tree_shrub_grass,monthly,august,,220,18262,4910,662,17600,0.778662026229058,0.8643901915682505,0.08572816533919247,0.10049415300844321,0.22817824255495095,0.12768408954650773,0.1249965544258629,0.08496997317737416,-0.040026581248488735,False,
burnable_tree_shrub_grass,monthly,august,,221,18187,4910,772,17415,0.8089799975900711,0.8827148592943669,0.07373486170429577,0.13060270023059012,0.2663581502656944,0.1357554500351043,0.12265197050379485,0.08420603652255741,-0.03844593398123744,False,
burnable_tree_shrub_grass,monthly,august,,222,18309,4910,671,17638,0.7862312589215569,0.8626725355379397,0.07644127661638278,0.11111659704433091,0.2085898824384674,0.0974732853941365,0.12239176643768301,0.08594959572562036,-0.036442170712062655,False,
burnable_tree_shrub_grass,monthly,august,,223,18289,4910,747,17542,0.7822811788330687,0.8605790928697878,0.07829791403671915,0.11216981467299175,0.24717865336901143,0.13500883869601968,0.12472988870973782,0.08648835435351865,-0.03824153435621917,False,
burnable_tree_shrub_grass,monthly,august,,224,18227,4910,646,17581,0.7927601532262084,0.8721810045780143,0.07942085135180588,0.10836216444784759,0.22345574664238127,0.11509358219453368,0.12322926208222788,0.08327954108875668,-0.0399497209934712,False,
burnable_tree_shrub_grass,monthly,august,,225,18220,4910,750,17470,0.786526998664377,0.8792109139477199,0.09268391528334285,0.1134144514384153,0.26888928037231286,0.15547482893389755,0.12183744858369568,0.08431409393569733,-0.037523354647998344,False,
burnable_tree_shrub_grass,monthly,august,,226,18320,4910,681,17639,0.7944024050963694,0.8759452817765732,0.08154287668020377,0.1124534594594346,0.25344001063362476,0.14098655117419018,0.1266550290114737,0.08654074080697016,-0.04011428820450355,False,
burnable_tree_shrub_grass,monthly,august,,227,18304,4910,647,17657,0.7742655228487128,0.8552423350713874,0.08097681222267461,0.0974035189758803,0.19538681931474206,0.09798330033886175,0.1257313096006304,0.08621409277622459,-0.0395172168244058,False,
burnable_tree_shrub_grass,monthly,august,,228,18384,4910,668,17716,0.7747260333701529,0.8534863271875757,0.07876029381742278,0.09869048310297553,0.21267099352507182,0.1139805104220963,0.12215965882119442,0.08606332149080007,-0.03609633733039436,False,
burnable_tree_shrub_grass,monthly,august,,229,18236,4910,722,17514,0.7723230596369758,0.8518148678524533,0.07949180821547752,0.10016604182402461,0.226261302275441,0.1260952604514164,0.1273890459777912,0.08739736773383344,-0.039991678243957746,False,
burnable_tree_shrub_grass,monthly,august,,230,18220,4910,618,17602,0.7953532236885409,0.8674302971602594,0.07207707347171854,0.10140989031705966,0.20473590792016125,0.10332601760310159,0.12641935177713787,0.08639592194817938,-0.040023429828958484,False,
burnable_tree_shrub_grass,monthly,august,,231,18216,4910,668,17548,0.7852051908264619,0.8634174834739001,0.07821229264743823,0.10122908858955677,0.2027035991588721,0.10147451056931532,0.12270708353360812,0.08527406871829647,-0.03743301481531165,False,
burnable_tree_shrub_grass,monthly,august,,232,18357,4910,821,17536,0.798168563072895,0.8854670010313219,0.08729843795842696,0.13267233865572656,0.2892596422569065,0.15658730360117992,0.12731434457154242,0.08665770028015012,-0.040656644291392305,False,
burnable_tree_shrub_grass,monthly,august,,233,18292,4910,777,17515,0.793723085672843,0.8727075266612806,0.0789844409884376,0.12112600872043887,0.2601671971228185,0.1390411884023796,0.12331302875966256,0.0866211281402633,-0.036691900619399254,False,
burnable_tree_shrub_grass,monthly,august,,234,18263,4910,648,17615,0.8120768109390496,0.8854951412761991,0.0734183303371495,0.11128422673102091,0.24151366861294776,0.13022944188192687,0.1211758190987412,0.08213608831948684,-0.039039730779254364,False,
burnable_tree_shrub_grass,monthly,august,,235,18293,4910,716,17577,0.7828750624149194,0.8629938883438012,0.08011882592888175,0.10570899374613549,0.22899413009193523,0.12328513634579974,0.1251888767567974,0.08732054523597917,-0.03786833152081824,False,
burnable_tree_shrub_grass,monthly,august,,236,18208,4910,718,17490,0.8089975807902964,0.8831962872536794,0.074198706463383,0.12246616723428591,0.2582134144979221,0.1357472472636362,0.11871475848811673,0.08181215870328024,-0.036902599784836496,False,
burnable_tree_shrub_grass,monthly,august,,237,18306,4910,628,17678,0.7587338215191359,0.8392143100604371,0.08048048854130119,0.07658044161771928,0.15412945897265617,0.0775490173549369,0.12446180576424724,0.08788192521176463,-0.03657988055248261,False,
burnable_tree_shrub_grass,monthly,august,,238,18247,4910,745,17502,0.7726701991488604,0.8576836856228894,0.08501348647402907,0.10286294170118668,0.22718307739670912,0.12432013569552244,0.12970411596607545,0.09147246668175685,-0.0382316492843186,False,
burnable_tree_shrub_grass,monthly,august,,239,18244,4910,754,17490,0.7861263655017721,0.8667495484346491,0.08062318293287707,0.10960581534135284,0.2317908870848056,0.12218507174345276,0.12426514257415494,0.0878338515216551,-0.03643129105249984,False,
burnable_tree_shrub_grass,monthly,august,,240,18301,4910,765,17536,0.7806236880396927,0.8573764222842422,0.07675273424454943,0.11260628898414572,0.2433329374070305,0.13072664842288478,0.12470863949986594,0.08861848907847071,-0.036090150421395226,False,
burnable_tree_shrub_grass,monthly,august,,241,18276,4910,678,17598,0.7832117805690577,0.8558588549717872,0.07264707440272944,0.10268189123070844,0.21185019665412866,0.10916830542342022,0.12398034657188543,0.08915014429204063,-0.034830202279844805,False,
burnable_tree_shrub_grass,monthly,august,,242,18165,4910,699,17466,0.7781469806779311,0.8635066502390829,0.08535966956115182,0.0954767126350917,0.17541135421035986,0.07993464157526815,0.12757367203791617,0.09053777873146854,-0.03703589330644763,False,
burnable_tree_shrub_grass,monthly,august,,243,18268,4910,752,17516,0.788104675117704,0.8708528797986521,0.08274820468094812,0.1129593448370335,0.2661346209194464,0.15317527608241288,0.12460033958024168,0.08787048097002273,-0.03672985861021895,False,
burnable_tree_shrub_grass,monthly,august,,244,18225,4910,709,17516,0.7897275704566383,0.8634063685798775,0.07367879812323919,0.11582907048787078,0.24254125082547615,0.12671218033760537,0.12065702340861162,0.08473109779836314,-0.035925925610248474,False,
burnable_tree_shrub_grass,monthly,august,,245,18322,4910,761,17561,0.7814053599987608,0.8731156073131531,0.09171024731439226,0.11281866541186375,0.25771923407619984,0.1449005686643361,0.12585411334272087,0.08538118762952969,-0.04047292571319118,False,
burnable_tree_shrub_grass,monthly,august,,246,18275,4910,649,17626,0.7745780020655155,0.8441025190934319,0.0695245170279164,0.09556159524003842,0.19610419073169763,0.10054259549165921,0.126144156638204,0.08861952273097443,-0.03752463390722957,False,
burnable_tree_shrub_grass,monthly,august,,247,18242,4910,600,17642,0.77074575822847,0.860025790726675,0.08928003249820493,0.08769511629285902,0.18793827835057458,0.10024316205771557,0.12433720383207013,0.08729056507154258,-0.03704663876052755,False,
burnable_tree_shrub_grass,monthly,august,,248,18252,4910,681,17571,0.7841349520397672,0.8624562515444995,0.07832129950473221,0.10891085600124528,0.23495874946803127,0.126047893466786,0.12105248660566605,0.08521797780271056,-0.03583450880295548,False,
burnable_tree_shrub_grass,monthly,august,,249,18333,4910,668,17665,0.8012978571585954,0.872581782373549,0.07128392521495364,0.11757417278413504,0.23161725315880197,0.11404308037466693,0.11679368402083358,0.08395622947554841,-0.032837454545285166,False,
burnable_tree_shrub_grass,monthly,august,,250,18249,4910,670,17579,0.7910581910403611,0.8670219639614092,0.07596377292104806,0.11523219800626527,0.20839558875909983,0.09316339075283456,0.1262592431531344,0.08832144395612054,-0.037937799197013844,False,
burnable_tree_shrub_grass,monthly,august,,251,18293,4910,717,17576,0.7743566652002318,0.8539551524870036,0.07959848728677177,0.09526467036811881,0.1990800223968276,0.10381535202870878,0.12414867684756928,0.0878134920241369,-0.036335184823432384,False,
burnable_tree_shrub_grass,monthly,august,,252,18214,4910,688,17526,0.7816372154062137,0.8604561594866365,0.07881894408042278,0.1041665181149233,0.23455508998378974,0.13038857186886643,0.12505152444201853,0.08729505525075797,-0.037756469191260564,False,
burnable_tree_shrub_grass,monthly,august,,253,18179,4910,732,17447,0.8115447063565816,0.8889307539054265,0.07738604754884493,0.1332077879276648,0.2615392308841616,0.1283314429564968,0.12154618866638754,0.08471186127715062,-0.03683432738923692,False,
burnable_tree_shrub_grass,monthly,august,,254,18206,4910,672,17534,0.7867606371566535,0.8775034694498308,0.09074283229317737,0.11313246386696549,0.2451871172359843,0.1320546533690188,0.12062418872612445,0.08286803003461551,-0.03775615869150893,False,
burnable_tree_shrub_grass,monthly,august,,255,18322,4910,710,17612,0.7889786253290809,0.8767035439984902,0.08772491866940924,0.11283997368410102,0.23802538938724613,0.12518541570314512,0.12575941699717064,0.08418862244457405,-0.04157079455259659,False,
burnable_tree_shrub_grass,monthly,august,,256,18299,4910,737,17562,0.7866320322479907,0.8639132659218427,0.07728123367385198,0.11586765384259569,0.21037565709916295,0.09450800325656726,0.12446934938972436,0.08624877616667515,-0.03822057322304921,False,
burnable_tree_shrub_grass,monthly,august,,257,18272,4910,609,17663,0.760371494520612,0.8429826545466681,0.08261116002605606,0.08104360559359838,0.19340391840588686,0.11236031281228848,0.12804585661947632,0.09022328316611364,-0.03782257345336268,False,
burnable_tree_shrub_grass,monthly,august,,258,18349,4910,600,17749,0.796305848216801,0.8695629800739948,0.07325713185719385,0.09784918100152318,0.1926032120283977,0.09475403102687452,0.12150924136615732,0.0855291109834767,-0.03598013038268062,False,
burnable_tree_shrub_grass,monthly,august,,259,18206,4910,788,17418,0.7898029665326668,0.8664745554659892,0.07667158893332238,0.12317832488154147,0.24935930116759183,0.12618097628605035,0.12411774273600087,0.08757565299034031,-0.03654208974566056,False,
burnable_tree_shrub_grass,monthly,august,,260,18187,4910,608,17579,0.7741226822674183,0.8551201006883213,0.08099741842090302,0.08653789106794268,0.18324815595540092,0.09671026488745824,0.1262382784745361,0.08730745603482429,-0.0389308224397118,False,
burnable_tree_shrub_grass,monthly,august,,261,18248,4910,719,17529,0.7722337495797744,0.8641811213541541,0.09194737177437973,0.09409487784844833,0.2190344404691322,0.12493956262068387,0.12597886714498222,0.08689410886395671,-0.039084758281025506,False,
burnable_tree_shrub_grass,monthly,august,,262,18315,4910,680,17635,0.7747705098483965,0.8575955236077988,0.08282501375940232,0.09545428358649857,0.21387763266484147,0.1184233490783429,0.12248338444435876,0.08730745399067234,-0.035175930453686416,False,
burnable_tree_shrub_grass,monthly,august,,263,18228,4910,738,17490,0.7782165108672242,0.8601232450289054,0.08190673416168115,0.10434385953697216,0.20856958424615443,0.10422572470918227,0.12443915416536339,0.08776876522078753,-0.03667038894457586,False,
burnable_tree_shrub_grass,monthly,august,,264,18218,4910,757,17461,0.7964969979899345,0.8736988269838872,0.07720182899395278,0.11690044622134249,0.25607579985646894,0.13917535363512645,0.12602755623027012,0.08574445738216448,-0.040283098848105645,False,
burnable_tree_shrub_grass,monthly,august,,265,18249,4910,660,17589,0.7763706483218679,0.8514993875304296,0.07512873920856178,0.1049820848580457,0.23235532324084165,0.12737323838279596,0.12478395770449115,0.08611363001859236,-0.03867032768589879,False,
burnable_tree_shrub_grass,monthly,august,,266,18336,4910,668,17668,0.7831067686903757,0.8662774066989409,0.08317063800856528,0.10085258659968083,0.2353559375016067,0.13450335090192586,0.12245219124758135,0.08476829810693248,-0.037683893140648864,False,
burnable_tree_shrub_grass,monthly,august,,267,18229,4910,679,17550,0.7867979138082231,0.8626243554078605,0.07582644159963747,0.10144444910492104,0.23351144557681344,0.1320669964718924,0.12725031638744247,0.08975681048848475,-0.037493505898957724,False,
burnable_tree_shrub_grass,monthly,august,,268,18270,4910,694,17576,0.7877381260010048,0.8590459022586472,0.0713077762576424,0.1051624514213133,0.20852784470959496,0.10336539328828166,0.12038942533343261,0.08585830763968333,-0.03453111769374928,False,
burnable_tree_shrub_grass,monthly,august,,269,18352,4910,733,17619,0.7713183561681172,0.8553688359033839,0.08405047973526669,0.09795668792654086,0.21476350961083163,0.11680682168429077,0.124028538457718,0.0856918535234121,-0.03833668493430589,False,
burnable_tree_shrub_grass,monthly,august,,270,18202,4910,645,17557,0.7912015481799481,0.8727549205180204,0.08155337233807225,0.10733766567003593,0.23875149440534998,0.13141382873531404,0.1252061737667915,0.08519353097829478,-0.04001264278849671,False,
burnable_tree_shrub_grass,monthly,august,,271,18211,4910,676,17535,0.80640540558781,0.8666737530855448,0.0602683474977348,0.12557355391599195,0.253123492336128,0.12754993842013607,0.12315693635740582,0.08534302999279232,-0.0378139063646135,False,
burnable_tree_shrub_grass,monthly,august,,272,18344,4910,606,17738,0.7683553646829334,0.8600632529145349,0.09170788823160148,0.08507183188356933,0.20797708141832777,0.12290524953475844,0.12714221695793756,0.08816403592521226,-0.03897818103272531,False,
burnable_tree_shrub_grass,monthly,august,,273,18213,4910,736,17477,0.7949370492523093,0.8665241087043593,0.0715870594520499,0.11336973032955586,0.22681222824597927,0.11344249791642341,0.1205439062226095,0.08733853303414933,-0.033205373188460174,False,
burnable_tree_shrub_grass,monthly,august,,274,18300,4910,773,17527,0.7855759190532943,0.8621719910091035,0.0765960719558092,0.12449596936632441,0.24034639500409188,0.11585042563776747,0.12332248516738496,0.08607947431867846,-0.0372430108487065,False,
burnable_tree_shrub_grass,monthly,august,,275,18297,4910,662,17635,0.788555699365362,0.8560382273304684,0.06748252796510645,0.10488745158823373,0.20029836552442565,0.09541091393619192,0.1213046463277689,0.08753661020722174,-0.03376803612054716,False,
burnable_tree_shrub_grass,monthly,august,,276,18218,4910,706,17512,0.7893680270396535,0.8671818887121676,0.07781386167251414,0.11274685644335591,0.23362026060201072,0.1208734041586548,0.12489860077576574,0.08661425768491778,-0.038284343090847966,False,
burnable_tree_shrub_grass,monthly,august,,277,18301,4910,778,17523,0.77411964033462,0.8559141587985647,0.0817945184639447,0.11098078923629863,0.21697853504378306,0.10599774580748443,0.12670958497368398,0.08840774023020426,-0.038301844743479724,False,
burnable_tree_shrub_grass,monthly,august,,278,18320,4910,713,17607,0.7689804219299173,0.8465092337446115,0.07752881181469418,0.09920937653118027,0.20675621850612128,0.10754684197494101,0.12626186596832661,0.08764922949035867,-0.03861263647796795,False,
burnable_tree_shrub_grass,monthly,august,,279,18236,4910,649,17587,0.7830523018166433,0.8669375395732403,0.08388523775659695,0.10632933927496833,0.21446206590902045,0.10813272663405211,0.12599427363411278,0.08802645157676263,-0.03796782205735015,False,
burnable_tree_shrub_grass,monthly,august,,280,18137,4910,654,17483,0.7861634395037486,0.860559956802073,0.07439651729832442,0.11127699979135394,0.2454033602065636,0.13412636041520964,0.12223114357127349,0.08521467755760455,-0.03701646601366894,False,
burnable_tree_shrub_grass,monthly,august,,281,18315,4910,753,17562,0.7903019512883439,0.8626288226738494,0.07232687138550553,0.11246248725891264,0.24681759768406583,0.1343551104251532,0.12801387511356332,0.08808462718025581,-0.039929247933307516,False,
burnable_tree_shrub_grass,monthly,august,,282,18158,4910,708,17450,0.7927124309973614,0.8700022663623266,0.07728983536496514,0.12364150599325066,0.2523276738052027,0.12868616781195205,0.12319634752343869,0.08353392619642382,-0.03966242132701488,False,
burnable_tree_shrub_grass,monthly,august,,283,18186,4910,675,17511,0.7775248150897743,0.8652977070497486,0.08777289195997429,0.09235604378663312,0.19347095926819122,0.1011149154815581,0.12638800419116247,0.08724632024543165,-0.039141683945730824,False,
burnable_tree_shrub_grass,monthly,august,,284,18283,4910,707,17576,0.7910445016638994,0.8654746668177449,0.07443016515384548,0.1084575552333045,0.23671322542033937,0.12825567018703488,0.12342428964647581,0.08627954329266443,-0.037144746353811375,False,
burnable_tree_shrub_grass,monthly,august,,285,18208,4910,661,17547,0.7761945936942037,0.8470502433619601,0.07085564966775637,0.09869592795273413,0.19028563957328817,0.09158971162055404,0.12472390321987925,0.09096050986990069,-0.03376339334997856,False,
burnable_tree_shrub_grass,monthly,august,,286,18241,4910,678,17563,0.7926085561006924,0.8730769818623456,0.08046842576165325,0.11019049451138017,0.2473321756603941,0.13714168114901393,0.12460527358989928,0.08594946800924072,-0.038655805580658564,False,
burnable_tree_shrub_grass,monthly,august,,287,18338,4910,744,17594,0.7847510484390452,0.8587276515332084,0.0739766030941632,0.12153252981118226,0.2148469462887918,0.09331441647760955,0.12510948625916898,0.0885231715418286,-0.03658631471734039,False,
burnable_tree_shrub_grass,monthly,august,,288,18254,4910,766,17488,0.7986929567817036,0.8706184800498782,0.07192552326817458,0.12403201338041518,0.2824523620132322,0.158420348632817,0.12600897685353663,0.08843994597067593,-0.03756903088286069,False,
burnable_tree_shrub_grass,monthly,august,,289,18296,4910,661,17635,0.7847241530325602,0.8674169911214419,0.08269283808888173,0.09881511935646471,0.21061945186158712,0.11180433250512241,0.1253952279355485,0.08624749294902474,-0.039147734986523755,False,
burnable_tree_shrub_grass,monthly,august,,290,18231,4910,709,17522,0.7890687169979662,0.8729931133119935,0.08392439631402726,0.11153758057189816,0.24418305271981938,0.13264547214792122,0.12220833398601427,0.08404366648033271,-0.038164667505681565,False,
burnable_tree_shrub_grass,monthly,august,,291,18226,4910,728,17498,0.816520043420975,0.8846143640905899,0.06809432066961496,0.13511597390573352,0.2902974659150527,0.15518149200931916,0.1228818984822807,0.08516161329477483,-0.03772028518750588,False,
burnable_tree_shrub_grass,monthly,august,,292,18212,4910,696,17516,0.8010469245852068,0.8781136556921356,0.07706673110692885,0.11629912250786661,0.2497472560846823,0.13344813357681568,0.1219676144258945,0.08354295707042447,-0.03842465735547003,False,
burnable_tree_shrub_grass,monthly,august,,293,18216,4910,725,17491,0.7945728936457962,0.867539995938798,0.07296710229300185,0.11080449395539517,0.22502484282184143,0.11422034886644626,0.12647182555851305,0.08776562370940286,-0.038706201849110194,False,
burnable_tree_shrub_grass,monthly,august,,294,18286,4910,714,17572,0.7804323755452558,0.854741532397161,0.0743091568519052,0.10728147063064694,0.22511716642563104,0.1178356957949841,0.12593537181871173,0.08646118167627224,-0.03947419014243948,False,
burnable_tree_shrub_grass,monthly,august,,295,18231,4910,706,17525,0.7698541945339115,0.8424184794688285,0.07256428493491707,0.10095349161753665,0.22227616770517003,0.12132267608763338,0.12682910178885107,0.0906897435619395,-0.03613935822691157,False,
burnable_tree_shrub_grass,monthly,august,,296,18132,4910,747,17385,0.7981419301980235,0.8744952776305105,0.076353347432487,0.12480344828758869,0.26600334642003426,0.14119989813244557,0.1229458092261508,0.08553665877091896,-0.03740915045523184,False,
burnable_tree_shrub_grass,monthly,august,,297,18244,4910,686,17558,0.7947962222332182,0.8819398896850654,0.0871436674518472,0.10511677708640706,0.2460694198442477,0.14095264275784064,0.12477702527715338,0.088133165086741,-0.03664386019041238,False,
burnable_tree_shrub_grass,monthly,august,,298,18252,4910,726,17526,0.7932405974405912,0.8594295480402355,0.06618895059964436,0.11542195625497847,0.23341319802357924,0.11799124176860076,0.12353903763683766,0.08688281911241966,-0.036656218524418,False,
burnable_tree_shrub_grass,monthly,august,,299,18210,4910,686,17524,0.778027950672231,0.8528281580346619,0.07480020736243098,0.10155507384167438,0.20026238077647493,0.09870730693480055,0.12597844691381743,0.08813812493544518,-0.037840321978372254,False,
burnable_tree_shrub_grass,monthly,august,,300,18293,4910,637,17656,0.7842762858864225,0.8612703158709374,0.07699402998451488,0.0961734708744351,0.1828929975921564,0.0867195267177213,0.12533399529208394,0.088141014014807,-0.03719298127727694,False,
burnable_tree_shrub_grass,monthly,august,,301,18315,4910,760,17555,0.8062897060366667,0.8855506753211712,0.07926096928450443,0.13368922358314247,0.28107994024855576,0.14739071666541328,0.12259639344349776,0.0844013816741236,-0.03819501176937416,False,
burnable_tree_shrub_grass,monthly,august,,302,18161,4910,752,17409,0.7954056381939887,0.8775196370671564,0.08211399887316773,0.11827655952072513,0.23486864859499618,0.11659208907427104,0.12654497426031294,0.08920058193752817,-0.037344392322784775,False,
burnable_tree_shrub_grass,monthly,august,,303,18235,4910,727,17508,0.7861761524462466,0.8608990380188549,0.07472288557260831,0.10463155072781971,0.21545399021103218,0.11082243948321246,0.12687919831270217,0.08801653931380948,-0.038862658998892685,False,
burnable_tree_shrub_grass,monthly,august,,304,18278,4910,682,17596,0.7523459077276293,0.8355521349493586,0.08320622722172932,0.08311714247833908,0.1648789766231429,0.08176183414480383,0.12556278563543116,0.08714150217016836,-0.0384212834652628,False,
burnable_tree_shrub_grass,monthly,august,,305,18283,4910,670,17613,0.7975218016543071,0.8734297343125964,0.07590793265828932,0.10468955574628117,0.26627655017833834,0.16158699443205718,0.12382001045891118,0.08661804648551291,-0.03720196397339827,False,
burnable_tree_shrub_grass,monthly,august,,306,18247,4910,741,17506,0.7986553829317513,0.8670886388210373,0.06843325588928595,0.12182715733357932,0.25744108284506945,0.13561392551149012,0.12443608421160168,0.08602884323927097,-0.03840724097233071,False,
burnable_tree_shrub_grass,monthly,august,,307,18231,4910,699,17532,0.7732426820101205,0.8440794303129173,0.07083674830279685,0.10379213360292433,0.19010185166357746,0.08630971806065313,0.12523672471105854,0.08881425907916184,-0.0364224656318967,False,
burnable_tree_shrub_grass,monthly,august,,308,18298,4910,779,17519,0.7810221229824124,0.8555414729989468,0.07451935001653442,0.1254541519423494,0.24696835620929286,0.12151420426694345,0.12500582914168853,0.08714224868379404,-0.037863580457894494,False,
burnable_tree_shrub_grass,monthly,august,,309,18263,4910,675,17588,0.7848227326712658,0.8639839452825581,0.07916121261129228,0.10124222773786218,0.2221832685310894,0.12094104079322723,0.1243708015255813,0.08816589765566042,-0.03620490386992088,False,
burnable_tree_shrub_grass,monthly,august,,310,18245,4910,637,17608,0.7899194172479043,0.8647302104010094,0.07481079315310513,0.09865494392923978,0.21449965952652222,0.11584471559728245,0.1216994155215818,0.0848428978140107,-0.03685651770757109,False,
burnable_tree_shrub_grass,monthly,august,,311,18287,4910,699,17588,0.7900932177388471,0.8656109982648463,0.07551778052599922,0.11541032205892846,0.25165271573082854,0.13624239367190008,0.12203989831081341,0.08349527790618055,-0.03854462040463286,False,
burnable_tree_shrub_grass,monthly,august,,312,18214,4910,629,17585,0.7781403340486115,0.8586041091351432,0.08046377508653169,0.0900987343825803,0.20219687044435705,0.11209813606177675,0.12412342035886664,0.08817756733376242,-0.035945853025104224,False,
burnable_tree_shrub_grass,monthly,august,,313,18330,4910,787,17543,0.7794587284205134,0.8596313099900981,0.08017258156958462,0.1198997463260806,0.24685629325890376,0.12695654693282316,0.12375574031385846,0.08654236495144232,-0.03721337536241613,False,
burnable_tree_shrub_grass,monthly,august,,314,18255,4910,632,17623,0.7932615748838004,0.8682431510317715,0.07498157614797107,0.10035564727856638,0.20261840141075171,0.10226275413218533,0.1258649357277672,0.0880377280741499,-0.03782720765361729,False,
burnable_tree_shrub_grass,monthly,august,,315,18203,4910,643,17560,0.7934689152853404,0.8743542690336088,0.08088535374826844,0.10407114170715187,0.2434645654854788,0.13939342377832692,0.1240876839836567,0.0863253862414246,-0.037762297742232095,False,
burnable_tree_shrub_grass,monthly,august,,316,18245,4910,742,17503,0.7863317385868236,0.8689917307976315,0.08265999221080789,0.11475319604350628,0.24045633209789932,0.12570313605439304,0.12065009381268602,0.08330998053459368,-0.037340113278092335,False,
burnable_tree_shrub_grass,monthly,august,,317,18216,4910,724,17492,0.8034633512020649,0.8732013877219957,0.06973803651993082,0.12722092366459734,0.23260064302788028,0.10537971936328294,0.12041482340301937,0.08572672874681085,-0.03468809465620852,False,
burnable_tree_shrub_grass,monthly,august,,318,18161,4910,708,17453,0.7825921741069882,0.8645249339549869,0.08193275984799864,0.1005016059335845,0.2335641730048767,0.13306256707129221,0.12450890605824481,0.08714932834163684,-0.03735957771660797,False,
burnable_tree_shrub_grass,monthly,august,,319,18298,4910,700,17598,0.7872733508677934,0.8682209017258455,0.08094755085805216,0.11274732851288595,0.2512074186172976,0.13846009010441168,0.12433907073757566,0.08636076432057176,-0.03797830641700391,False,
burnable_tree_shrub_grass,monthly,august,,320,18192,4910,725,17467,0.7890358765198611,0.8621578029900718,0.07312192647021076,0.12486295581731183,0.2529538626379553,0.12809090682064345,0.12469767180474785,0.08823845149078838,-0.03645922031395947,False,
burnable_tree_shrub_grass,monthly,august,,321,18267,4910,691,17576,0.7776937469658336,0.856666059558917,0.07897231259308335,0.09619570795267131,0.20694755804367795,0.11075185009100665,0.12374064016238569,0.08708200603096382,-0.03665863413142187,False,
burnable_tree_shrub_grass,monthly,august,,322,18266,4910,670,17596,0.7805503625315116,0.8608141097196446,0.080263747188133,0.10226938322823376,0.21373635435941635,0.11146697113118259,0.12395210896683882,0.0854765895328646,-0.03847551943397422,False,
burnable_tree_shrub_grass,monthly,august,,323,18241,4910,667,17574,0.7986812329581199,0.8767744840451062,0.07809325108698628,0.10934395348321434,0.2400503960493586,0.13070644256614428,0.12388227276389077,0.08728039806272718,-0.03660187470116359,False,
burnable_tree_shrub_grass,monthly,august,,324,18254,4910,709,17545,0.7987625613926068,0.8889177577223348,0.09015519632972802,0.11341138047111154,0.2492117913410063,0.13580041086989475,0.12393655421234881,0.08557957565112494,-0.03835697856122387,False,
burnable_tree_shrub_grass,monthly,august,,325,18232,4910,701,17531,0.7840555686519359,0.8625953894104521,0.07853982075851618,0.11314183474836062,0.21959052174861327,0.10644868700025265,0.1268469704759827,0.08767164798430478,-0.03917532249167792,False,
burnable_tree_shrub_grass,monthly,august,,326,18279,4910,714,17565,0.7720456073120965,0.8476848296961825,0.07563922238408605,0.10398429724427817,0.20300668715034453,0.09902238990606636,0.12314511805894807,0.0873637607781825,-0.03578135728076556,False,
burnable_tree_shrub_grass,monthly,august,,327,18294,4910,743,17551,0.8047911592848467,0.8783170875294939,0.07352592824464721,0.1280769524591311,0.27962024232717547,0.15154328986804438,0.12112450765929511,0.08533953023818502,-0.03578497742111009,False,
burnable_tree_shrub_grass,monthly,august,,328,18252,4910,693,17559,0.7856908232783852,0.8573607989292253,0.0716699756508401,0.11497510032315841,0.22322724414705464,0.10825214382389622,0.12303652187505572,0.08701667220639572,-0.036019849668659995,False,
burnable_tree_shrub_grass,monthly,august,,329,18143,4910,697,17446,0.7926576387133342,0.8698634902271095,0.07720585151377535,0.11577682371597209,0.2224530806681483,0.10667625695217622,0.12322672638300493,0.08695752419054736,-0.036269202192457564,False,
burnable_tree_shrub_grass,monthly,august,,330,18243,4910,706,17537,0.7954819038209946,0.8752028289520125,0.07972092513101792,0.11256207209144627,0.23696821631126236,0.12440614421981609,0.12611661361645193,0.08769305822714231,-0.038423555389309624,False,
burnable_tree_shrub_grass,monthly,august,,331,18248,4910,689,17559,0.7956239759282224,0.8670654714096393,0.07144149548141687,0.11730865853231098,0.21970177845716307,0.10239311992485209,0.12047610626936484,0.08572201900461858,-0.034754087264746256,False,
burnable_tree_shrub_grass,monthly,august,,332,18118,4910,649,17469,0.7853259055155684,0.8710558461429496,0.08572994062738126,0.09395173254038301,0.20112839083660192,0.1071766582962189,0.12125133909594943,0.08560608063810585,-0.03564525845784358,False,
burnable_tree_shrub_grass,monthly,august,,333,18188,4910,658,17530,0.8040120973684712,0.8790412267636722,0.07502912939520101,0.10733541669222225,0.247651481748051,0.14031606505582872,0.12275489231233991,0.0851007732923071,-0.03765411902003281,False,
burnable_tree_shrub_grass,monthly,august,,334,18216,4910,587,17629,0.7786991544345343,0.8556137609326742,0.07691460649813986,0.08648951676630007,0.20137804423658662,0.11488852747028655,0.12248113640245976,0.08565722695220122,-0.03682390945025854,False,
burnable_tree_shrub_grass,monthly,august,,335,18209,4910,612,17597,0.7756757502114331,0.8545161069864479,0.07884035677501477,0.09747596990256359,0.22326034304007053,0.12578437313750696,0.12180050498584116,0.08363683057930914,-0.038163674406532025,False,
burnable_tree_shrub_grass,monthly,august,,336,18280,4910,729,17551,0.7856823137180698,0.8758451853305581,0.09016287161248826,0.10892609677369788,0.2664938492774507,0.1575677525037528,0.12286187978368196,0.08241209592023836,-0.0404497838634436,False,
burnable_tree_shrub_grass,monthly,august,,337,18233,4910,770,17463,0.7748565241092299,0.8548621166384438,0.08000559252921391,0.12098260426409702,0.26473896382563605,0.14375635956153904,0.12545656935999833,0.08825698972668973,-0.037199579633308597,False,
burnable_tree_shrub_grass,monthly,august,,338,18170,4910,671,17499,0.8058121098510291,0.8772389718841929,0.07142686203316373,0.1276952357101402,0.2512927341480609,0.12359749843792073,0.12335100474784048,0.08627777343027523,-0.03707323131756525,False,
burnable_tree_shrub_grass,monthly,august,,339,18190,4910,679,17511,0.7896796030334478,0.874543323031372,0.0848637199979243,0.1032317326675675,0.2144846904791118,0.11125295781154432,0.1233551038404445,0.08525106040808098,-0.038104043432363524,False,
burnable_tree_shrub_grass,monthly,august,,340,18284,4910,697,17587,0.7950737465124192,0.864466213019774,0.06939246650735476,0.1093514943409173,0.2174293285276416,0.1080778341867243,0.11953478915239812,0.08516036273822711,-0.034374426414171017,False,
burnable_tree_shrub_grass,monthly,august,,341,18307,4910,704,17603,0.770774077120119,0.8469199787742793,0.07614590165416024,0.10622730134919492,0.2166215445046933,0.11039424315549837,0.12304620282022409,0.08728189677348801,-0.03576430604673608,False,
burnable_tree_shrub_grass,monthly,august,,342,18277,4910,663,17614,0.7847414498373962,0.8712675591762414,0.08652610933884519,0.10424567974381237,0.2212525618207252,0.11700688207691283,0.12172463338111628,0.08486873016225314,-0.03685590321886313,False,
burnable_tree_shrub_grass,monthly,august,,343,18244,4910,759,17485,0.8019114821927171,0.8714068109574817,0.06949532876476461,0.1247562075881857,0.25739747832365567,0.13264127073546997,0.12203049652032724,0.08617668574234537,-0.03585381077798187,False,
burnable_tree_shrub_grass,monthly,august,,344,18220,4910,717,17503,0.7809445856303096,0.8604405811763212,0.07949599554601161,0.1032185509871978,0.20645126640683353,0.10323271541963573,0.1283526892310113,0.0884388603422855,-0.039913828888725814,False,
burnable_tree_shrub_grass,monthly,august,,345,18172,4910,780,17392,0.789030581404949,0.8711113125987782,0.08208073119382919,0.12670350137461256,0.2721538837392146,0.14545038236460206,0.1270652969431394,0.08749269988824396,-0.039572597054895436,False,
burnable_tree_shrub_grass,monthly,august,,346,18306,4910,689,17617,0.7771298553572537,0.8662570532998003,0.08912719794254664,0.1026182913538978,0.2231411654289637,0.1205228740750659,0.12260356527157645,0.0850218519594346,-0.03758171331214186,False,
burnable_tree_shrub_grass,monthly,august,,347,18280,4910,627,17653,0.7910000071374164,0.8675696672816589,0.07656966014424249,0.10227905870003122,0.20373141329496838,0.10145235459493716,0.1242292263624412,0.08563899506851695,-0.03859023129392425,False,
burnable_tree_shrub_grass,monthly,august,,348,18278,4910,690,17588,0.7848854456101492,0.8668304805977726,0.0819450349876234,0.1003072780455506,0.23008856203160552,0.12978128398605493,0.12432449291282369,0.08720336694623278,-0.03712112596659091,False,
burnable_tree_shrub_grass,monthly,august,,349,18229,4910,709,17520,0.8042472515794965,0.8772645890088941,0.07301733742939764,0.12003309155869574,0.23142830885091273,0.11139521729221699,0.12035137802158828,0.08769489596350302,-0.03265648205808526,False,
burnable_tree_shrub_grass,monthly,august,,350,18318,4910,714,17604,0.8012310354725849,0.8769982089632036,0.07576717349061868,0.12136263357516651,0.27139726579495205,0.15003463221978552,0.12219608313956437,0.08380565542387051,-0.038390427715693856,False,
burnable_tree_shrub_grass,monthly,august,,351,18296,4910,689,17607,0.7613111225471662,0.843781620369191,0.08247049782202487,0.0939922868770326,0.21000811699202301,0.11601583011499042,0.12710923565589632,0.08785551470283445,-0.03925372095306187,False,
burnable_tree_shrub_grass,monthly,august,,352,18193,4910,712,17481,0.791320383800325,0.8743309750747039,0.08301059127437893,0.11061454955624105,0.2511565128048186,0.14054196324857754,0.12866672979267385,0.08829022162791492,-0.040376508164758934,False,
burnable_tree_shrub_grass,monthly,august,,353,18282,4910,745,17537,0.8001785678065896,0.869273210657582,0.06909464285099243,0.13076481569008208,0.2438026450680007,0.11303782937791862,0.11804822585487942,0.08436247742832151,-0.033685748426557915,False,
burnable_tree_shrub_grass,monthly,august,,354,18234,4910,700,17534,0.7966267578093174,0.8754272515439391,0.07880049373462172,0.11531547594595927,0.24430970861472304,0.12899423266876375,0.12410745358910519,0.08668520440807945,-0.03742224918102574,False,
burnable_tree_shrub_grass,monthly,august,,355,18270,4910,654,17616,0.7925391272737878,0.8559909222086122,0.06345179493482433,0.11459951059738395,0.22135150771600715,0.1067519971186232,0.12530828201175667,0.08704158289009746,-0.03826669912165921,False,
burnable_tree_shrub_grass,monthly,august,,356,18215,4910,642,17573,0.7890540004641078,0.8653300792617108,0.07627607879760301,0.10446367880345914,0.23445361690865538,0.12998993810519624,0.1265456406526762,0.0875060445697014,-0.0390395960829748,False,
burnable_tree_shrub_grass,monthly,august,,357,18205,4910,591,17614,0.8068941564518456,0.8694747890320286,0.06258063258018298,0.11340618761667273,0.21735462801347458,0.10394844039680184,0.12091985903773962,0.08350815496035738,-0.03741170407738224,False,
burnable_tree_shrub_grass,monthly,august,,358,18294,4910,692,17602,0.7966991566250026,0.8692015095499526,0.07250235292495,0.11164046163735206,0.21190268093999184,0.10026221930263979,0.12375417972347807,0.08767980136455444,-0.03607437835892363,False,
burnable_tree_shrub_grass,monthly,august,,359,18267,4910,662,17605,0.784821326679543,0.8581959258690413,0.07337459918949829,0.0970565508849501,0.20707809520323436,0.11002154431828426,0.12318981505040072,0.08626258663908284,-0.036927228411317875,False,
burnable_tree_shrub_grass,monthly,august,,360,18326,4910,642,17684,0.8002317511085931,0.8631112940856476,0.06287954297705445,0.11353640280717785,0.25153449788217086,0.137998095074993,0.12023513761029661,0.08388635375550588,-0.036348783854790734,False,
burnable_tree_shrub_grass,monthly,august,,361,18232,4910,680,17552,0.7950683515201887,0.8695281918601534,0.07445984033996467,0.10978323955701336,0.24212115772553985,0.1323379181685265,0.12176043869587928,0.08661264817616456,-0.03514779051971473,False,
burnable_tree_shrub_grass,monthly,august,,362,18234,4910,630,17604,0.7865280437707158,0.8647866826803432,0.07825863890962736,0.10141814587377107,0.2001378974951774,0.09871975162140634,0.12263575498621286,0.08709808279097271,-0.03553767219524015,False,
burnable_tree_shrub_grass,monthly,august,,363,18298,4910,640,17658,0.7835969355249746,0.8609106884981311,0.07731375297315657,0.10279102296175345,0.22053124958931003,0.11774022662755658,0.11881029711650315,0.08409486064878337,-0.03471543646771978,False,
burnable_tree_shrub_grass,monthly,august,,364,18254,4910,685,17569,0.7867885247447707,0.8677911035238328,0.08100257877906214,0.10513034526632452,0.2488037196890242,0.14367337442269967,0.12235725160925595,0.08474822936928,-0.03760902223997595,False,
burnable_tree_shrub_grass,monthly,august,,365,18270,4910,728,17542,0.7889888835084651,0.877824069955811,0.08883518644734589,0.10957652679525057,0.24945569067880882,0.13987916388355826,0.12684770572669404,0.08605997337224369,-0.04078773235445035,False,
burnable_tree_shrub_grass,monthly,august,,366,18327,4910,689,17638,0.7755683936138016,0.8596268677718035,0.08405847415800194,0.1003242025097099,0.229582190101677,0.1292579875919671,0.12552608756268044,0.087816608372262,-0.037709479190418435,False,
burnable_tree_shrub_grass,monthly,august,,367,18208,4910,746,17462,0.8031524907551073,0.8730693043769036,0.06991681362179625,0.1205802797470319,0.25685513129271426,0.13627485154568236,0.12227117954991686,0.08692540940206736,-0.035345770147849495,False,
burnable_tree_shrub_grass,monthly,august,,368,18272,4910,585,17687,0.7873111691961695,0.863933286266073,0.07662211706990352,0.09087625635471336,0.2005874630737006,0.10971120671898724,0.1224354866665523,0.0867347808469017,-0.0357007058196506,False,
burnable_tree_shrub_grass,monthly,august,,369,18275,4910,679,17596,0.8120778470538725,0.8872859375925911,0.07520809053871857,0.11025933909425341,0.23594976176781765,0.12569042267356423,0.11918147152279827,0.08264609408600612,-0.03653537743679215,False,
burnable_tree_shrub_grass,monthly,august,,370,18324,4910,679,17645,0.8024153333352809,0.8777499790292176,0.07533464569393666,0.12038307400164382,0.217890673854637,0.09750759985299319,0.12182955482638125,0.08577760125720438,-0.03605195356917687,False,
burnable_tree_shrub_grass,monthly,august,,371,18286,4910,681,17605,0.7661027750009279,0.8459954766888494,0.07989270168792151,0.089424851043168,0.17861291686994812,0.08918806582678013,0.12277922482636322,0.08864890881556726,-0.034130316010795955,False,
burnable_tree_shrub_grass,monthly,august,,372,18260,4910,749,17511,0.7942735822968114,0.872764241496419,0.07849065919960752,0.1163392570022548,0.24341423794403802,0.1270749809417832,0.1252866703626277,0.08708852303928694,-0.03819814732334076,False,
burnable_tree_shrub_grass,monthly,august,,373,18169,4910,649,17520,0.7953537581526902,0.8821593283660849,0.08680557021339474,0.10535603065837211,0.2533808239017677,0.14802479324339557,0.12136975761321325,0.08319493185904,-0.03817482575417325,False,
burnable_tree_shrub_grass,monthly,august,,374,18168,4910,645,17523,0.7778957180087124,0.8575166105057053,0.07962089249699289,0.09779250544822068,0.20853916243639192,0.11074665698817124,0.12507263097912222,0.08657080160416626,-0.038501829374955956,False,
burnable_tree_shrub_grass,monthly,august,,375,18267,4910,750,17517,0.778952864836064,0.8555930048904874,0.07664014005442343,0.11219737917941865,0.22164560627356789,0.10944822709414924,0.12168430972637025,0.08546755373215469,-0.03621675599421556,False,
burnable_tree_shrub_grass,monthly,august,,376,18217,4910,697,17520,0.7849057113657357,0.8651994359387591,0.08029372457302342,0.1088895994932493,0.2543418779619274,0.14545227846867811,0.12273167153938024,0.08613157473993706,-0.03660009679944318,False,
burnable_tree_shrub_grass,monthly,august,,377,18176,4910,639,17537,0.7859085860317863,0.8588513460875877,0.07294276005580147,0.09739609242806818,0.18437335620874937,0.08697726378068119,0.12360243145747288,0.08784819367477793,-0.035754237782694945,False,
burnable_tree_shrub_grass,monthly,august,,378,18203,4910,606,17597,0.7613430207031613,0.8479289055233874,0.08658588482022611,0.08376549831552975,0.1770161711047991,0.09325067278926936,0.12800261376847555,0.08577169738905206,-0.042230916379423486,False,
burnable_tree_shrub_grass,monthly,august,,379,18317,4910,697,17620,0.7916862766811549,0.8755131038323802,0.08382682715122536,0.10653075577740533,0.2237327448927297,0.11720198911532438,0.1265616027431779,0.08819792439826349,-0.038363678344914415,False,
burnable_tree_shrub_grass,monthly,august,,380,18344,4910,676,17668,0.7970193664070905,0.870308018508372,0.07328865210128155,0.10627870853902024,0.22346239454759637,0.11718368600857612,0.12113367123043484,0.08495383020519534,-0.036179841025239495,False,
burnable_tree_shrub_grass,monthly,august,,381,18235,4910,773,17462,0.7795477312924771,0.8625262499401768,0.08297851864769967,0.10847288894489708,0.2227001741164093,0.11422728517151222,0.12689868987573852,0.08774395147578722,-0.0391547383999513,False,
burnable_tree_shrub_grass,monthly,august,,382,18298,4910,622,17676,0.78914558152497,0.8670438198396431,0.07789823831467302,0.09256444227139124,0.2098320747806047,0.11726763250921346,0.11947542465275002,0.08248823571188563,-0.03698718894086439,False,
burnable_tree_shrub_grass,monthly,august,,383,18318,4910,695,17623,0.7859415650819297,0.8617772637703263,0.07583569868839657,0.11423275743863617,0.23586368142794867,0.1216309239893125,0.12013638203257189,0.08413368612132552,-0.03600269591124637,False,
burnable_tree_shrub_grass,monthly,august,,384,18226,4910,617,17609,0.7954191871642181,0.8713288742045033,0.07590968704028522,0.10404486627998208,0.22230585017307888,0.1182609838930968,0.11824840421386006,0.08297881841459916,-0.0352695857992609,False,
burnable_tree_shrub_grass,monthly,august,,385,18282,4910,705,17577,0.772052896334144,0.8524992969132372,0.08044640057909325,0.1039853338521338,0.2242373204039199,0.1202519865517861,0.1280235420434863,0.08934606680775128,-0.038677475235735004,False,
burnable_tree_shrub_grass,monthly,august,,386,18248,4910,767,17481,0.7934791112749943,0.8687081157288519,0.0752290044538576,0.11773279229039682,0.23959313767870918,0.12186034538831236,0.12051460079129327,0.08496369899106757,-0.0355509018002257,False,
burnable_tree_shrub_grass,monthly,august,,387,18234,4910,654,17580,0.7853022704421553,0.8603777228084458,0.07507545236629054,0.10127987583132748,0.220703049392899,0.11942317356157152,0.12284274441367034,0.08694059859154527,-0.03590214582212507,False,
burnable_tree_shrub_grass,monthly,august,,388,18361,4910,592,17769,0.7752692968166546,0.8547833457296568,0.07951404891300218,0.09286355193026875,0.19079690226657928,0.09793335033631052,0.1223537927668169,0.0846847021459041,-0.03766909062091281,False,
burnable_tree_shrub_grass,monthly,august,,389,18316,4910,660,17656,0.793059360025264,0.8619373103486152,0.0688779503233512,0.10782944181210811,0.2090424415212879,0.10121299970917978,0.12127265261349458,0.08597492841062453,-0.03529772420287006,False,
burnable_tree_shrub_grass,monthly,august,,390,18203,4910,731,17472,0.7975667066916212,0.8711877640143713,0.07362105732275004,0.1245951660573349,0.2608960704882477,0.1363009044309128,0.12233165595958373,0.0856354888636569,-0.036696167095926824,False,
burnable_tree_shrub_grass,monthly,august,,391,18227,4910,638,17589,0.7884084274672241,0.8708341509396635,0.08242572347243948,0.1006921640616272,0.24032606729187925,0.13963390323025204,0.12291488079578865,0.08701799356358554,-0.035896887232203106,False,
burnable_tree_shrub_grass,monthly,august,,392,18234,4910,737,17497,0.8045371453094227,0.8784919050670366,0.0739547597576139,0.12411844495771045,0.2479254396715771,0.12380699471386665,0.12274145569971967,0.0863737321251151,-0.03636772357460458,False,
burnable_tree_shrub_grass,monthly,august,,393,18161,4910,787,17374,0.7753823170318763,0.8558644567990641,0.08048213976718777,0.1115644693533123,0.24856026369089348,0.1369957943375812,0.12826242341917574,0.08952504773804636,-0.03873737568112938,False,
burnable_tree_shrub_grass,monthly,august,,394,18290,4910,640,17650,0.7921654125354107,0.8644174929178471,0.07225208038243636,0.09947657065992842,0.22418283301214445,0.12470626235221603,0.12335464507280892,0.08432945531355054,-0.03902518975925838,False,
burnable_tree_shrub_grass,monthly,august,,395,18289,4910,668,17621,0.8156945288810609,0.881152625796588,0.06545809691552718,0.12928866041034318,0.25716792993597865,0.12787926952563547,0.12334528223445032,0.08757312399429754,-0.035772158240152785,False,
burnable_tree_shrub_grass,monthly,august,,396,18324,4910,674,17650,0.7739492774943049,0.8490559090794462,0.0751066315851413,0.0967198959572864,0.19233238919746934,0.09561249324018294,0.12550224286806452,0.08733777442184747,-0.038164468446217056,False,
burnable_tree_shrub_grass,monthly,august,,397,18276,4910,791,17485,0.783676309872974,0.8670446440094759,0.08336833413650191,0.11891943835107796,0.25822533844108453,0.13930590009000657,0.12754295503115803,0.08830403919002455,-0.03923891584113348,False,
burnable_tree_shrub_grass,monthly,august,,398,18200,4910,668,17532,0.7827107591797924,0.8585880087873534,0.07587724960756104,0.10235713277910309,0.19603419638929576,0.09367706361019267,0.12265403069289792,0.08712190789288063,-0.03553212280001729,False,
burnable_tree_shrub_grass,monthly,august,,399,18278,4910,733,17545,0.8011885243830228,0.8723614233833327,0.07117289900030987,0.123995268140153,0.2666483081884216,0.14265304004826862,0.12498049749591844,0.08456075485042375,-0.040419742645494694,False,
burnable_tree_shrub_grass,monthly,august,,400,18327,4910,647,17680,0.7757925982781652,0.8555119521355088,0.07971935385734363,0.08696370188752589,0.19674758100145928,0.10978387911393339,0.1256736762670136,0.08556331665227877,-0.04011035961473482,False,
burnable_tree_shrub_grass,monthly,august,,401,18232,4910,657,17575,0.7927045863455381,0.8654693626575385,0.0727647763120004,0.10795695688413054,0.22798523914006694,0.1200282822559364,0.12386948798095634,0.08631727498301449,-0.037552212997941856,False,
burnable_tree_shrub_grass,monthly,august,,402,18263,4910,684,17579,0.7989118628720007,0.8639891796731147,0.06507731680111406,0.1163617459963022,0.2379058866349598,0.1215441406386576,0.12420969103912903,0.08835901288288005,-0.03585067815624898,False,
burnable_tree_shrub_grass,monthly,august,,403,18330,4910,651,17679,0.7918979090242972,0.8751447233298308,0.0832468143055336,0.10819078470725796,0.2257145612070319,0.11752377649977394,0.12607093540525177,0.08637557134545097,-0.0396953640598008,False,
burnable_tree_shrub_grass,monthly,august,,404,18308,4910,655,17653,0.7941348550059393,0.8736603816664166,0.0795255266604773,0.10209995462213553,0.22079434199108988,0.11869438736895435,0.1230858827861982,0.08580058190486413,-0.03728530088133407,False,
burnable_tree_shrub_grass,monthly,august,,405,18238,4910,679,17559,0.7916570106036782,0.8717353595422996,0.08007834893862142,0.10589422257960651,0.22860523598481902,0.12271101340521251,0.12344924491410413,0.08626624380658894,-0.037183001107515185,False,
burnable_tree_shrub_grass,monthly,august,,406,18127,4910,682,17445,0.7792429747787138,0.8576264405349363,0.07838346575622246,0.10887667186585313,0.21924555006006333,0.1103688781942102,0.12684290412751598,0.08692894420119521,-0.03991395992632077,False,
burnable_tree_shrub_grass,monthly,august,,407,18252,4910,658,17594,0.7822631748250733,0.8529682335059652,0.07070505868089183,0.09651425172791865,0.20397729498217884,0.10746304325426019,0.1243962036640497,0.08756100458945268,-0.03683519907459702,False,
burnable_tree_shrub_grass,monthly,august,,408,18348,4910,709,17639,0.7982177587473456,0.8826703169529694,0.0844525582056238,0.1222476551183115,0.23476823751860218,0.11252058240029068,0.12334803350079394,0.08449509486501476,-0.03885293863577918,False,
burnable_tree_shrub_grass,monthly,august,,409,18231,4910,656,17575,0.7785399680810464,0.8598972174999133,0.0813572494188669,0.09820699428791423,0.21460810341259937,0.11640110912468514,0.12471177513770325,0.08682539462946552,-0.03788638050823773,False,
burnable_tree_shrub_grass,monthly,august,,410,18227,4910,645,17582,0.7888873310353524,0.8762069029372006,0.08731957190184825,0.09672826271447524,0.2095152240303149,0.11278696131583965,0.12479718724981065,0.08570139912793139,-0.03909578812187926,False,
burnable_tree_shrub_grass,monthly,august,,411,18172,4910,599,17573,0.7848101698737828,0.8561723018133658,0.07136213193958296,0.09352816401589759,0.21378161674912916,0.12025345273323157,0.12345707272498799,0.08558051308816103,-0.037876559636826956,False,
burnable_tree_shrub_grass,monthly,august,,412,18175,4910,587,17588,0.7871363044107431,0.8745220432546739,0.08738573884393075,0.0920426727156375,0.20949397594546854,0.11745130322983104,0.12261116969137059,0.0830884022164165,-0.03952276747495409,False,
burnable_tree_shrub_grass,monthly,august,,413,18312,4910,590,17722,0.7757472279021191,0.8454862193692031,0.06973899146708396,0.08212070418034506,0.1847536717675903,0.10263296758724524,0.12405139657045675,0.08813442146856734,-0.0359169751018894,False,
burnable_tree_shrub_grass,monthly,august,,414,18214,4910,669,17545,0.806323862491539,0.8801986435904089,0.07387478109886991,0.11799104206959543,0.25376108994798685,0.13577004787839142,0.12405225420988696,0.08704956794578525,-0.037002686264101706,False,
burnable_tree_shrub_grass,monthly,august,,415,18260,4910,678,17582,0.7774768140787591,0.8521346583677528,0.07465784428899369,0.10470307069085982,0.18376919310473278,0.07906612241387295,0.1248682682210411,0.08950442593537455,-0.03536384228566655,False,
burnable_tree_shrub_grass,monthly,august,,416,18289,4910,724,17565,0.8129827177036202,0.884456234381217,0.07147351667759683,0.13670827644530462,0.28328929385235424,0.14658101740704962,0.12361809059088984,0.08492210284620216,-0.038695987744687674,False,
burnable_tree_shrub_grass,monthly,august,,417,18267,4910,720,17547,0.8175094033168062,0.8853542549217023,0.06784485160489606,0.13446390894428106,0.2628105818134065,0.12834667286912543,0.11963396334406429,0.08274690548350484,-0.036887057860559444,False,
burnable_tree_shrub_grass,monthly,august,,418,18286,4910,679,17607,0.7850350388656675,0.8694458364522814,0.08441079758661385,0.09457934541897611,0.20917517686969977,0.11459583145072366,0.12353461961417217,0.08673444493021595,-0.036800174683956216,False,
burnable_tree_shrub_grass,monthly,august,,419,18235,4910,694,17541,0.7857189093580178,0.8725779881371384,0.08685907877912058,0.11158325282150146,0.256496927739626,0.14491367491812457,0.12487522631482927,0.08603907836826155,-0.038836147946567715,False,
burnable_tree_shrub_grass,monthly,august,,420,18155,4910,689,17466,0.7874447173916332,0.8694428005013098,0.0819980831096766,0.11056530204625048,0.2404203242390453,0.12985502219279482,0.12548641273187638,0.08819908355217866,-0.03728732917969772,False,
burnable_tree_shrub_grass,monthly,august,,421,18253,4910,671,17582,0.7790490664056402,0.8606664179138637,0.08161735150822347,0.10213476164337337,0.2064119280142042,0.10427716637083081,0.1231151929612807,0.08745331621760205,-0.035661876743678655,False,
burnable_tree_shrub_grass,monthly,august,,422,18289,4910,585,17704,0.7809559672641463,0.8630513747436477,0.08209540747950139,0.09288191148082642,0.18898013228258037,0.09609822080175395,0.12142585247510292,0.08440528097693228,-0.03702057149817063,False,
burnable_tree_shrub_grass,monthly,august,,423,18258,4910,562,17696,0.799249775166835,0.8645577262167536,0.0653079510499186,0.10514844713451668,0.20330236203877947,0.09815391490426278,0.12208544141845881,0.0848485990457278,-0.03723684237273102,False,
burnable_tree_shrub_grass,monthly,august,,424,18295,4910,731,17564,0.7766126210776239,0.8563454940322217,0.07973287295459786,0.1015801144875824,0.22350187793159232,0.12192176344400991,0.1260897598668594,0.08724916362958306,-0.038840596237276356,False,
burnable_tree_shrub_grass,monthly,august,,425,18288,4910,719,17569,0.7726839164095376,0.8419812808801316,0.06929736447059398,0.10799906563336052,0.2076712175399297,0.09967215190656918,0.1255075986017143,0.08905538805033522,-0.036452210551379066,False,
burnable_tree_shrub_grass,monthly,august,,426,18210,4910,738,17472,0.7690965242413413,0.8479408323158324,0.07884430807449105,0.10849390296912893,0.21221760671290518,0.10372370374377625,0.12744283035817341,0.09187234636872758,-0.03557048398944583,False,
burnable_tree_shrub_grass,monthly,august,,427,18227,4910,715,17512,0.7852027940081845,0.8678039753759259,0.08260118136774142,0.11817581694872646,0.26889597755631134,0.15072016060758486,0.1238212748199043,0.08541031361169865,-0.038410961208205655,False,
burnable_tree_shrub_grass,monthly,august,,428,18225,4910,619,17606,0.7747280859789134,0.848195201481651,0.07346711550273755,0.08961262335082318,0.16864440319989651,0.07903177984907334,0.1252835414956989,0.08670421676095388,-0.03857932473474501,False,
burnable_tree_shrub_grass,monthly,august,,429,18254,4910,626,17628,0.7851732213708803,0.8726129864556169,0.08743976508473661,0.0949940758864828,0.23720830847793895,0.14221423259145616,0.12419297731727749,0.08540847824843245,-0.03878449906884504,False,
burnable_tree_shrub_grass,monthly,august,,430,18239,4910,699,17540,0.793866135528357,0.8731779231774337,0.07931178764907665,0.11458941915782248,0.23497317196892517,0.1203837528111027,0.12477655615662335,0.08769941491952699,-0.037077141237096364,False,
burnable_tree_shrub_grass,monthly,august,,431,18277,4910,715,17562,0.7927140846853864,0.8696855018344598,0.0769714171490734,0.11308254146640045,0.22209233265765532,0.10900979119125487,0.12374471827982299,0.08482374623501068,-0.038920972044812305,False,
burnable_tree_shrub_grass,monthly,august,,432,18281,4910,730,17551,0.7933508842722929,0.8790973156117241,0.08574643133943116,0.11276984638058489,0.23809202192413573,0.12532217554355085,0.12319739032885063,0.08420950689989268,-0.03898788342895795,False,
burnable_tree_shrub_grass,monthly,august,,433,18278,4910,736,17542,0.7850302906564618,0.8664007623938572,0.08137047173739542,0.11312169118625537,0.24186497928007672,0.12874328809382135,0.12349117072075,0.08755850187949381,-0.03593266884125619,False,
burnable_tree_shrub_grass,monthly,august,,434,18234,4910,651,17583,0.781397694830391,0.862989605673613,0.08159191084322204,0.10092422911828085,0.22814253068042165,0.1272183015621408,0.12080258331383563,0.08202869852368905,-0.03877388479014658,False,
burnable_tree_shrub_grass,monthly,august,,435,18330,4910,649,17681,0.7905728111335203,0.8684262240708449,0.07785341293732462,0.09506860373472201,0.208678826374982,0.11361022264026,0.12077430510151833,0.08346796811129283,-0.03730633699022551,False,
burnable_tree_shrub_grass,monthly,august,,436,18242,4910,793,17449,0.7849691231307352,0.8567299390325558,0.0717608159018206,0.11979321071075566,0.23744353750657365,0.117650326795818,0.1251844801296297,0.08727962375261344,-0.037904856377016266,False,
burnable_tree_shrub_grass,monthly,august,,437,18226,4910,671,17555,0.8011822328886731,0.8746451115315248,0.07346287864285173,0.10675356292452999,0.24438491509061003,0.13763135216608002,0.11994505730911514,0.08252093287067046,-0.037424124438444686,False,
burnable_tree_shrub_grass,monthly,august,,438,18283,4910,639,17644,0.7794854342306134,0.8550300518443542,0.07554461761374076,0.10005021463042756,0.2333040093910788,0.13325379476065125,0.12437495292757994,0.08612483210113167,-0.03825012082644827,False,
burnable_tree_shrub_grass,monthly,august,,439,18264,4910,736,17528,0.7906750208982398,0.8713183905750799,0.08064336967684005,0.11304833047401229,0.2464632258923778,0.1334148954183655,0.12457825110398095,0.08634462329912099,-0.03823362780485996,False,
burnable_tree_shrub_grass,monthly,august,,440,18249,4910,690,17559,0.7798963494504243,0.8532966701910164,0.0734003207405921,0.10891326308433547,0.22190745509454685,0.11299419201021138,0.12423465057109075,0.08817896721821923,-0.036055683352871515,False,
burnable_tree_shrub_grass,monthly,august,,441,18281,4910,610,17671,0.7629499940163147,0.8406070518428359,0.07765705782652121,0.08654269464206728,0.17050739404835535,0.08396469940628808,0.12222034689736845,0.0856226563372054,-0.03659769056016306,False,
burnable_tree_shrub_grass,monthly,august,,442,18256,4910,583,17673,0.7882819573694366,0.863774619519712,0.07549266215027539,0.0998639501947129,0.20691088253780116,0.10704693234308825,0.11967607769111964,0.08192831048471161,-0.03774776720640803,False,
burnable_tree_shrub_grass,monthly,august,,443,18272,4910,700,17572,0.7785102516991317,0.8614956424181327,0.08298539071900102,0.111770510270905,0.23121849353032944,0.11944798325942445,0.12406481891778863,0.08670705426309033,-0.0373577646546983,False,
burnable_tree_shrub_grass,monthly,august,,444,18276,4910,698,17578,0.7783408115314762,0.8512150998855368,0.07287428835406062,0.10243878753315151,0.19553520397463311,0.0930964164414816,0.12539979252911254,0.09009582172315553,-0.03530397080595701,False,
burnable_tree_shrub_grass,monthly,august,,445,18260,4910,743,17517,0.7823960434973724,0.8482974931255014,0.06590144962812905,0.11544575754579926,0.2156777857742535,0.10023202822845424,0.12417946005525964,0.08905115975942642,-0.03512830029583322,False,
burnable_tree_shrub_grass,monthly,august,,446,18241,4910,725,17516,0.7979104030994323,0.8738676756620547,0.07595727256262241,0.11942149628586983,0.25444763707555995,0.1350261407896901,0.12340186290135327,0.0851957193506889,-0.03820614355066437,False,
burnable_tree_shrub_grass,monthly,august,,447,18251,4910,651,17600,0.7960622643485546,0.8747950705208769,0.07873280617232226,0.10044706637121786,0.22638523434977278,0.12593816797855492,0.12230682257466356,0.08469481807884571,-0.03761200449581785,False,
burnable_tree_shrub_grass,monthly,august,,448,18288,4910,576,17712,0.7814278063208873,0.8514363496499548,0.07000854332906759,0.09106244647371674,0.18864287981003677,0.09758043333632004,0.12581940446976553,0.08739301056738395,-0.038426393902381575,False,
burnable_tree_shrub_grass,monthly,august,,449,18236,4910,675,17561,0.7750937156620206,0.848667354217152,0.07357363855513144,0.09454156422388878,0.19649359630922397,0.1019520320853352,0.12624017963171896,0.08925864065118898,-0.036981538980529985,False,
burnable_tree_shrub_grass,monthly,august,,450,18372,4910,669,17703,0.7729156645183647,0.8468594118179998,0.07394374729963515,0.09637951538454985,0.20403549804251594,0.1076559826579661,0.12551502536118408,0.0881995921479947,-0.03731543321318939,False,
burnable_tree_shrub_grass,monthly,august,,451,18243,4910,694,17549,0.7971587336437802,0.8766575860131771,0.07949885236939691,0.10531368386111364,0.2348543653683966,0.12954068150728296,0.12288582167064035,0.08554555848044759,-0.03734026319019276,False,
burnable_tree_shrub_grass,monthly,august,,452,18343,4910,585,17758,0.7754842647060239,0.8650052029036149,0.089520938197591,0.08326370851505561,0.18986466373501637,0.10660095521996076,0.12402078263957506,0.08466374596206976,-0.0393570366775053,False,
burnable_tree_shrub_grass,monthly,august,,453,18113,4910,773,17340,0.7872332290347079,0.8615452162144821,0.07431198717977416,0.11974327272522114,0.26220660564844955,0.1424633329232284,0.12310510681176211,0.08668075940573686,-0.03642434740602525,False,
burnable_tree_shrub_grass,monthly,august,,454,18205,4910,699,17506,0.7963749849428285,0.8677936213817228,0.07141863643889423,0.11385091983758314,0.2356190924453138,0.12176817260773065,0.12382220658297674,0.08749291784177358,-0.036329288741203156,False,
burnable_tree_shrub_grass,monthly,august,,455,18270,4910,701,17569,0.7943875093182624,0.8687267621959928,0.07433925287773036,0.12882110446598266,0.23775276707844759,0.10893166261246492,0.12482044873293185,0.08773546024338041,-0.03708498848955144,False,
burnable_tree_shrub_grass,monthly,august,,456,18253,4910,688,17565,0.7680617755314149,0.8536103443025573,0.08554856877114247,0.0912832346030916,0.23503227786595857,0.14374904326286697,0.12280965072189767,0.0848916235276105,-0.03791802719428718,False,
burnable_tree_shrub_grass,monthly,august,,457,18308,4910,704,17604,0.7812909094782178,0.864196508799653,0.08290559932143526,0.10414541764659893,0.2343954063673903,0.13024998872079138,0.12354094061267082,0.08496215927334828,-0.038578781339322535,False,
burnable_tree_shrub_grass,monthly,august,,458,18291,4910,690,17601,0.795029597297255,0.87059076847577,0.07556117117851502,0.11172209082837639,0.24670844538149747,0.13498635455312108,0.12652909372488313,0.08802676742713372,-0.03850232629774941,False,
burnable_tree_shrub_grass,monthly,august,,459,18261,4910,643,17618,0.7815087143132808,0.8593423027876728,0.07783358847439192,0.09710111645329027,0.21780978865313405,0.12070867219984378,0.12244001556345338,0.08707220406841798,-0.0353678114950354,False,
burnable_tree_shrub_grass,monthly,august,,460,18296,4910,725,17571,0.7879675170098065,0.870860332169582,0.08289281515977553,0.10932897298831125,0.22875428460632447,0.11942531161801322,0.12312136730903232,0.08741295436990408,-0.03570841293912824,False,
burnable_tree_shrub_grass,monthly,august,,461,18367,4910,709,17658,0.795234794107954,0.8692513180615044,0.0740165239535504,0.11506599465698622,0.2307322011609549,0.11566620650396867,0.12255817196934432,0.0837377209065951,-0.038820451062749214,False,
burnable_tree_shrub_grass,monthly,august,,462,18317,4910,710,17607,0.7824087650798297,0.8647133782418484,0.08230461316201865,0.10567408127111066,0.22141324593776152,0.11573916466665085,0.12651679236522173,0.08761410283565488,-0.03890268952956685,False,
burnable_tree_shrub_grass,monthly,august,,463,18335,4910,653,17682,0.8008007035299306,0.8771340301078799,0.07633332657794933,0.11123653872838171,0.23492157546309642,0.1236850367347147,0.12103779048672064,0.08400902813420771,-0.03702876235251293,False,
burnable_tree_shrub_grass,monthly,august,,464,18300,4910,724,17576,0.7749556307320127,0.8604981020075091,0.08554247127549641,0.10338488375455837,0.20691271788685425,0.10352783413229588,0.13056030822398296,0.0922250281340105,-0.03833528008997246,False,
burnable_tree_shrub_grass,monthly,august,,465,18236,4910,715,17521,0.7924207235034242,0.8702573495222317,0.07783662601880748,0.11558003275963195,0.24450116982233783,0.12892113706270586,0.11954882423863872,0.08308515452455927,-0.03646366971407945,False,
burnable_tree_shrub_grass,monthly,august,,466,18232,4910,685,17547,0.8065741268809234,0.8709302523899317,0.06435612550900827,0.11810857252551638,0.2325895454870895,0.11448097296157311,0.11966962806504271,0.08546761034262886,-0.03420201772241385,False,
burnable_tree_shrub_grass,monthly,august,,467,18279,4910,627,17652,0.7936942594935724,0.8645261517099507,0.07083189221637831,0.10377932258146254,0.18497043981417446,0.08119111723271193,0.12051154587824754,0.08610424426989903,-0.03440730160834851,False,
burnable_tree_shrub_grass,monthly,august,,468,18255,4910,707,17548,0.7936924028786349,0.8684228089356203,0.07473040605698544,0.11118641221707631,0.24481444861034682,0.1336280363932705,0.12475181642495914,0.08799233240825632,-0.036759484016702815,False,
burnable_tree_shrub_grass,monthly,august,,469,18294,4910,722,17572,0.7675930307786311,0.8483273881325932,0.08073435735396217,0.0944380948575304,0.19786101084526703,0.10342291598773663,0.12463103763345168,0.0886497381466325,-0.03598129948681918,False,
burnable_tree_shrub_grass,monthly,august,,470,18205,4910,671,17534,0.7943036199458849,0.8744857978291103,0.08018217788322535,0.10493591612497377,0.2505221701708479,0.1455862540458741,0.12529598193668287,0.08644900838991289,-0.03884697354676998,False,
burnable_tree_shrub_grass,monthly,august,,471,18241,4910,678,17563,0.7743312444353299,0.8529271025488183,0.07859585811348846,0.09777220106648378,0.2224049805297374,0.12463277946325362,0.1265791898084375,0.08772894184707089,-0.0388502479613666,False,
burnable_tree_shrub_grass,monthly,august,,472,18261,4910,733,17528,0.7890505185855816,0.8747659562279773,0.08571543764239564,0.10356173282881391,0.2347182758849657,0.13115654305615176,0.1272726727089417,0.08753427970268116,-0.03973839300626053,False,
burnable_tree_shrub_grass,monthly,august,,473,18294,4910,668,17626,0.7910452781037267,0.8791236883998937,0.08807841029616703,0.1071524948083355,0.24018464602944992,0.13303215122111442,0.12190008497235222,0.08642954294205016,-0.03547054203030206,False,
burnable_tree_shrub_grass,monthly,august,,474,18243,4910,738,17505,0.7773884194140427,0.851870894030277,0.07448247461623436,0.10914325348904438,0.20361283962220647,0.09446958613316209,0.1242554694873309,0.08906102261575505,-0.03519444687157586,False,
burnable_tree_shrub_grass,monthly,august,,475,18253,4910,722,17531,0.7771010624471949,0.8433649233309067,0.06626386088371183,0.11603897969766841,0.2012910317702564,0.08525205207258799,0.12246385785731598,0.08920785095512068,-0.033256006902195295,False,
burnable_tree_shrub_grass,monthly,august,,476,18218,4910,640,17578,0.7973752702241439,0.881883248947548,0.0845079787234041,0.10859723533139205,0.2579147516507067,0.14931751631931467,0.12220696997119276,0.08538165744879866,-0.0368253125223941,False,
burnable_tree_shrub_grass,monthly,august,,477,18238,4910,615,17623,0.7856897098165784,0.8630177027526389,0.07732799293606052,0.09684505146112442,0.19432818022009105,0.09748312875896663,0.12165008489114505,0.08314773065680896,-0.038502354234336095,False,
burnable_tree_shrub_grass,monthly,august,,478,18176,4910,752,17424,0.7692464645854091,0.8488832351562042,0.0796367705707951,0.10279653098525765,0.22642913562957112,0.12363260464431347,0.12265566747761883,0.08539498273863326,-0.03726068473898557,False,
burnable_tree_shrub_grass,monthly,august,,479,18227,4910,674,17553,0.7864618068111144,0.8678580225281263,0.08139621571701183,0.10559577255818972,0.24091235061200839,0.13531657805381866,0.12196014954184951,0.0842491152217219,-0.03771103432012761,False,
burnable_tree_shrub_grass,monthly,august,,480,18242,4910,752,17490,0.7929603390387212,0.8734900186124593,0.08052967957373813,0.11347418889728644,0.24178495951996448,0.12831077062267804,0.12408164410797948,0.08835724338533085,-0.035724400722648625,False,
burnable_tree_shrub_grass,monthly,august,,481,18316,4910,683,17633,0.8010407246694624,0.8760832025072116,0.0750424778377492,0.11708982108505228,0.2356652003235579,0.11857537923850561,0.12143531496544589,0.08284184706131836,-0.03859346790412753,False,
burnable_tree_shrub_grass,monthly,august,,482,18278,4910,654,17624,0.7743810219869764,0.8473897840170688,0.07300876203009232,0.09397163007354936,0.19669528319762652,0.10272365312407716,0.12728033324412988,0.0886116177272423,-0.03866871551688758,False,
burnable_tree_shrub_grass,monthly,august,,483,18221,4910,731,17490,0.7979232221030739,0.8755991893745809,0.07767596727150705,0.12914643120351188,0.2524224197181324,0.12327598851462052,0.12317653879772872,0.08674336187922943,-0.03643317691849929,False,
burnable_tree_shrub_grass,monthly,august,,484,18171,4910,738,17433,0.78380134271715,0.8712631418748078,0.08746179915765784,0.10466773734662188,0.24505772068975404,0.14038998334313216,0.1285556927545431,0.08836953430775829,-0.0401861584467848,False,
burnable_tree_shrub_grass,monthly,august,,485,18198,4910,644,17554,0.8116364269402596,0.889196389207535,0.07755996226727535,0.12328151363295027,0.26086324252597154,0.13758172889302128,0.1170101428273187,0.07990499771361673,-0.03710514511370197,False,
burnable_tree_shrub_grass,monthly,august,,486,18267,4910,683,17584,0.7970768131417221,0.8730386135672388,0.0759618004255167,0.1083497168496469,0.24336961301133717,0.13501989616169027,0.12130522050282777,0.08599967244352164,-0.035305548059306135,False,
burnable_tree_shrub_grass,monthly,august,,487,18285,4910,688,17597,0.7913378139244137,0.877252052080759,0.08591423815634525,0.11263306902708284,0.24465741901178636,0.13202434998470353,0.1214300973491417,0.08501066196293339,-0.036419435386208315,False,
burnable_tree_shrub_grass,monthly,august,,488,18367,4910,626,17741,0.7822329658938798,0.863904984987213,0.08167201909333321,0.10240427417236328,0.21407156839340588,0.1116672942210426,0.1269122394548395,0.08692207617372197,-0.03999016328111754,False,
burnable_tree_shrub_grass,monthly,august,,489,18195,4910,732,17463,0.7761029643001643,0.8598931573985154,0.083790193098351,0.1113495107862336,0.2567209531981845,0.14537144241195088,0.12377905631195216,0.08539908097551198,-0.03837997533644018,False,
burnable_tree_shrub_grass,monthly,august,,490,18204,4910,672,17532,0.7909523266299447,0.8578799446997598,0.06692761806981506,0.10537038414627889,0.22840690090002616,0.12303651675374727,0.12493897167462072,0.08948255205082366,-0.03545641962379706,False,
burnable_tree_shrub_grass,monthly,august,,491,18273,4910,692,17581,0.7944718631812522,0.8673689706405988,0.07289710745934663,0.11382322741388216,0.23839622784509726,0.1245730004312151,0.12306112323690993,0.0867053680415544,-0.03635575519535553,False,
burnable_tree_shrub_grass,monthly,august,,492,18311,4910,718,17593,0.7730785477954245,0.8661944078480188,0.09311586005259431,0.09794737506253015,0.21883512172155226,0.1208877466590221,0.12607093238852488,0.0878483856964618,-0.03822254669206307,False,
burnable_tree_shrub_grass,monthly,august,,493,18300,4910,720,17580,0.7796649838832006,0.8623267444065226,0.08266176052332197,0.10818750000801074,0.20641393392793683,0.0982264339199261,0.12355222989721175,0.08830946726821298,-0.03524276262899877,False,
burnable_tree_shrub_grass,monthly,august,,494,18205,4910,680,17525,0.7742917680624317,0.8497986909457078,0.0755069228832761,0.10194815864019584,0.19531648990911232,0.09336833126891649,0.12654048791203998,0.08686981019360496,-0.03967067771843502,False,
burnable_tree_shrub_grass,monthly,august,,495,18289,4910,603,17686,0.7580392170100533,0.8506670349860258,0.09262781797597253,0.0781762079289226,0.18182763318057668,0.10365142525165408,0.12907065390485392,0.08876800310597242,-0.0403026507988815,False,
burnable_tree_shrub_grass,monthly,august,,496,18201,4910,666,17535,0.7783304262346178,0.868031162043138,0.08970073580852023,0.0959858790782117,0.21819612210811742,0.12221024302990573,0.12293911981102332,0.08473191959928371,-0.03820720021173961,False,
burnable_tree_shrub_grass,monthly,august,,497,18224,4910,676,17548,0.7868903619219239,0.8557368597105758,0.06884649778865193,0.10998099171058376,0.2072827202827555,0.09730172857217173,0.12179993767168648,0.08569786789683291,-0.03610206977485357,False,
burnable_tree_shrub_grass,monthly,august,,498,18237,4910,614,17623,0.7594230666505738,0.8382935684618542,0.07887050181128041,0.08380039973269866,0.17790436632602927,0.0941039665933306,0.12453747397792737,0.08515300671538789,-0.03938446726253948,False,
burnable_tree_shrub_grass,monthly,august,,499,18230,4910,734,17496,0.7867782001397907,0.8647057046281657,0.07792750448837493,0.12599156620082452,0.24811339163406596,0.12212182543324143,0.12340345557218545,0.08399024387307291,-0.039413211699112535,False,
burnable_tree_shrub_grass,monthly,august,,500,18212,4910,712,17500,0.8032585072231139,0.870857544141252,0.06759903691813818,0.12928120848443891,0.2552981464483134,0.12601693796387448,0.1197826755473938,0.08526685239757434,-0.03451582314981946,False,
burnable_tree_shrub_grass,monthly,august,,501,18203,4910,668,17535,0.7811507865364224,0.8600509844297718,0.07890019789334934,0.11017184492224424,0.24066716888490947,0.13049532396266522,0.12399390319831109,0.08567183998852977,-0.03832206320978132,False,
burnable_tree_shrub_grass,monthly,august,,502,18267,4910,654,17613,0.7795203917873422,0.8656686201514693,0.08614822836412706,0.09866531177819785,0.18800280044470272,0.08933748866650487,0.12290285785682588,0.08812626952349217,-0.034776588333333705,False,
burnable_tree_shrub_grass,monthly,august,,503,18308,4910,709,17599,0.7823149331074155,0.8630330723849469,0.08071813927753135,0.10992166501160236,0.2252259873339561,0.11530432232235374,0.12305733329651038,0.08533680115973075,-0.03772053213677963,False,
burnable_tree_shrub_grass,monthly,august,,504,18191,4910,711,17480,0.7621494687921417,0.8440049628749916,0.08185549408284987,0.0952262142813452,0.20240406496272503,0.10717785068137983,0.1258752296531438,0.08846079116284784,-0.03741443849029595,False,
burnable_tree_shrub_grass,monthly,august,,505,18158,4910,663,17495,0.7793094514830138,0.8515007735457276,0.07219132206271384,0.10876830905376204,0.19260704195119321,0.08383873289743117,0.12466619312187771,0.08900614584684302,-0.03566004727503469,False,
burnable_tree_shrub_grass,monthly,august,,506,18300,4910,745,17555,0.7890801106398109,0.864108315380807,0.07502820474099614,0.1161938022536513,0.2358511487956214,0.11965734654197012,0.12440776703383453,0.08491603272734982,-0.03949173430648471,False,
burnable_tree_shrub_grass,monthly,august,,507,18298,4910,664,17634,0.7925699053444129,0.869720716824426,0.07715081148001313,0.11618188244261297,0.23827622704289494,0.12209434460028197,0.1254929620361863,0.0879115154168029,-0.037581446619383396,False,
burnable_tree_shrub_grass,monthly,august,,508,18152,4910,658,17494,0.798105942011208,0.8700236954884748,0.07191775347726681,0.11712797429164006,0.23335241951926264,0.11622444522762258,0.12309257386078695,0.08524219206443948,-0.037850381796347476,False,
burnable_tree_shrub_grass,monthly,august,,509,18369,4910,726,17643,0.7926702526337716,0.8639691812312424,0.07129892859747089,0.1138596949449637,0.2217072002037062,0.10784750525874251,0.1261533439684239,0.08875145483760923,-0.03740188913081467,False,
burnable_tree_shrub_grass,monthly,august,,510,18243,4910,694,17549,0.773551388348113,0.8539707591900356,0.08041937084192263,0.10064844618074821,0.1967207958545877,0.0960723496738395,0.12386439934700902,0.08916080053607651,-0.034703598810932504,False,
burnable_tree_shrub_grass,monthly,august,,511,18274,4910,671,17603,0.780093074502187,0.8633956259826664,0.08330255148047938,0.09661732943888053,0.22291193532224518,0.12629460588336466,0.12585774112718573,0.08661775526959707,-0.03923998585758866,False,
burnable_tree_shrub_grass,monthly,august,,512,18208,4910,708,17500,0.7751771186440678,0.8508698143664246,0.07569269572235682,0.10687064779531083,0.194083262774845,0.08721261497953417,0.12570723526238944,0.08930354024520669,-0.036403695017182755,False,
burnable_tree_shrub_grass,monthly,august,,513,18224,4910,679,17545,0.7906367426323474,0.8586937607523847,0.06805701812003728,0.11191442847624428,0.23897265754292127,0.127058229066677,0.12390886513631424,0.08647841120256948,-0.037430453933744764,False,
burnable_tree_shrub_grass,monthly,august,,514,18272,4910,638,17634,0.7815873296918925,0.8572346880474204,0.07564735835552794,0.09401671445737678,0.1954199617142263,0.10140324725684952,0.1254492169719553,0.08890479644189313,-0.03654442053006217,False,
burnable_tree_shrub_grass,monthly,august,,515,18257,4910,627,17630,0.7989522806655683,0.86806272113016,0.0691104404645917,0.10434735449294959,0.23295958702134145,0.12861223252839188,0.12445781307213147,0.08725885341254619,-0.03719895965958528,False,
burnable_tree_shrub_grass,monthly,august,,516,18215,4910,677,17538,0.778006162773285,0.8638060119465425,0.08579984917325745,0.09682398227010641,0.2093988335973019,0.1125748513271955,0.12470272194774071,0.08707651022522499,-0.03762621172251572,False,
burnable_tree_shrub_grass,monthly,august,,517,18319,4910,640,17679,0.783761233313536,0.8676903034673907,0.08392907015385476,0.1043300387166678,0.24687869783163494,0.14254865911496714,0.1262656951478158,0.08577693122504867,-0.040488763922767124,False,
burnable_tree_shrub_grass,monthly,august,,518,18246,4910,683,17563,0.7832699583319753,0.8611501835392169,0.07788022520724158,0.1060228373202744,0.20104323775383448,0.09502040043356008,0.12485610072018555,0.08680196771610742,-0.03805413300407813,False,
burnable_tree_shrub_grass,monthly,august,,519,18310,4910,752,17558,0.7883986477643701,0.8658511425960889,0.07745249483171879,0.12317049069226642,0.2207407888944182,0.09757029820215178,0.12280359417871828,0.08681016742867055,-0.03599342675004773,False,
burnable_tree_shrub_grass,monthly,august,,520,18348,4910,679,17669,0.7995582071259492,0.8750222863554327,0.0754640792294835,0.11713656272842521,0.24771655201101137,0.13057998928258616,0.12369392811611409,0.08600183501310626,-0.03769209310300782,False,
burnable_tree_shrub_grass,monthly,august,,521,18234,4910,731,17503,0.7867390800232564,0.875446171314935,0.08870709129167853,0.10580031566193242,0.22856256284271526,0.12276224718078284,0.12379688481520262,0.08710783343590305,-0.03668905137929958,False,
burnable_tree_shrub_grass,monthly,august,,522,18173,4910,717,17456,0.784326034487828,0.8602703174317063,0.07594428294387834,0.10983449957102817,0.2315202669851637,0.12168576741413553,0.12445501730716199,0.08396660162919423,-0.040488415677967765,False,
burnable_tree_shrub_grass,monthly,august,,523,18269,4910,743,17526,0.7859839540070366,0.8657192106355656,0.07973525662852898,0.1172578275440608,0.24815242295882575,0.13089459541476495,0.12630402663136864,0.08952180421508853,-0.03678222241628011,False,
burnable_tree_shrub_grass,monthly,august,,524,18213,4910,581,17632,0.8069915128494272,0.8844363713604743,0.0774448585110471,0.09410106841197892,0.21006243605560984,0.11596136764363092,0.12348236938367092,0.08577481489116005,-0.03770755449251087,False,
burnable_tree_shrub_grass,monthly,august,,525,18216,4910,629,17587,0.7895189330390465,0.861021875982793,0.07150294294374648,0.10336948901089041,0.21053291643629535,0.10716342742540494,0.12305630416531853,0.08755177462357754,-0.03550452954174099,False,
burnable_tree_shrub_grass,monthly,august,,526,18191,4910,678,17513,0.7812837560029153,0.8562525065661295,0.07496875056321417,0.10134882611568656,0.19444964123320818,0.09310081511752162,0.12177578892680448,0.08863889172181103,-0.03313689720499345,False,
burnable_tree_shrub_grass,monthly,august,,527,18274,4910,635,17639,0.8070030930923022,0.8832277973870535,0.07622470429475126,0.11385967208379871,0.2299901709340122,0.11613049885021348,0.12306272266769268,0.08507977898004174,-0.03798294368765094,False,
burnable_tree_shrub_grass,monthly,august,,528,18291,4910,608,17683,0.7858778279465559,0.8674794889233489,0.081601660976793,0.08968608507734038,0.20764483757472135,0.11795875249738097,0.12150106744009186,0.08522127264901136,-0.0362797947910805,False,
burnable_tree_shrub_grass,monthly,august,,529,18266,4910,635,17631,0.7926302856859585,0.8658887776853313,0.07325849199937284,0.0970540403645215,0.23242492302778034,0.13537088266325883,0.12292294143736987,0.0856052649812198,-0.03731767645615007,False,
burnable_tree_shrub_grass,monthly,august,,530,18240,4910,562,17678,0.7633887788630056,0.8441001119673849,0.08071133310437928,0.08133951867130014,0.17313886330829528,0.09179934463699514,0.12416492205476672,0.0859940662631074,-0.03817085579165931,False,
burnable_tree_shrub_grass,monthly,august,,531,18230,4910,692,17538,0.7735917532004823,0.8550414393320663,0.08144968613158399,0.1035842791462764,0.2142668031854305,0.11068252403915411,0.12780877691960693,0.09024018905272216,-0.03756858786688477,False,
burnable_tree_shrub_grass,monthly,august,,532,18172,4910,658,17514,0.7638649393121195,0.843429294775209,0.07956435546308949,0.09092190783202238,0.1957223631671672,0.10480045533514483,0.12472743045603055,0.08682923178800869,-0.037898198668021854,False,
burnable_tree_shrub_grass,monthly,august,,533,18278,4910,598,17680,0.7820867351957506,0.8656899317483618,0.08360319655261128,0.087467864400111,0.21253316821483054,0.12506530381471953,0.12297091277128132,0.08551374168671397,-0.03745717108456735,False,
burnable_tree_shrub_grass,monthly,august,,534,18228,4910,711,17517,0.772885042273983,0.8490225328226461,0.07613749054866303,0.10360726503470631,0.19339517695245864,0.08978791191775233,0.12652929374001293,0.08913746579221939,-0.03739182794779354,False,
burnable_tree_shrub_grass,monthly,august,,535,18282,4910,727,17555,0.7908577757388158,0.8690950077512334,0.07823723201241761,0.11829281443736567,0.22654453988341325,0.10825172544604758,0.1267823974276006,0.09147901938745905,-0.03530337804014157,False,
burnable_tree_shrub_grass,monthly,august,,536,18315,4910,627,17688,0.7822535502854007,0.8706273799914448,0.08837382970604413,0.09917447762411949,0.21106845996652412,0.11189398234240464,0.12193973338635372,0.08317959431407547,-0.03876013907227825,False,
burnable_tree_shrub_grass,monthly,august,,537,18217,4910,662,17555,0.7833835567284865,0.8586724846640812,0.07528892793559472,0.09446495131989266,0.1832224858162877,0.08875753449639504,0.12431730208591626,0.08838702605942292,-0.035930276026493346,False,
burnable_tree_shrub_grass,monthly,august,,538,18264,4910,737,17527,0.7894467376907688,0.8649705718620289,0.07552383417126007,0.11734623415052078,0.2270899941902148,0.10974376003969402,0.12455614597149357,0.08707102600597598,-0.037485119965517594,False,
burnable_tree_shrub_grass,monthly,august,,539,18198,4910,695,17503,0.7998667443237892,0.8778130943225766,0.07794634999878736,0.11702720457080285,0.2565980028007042,0.13957079822990137,0.12180321982924783,0.08387724112071394,-0.03792597870853388,False,
burnable_tree_shrub_grass,monthly,august,,540,18243,4910,700,17543,0.7862567894398254,0.8633876759961239,0.07713088655629852,0.10543430116944208,0.22156138671569262,0.11612708554625054,0.12592699032289012,0.08901372914740113,-0.03691326117548899,False,
burnable_tree_shrub_grass,monthly,august,,541,18250,4910,626,17624,0.8127716488842546,0.8932991824972917,0.0805275336130371,0.1064162339222478,0.24922065246737551,0.1428044185451277,0.12235401676869176,0.08245106503640062,-0.039902951732291136,False,
burnable_tree_shrub_grass,monthly,august,,542,18325,4910,795,17530,0.7952565413469093,0.8714218572294754,0.07616531588256614,0.12367848506315438,0.2794862088322384,0.15580772376908403,0.12305467717206586,0.08604522298593402,-0.03700945418613184,False,
burnable_tree_shrub_grass,monthly,august,,543,18238,4910,712,17526,0.7879982004264612,0.8596932070105794,0.0716950065841182,0.10929824614979865,0.21828665085665486,0.10898840470685621,0.12422836200320957,0.08712171116657429,-0.03710665083663528,False,
burnable_tree_shrub_grass,monthly,august,,544,18354,4910,635,17719,0.7924179880754367,0.8692301026568305,0.07681211458139381,0.10339447206652491,0.22049245720978145,0.11709798514325653,0.1224750634905056,0.0839478393736842,-0.0385272241168214,False,
burnable_tree_shrub_grass,monthly,august,,545,18246,4910,759,17487,0.7889515968685339,0.8634182079772716,0.07446661110873776,0.11941440756892122,0.2463326692752121,0.1269182617062909,0.12490823332653889,0.08816958632858653,-0.03673864699795236,False,
burnable_tree_shrub_grass,monthly,august,,546,18179,4910,703,17476,0.790177758922865,0.8670925898130727,0.07691483089020767,0.11318966364846858,0.23069812193453418,0.1175084582860656,0.12178433845127623,0.08703276847416268,-0.03475156997711355,False,
burnable_tree_shrub_grass,monthly,august,,547,18280,4910,649,17631,0.7899770146765761,0.8599682465023655,0.06999123182578937,0.10109946597577549,0.20621190264967132,0.10511243667389583,0.1198902164811356,0.08436997265313406,-0.035520243828001535,False,
burnable_tree_shrub_grass,monthly,august,,548,18254,4910,677,17577,0.7896043649764206,0.8716461664477102,0.08204180147128959,0.10780208828293358,0.21931194135174553,0.11150985306881195,0.12475305710396092,0.08422705300532175,-0.04052600409863917,False,
burnable_tree_shrub_grass,monthly,august,,549,18251,4910,593,17658,0.7755149508260472,0.8533235082837736,0.07780855745772641,0.08973664884265042,0.18842018258991133,0.09868353374726091,0.12656934693028168,0.08868349182488983,-0.03788585510539186,False,
burnable_tree_shrub_grass,monthly,august,,550,18299,4910,609,17690,0.8041204060813815,0.878026697706626,0.07390629162524454,0.10571710310856107,0.2106963859603558,0.10497928285179474,0.12015201438875546,0.08548270182976415,-0.034669312558991305,False,
burnable_tree_shrub_grass,monthly,august,,551,18216,4910,800,17416,0.785578383383096,0.8641821457280661,0.07860376234497002,0.11239869906592113,0.24073485090254404,0.1283361518366229,0.1286005848847459,0.09062515477220837,-0.03797543011253754,False,
burnable_tree_shrub_grass,monthly,august,,552,18267,4910,652,17615,0.8037616521752758,0.8633101668439999,0.05954851466872402,0.11365765212702969,0.20079457564818057,0.08713692352115088,0.12227951794898799,0.09120810849601167,-0.031071409452976317,False,
burnable_tree_shrub_grass,monthly,august,,553,18257,4910,697,17560,0.8040294722255812,0.8866323455878268,0.08260287336224559,0.12268118737915551,0.28166937705047246,0.15898818967131695,0.1200743571332261,0.08304198399267043,-0.03703237314055567,False,
burnable_tree_shrub_grass,monthly,august,,554,18260,4910,595,17665,0.7810267180747192,0.8625225306652522,0.08149581259053296,0.09620538199922203,0.2077001712846124,0.11149478928539037,0.12740170884845947,0.08927041123622705,-0.038131297612232426,False,
burnable_tree_shrub_grass,monthly,august,,555,18200,4910,689,17511,0.7677938122079433,0.8543131793832431,0.08651936717529984,0.1000312057634462,0.2077518328648594,0.10772062710141321,0.12582157925692095,0.08984124795392377,-0.03598033130299717,False,
burnable_tree_shrub_grass,monthly,august,,556,18308,4910,699,17609,0.7690731695190007,0.8469848662217614,0.07791169670276066,0.09828673863085444,0.20120291343430852,0.10291617480345408,0.12716121929593796,0.08957775243619612,-0.03758346685974184,False,
burnable_tree_shrub_grass,monthly,august,,557,18226,4910,646,17580,0.7881118425455327,0.8674127473874408,0.0793009048419081,0.10639375896717829,0.22457002781384341,0.11817626884666513,0.12642202318224702,0.08865988774932776,-0.03776213543291926,False,
burnable_tree_shrub_grass,monthly,august,,558,18293,4910,695,17598,0.7798346934453801,0.8564229421100011,0.076588248664621,0.10260935025852078,0.22035381852495736,0.11774446826643659,0.12639457375862545,0.08778104477040548,-0.03861352898821997,False,
burnable_tree_shrub_grass,monthly,august,,559,18268,4910,691,17577,0.7855351277616034,0.8609393426006406,0.07540421483903725,0.10541647652813951,0.21123845107023614,0.10582197454209663,0.12271105166174302,0.08542065147165788,-0.03729040019008514,False,
burnable_tree_shrub_grass,monthly,august,,560,18303,4910,561,17742,0.7833846833329616,0.8725143576045722,0.08912967427161056,0.08830915156839228,0.1996395012146335,0.11133034964624122,0.12216107609222371,0.08472689778635549,-0.03743417830586822,False,
burnable_tree_shrub_grass,monthly,august,,561,18286,4910,682,17604,0.7992013611942368,0.8793955785841794,0.08019421738994259,0.12204749091564847,0.2604331899507365,0.13838569903508802,0.12608086057395856,0.08677340389310198,-0.039307456680856584,False,
burnable_tree_shrub_grass,monthly,august,,562,18237,4910,663,17574,0.8005143859681647,0.8823227306347424,0.08180834466657771,0.11319296591666503,0.24962739899841682,0.1364344330817518,0.12159259644073074,0.0817490376687724,-0.039843558771958346,False,
burnable_tree_shrub_grass,monthly,august,,563,18242,4910,666,17576,0.7850087086403654,0.8666247893318899,0.08161608069152448,0.10316666464155753,0.23404481024667398,0.13087814560511646,0.1254078978757866,0.08628485514038764,-0.03912304273539896,False,
burnable_tree_shrub_grass,monthly,august,,564,18301,4910,646,17655,0.7863139657329641,0.8665322534683952,0.08021828773543116,0.10592033223709879,0.22256936751515952,0.11664903527806073,0.12196193099672374,0.08412943720596952,-0.03783249379075422,False,
burnable_tree_shrub_grass,monthly,august,,565,18314,4910,662,17652,0.7886642168188879,0.8589301692404274,0.07026595242153955,0.10500563245016334,0.22498375269898135,0.11997812024881802,0.12105187499474988,0.08422699131559444,-0.03682488367915544,False,
burnable_tree_shrub_grass,monthly,august,,566,18234,4910,791,17443,0.7999382203026031,0.882393242849221,0.08245502254661796,0.133503495416958,0.31676247287011255,0.18325897745315456,0.12645979718144837,0.08755685936877267,-0.0389029378126757,False,
burnable_tree_shrub_grass,monthly,august,,567,18243,4910,637,17606,0.7921553787411206,0.8750121043008208,0.08285672555970014,0.09597601877509482,0.2014529733069122,0.10547695453181738,0.12059323970939302,0.08369683409073667,-0.036896405618656355,False,
burnable_tree_shrub_grass,monthly,august,,568,18251,4910,700,17551,0.7917453217968858,0.8678815207924659,0.0761361989955801,0.11148672963644289,0.2724883033767902,0.1610015737403473,0.12374550940800047,0.08406716855604304,-0.03967834085195743,False,
burnable_tree_shrub_grass,monthly,august,,569,18306,4910,717,17589,0.7806364016181344,0.8695431633486538,0.08890676173051937,0.10757918937065497,0.2425920003551153,0.13501281098446033,0.12487682549001876,0.08400078811060871,-0.04087603737941005,False,
burnable_tree_shrub_grass,monthly,august,,570,18265,4910,762,17503,0.8023432953300993,0.8707179256709349,0.06837463034083557,0.12277297433997833,0.22330306353210694,0.10053008919212861,0.12380868566248794,0.08900297971933319,-0.034805705943154755,False,
burnable_tree_shrub_grass,monthly,august,,571,18228,4910,730,17498,0.783264897592993,0.8630689691346329,0.07980407154163993,0.11088383985947343,0.25377392697386164,0.14289008711438822,0.1224873095769611,0.08416729198503492,-0.038320017591926187,False,
burnable_tree_shrub_grass,monthly,august,,572,18286,4910,604,17682,0.7849088963895637,0.8604691904289992,0.07556029403943543,0.09289520613780879,0.18892027951219162,0.09602507337438283,0.12634706394114453,0.08830804661218086,-0.03803901732896367,False,
burnable_tree_shrub_grass,monthly,august,,573,18227,4910,564,17663,0.8023378396881248,0.871942811896327,0.06960497220820228,0.10022160486609981,0.18839072790080413,0.08816912303470432,0.12160462791559384,0.08494933265620423,-0.03665529525938961,False,
burnable_tree_shrub_grass,monthly,august,,574,18206,4910,595,17611,0.7913870675747444,0.8755450303453389,0.08415796277059451,0.09384893570236158,0.20302883083497567,0.10917989513261409,0.12554118748179602,0.08776633762156892,-0.0377748498602271,False,
burnable_tree_shrub_grass,monthly,august,,575,18302,4910,694,17608,0.7947279989315833,0.8685930190233153,0.07386502009173201,0.11584171569548149,0.23379663237953255,0.11795491668405106,0.12607950767499848,0.0884907776988482,-0.03758872997615029,False,
burnable_tree_shrub_grass,monthly,august,,576,18271,4910,743,17528,0.7899278861953926,0.8663437480995606,0.07641586190416805,0.11222935327821118,0.22698436095299254,0.11475500767478136,0.12341722070555318,0.08584804879031972,-0.03756917191523346,False,
burnable_tree_shrub_grass,monthly,august,,577,18185,4910,668,17517,0.7833596379770003,0.8578587814950678,0.07449914351806752,0.10344961662972937,0.20305202634576983,0.09960240971604045,0.12373579926931906,0.08860143265329912,-0.035134366616019944,False,
burnable_tree_shrub_grass,monthly,august,,578,18284,4910,698,17586,0.7928445051204771,0.8566244411010713,0.06377993598059417,0.11516968401847423,0.2445241405957013,0.12935445657722705,0.11965442371620309,0.08356759649094328,-0.03608682722525981,False,
burnable_tree_shrub_grass,monthly,august,,579,18226,4910,658,17568,0.8012766545695129,0.8751154869865632,0.07383883241705025,0.11110165830492964,0.22708020733542572,0.11597854903049608,0.12330519144765424,0.08389750277219547,-0.03940768867545877,False,
burnable_tree_shrub_grass,monthly,august,,580,18256,4910,666,17590,0.7819247900544091,0.8637473175278747,0.08182252747346563,0.09799504231066176,0.18983927839117395,0.09184423608051219,0.12695931038518293,0.08786572074989459,-0.03909358963528835,False,
burnable_tree_shrub_grass,monthly,august,,581,18258,4910,673,17585,0.7848427147106751,0.8596969675205255,0.07485425280985036,0.1040509197948254,0.21183507472805593,0.10778415493323053,0.12461396826617376,0.08705149866739688,-0.037562469598776876,False,
burnable_tree_shrub_grass,monthly,august,,582,18199,4910,680,17519,0.7953092944467015,0.8771056130654785,0.08179631861877701,0.11391253397931292,0.25414851885933376,0.14023598488002084,0.1207512665261951,0.08470014643260723,-0.036051120093587866,False,
burnable_tree_shrub_grass,monthly,august,,583,18278,4910,771,17507,0.8085844039260338,0.884863471694887,0.07627906776885318,0.13039494359420017,0.26326200643023223,0.13286706283603206,0.12358756607625687,0.08712132400696299,-0.036466242069293886,False,
burnable_tree_shrub_grass,monthly,august,,584,18329,4910,721,17608,0.7989539176808423,0.8704003696466303,0.07144645196578792,0.11943727293744803,0.25221494784449056,0.1327776749070425,0.12242598669472064,0.08716849649806978,-0.035257490196650865,False,
burnable_tree_shrub_grass,monthly,august,,585,18291,4910,632,17659,0.7812564737312562,0.8623272566575941,0.08107078292633796,0.09465419393373199,0.2052481182521027,0.11059392431837071,0.12559919191493768,0.08728522990688703,-0.03831396200805065,False,
burnable_tree_shrub_grass,monthly,august,,586,18263,4910,620,17643,0.7758473158503876,0.8588030892266512,0.08295577337626359,0.09066542172014616,0.2161950085442407,0.12552958682409454,0.12120669887616482,0.08360840821674859,-0.037598290659416236,False,
burnable_tree_shrub_grass,monthly,august,,587,18309,4910,628,17681,0.807331415168393,0.8876946789115092,0.0803632637431162,0.11962639851730356,0.2357521269073479,0.11612572839004434,0.1173318643046467,0.08466526828551192,-0.03266659601913478,False,
burnable_tree_shrub_grass,monthly,august,,588,18232,4910,666,17566,0.7668601369216193,0.8493078356735422,0.08244769875192293,0.09475845850164409,0.184848470460344,0.09009001195869991,0.12824773949809345,0.08946048885808115,-0.0387872506400123,False,
burnable_tree_shrub_grass,monthly,august,,589,18276,4910,640,17636,0.7928674834146064,0.8652853183828533,0.07241783496824683,0.10647310147382587,0.21153603073609084,0.10506292926226497,0.12249409678883044,0.08571526515371546,-0.036778831635114986,False,
burnable_tree_shrub_grass,monthly,august,,590,18406,4910,733,17673,0.7754273114837695,0.8597712930886549,0.08434398160488532,0.10666906458343792,0.2165354822239678,0.10986641764052987,0.1271160553646826,0.08858845500784264,-0.038527600356839956,False,
burnable_tree_shrub_grass,monthly,august,,591,18219,4910,726,17493,0.7902034485576993,0.8724123258118675,0.08220887725416814,0.11442051129248225,0.27378527881561254,0.15936476752313028,0.12558740998543363,0.08511823209609434,-0.04046917788933929,False,
burnable_tree_shrub_grass,monthly,august,,592,18178,4910,714,17464,0.7743075471141274,0.8481780366750458,0.07387048956091835,0.1070999863706856,0.19145942412255623,0.08435943775187063,0.12646152847201395,0.09108773504511483,-0.035373793426899114,False,
burnable_tree_shrub_grass,monthly,august,,593,18261,4910,737,17524,0.7850794738721574,0.8548144246913014,0.06973495081914405,0.11177484783786708,0.24596059881712568,0.1341857509792586,0.1253056031893287,0.08831206799167841,-0.03699353519765029,False,
burnable_tree_shrub_grass,monthly,august,,594,18230,4910,636,17594,0.7885511016119703,0.8683934381575195,0.07984233654554918,0.09854504143848716,0.21793065963193842,0.11938561819345125,0.12624226561309382,0.08947302154067563,-0.03676924407241819,False,
burnable_tree_shrub_grass,monthly,august,,595,18200,4910,667,17533,0.7991104117136665,0.8740611728014964,0.07495076108782994,0.11326492091950632,0.2260330252241315,0.11276810430462517,0.12221984493002137,0.08632281290423184,-0.03589703202578953,False,
burnable_tree_shrub_grass,monthly,august,,596,18231,4910,675,17556,0.7882523649190316,0.8719545496738479,0.08370218475481628,0.09929321829541633,0.22991724250595294,0.1306240242105366,0.12368906833218903,0.08670998170105045,-0.03697908663113858,False,
burnable_tree_shrub_grass,monthly,august,,597,18193,4910,738,17455,0.7797136112294951,0.8505841191325119,0.07087050790301674,0.11896218974442307,0.23440070980877836,0.11543852006435529,0.12416737808661898,0.08707553756746289,-0.037091840519156094,False,
burnable_tree_shrub_grass,monthly,august,,598,18231,4910,678,17553,0.7748998523981394,0.8513708251806118,0.07647097278247239,0.09772586861983527,0.23184605299494573,0.13412018437511047,0.12286235887339507,0.08556390719143302,-0.03729845168196205,False,
burnable_tree_shrub_grass,monthly,august,,599,18140,4910,679,17461,0.791387058337204,0.8780348614488557,0.08664780311165166,0.10798658769415763,0.24015765158824395,0.13217106389408634,0.1250750753605258,0.0867908683335993,-0.03828420702692652,False,
burnable_tree_shrub_grass,monthly,august,,600,18268,4910,701,17567,0.7799895846080875,0.8577365142965586,0.07774692968847108,0.10511645864076301,0.20822226442447797,0.10310580578371496,0.12449920408035131,0.08537382665526205,-0.03912537742508926,False,
burnable_tree_shrub_grass,monthly,august,,601,18322,4910,632,17690,0.7863694177501415,0.8725829332169357,0.08621351546679423,0.09229400149312006,0.21649639129071496,0.1242023897975949,0.12309804916044638,0.0837580557100228,-0.03933999345042358,False,
burnable_tree_shrub_grass,monthly,august,,602,18224,4910,757,17467,0.7981840676500447,0.8781603565856098,0.07997628893556508,0.11794935177499204,0.25836510137071633,0.14041574959572428,0.12137156237112236,0.0834811232920569,-0.03789043907906546,False,
burnable_tree_shrub_grass,monthly,august,,603,18203,4910,752,17451,0.7862162992549351,0.8603529091181753,0.07413660986324022,0.11384874926863235,0.23140830811470486,0.11755955884607251,0.12491032187970852,0.0883540008920503,-0.03655632098765822,False,
burnable_tree_shrub_grass,monthly,august,,604,18180,4910,741,17439,0.7963125214793435,0.8743447276680412,0.07803220618869766,0.12222258489501364,0.24340611250292232,0.12118352760790868,0.12504399200744978,0.0893819060036666,-0.03566208600378318,False,
burnable_tree_shrub_grass,monthly,august,,605,18279,4910,652,17627,0.7868885608768758,0.8614672276669819,0.07457866679010616,0.09382090426706899,0.1973377769953321,0.1035168727282631,0.12103514157862769,0.08315459434609947,-0.03788054723252822,False,
burnable_tree_shrub_grass,monthly,august,,606,18238,4910,721,17517,0.7762656082773405,0.8527806987893749,0.07651509051203442,0.10220657184975251,0.21250797416788358,0.11030140231813107,0.1250508976175384,0.08853153687785546,-0.03651936073968294,False,
burnable_tree_shrub_grass,monthly,august,,607,18145,4910,728,17417,0.7753607455012691,0.8482966622858683,0.07293591678459921,0.10597556400496627,0.20766909380264276,0.10169352979767649,0.12464208827406555,0.08991244707002861,-0.03472964120403693,False,
burnable_tree_shrub_grass,monthly,august,,608,18293,4910,692,17601,0.7648741877185774,0.8540631558966203,0.0891889681780429,0.09290580663130775,0.20627564279309785,0.1133698361617901,0.12625463889388447,0.0872082410208322,-0.039046397873052266,False,
burnable_tree_shrub_grass,monthly,august,,609,18263,4910,660,17603,0.8046397050089602,0.8868869631381704,0.08224725812921019,0.10713657249042065,0.2386870900648975,0.13155051757447683,0.12124163215760315,0.08307589422964853,-0.03816573792795462,False,
burnable_tree_shrub_grass,monthly,august,,610,18245,4910,672,17573,0.7768845790891329,0.8549228659767554,0.07803828688762249,0.09895017475234867,0.20827620467073266,0.10932602991838399,0.12403046684687075,0.08644600099051143,-0.037584465856359314,False,
burnable_tree_shrub_grass,monthly,august,,611,18180,4910,674,17506,0.7975715659675479,0.8763376931215784,0.07876612715403053,0.11183379658491802,0.2610731212518449,0.14923932466692688,0.12340341658608908,0.0835393338332014,-0.03986408275288768,False,
burnable_tree_shrub_grass,monthly,august,,612,18229,4910,650,17579,0.7827412078222705,0.8630553063751767,0.08031409855290617,0.10072563010424426,0.20922349829725412,0.10849786819300986,0.1256697854016431,0.08658812399065957,-0.03908166141098354,False,
burnable_tree_shrub_grass,monthly,august,,613,18245,4910,652,17593,0.8005941431669525,0.8856215121811903,0.0850273690142378,0.10822840957811757,0.2568514962894645,0.14862308671134694,0.1246676517946661,0.08567101276670375,-0.038996639027962354,False,
burnable_tree_shrub_grass,monthly,august,,614,18214,4910,708,17506,0.7763363295619065,0.8480768659784765,0.07174053641657008,0.1096379910414369,0.2253285201575549,0.11569052911611799,0.1244043095431424,0.08624640106503405,-0.03815790847810835,False,
burnable_tree_shrub_grass,monthly,august,,615,18187,4910,654,17533,0.7841515021651613,0.8601645198194197,0.07601301765425839,0.10704405927840976,0.21859859992988764,0.11155454065147788,0.11887927389887464,0.0871391667016807,-0.03174010719719393,False,
burnable_tree_shrub_grass,monthly,august,,616,18282,4910,759,17523,0.782599146749121,0.8653477601468937,0.08274861339777273,0.11403968200200011,0.23665422376404907,0.12261454176204896,0.12254540477326163,0.08427035979074508,-0.03827504498251655,False,
burnable_tree_shrub_grass,monthly,august,,617,18333,4910,676,17657,0.7827980622198212,0.8644244215797882,0.08162635935996698,0.09290745996002786,0.20633253882864083,0.11342507886861297,0.123982344736302,0.08747578699659793,-0.03650655773970407,False,
burnable_tree_shrub_grass,monthly,august,,618,18275,4910,722,17553,0.7760292808499405,0.8579410390344525,0.08191175818451202,0.1029906223297936,0.20818419240019564,0.10519357007040205,0.12822442333738376,0.0882841619203304,-0.03994026141705337,False,
burnable_tree_shrub_grass,monthly,august,,619,18294,4910,676,17618,0.798919802635954,0.8738985511724493,0.07497874853649533,0.12162884764265539,0.24190999625537357,0.12028114861271819,0.12341925289467763,0.08599980664778721,-0.03741944624689042,False,
burnable_tree_shrub_grass,monthly,august,,620,18326,4910,687,17639,0.7777798683329822,0.8651934359097253,0.08741356757674312,0.10274599070177008,0.23505824999157027,0.13231225928980017,0.1269547429860606,0.08704091822637681,-0.03991382475968379,False,
burnable_tree_shrub_grass,monthly,august,,621,18307,4910,690,17617,0.7697181905159131,0.8514451209429628,0.0817269304270497,0.09587542063124688,0.22083214684896865,0.12495672621772178,0.12595297741163183,0.0879555533429539,-0.03799742406867794,False,
burnable_tree_shrub_grass,monthly,august,,622,18270,4910,671,17599,0.771030802200606,0.848403187113751,0.07737238491314491,0.0999846303361941,0.19127252625104174,0.09128789591484764,0.12154328075034398,0.08532994071959736,-0.036213340030746624,False,
burnable_tree_shrub_grass,monthly,august,,623,18366,4910,800,17566,0.7691325572127975,0.8555230274393715,0.08639047022657398,0.11159720085020751,0.2504175478971676,0.13882034704696006,0.12613766123271442,0.08703600214962695,-0.039101659083087464,False,
burnable_tree_shrub_grass,monthly,august,,624,18275,4910,652,17623,0.797987519098891,0.8767369155408664,0.07874939644197543,0.10868683769058379,0.22386597922268098,0.11517914153209718,0.12354168712630031,0.08613002607361107,-0.03741166105268924,False,
burnable_tree_shrub_grass,monthly,august,,625,18184,4910,802,17382,0.7714191681078055,0.8528966675475618,0.08147749943975624,0.11403917073292498,0.2475888126196919,0.13354964188676693,0.128027513830413,0.08749646134652915,-0.04053105248388385,False,
burnable_tree_shrub_grass,monthly,august,,626,18281,4910,563,17718,0.793645542550681,0.8598611320797087,0.06621558952902773,0.09208219027370748,0.1687274564659408,0.07664526619223333,0.11725469743467826,0.08219941976035436,-0.0350552776743239,False,
burnable_tree_shrub_grass,monthly,august,,627,18194,4910,686,17508,0.778410086251283,0.8578590645109507,0.07944897825966768,0.10564257951353363,0.21617316564498867,0.11053058613145504,0.12098452763897466,0.08590426756275854,-0.03508026007621612,False,
burnable_tree_shrub_grass,monthly,august,,628,18193,4910,684,17509,0.7646809209900072,0.8486896797269508,0.08400875873694358,0.10558534643792766,0.22044330839279463,0.11485796195486697,0.12661262809749613,0.08601425627823649,-0.04059837181925964,False,
burnable_tree_shrub_grass,monthly,august,,629,18179,4910,632,17547,0.8054877749667619,0.882561518323663,0.07707374335690109,0.11471531670819102,0.2448089934072874,0.13009367669909638,0.12041241550318947,0.08366108909352,-0.036751326409669466,False,
burnable_tree_shrub_grass,monthly,august,,630,18285,4910,763,17522,0.7886339629506018,0.8646085512719228,0.07597458832132098,0.11641624568593617,0.2397745804209128,0.12335833473497662,0.12295442583207067,0.08445456778226552,-0.038499858049805144,False,
burnable_tree_shrub_grass,monthly,august,,631,18214,4910,616,17598,0.8065517240743119,0.8817310445549451,0.07517932048063325,0.12221862583833579,0.24315684651644506,0.12093822067810928,0.12326968074498812,0.0872564288394948,-0.036013251905493315,False,
burnable_tree_shrub_grass,monthly,august,,632,18294,4910,698,17596,0.7908094914121534,0.8730001641425409,0.08219067273038749,0.10380541286082137,0.22950255911204817,0.1256971462512268,0.1249772756317691,0.08689352187788152,-0.038083753753887575,False,
burnable_tree_shrub_grass,monthly,august,,633,18234,4910,683,17551,0.7980804404115578,0.8702581299777024,0.07217768956614456,0.10736123798420537,0.23297740416661264,0.12561616618240729,0.1216445329290015,0.0852003582455906,-0.03644417468341091,False,
burnable_tree_shrub_grass,monthly,august,,634,18320,4910,734,17586,0.7829878299898576,0.8669336458187107,0.08394581582885308,0.11978540922934386,0.2641845334626873,0.14439912423334342,0.12410811879762186,0.08419246478333388,-0.03991565401428798,False,
burnable_tree_shrub_grass,monthly,august,,635,18193,4910,660,17533,0.770063464739219,0.8488974902737522,0.07883402553453311,0.1008515026243764,0.1947036724375747,0.0938521698131983,0.1257723803586152,0.0896990007025405,-0.03607337965607471,False,
burnable_tree_shrub_grass,monthly,august,,636,18224,4910,692,17532,0.7820230290705419,0.8576643996312605,0.07564137056071862,0.10962093674564473,0.23039218517319734,0.12077124842755262,0.12529014083688406,0.08714634932493807,-0.03814379151194598,False,
burnable_tree_shrub_grass,monthly,august,,637,18270,4910,756,17514,0.7864932166134061,0.8653498969531859,0.07885668033977977,0.11064243918342825,0.22626496196337567,0.11562252277994742,0.12504465765052034,0.08941810324724621,-0.03562655440327413,False,
burnable_tree_shrub_grass,monthly,august,,638,18311,4910,686,17625,0.7782881128135145,0.8544047308893162,0.07611661807580172,0.10662787759622651,0.2150157309123682,0.10838785331614169,0.12714908198805108,0.08765882010687806,-0.03949026188117302,False,
burnable_tree_shrub_grass,monthly,august,,639,18239,4910,692,17547,0.8064959146879183,0.8718757319318455,0.06537981724392727,0.11878438607852217,0.23581932584363857,0.1170349397651164,0.12470332649308447,0.08749290634463461,-0.03721042014844986,False,
burnable_tree_shrub_grass,monthly,august,,640,18328,4910,734,17594,0.7746831809456964,0.8645592735199855,0.08987609257428908,0.09786756506970389,0.22600900125505283,0.12814143618534896,0.12669516660163924,0.08866000703378112,-0.03803515956785812,False,
burnable_tree_shrub_grass,monthly,august,,641,18286,4910,663,17623,0.7697691527996845,0.8501902893423332,0.08042113654264871,0.09236702909932937,0.1993105788815813,0.10694354978225193,0.12615606123759193,0.08802990939989358,-0.03812615183769835,False,
burnable_tree_shrub_grass,monthly,august,,642,18270,4910,664,17606,0.7841846769105274,0.8593940113515518,0.0752093344410244,0.10240840698946398,0.2168410478105248,0.11443264082106082,0.12422755077233229,0.08729658410611933,-0.036930966666212955,False,
burnable_tree_shrub_grass,monthly,august,,643,18342,4910,704,17638,0.7830006832484615,0.8604767824377119,0.07747609918925036,0.10776591910747983,0.22602707001450026,0.11826115090702043,0.12292949282044359,0.08682958314793046,-0.03609990967251313,False,
burnable_tree_shrub_grass,monthly,august,,644,18272,4910,682,17590,0.7794543020477844,0.86987057762425,0.09041627557646559,0.09619756068516502,0.23674112436383146,0.14054356367866644,0.12646114897160476,0.0884276424989116,-0.03803350647269317,False,
burnable_tree_shrub_grass,monthly,august,,645,18234,4910,782,17452,0.7921238334096357,0.8655430781865407,0.07341924477690509,0.11751170832909946,0.23826700031888345,0.12075529198978399,0.12368288855503677,0.08759318209379334,-0.03608970646124343,False,
burnable_tree_shrub_grass,monthly,august,,646,18284,4910,621,17663,0.7965999779555013,0.8805745208444045,0.08397454288890316,0.1057491813452985,0.2298832899746883,0.1241341086293898,0.11961127582070953,0.08151573851805916,-0.038095537302650376,False,
burnable_tree_shrub_grass,monthly,august,,647,18277,4910,716,17561,0.7870404804450186,0.8664128930950663,0.07937241265004769,0.1110662025010452,0.25236534351782713,0.14129914101678193,0.12399270641654994,0.08676813762523475,-0.037224568791315193,False,
burnable_tree_shrub_grass,monthly,august,,648,18229,4910,569,17660,0.7881427550669051,0.8601747119482035,0.07203195688129838,0.09015254752855319,0.17694150147227247,0.08678895394371929,0.12042254077333443,0.08617035957336204,-0.03425218119997239,False,
burnable_tree_shrub_grass,monthly,august,,649,18299,4910,730,17569,0.7928761509414544,0.8748125785065071,0.0819364275650527,0.11256609065673243,0.24122223657646677,0.12865614591973434,0.12256778807061473,0.08546826776120361,-0.03709952030941112,False,
burnable_tree_shrub_grass,monthly,august,,650,18268,4910,633,17635,0.8103282688141267,0.8856866304665745,0.0753583616524478,0.11943381797244665,0.23977170638390619,0.12033788841145954,0.12089622741823919,0.0825888385490164,-0.03830738886922279,False,
burnable_tree_shrub_grass,monthly,august,,651,18311,4910,649,17662,0.7873979357980249,0.859534428287799,0.07213649248977416,0.10261438573045174,0.22068371146960658,0.11806932573915484,0.12242021894572701,0.08604626841195102,-0.036373950533775984,False,
burnable_tree_shrub_grass,monthly,august,,652,18321,4910,722,17599,0.7943230216901962,0.8684773231417864,0.07415430145159019,0.11646302876889686,0.2289685336193785,0.11250550485048164,0.1252110066327222,0.08795161048940892,-0.03725939614331328,False,
burnable_tree_shrub_grass,monthly,august,,653,18263,4910,674,17589,0.7927089918115466,0.866664456626098,0.0739554648145514,0.10488064856773235,0.23180712261338204,0.1269264740456497,0.12240504676215418,0.08712904839178451,-0.03527599837036967,False,
burnable_tree_shrub_grass,monthly,august,,654,18277,4910,693,17584,0.7666052668896164,0.8461434998627901,0.07953823297317375,0.09369498412267285,0.2023842477745556,0.10868926365188275,0.12639134299311566,0.08868274991245798,-0.03770859308065769,False,
burnable_tree_shrub_grass,monthly,august,,655,18140,4910,623,17517,0.7785588427696608,0.8637579398907238,0.085199097121063,0.09357011474479425,0.2136713629637078,0.12010124821891356,0.12607606711915542,0.08646121174619738,-0.039614855372958044,False,
burnable_tree_shrub_grass,monthly,august,,656,18211,4910,623,17588,0.7776429719519109,0.8559056937624551,0.07826272181054417,0.09995466878918244,0.2065600106516657,0.10660534186248327,0.1232102079085694,0.08544145520330154,-0.03776875270526786,False,
burnable_tree_shrub_grass,monthly,august,,657,18280,4910,641,17639,0.7727627025598061,0.8474994116267854,0.07473670906697938,0.0903218194997551,0.18573018401224284,0.09540836451248774,0.12477589453006803,0.0868778382880273,-0.037898056242040734,False,
burnable_tree_shrub_grass,monthly,august,,658,18238,4910,718,17520,0.7985463489398505,0.8714489449383753,0.07290259599852478,0.11989188830113037,0.251612107590335,0.1317202192892046,0.12329820525729311,0.08649387655031929,-0.036804328706973824,False,
burnable_tree_shrub_grass,monthly,august,,659,18300,4910,699,17601,0.7935928988297989,0.8721906570043857,0.07859775817458681,0.11643799038390741,0.22250048351480756,0.10606249313090015,0.12129770295069141,0.08534215306733553,-0.03595554988335588,False,
burnable_tree_shrub_grass,monthly,august,,660,18154,4910,699,17455,0.7853899399600608,0.8628401091873688,0.07745016922730796,0.11850689401084456,0.23536204200987962,0.11685514799903506,0.12233832087911199,0.08719073414439796,-0.035147586734714034,False,
burnable_tree_shrub_grass,monthly,august,,661,18242,4910,652,17590,0.7890580258582505,0.8749277161800662,0.08586969032181568,0.09570050154819923,0.211965971352508,0.11626546980430877,0.12176671962240886,0.08461512142737174,-0.03715159819503712,False,
burnable_tree_shrub_grass,monthly,august,,662,18248,4910,702,17546,0.794875488865572,0.8688538844414828,0.0739783955759108,0.12271847440282121,0.2431945469262603,0.12047607252343909,0.12228246993220908,0.08601789275382626,-0.036264577178382815,False,
burnable_tree_shrub_grass,monthly,august,,663,18203,4910,751,17452,0.7748440233863443,0.8489512646137948,0.0741072412274505,0.1050332210393831,0.20731260019238762,0.10227937915300452,0.12687792755391658,0.09250790428061481,-0.03437002327330177,False,
burnable_tree_shrub_grass,monthly,august,,664,18299,4910,600,17699,0.7914862421605741,0.8756692468501045,0.08418300468953044,0.09706446364469018,0.21701469687171274,0.11995023322702256,0.12144753836760189,0.08075385614682515,-0.04069368222077674,False,
burnable_tree_shrub_grass,monthly,august,,665,18244,4910,686,17558,0.7805653366418737,0.867465911396697,0.08690057475482338,0.1058847121528617,0.21970068655655553,0.11381597440369383,0.12496270411349718,0.08595252360650042,-0.039010180506996756,False,
burnable_tree_shrub_grass,monthly,august,,666,18254,4910,699,17555,0.7905102663242318,0.862317775851819,0.07180750952758719,0.11024486229755423,0.2266998307266523,0.11645496842909808,0.12404324853508891,0.08547407211293502,-0.03856917642215389,False,
burnable_tree_shrub_grass,monthly,august,,667,18248,4910,707,17541,0.7961737975454073,0.8737514299696479,0.07757763242424065,0.10923876447950037,0.233232761068969,0.12399399658946864,0.12543416310830804,0.08821782754611535,-0.0372163355621927,False,
burnable_tree_shrub_grass,monthly,august,,668,18248,4910,668,17580,0.7771529466663941,0.8589024170089855,0.08174947034259139,0.10176378980938793,0.20206564964168336,0.10030185983229543,0.1243254726638527,0.08647548376218642,-0.037849988901666284,False,
burnable_tree_shrub_grass,monthly,august,,669,18255,4910,632,17623,0.7867114106493456,0.8637244589025992,0.07701304825325361,0.10353034546674303,0.22136475163041355,0.11783440616367052,0.12252135879405239,0.08386705910717342,-0.03865429968687897,False,
burnable_tree_shrub_grass,monthly,august,,670,18256,4910,660,17596,0.8019759139473848,0.8836965357140398,0.08172062176665507,0.12010791116713967,0.2651714242924269,0.14506351312528723,0.12056659611539372,0.08173991208143191,-0.038826684033961806,False,
burnable_tree_shrub_grass,monthly,august,,671,18303,4910,692,17611,0.7751619947858389,0.8610391298396988,0.08587713505385985,0.0959289276431517,0.23436992970249468,0.13844100205934298,0.12430729368000229,0.087106733305861,-0.037200560374141295,False,
burnable_tree_shrub_grass,monthly,august,,672,18201,4910,734,17467,0.784329156935718,0.8635904154958459,0.07926125856012789,0.11323632795032293,0.24471988098147993,0.131483553031157,0.11903630568905195,0.08128291590126548,-0.03775338978778647,False,
burnable_tree_shrub_grass,monthly,august,,673,18299,4910,707,17592,0.7963122783726433,0.8749233771554898,0.07861109878284656,0.11477852219940594,0.241338164216427,0.12655964201702108,0.1245001146855681,0.08720704224328053,-0.037293072442287564,False,
burnable_tree_shrub_grass,monthly,august,,674,18284,4910,685,17599,0.795519901387894,0.8708578747216478,0.0753379733337538,0.11292306020488994,0.23935616696277767,0.12643310675788771,0.12246225855552295,0.0857457240347787,-0.03671653452074425,False,
burnable_tree_shrub_grass,monthly,august,,675,18203,4910,665,17538,0.7769348962553493,0.8591902266785678,0.08225533042321853,0.09968895598544077,0.23490089320541252,0.13521193721997177,0.12524645441973722,0.0866020367154922,-0.038644417704245024,False,
burnable_tree_shrub_grass,monthly,august,,676,18280,4910,649,17631,0.7831602464457347,0.8542507117532425,0.07109046530750784,0.101063998204686,0.18942018054948234,0.08835618234479634,0.12080584431744942,0.0863766959714917,-0.03442914834595773,False,
burnable_tree_shrub_grass,monthly,august,,677,18294,4910,659,17635,0.7894130817414156,0.8528198467232831,0.06340676498186759,0.10851457178516115,0.22557707279828604,0.11706250101312489,0.12001768630046822,0.083728529126113,-0.03628915717435521,False,
burnable_tree_shrub_grass,monthly,august,,678,18271,4910,666,17605,0.7760790043096205,0.8518697339770898,0.07579072966746925,0.09923894468791378,0.21063318591731378,0.1113942412294,0.12623208274879774,0.08937246036998811,-0.03685962237880963,False,
burnable_tree_shrub_grass,monthly,august,,679,18246,4910,655,17591,0.7902084297964651,0.868971598505655,0.07876316870918987,0.10314452851111333,0.20526748253395335,0.10212295402284002,0.12334360452321229,0.08552912364323484,-0.03781448087997745,False,
burnable_tree_shrub_grass,monthly,august,,680,18280,4910,686,17594,0.8003446543365068,0.8853108384749505,0.0849661841384437,0.10863664059500702,0.2698338278585246,0.1611971872635176,0.12257772984294853,0.08280129986872996,-0.03977642997421857,False,
burnable_tree_shrub_grass,monthly,august,,681,18221,4910,609,17612,0.7854376140017982,0.8561100115721965,0.07067239757039823,0.09334807429351305,0.1766175433967005,0.08326946910318744,0.12444933363923193,0.08893944332278343,-0.035509890316448495,False,
burnable_tree_shrub_grass,monthly,august,,682,18300,4910,679,17621,0.800404591555848,0.8837422779871955,0.08333768643134754,0.11876218059980968,0.2738659459969972,0.1551037653971875,0.12529578765685112,0.08534876658381246,-0.03994702107303866,False,
burnable_tree_shrub_grass,monthly,august,,683,18314,4910,734,17580,0.7774311593865955,0.8716198894582337,0.0941887300716382,0.1033991352479371,0.24669422243929615,0.14329508719135903,0.12735466179758614,0.08689437780426029,-0.04046028399332585,False,
burnable_tree_shrub_grass,monthly,august,,684,18220,4910,628,17592,0.7864443486182197,0.8701640945652773,0.08371974594705767,0.09455447509708441,0.20971663859003506,0.11516216349295065,0.125618215104535,0.08637734996700226,-0.039240865137532735,False,
burnable_tree_shrub_grass,monthly,august,,685,18259,4910,726,17533,0.7959499120037947,0.8681621857814285,0.07221227377763373,0.1109983254886498,0.2256972335762209,0.1146989080875711,0.11992018664545057,0.08341078713251172,-0.03650939951293884,False,
burnable_tree_shrub_grass,monthly,august,,686,18234,4910,700,17534,0.7970716078150206,0.8763641252097965,0.07929251739477583,0.10859519538296267,0.2273488833073423,0.11875368792437963,0.12398545201102497,0.08538021971796941,-0.038605232293055555,False,
burnable_tree_shrub_grass,monthly,august,,687,18219,4910,620,17599,0.7983864094184238,0.870669704473678,0.07228329505525422,0.10664874323023303,0.20629246898520023,0.0996437257549672,0.12245121432946292,0.08738549814724161,-0.035065716182221304,False,
burnable_tree_shrub_grass,monthly,august,,688,18386,4910,721,17665,0.7859294945654074,0.8702354224661237,0.08430592790071634,0.11074409023323427,0.22157886868443777,0.1108347784512035,0.12419712219513857,0.0868920894663694,-0.03730503272876917,False,
burnable_tree_shrub_grass,monthly,august,,689,18231,4910,626,17605,0.7885272572688016,0.8644302146953967,0.07590295742659514,0.10429336498394619,0.2135894617282823,0.10929609674433612,0.12245750537257043,0.08683707297860942,-0.03562043239396101,False,
burnable_tree_shrub_grass,monthly,august,,690,18286,4910,681,17605,0.7788871136512163,0.8588902081532205,0.08000309450200416,0.09344590622436381,0.21181750474588276,0.11837159852151895,0.12572931812743685,0.08686068044129074,-0.03886863768614611,False,
burnable_tree_shrub_grass,monthly,august,,691,18207,4910,679,17528,0.794496027059419,0.864399582170736,0.06990355511131696,0.12453761753890166,0.24312899722891457,0.1185913796900129,0.1229732170049082,0.08786634378728769,-0.0351068732176205,False,
burnable_tree_shrub_grass,monthly,august,,692,18178,4910,669,17509,0.7770586657931462,0.8468626982441915,0.06980403245104527,0.09992350136713721,0.19654521535754627,0.09662171399040906,0.12566651699924739,0.08952023447321866,-0.03614628252602872,False,
burnable_tree_shrub_grass,monthly,august,,693,18191,4910,636,17555,0.7945615666127481,0.876705018728202,0.08214345211545382,0.0991078239528481,0.22725242285275737,0.12814459889990926,0.12349493422380386,0.08412745815263736,-0.0393674760711665,False,
burnable_tree_shrub_grass,monthly,august,,694,18220,4910,606,17614,0.7853141309362002,0.8622492571727935,0.07693512623659338,0.09619116501650413,0.19856895580483697,0.10237779078833284,0.12361925157664712,0.0856998071696697,-0.03791944440697742,False,
burnable_tree_shrub_grass,monthly,august,,695,18282,4910,704,17578,0.8057605985400138,0.8868217406313678,0.08106114209135395,0.11423720821520988,0.24854697993253616,0.13430977171732628,0.12317326451581283,0.08694801534594308,-0.036225249169869744,False,
burnable_tree_shrub_grass,monthly,august,,696,18213,4910,593,17620,0.7862470402903339,0.8553381007708165,0.06909106048048264,0.09967757567952404,0.19708780870874737,0.09741023302922333,0.12378393516704811,0.08717236224300273,-0.03661157292404538,False,
burnable_tree_shrub_grass,monthly,august,,697,18285,4910,715,17570,0.7782794098331947,0.8661394382509922,0.0878600284177975,0.10267734607400805,0.2323416153456422,0.12966426927163416,0.12604491057048722,0.08680412364130478,-0.03924078692918244,False,
burnable_tree_shrub_grass,monthly,august,,698,18267,4910,698,17569,0.77948949871167,0.8640618952925845,0.08457239658091453,0.10786649963175257,0.217486823385106,0.10962032375335343,0.1257183477193945,0.08633842121168421,-0.039379926507710286,False,
burnable_tree_shrub_grass,monthly,august,,699,18316,4910,707,17609,0.7894581922273094,0.8706159404952608,0.08115774826795141,0.11479682414140374,0.24513470892724917,0.13033788478584543,0.1259416132456022,0.08569078228762739,-0.040250830957974826,False,
burnable_tree_shrub_grass,monthly,august,,700,18264,4910,604,17660,0.8144491611229029,0.8782227580568952,0.06377359693399232,0.11638035294193516,0.2186384602817841,0.10225810733984894,0.12064109801085482,0.08617955294669534,-0.03446154506415948,False,
burnable_tree_shrub_grass,monthly,august,,701,18286,4910,661,17625,0.7984133217454747,0.8753845130417055,0.07697119129623076,0.1101511832529405,0.23790442273264223,0.12775323947970174,0.12578230375234828,0.08491326190962943,-0.04086904184271885,False,
burnable_tree_shrub_grass,monthly,august,,702,18260,4910,740,17520,0.7796578427742812,0.857380059854375,0.07772221708009386,0.11302824858453124,0.23398828992610782,0.12096004134157658,0.12432674500121971,0.08844521739153641,-0.0358815276096833,False,
burnable_tree_shrub_grass,monthly,august,,703,18252,4910,686,17566,0.7897531143685008,0.87246333610948,0.0827102217409792,0.10672200803958279,0.22237336685437914,0.11565135881479635,0.12204623562472813,0.08382714233157432,-0.038219093293153816,False,
burnable_tree_shrub_grass,monthly,august,,704,18169,4910,686,17483,0.7945335985694725,0.8609783197972074,0.06644472122773493,0.1171106218514126,0.24496610641181862,0.12785548456040602,0.12253294796465256,0.08605954115926494,-0.03647340680538762,False,
burnable_tree_shrub_grass,monthly,august,,705,18292,4910,640,17652,0.7791214345399954,0.8510187407942442,0.07189730625424884,0.0955644223917858,0.17553817782932626,0.07997375543754047,0.12376810506592142,0.08686545939798458,-0.03690264566793684,False,
burnable_tree_shrub_grass,monthly,august,,706,18231,4910,667,17564,0.7956473255060013,0.8694814799386915,0.07383415443269026,0.11623098348838283,0.2348753412277854,0.11864435773940256,0.12425280492069986,0.08859242932505358,-0.035660375595646276,False,
burnable_tree_shrub_grass,monthly,august,,707,18342,4910,655,17687,0.784502267374537,0.8609259312808778,0.07642366390634081,0.10057247320106702,0.22661523759812438,0.12604276439705736,0.12168976675796658,0.0858444897452219,-0.03584527701274469,False,
burnable_tree_shrub_grass,monthly,august,,708,18284,4910,755,17529,0.7908229276819982,0.8748572186337192,0.08403429095172099,0.10919947202520529,0.2430139311798232,0.13381445915461793,0.12410159393100073,0.0847331366428512,-0.03936845728814953,False,
burnable_tree_shrub_grass,monthly,august,,709,18294,4910,729,17565,0.7767336840588572,0.8584644063574176,0.08173072229856038,0.1061717861742363,0.2537071006721448,0.14753531449790852,0.12743731437432793,0.08869211464368042,-0.03874519973064751,False,
burnable_tree_shrub_grass,monthly,august,,710,18208,4910,614,17594,0.789003154391914,0.8725295564559876,0.08352640206407358,0.11022801646118507,0.2125674785914387,0.10233946213025363,0.12351364045438343,0.08541194796941956,-0.03810169248496387,False,
burnable_tree_shrub_grass,monthly,august,,711,18265,4910,716,17549,0.7813744022722013,0.8609396483143289,0.07956524604212756,0.10785211753445546,0.23593319384723097,0.1280810763127755,0.12574815178466128,0.08683088605961922,-0.03891726572504206,False,
burnable_tree_shrub_grass,monthly,august,,712,18271,4910,627,17644,0.7814666610261355,0.8595627973707893,0.07809613634465384,0.09469672610091685,0.19770201130649145,0.1030052852055746,0.12483692907461401,0.08843645673957505,-0.03640047233503896,False,
burnable_tree_shrub_grass,monthly,august,,713,18224,4910,646,17578,0.7851108654323392,0.8610948388553521,0.07598397342301288,0.10724152395155571,0.24011464753481263,0.13287312358325692,0.12505071668536216,0.0861860364405654,-0.038864680244796765,False,
burnable_tree_shrub_grass,monthly,august,,714,18283,4910,687,17596,0.7802772844695087,0.8601137680821334,0.07983648361262463,0.09919657296846146,0.22563393748981384,0.12643736452135237,0.12436520606149784,0.08743308538060066,-0.036932120680897185,False,
burnable_tree_shrub_grass,monthly,august,,715,18210,4910,611,17599,0.7870611603899158,0.8553963925751249,0.0683352321852091,0.09520831184095772,0.21680840533428508,0.12160009349332736,0.1213108411305349,0.08571589360320737,-0.03559494752732753,False,
burnable_tree_shrub_grass,monthly,august,,716,18296,4910,704,17592,0.800567963808446,0.8703474300043408,0.06977946619589481,0.1173699217853991,0.25416355567033194,0.13679363388493285,0.12162209657395585,0.08595938401650542,-0.03566271255745043,False,
burnable_tree_shrub_grass,monthly,august,,717,18296,4910,657,17639,0.7937964019296869,0.8706376825325575,0.07684128060287054,0.10959126162341526,0.22081349563363967,0.11122223401022441,0.12232457280732159,0.0838412702291321,-0.03848330257818949,False,
burnable_tree_shrub_grass,monthly,august,,718,18233,4910,649,17584,0.8032359926589658,0.8798852017031872,0.07664920904422134,0.10954352848611286,0.24276739851295273,0.13322387002683989,0.12221288689295112,0.08328289408979238,-0.038929992803158744,False,
burnable_tree_shrub_grass,monthly,august,,719,18310,4910,603,17707,0.7731620132053725,0.8383612331220537,0.0651992199166812,0.08522475178907436,0.17688893766414848,0.09166418587507412,0.125467774202971,0.08891003137317534,-0.03655774282979567,False,
burnable_tree_shrub_grass,monthly,august,,720,18339,4910,681,17658,0.7757994986818403,0.850173112934298,0.0743736142524577,0.09945997184247772,0.2065508279417407,0.10709085609926298,0.1267473600588806,0.0868856078415253,-0.0398617522173553,False,
burnable_tree_shrub_grass,monthly,august,,721,18258,4910,686,17572,0.7787556601776349,0.8568109449236427,0.07805528474600787,0.10902273293611658,0.24234004846081897,0.13331731552470238,0.12482333705814441,0.08789274491332216,-0.03693059214482225,False,
burnable_tree_shrub_grass,monthly,august,,722,18194,4910,746,17448,0.7790702560991649,0.8522355358795741,0.07316527978040921,0.10719965278376672,0.2038183705345873,0.09661871775082057,0.12419336911215956,0.08603040048917263,-0.03816296862298693,False,
burnable_tree_shrub_grass,monthly,august,,723,18262,4910,677,17585,0.7712230823151025,0.8494533200000504,0.07823023768494786,0.09422056338487095,0.19570787781898769,0.10148731443411674,0.12588730911687832,0.08810555749238834,-0.037781751624489976,False,
burnable_tree_shrub_grass,monthly,august,,724,18248,4910,742,17506,0.7782031528350849,0.8604636284887153,0.08226047565363037,0.10444598128823801,0.23095701607217,0.126511034783932,0.124552166244499,0.0878962327393481,-0.036655933505150895,False,
burnable_tree_shrub_grass,monthly,august,,725,18306,4910,659,17647,0.7969145886024982,0.86583042783132,0.06891583922882183,0.11080244807188716,0.2249115191849583,0.11410907111307114,0.12053652574803836,0.0831301307511881,-0.037406394996850265,False,
burnable_tree_shrub_grass,monthly,august,,726,18284,4910,712,17572,0.7765760917522003,0.8538776737506298,0.07730158199842951,0.10677070362933641,0.22692339611620718,0.12015269248687077,0.12284195430172588,0.08519552545155981,-0.03764642885016607,False,
burnable_tree_shrub_grass,monthly,august,,727,18260,4910,767,17493,0.7824583362866473,0.8639427460311746,0.08148440974452731,0.11928519005799619,0.2764221018409283,0.1571369117829321,0.12576671008110313,0.0859175312881294,-0.03984917879297373,False,
burnable_tree_shrub_grass,monthly,august,,728,18273,4910,676,17597,0.7876709921977691,0.8717749764366103,0.08410398423884113,0.09981590566024026,0.2478898316610506,0.14807392600081035,0.12230140942179946,0.08482380028713128,-0.037477609134668174,False,
burnable_tree_shrub_grass,monthly,august,,729,18248,4910,642,17606,0.7857141150903313,0.8634764309674945,0.0777623158771632,0.10050088552689525,0.237441435231479,0.13694054970458375,0.12234651692804302,0.0834590998926831,-0.03888741703535992,False,
burnable_tree_shrub_grass,monthly,august,,730,18268,4910,682,17586,0.7722932931520774,0.8443527459359335,0.07205945278385606,0.09044983638106217,0.1799169375901266,0.08946710120906444,0.12558781592676346,0.08831599902093472,-0.037271816905828745,False,
burnable_tree_shrub_grass,monthly,august,,731,18241,4910,676,17565,0.7884514322962723,0.8717760911710855,0.0833246588748131,0.10440764205157076,0.23375574901491136,0.1293481069633406,0.1270614261403404,0.08677177725867759,-0.04028964888166282,False,
burnable_tree_shrub_grass,monthly,august,,732,18283,4910,692,17591,0.7906207703426903,0.8728354094628659,0.08221463912017557,0.11661913185393498,0.266176151402173,0.14955701954823802,0.12418312413536285,0.08408733674497054,-0.04009578739039231,False,
burnable_tree_shrub_grass,monthly,august,,733,18268,4910,613,17655,0.7925217936865877,0.8677164226614609,0.07519462897487317,0.10023995363834104,0.20623299006151882,0.10599303642317778,0.12459751988788008,0.08652819473410427,-0.03806932515377581,False,
burnable_tree_shrub_grass,monthly,august,,734,18246,4910,702,17544,0.7975858906803959,0.8828950864119582,0.08530919573156237,0.11373685877276478,0.24402672035774853,0.13028986158498373,0.12825935277313197,0.08935421664319806,-0.038905136129933904,False,
burnable_tree_shrub_grass,monthly,august,,735,18302,4910,710,17592,0.7887277507701964,0.8631924562381108,0.0744647054679144,0.11661811376873765,0.23791547307396635,0.1212973593052287,0.12381356156379046,0.08765400951265201,-0.03615955205113845,False,
burnable_tree_shrub_grass,monthly,august,,736,18293,4910,703,17590,0.7660504764361622,0.8433410131354538,0.07729053669929165,0.09516323351454517,0.19078270040185002,0.09561946688730485,0.12553748699950973,0.08602804643864075,-0.03950944056086898,False,
burnable_tree_shrub_grass,monthly,august,,737,18259,4910,733,17526,0.8058774186828876,0.8689217765568023,0.0630443578739146,0.1429136438738729,0.25158671169249397,0.10867306781862107,0.1228921302403475,0.08713883936909395,-0.03575329087125355,False,
burnable_tree_shrub_grass,monthly,august,,738,18323,4910,695,17628,0.770995130376298,0.8525512877648869,0.0815561573885889,0.09705873008680613,0.1949945483409603,0.09793581825415418,0.12536634746335115,0.086591119446832,-0.038775228016519156,False,
burnable_tree_shrub_grass,monthly,august,,739,18252,4910,720,17532,0.7796467411970491,0.8612477659898091,0.08160102479275999,0.10880767136740095,0.22793366710868407,0.11912599574128312,0.1288026634762967,0.08825905707886286,-0.040543606397433846,False,
burnable_tree_shrub_grass,monthly,august,,740,18235,4910,680,17555,0.789625379060767,0.8603535945850855,0.07072821552431852,0.1126961092311033,0.23179386063307636,0.11909775140197305,0.12088871296434707,0.08550869024155952,-0.03538002272278755,False,
burnable_tree_shrub_grass,monthly,august,,741,18299,4910,648,17651,0.7774006089257349,0.8608655229550174,0.08346491402928247,0.09447638916864562,0.19292106150107954,0.09844467233243392,0.12372791050416444,0.0878432412361556,-0.035884669268008845,False,
burnable_tree_shrub_grass,monthly,august,,742,18250,4910,757,17493,0.7851459134323667,0.86542947052382,0.0802835570914533,0.11330500259265434,0.23517924888590133,0.12187424629324699,0.1262097100132875,0.08691314367614975,-0.03929656633713777,False,
burnable_tree_shrub_grass,monthly,august,,743,18269,4910,702,17567,0.789536989599607,0.8658509212673271,0.07631393166772005,0.10966922214834329,0.23374712472602865,0.12407790257768536,0.12379582033185774,0.08748339809807176,-0.036312422233785974,False,
burnable_tree_shrub_grass,monthly,august,,744,18173,4910,595,17578,0.7704597324195351,0.8488180890742918,0.07835835665475666,0.08799539366822574,0.17784165568490903,0.08984626201668329,0.121885302461818,0.08775131344183554,-0.034133989019982464,False,
burnable_tree_shrub_grass,monthly,august,,745,18318,4910,635,17683,0.7908346064840068,0.8697879230062595,0.07895331652225268,0.10431737357660661,0.2335480862861411,0.12923071270953448,0.1222193156393108,0.08356262152433704,-0.03865669411497376,False,
burnable_tree_shrub_grass,monthly,august,,746,18280,4910,770,17510,0.7970222581530405,0.8715138659170641,0.07449160776402364,0.12489082072904094,0.24543510732175747,0.12054428659271653,0.1238858073640907,0.08579468982538581,-0.038091117538704894,False,
burnable_tree_shrub_grass,monthly,august,,747,18278,4910,675,17603,0.7867089995181797,0.8677413992985202,0.08103239978034049,0.10028242850756496,0.22112224662007512,0.12083981811251017,0.12183351408480017,0.08584218358767641,-0.03599133049712376,False,
burnable_tree_shrub_grass,monthly,august,,748,18215,4910,700,17515,0.7789522450144775,0.8593732718894008,0.08042102687492336,0.10366495536118137,0.22504988886162433,0.12138493350044297,0.1251318474625856,0.08584261226400867,-0.039289235198576924,False,
burnable_tree_shrub_grass,monthly,august,,749,18213,4910,687,17526,0.7913729670254099,0.8740071934714255,0.08263422644601559,0.11119113558476951,0.26500537234725824,0.15381423676248873,0.12178060030506915,0.08548065716494777,-0.03629994314012139,False,
burnable_tree_shrub_grass,monthly,august,,750,18231,4910,659,17572,0.766572397389004,0.857450827931179,0.09087843054217504,0.08303370767746439,0.18466524132680873,0.10163153364934434,0.1278699087742455,0.08632863806415053,-0.041541270710094974,False,
burnable_tree_shrub_grass,monthly,august,,751,18328,4910,693,17635,0.7869920395579597,0.86607473741015,0.07908269785219024,0.1022349024346986,0.2246867311056573,0.12245182867095869,0.12264584704760097,0.08427697786864306,-0.038368869178957904,False,
burnable_tree_shrub_grass,monthly,august,,752,18251,4910,651,17600,0.7839381284038542,0.8652014383465997,0.08126330994274544,0.09804133090031511,0.20351161573217913,0.10547028483186402,0.1257706933043594,0.0886624502400559,-0.03710824306430349,False,
burnable_tree_shrub_grass,monthly,august,,753,18287,4910,727,17560,0.7889552189702118,0.8766754503325991,0.08772023136238727,0.10817083967120594,0.2562265413576484,0.14805570168644244,0.12460609955649642,0.0837163159039893,-0.04088978365250712,False,
burnable_tree_shrub_grass,monthly,august,,754,18217,4910,693,17524,0.7864256169152312,0.8656440822612929,0.0792184653460617,0.1064526762263763,0.2205407162855217,0.11408804005914538,0.12156006779230372,0.08319438666809639,-0.038365681124207324,False,
burnable_tree_shrub_grass,monthly,august,,755,18239,4910,745,17494,0.7958088794393936,0.8703887737540694,0.07457989431467582,0.12283667140778069,0.27549758860294893,0.15266091719516822,0.12232871225299341,0.08596513589475777,-0.036363576358235644,False,
burnable_tree_shrub_grass,monthly,august,,756,18145,4910,677,17468,0.7793414351425135,0.8571119200367738,0.0777704848942603,0.10170266266388178,0.20377965285802227,0.10207699019414049,0.12407578982886894,0.08723700204292141,-0.03683878778594753,False,
burnable_tree_shrub_grass,monthly,august,,757,18174,4910,737,17437,0.8020798892294486,0.8790483499855147,0.07696846075606611,0.12527507262539653,0.2605413250004211,0.13526625237502457,0.12484476803481363,0.08698468398588179,-0.03786008404893185,False,
burnable_tree_shrub_grass,monthly,august,,758,18338,4910,631,17707,0.7577098226036655,0.8393006177237738,0.08159079512010836,0.08110654173729895,0.16786037761949535,0.0867538358821964,0.12416901143024343,0.08728506969543187,-0.03688394173481156,False,
burnable_tree_shrub_grass,monthly,august,,759,18271,4910,616,17655,0.7862222632932063,0.871655228091082,0.08543296479787565,0.08792731944580694,0.17494085786242658,0.08701353841661964,0.1251635807158402,0.08593903893490006,-0.039224541780940134,False,
burnable_tree_shrub_grass,monthly,august,,760,18190,4910,743,17447,0.7822380505435382,0.8631328828913962,0.08089483234785799,0.11545454301173887,0.2274933013211289,0.11203875830939004,0.12391336339148419,0.0868714502902823,-0.03704191310120189,False,
burnable_tree_shrub_grass,monthly,august,,761,18234,4910,690,17544,0.7886513907888737,0.8640039618813484,0.07535257109247473,0.1029849494876051,0.22055720869436832,0.11757225920676322,0.12152596312643905,0.08524795668558967,-0.036278006440849386,False,
burnable_tree_shrub_grass,monthly,august,,762,18232,4910,689,17543,0.7957087734744577,0.8784553186212075,0.08274654514674984,0.11714288055079254,0.25580744344673634,0.1386645628959438,0.12330360454037934,0.08463417983002924,-0.03866942471035009,False,
burnable_tree_shrub_grass,monthly,august,,763,18251,4910,658,17593,0.7708843683856715,0.8457018774909957,0.07481750910532414,0.09675255630147112,0.19950242030066345,0.10274986399919234,0.12700846804178972,0.0880265385001875,-0.03898192954160222,False,
burnable_tree_shrub_grass,monthly,august,,764,18325,4910,646,17679,0.7976707772966019,0.8908775992646294,0.09320682196802754,0.10525269459734958,0.26306895564335153,0.15781626104600194,0.12404013468836082,0.08423775449337292,-0.0398023801949879,False,
burnable_tree_shrub_grass,monthly,august,,765,18138,4910,713,17425,0.7900887997247269,0.8672420572238063,0.07715325749907942,0.11893088798177388,0.23532359131471184,0.11639270333293796,0.12447613520017392,0.08682433407005004,-0.03765180113012388,False,
burnable_tree_shrub_grass,monthly,august,,766,18218,4910,668,17550,0.7852901888530631,0.8577257450910145,0.07243555623795139,0.10993155698949379,0.21402741736328032,0.10409586037378653,0.12456162988763526,0.08615805888592397,-0.038403571001711295,False,
burnable_tree_shrub_grass,monthly,august,,767,18265,4910,689,17576,0.8074880114260573,0.8861655258886476,0.0786775144625903,0.12971926250373056,0.2777682640520241,0.14804900154829354,0.11879984107560665,0.08098959381044116,-0.03781024726516549,False,
burnable_tree_shrub_grass,monthly,august,,768,18314,4910,672,17642,0.7811589868063766,0.8572249292813146,0.07606594247493792,0.09901797515404616,0.2086720024064532,0.10965402725240704,0.12553818849583545,0.0884060194141192,-0.03713216908171625,False,
burnable_tree_shrub_grass,monthly,august,,769,18210,4910,781,17429,0.7743630661335409,0.8503907824604511,0.07602771632691019,0.12036077497338889,0.24065750854351867,0.12029673357012978,0.1255092391847678,0.08902480390631765,-0.03648443527845016,False,
burnable_tree_shrub_grass,monthly,august,,770,18355,4910,684,17671,0.791642591141994,0.8591103605504244,0.06746776940843047,0.11067933688555981,0.21434639532251726,0.10366705843695745,0.12242426881656512,0.08832518154721217,-0.03409908726935296,False,
burnable_tree_shrub_grass,monthly,august,,771,18341,4910,636,17705,0.7762916970830469,0.8504500736209614,0.07415837653791446,0.09366664254989085,0.18203412553269,0.08836748298279914,0.12289550158299727,0.08670567341643026,-0.036189828166567004,False,
burnable_tree_shrub_grass,monthly,august,,772,18135,4910,638,17497,0.7819642346211433,0.8654155311533029,0.08345129653215966,0.09668850560654932,0.2177040540582575,0.12101554845170817,0.12439459482326046,0.08531690002264176,-0.03907769480061869,False,
burnable_tree_shrub_grass,monthly,august,,773,18311,4910,731,17580,0.7799614893183244,0.851604391260433,0.07164290194210854,0.11434999370651744,0.2159318157195692,0.10158182201305177,0.12446599891235804,0.0878347658962508,-0.03663123301610724,False,
burnable_tree_shrub_grass,monthly,august,,774,18211,4910,711,17500,0.7968179224432389,0.8800286116134217,0.08321068917018282,0.11550120017717684,0.2615808487258903,0.14607964854871347,0.12257482714246085,0.08500599508307455,-0.0375688320593863,False,
burnable_tree_shrub_grass,monthly,august,,775,18249,4910,689,17560,0.7945844394999851,0.8646100783215581,0.07002563882157298,0.11109050726526286,0.2253970681764861,0.11430656091122325,0.12373857672304187,0.08839769643594908,-0.035340880287092785,False,
burnable_tree_shrub_grass,monthly,august,,776,18264,4910,670,17594,0.7875533382309776,0.864456675359137,0.07690333712815933,0.1058196858304541,0.21897216772326158,0.11315248189280748,0.12929052620181344,0.08817493614930344,-0.041115590052510004,False,
burnable_tree_shrub_grass,monthly,august,,777,18282,4910,695,17587,0.7919628338950493,0.8653207302810734,0.07335789638602408,0.11986022254733336,0.23460065320139856,0.1147404306540652,0.12154626464804753,0.08450469585073182,-0.03704156879731571,False,
burnable_tree_shrub_grass,monthly,august,,778,18297,4910,644,17653,0.7755133204533357,0.8599846488535194,0.08447132840018379,0.09560126432605365,0.23748977215043204,0.1418885078243784,0.12593106152659433,0.08662695464802651,-0.03930410687856782,False,
burnable_tree_shrub_grass,monthly,august,,779,18296,4910,664,17632,0.7785180251404894,0.8639426125554851,0.0854245874149957,0.10717984736395648,0.24938663263835986,0.1422067852744034,0.12462535125280931,0.08421643084738492,-0.04040892040542439,False,
burnable_tree_shrub_grass,monthly,august,,780,18200,4910,731,17469,0.7804053363554544,0.8633611590561164,0.08295582270066204,0.10742207325690367,0.23228599135950156,0.12486391810259789,0.12625512959653837,0.0854776751736674,-0.040777454422870965,False,
burnable_tree_shrub_grass,monthly,august,,781,18245,4910,677,17568,0.7790372013840123,0.8640144528927309,0.0849772515087186,0.09940398713939118,0.20823911651292554,0.10883512937353436,0.12567449824253524,0.08688671759466328,-0.03878778064787196,False,
burnable_tree_shrub_grass,monthly,august,,782,18207,4910,689,17518,0.7749332181818875,0.8564117587698723,0.08147854058798476,0.09941820988309676,0.19497328328719082,0.09555507340409407,0.1273064122342342,0.08840035075924903,-0.03890606147498517,False,
burnable_tree_shrub_grass,monthly,august,,783,18266,4910,731,17535,0.7952089957275209,0.8775682170932709,0.08235922136575002,0.11158124670576787,0.2347753952090667,0.12319414850329884,0.12123653388122227,0.0836552371620351,-0.03758129671918717,False,
burnable_tree_shrub_grass,monthly,august,,784,18142,4910,615,17527,0.7881562059187659,0.8686165502608982,0.08046034434213234,0.08804112927998466,0.18610366120358784,0.09806253192360319,0.12448616884832878,0.0875840026908986,-0.03690216615743018,False,
burnable_tree_shrub_grass,monthly,august,,785,18254,4910,675,17579,0.7737545429837369,0.8595303739942228,0.08577583101048591,0.09222668038192475,0.243042379701894,0.15081569931996924,0.12570671630785887,0.08522009008346285,-0.04048662622439603,False,
burnable_tree_shrub_grass,monthly,august,,786,18226,4910,700,17526,0.7844937317617906,0.8675524526825451,0.0830587209207545,0.10967281526499513,0.22997576990327312,0.12030295463827799,0.12308824596485399,0.08757479094523536,-0.035513455019618625,False,
burnable_tree_shrub_grass,monthly,august,,787,18244,4910,689,17555,0.776413254796557,0.862363899649412,0.08595064485285497,0.09556420869505022,0.21652169831938395,0.12095748962433372,0.12553920372637883,0.08637660569088716,-0.03916259803549167,False,
burnable_tree_shrub_grass,monthly,august,,788,18249,4910,738,17511,0.7772616484659507,0.8539172976676372,0.07665564920168655,0.10464547731156951,0.23510823659187502,0.1304627592803055,0.12447428156774,0.08764774441727663,-0.03682653715046337,False,
burnable_tree_shrub_grass,monthly,august,,789,18269,4910,737,17532,0.7802664234672572,0.8570759233513225,0.07680949988406538,0.11513975985287124,0.23678925680499735,0.12164949695212611,0.1228230495082925,0.08536444982194512,-0.03745859968634738,False,
burnable_tree_shrub_grass,monthly,august,,790,18315,4910,678,17637,0.7948184570416543,0.8676230062738515,0.07280454923219715,0.11173100763495807,0.2263887952269778,0.11465778759201974,0.12167011852634534,0.08480847535700915,-0.03686164316933618,False,
burnable_tree_shrub_grass,monthly,august,,791,18252,4910,697,17555,0.8233608495047539,0.8942557659530388,0.07089491644828494,0.13141603409012012,0.30055179628590656,0.16913576219578644,0.11934963994621166,0.0834583366565392,-0.03589130328967245,False,
burnable_tree_shrub_grass,monthly,august,,792,18227,4910,685,17542,0.7855571237996483,0.8693545501224589,0.08379742632281062,0.1027932421868102,0.21510381173670556,0.11231056954989536,0.12526446892126078,0.08739890467916235,-0.03786556424209843,False,
burnable_tree_shrub_grass,monthly,august,,793,18188,4910,646,17542,0.7841689895599522,0.8600847572195593,0.07591576765960717,0.10392793634238315,0.2256309114370353,0.12170297509465214,0.12399714714017282,0.08722602168677075,-0.03677112545340207,False,
burnable_tree_shrub_grass,monthly,august,,794,18280,4910,697,17583,0.7778728246951068,0.8682534674037488,0.09038064270864199,0.10119659696946166,0.2534448752591606,0.15224827828969895,0.12680950748385228,0.08409231487840015,-0.042717192605452134,False,
burnable_tree_shrub_grass,monthly,august,,795,18278,4910,717,17561,0.786882972657889,0.864764041849105,0.07788106919121607,0.11389563908550235,0.23828278027112162,0.12438714118561928,0.12519175331058588,0.08678684926407629,-0.03840490404650959,False,
burnable_tree_shrub_grass,monthly,august,,796,18195,4910,627,17568,0.8120944671041738,0.8853484877535784,0.07325402064940467,0.11534693351595188,0.24523698397052196,0.12989005045457008,0.11919806974078193,0.08391423589282962,-0.035283833847952306,False,
burnable_tree_shrub_grass,monthly,august,,797,18231,4910,619,17612,0.7990096706717442,0.8750301325612548,0.07602046188951062,0.11274044603729128,0.2211748289867857,0.10843438294949442,0.12334148501076155,0.08546267097105029,-0.03787881403971126,False,
burnable_tree_shrub_grass,monthly,august,,798,18261,4910,625,17636,0.7936885461555908,0.8652798366976638,0.07159129054207303,0.10177433317372736,0.2080885884565086,0.10631425528278124,0.12165614318487189,0.08583323690235738,-0.03582290628251451,False,
burnable_tree_shrub_grass,monthly,august,,799,18212,4910,612,17600,0.7872546234402853,0.868510101010101,0.08125547756981566,0.09476918054472011,0.1845291169412659,0.08975993639654578,0.12237079486036556,0.08675654512814433,-0.03561424973222123,False,
burnable_tree_shrub_grass,monthly,august,,800,18225,4910,680,17545,0.781014031146799,0.8588848842472299,0.07787085310043085,0.09927319098330402,0.19376537028168134,0.09449217929837732,0.1228960557873688,0.0856071453807288,-0.037288910406639994,False,
burnable_tree_shrub_grass,monthly,august,,801,18341,4910,686,17655,0.7942616541701035,0.8732448872254326,0.07898323305532906,0.1188607129088541,0.25993928021827845,0.14107856730942436,0.12677143376397068,0.08727885669824283,-0.039492577065727855,False,
burnable_tree_shrub_grass,monthly,august,,802,18218,4910,659,17559,0.7887659217166905,0.8663023886258693,0.07753646690917881,0.10224567619080718,0.2228157944256379,0.12057011823483071,0.12199503224389893,0.08653359297523276,-0.03546143926866617,False,
burnable_tree_shrub_grass,monthly,august,,803,18173,4910,568,17605,0.8009851354648767,0.8746099859594946,0.07362485049461787,0.09423392248866606,0.2034160176807696,0.10918209519210355,0.12171277939362446,0.0855061248942674,-0.03620665449935706,False,
burnable_tree_shrub_grass,monthly,august,,804,18294,4910,687,17607,0.7892687993205032,0.8684428062181502,0.07917400689764698,0.10503410575772294,0.22476875141259187,0.11973464565486892,0.12285535922793644,0.08505948790123766,-0.03779587132669879,False,
burnable_tree_shrub_grass,monthly,august,,805,18275,4910,665,17610,0.7767691801906811,0.8503206909949491,0.07355151080426803,0.09122575559132204,0.19097730739974453,0.09975155180842249,0.12402933385871644,0.08745630758951076,-0.03657302626920568,False,
burnable_tree_shrub_grass,monthly,august,,806,18278,4910,664,17614,0.7877199869080045,0.8712823076112786,0.08356232070327407,0.09628332089823695,0.202802511242503,0.10651919034426606,0.12639772549241762,0.0882309189596534,-0.03816680653276422,False,
burnable_tree_shrub_grass,monthly,august,,807,18276,4910,579,17697,0.7898224507085938,0.8669217180434063,0.07709926733481254,0.09415581205947071,0.20442720638393286,0.11027139432446215,0.12269872014223027,0.08602139978328352,-0.03667732035894675,False,
burnable_tree_shrub_grass,monthly,august,,808,18221,4910,696,17525,0.8052616951153524,0.8693125584140883,0.06405086329873588,0.11873841939416188,0.24525697701222035,0.12651855761805847,0.11857660367514095,0.08413033659830833,-0.03444626707683261,False,
burnable_tree_shrub_grass,monthly,august,,809,18236,4910,739,17497,0.8118885719670635,0.8931141723657556,0.08122560039869209,0.12201646125355319,0.2643684924714076,0.1423520312178544,0.12180921448839725,0.08360816086827584,-0.03820105362012141,False,
burnable_tree_shrub_grass,monthly,august,,810,18277,4910,662,17615,0.7983845476381791,0.8793686375162614,0.08098408987808225,0.11092741523980282,0.24951764334922807,0.13859022810942526,0.12183313798420439,0.08413060824902897,-0.03770252973517542,False,
burnable_tree_shrub_grass,monthly,august,,811,18347,4910,582,17765,0.7938202361297698,0.8679990676288272,0.07417883149905735,0.09896259725891392,0.20343411594996383,0.10447151869104991,0.1202517374940006,0.08757911410497474,-0.032672623389025865,False,
burnable_tree_shrub_grass,monthly,august,,812,18189,4910,744,17445,0.77158974287854,0.8485118359698839,0.0769220930913439,0.11179175147413428,0.24096270124862648,0.1291709497744922,0.12809034444513148,0.09013229028900599,-0.03795805415612549,False,
burnable_tree_shrub_grass,monthly,august,,813,18222,4910,636,17586,0.7777790294881505,0.8635713478488821,0.08579231836073165,0.0940480032171067,0.2215038433891834,0.12745584017207673,0.12612402531793362,0.08803348041977194,-0.03809054489816169,False,
burnable_tree_shrub_grass,monthly,august,,814,18353,4910,706,17647,0.8030990108021796,0.8773225986296252,0.07422358782744565,0.12511256576977497,0.27443999871550084,0.14932743294572587,0.12092234895799003,0.08155223172084904,-0.039370117237141,False,
burnable_tree_shrub_grass,monthly,august,,815,18328,4910,749,17579,0.7940577386645418,0.8735503454138103,0.0794926067492685,0.12735479447744344,0.261220540607761,0.13386574613031757,0.12600044401826355,0.08774137698425863,-0.03825906703400492,False,
burnable_tree_shrub_grass,monthly,august,,816,18282,4910,719,17563,0.7921980373932206,0.8777704456287981,0.08557240823557755,0.11568449264888736,0.2840237265198047,0.16833923387091732,0.1262530954593642,0.08506460777098139,-0.041188487688382805,False,
burnable_tree_shrub_grass,monthly,august,,817,18210,4910,710,17500,0.782749416498994,0.8646770221327968,0.08192760563380286,0.10418915184424257,0.24445551602882037,0.1402663641845778,0.12624479193756286,0.0884003411784543,-0.037844450759108555,False,
burnable_tree_shrub_grass,monthly,august,,818,18330,4910,728,17602,0.785674876481319,0.8675426025514084,0.08186772607008941,0.10901238398253922,0.2438522421076759,0.13483985812513666,0.125633764626117,0.08565887503204567,-0.03997488959407133,False,
burnable_tree_shrub_grass,monthly,august,,819,18251,4910,638,17613,0.7880256229946996,0.859213422972167,0.07118779997746738,0.10243904670324767,0.22563016562390104,0.12319111892065336,0.12304753115433874,0.0871287265336726,-0.03591880462066614,False,
burnable_tree_shrub_grass,monthly,august,,820,18187,4910,605,17582,0.7874118534075515,0.8674127653093744,0.0800009119018229,0.09865452611670664,0.240626085831477,0.14197155971477035,0.12220845502139409,0.08374273840905648,-0.03846571661233761,False,
burnable_tree_shrub_grass,monthly,august,,821,18316,4910,593,17723,0.7817835438158836,0.850891825191853,0.06910828137596947,0.0929102690182135,0.2043046239613102,0.11139435494309669,0.12034453795645249,0.08361358188486125,-0.03673095607159124,False,
burnable_tree_shrub_grass,monthly,august,,822,18212,4910,642,17570,0.7694418144068143,0.8563725516270476,0.08693073722023337,0.09032522334218436,0.20466966873000553,0.11434444538782117,0.12669038299138885,0.08468410665813804,-0.04200627633325081,False,
burnable_tree_shrub_grass,monthly,august,,823,18308,4910,703,17605,0.7809489739070152,0.8549447876851872,0.07399581377817199,0.10804198243032437,0.23022536528449686,0.12218338285417249,0.12357319208787067,0.08628741405105551,-0.037285778036815154,False,
burnable_tree_shrub_grass,monthly,august,,824,18224,4910,699,17525,0.7976719952489698,0.8827875158928895,0.0851155206439197,0.11770317264991081,0.2687083917982102,0.1510052191482994,0.12311886656423125,0.08548225934183463,-0.03763660722239662,False,
burnable_tree_shrub_grass,monthly,august,,825,18201,4910,662,17539,0.7977101182707369,0.873569286849557,0.07585916857882014,0.10989793506883795,0.25787722215791137,0.14797928708907343,0.12478138334970826,0.08553595034538386,-0.0392454330043244,False,
burnable_tree_shrub_grass,monthly,august,,826,18249,4910,744,17505,0.8030221012122497,0.8798310313796673,0.07680893016741763,0.11992604343890687,0.24012531304617513,0.12019926960726826,0.12718997466408224,0.08859794027366033,-0.038592034390421914,False,
burnable_tree_shrub_grass,monthly,august,,827,18265,4910,695,17570,0.7825838680222583,0.8597732400306277,0.0771893720083694,0.1086934351230925,0.22194566329607404,0.11325222817298154,0.12502410504833913,0.0868318237867977,-0.038192281261541436,False,
burnable_tree_shrub_grass,monthly,august,,828,18286,4910,676,17610,0.7848478204624189,0.8678091052353928,0.08296128477297393,0.10619175064025647,0.23330305989036562,0.12711130925010916,0.1207164582609508,0.08434353265307887,-0.036372925607871934,False,
burnable_tree_shrub_grass,monthly,august,,829,18308,4910,670,17638,0.7878902911454746,0.8726739925500064,0.08478370140453184,0.0998794649366178,0.2417553494135786,0.1418758844769608,0.12764470973956288,0.0879175297776416,-0.03972717996192128,False,
burnable_tree_shrub_grass,monthly,august,,830,18159,4910,697,17462,0.7630266878338978,0.831263278474579,0.06823659064068122,0.09954703190214619,0.18057106157538144,0.08102402967323526,0.12251807773935403,0.08752560763092647,-0.034992470108427556,False,
burnable_tree_shrub_grass,monthly,august,,831,18162,4910,710,17452,0.7876452676637408,0.8603223166641379,0.07267704900039718,0.11100564911664099,0.229936971489859,0.11893132237321802,0.12656346576327968,0.08934391019909466,-0.03721955556418502,False,
burnable_tree_shrub_grass,monthly,august,,832,18296,4910,739,17557,0.7983400365467266,0.8769279847283423,0.07858794818161574,0.12981960309655488,0.2517300646115715,0.12191046151501661,0.12246313400641821,0.08409430394398033,-0.03836883006243788,False,
burnable_tree_shrub_grass,monthly,august,,833,18255,4910,763,17492,0.7777437819168561,0.8563329755838206,0.07858919366696449,0.11445500808185582,0.23603302268937834,0.12157801460752252,0.12801027664605408,0.0872161341312847,-0.04079414251476937,False,
burnable_tree_shrub_grass,monthly,august,,834,18107,4910,748,17359,0.776831887356433,0.8569505624076401,0.08011867505120707,0.10584269184604224,0.251156025964884,0.14531333411884179,0.12719652829488023,0.08893438917384638,-0.03826213912103385,False,
burnable_tree_shrub_grass,monthly,august,,835,18275,4910,682,17593,0.7870680704285713,0.8626550682564531,0.07558699782788181,0.10472437989315311,0.23041995054581704,0.12569557065266393,0.12189775922174016,0.08608949005100107,-0.03580826917073909,False,
burnable_tree_shrub_grass,monthly,august,,836,18207,4910,640,17567,0.7806925360761655,0.8652312396823589,0.08453870360619342,0.10314213555449829,0.2119319864880894,0.1087898509335911,0.12341745418222581,0.08668518120832994,-0.03673227297389588,False,
burnable_tree_shrub_grass,monthly,august,,837,18244,4910,733,17511,0.7959692535496885,0.8707695953812077,0.07480034183151918,0.1127352591453029,0.24264941798877485,0.12991415884347196,0.12136342665308819,0.08730415011526277,-0.03405927653782542,False,
burnable_tree_shrub_grass,monthly,august,,838,18234,4910,644,17590,0.784710089018676,0.8704569048619522,0.08574681584327615,0.09880001935707099,0.21170095817770201,0.11290093882063103,0.12427966496078054,0.08487005185263376,-0.03940961310814678,False,
burnable_tree_shrub_grass,monthly,august,,839,18244,4910,718,17526,0.783036988897037,0.860692526217316,0.07765553732027897,0.10929261765701614,0.1958923028401783,0.08659968518316216,0.12699519704178766,0.08910064239233192,-0.037894554649455736,False,
burnable_tree_shrub_grass,monthly,august,,840,18260,4910,777,17483,0.7917099979675053,0.8656320009634658,0.07392200299596052,0.12122659462346021,0.2702024693867779,0.1489758747633177,0.12219807326502158,0.08627494452226642,-0.03592312874275516,False,
burnable_tree_shrub_grass,monthly,august,,841,18273,4910,680,17593,0.7772401122104045,0.8561044499650596,0.07886433775465518,0.10737952238472591,0.2059326358883268,0.0985531135036009,0.1219721578918564,0.0851966619049829,-0.036775495986873505,False,
burnable_tree_shrub_grass,monthly,august,,842,18199,4910,742,17457,0.7981853601927076,0.8703813930478697,0.07219603285516207,0.13013052187274202,0.23666486372379603,0.10653434185105401,0.12229576456736675,0.0862190322993416,-0.03607673226802516,False,
burnable_tree_shrub_grass,monthly,august,,843,18200,4910,690,17510,0.8054897822362376,0.8761950521027322,0.07070526986649461,0.1249433376911435,0.22449001891966558,0.09954668122852207,0.12424402403779723,0.08696928957859965,-0.03727473445919759,False,
burnable_tree_shrub_grass,monthly,august,,844,18337,4910,649,17688,0.8001027395589638,0.8702629519442988,0.07016021238533499,0.1145919352065991,0.24366587844314025,0.12907394323654114,0.12094262269272833,0.08497382785401845,-0.03596879483870988,False,
burnable_tree_shrub_grass,monthly,august,,845,18220,4910,733,17487,0.7964740285338452,0.8770988793780232,0.08062485084417803,0.11874050601130605,0.2515438332561765,0.13280332724487048,0.12476642394328899,0.08674217539907897,-0.03802424854421002,False,
burnable_tree_shrub_grass,monthly,august,,846,18272,4910,727,17545,0.7976448848568995,0.8743332825044502,0.07668839764755064,0.11706770269503018,0.2633213905871404,0.14625368789211018,0.1206831452730206,0.08169154869345126,-0.03899159657956934,False,
burnable_tree_shrub_grass,monthly,august,,847,18211,4910,753,17458,0.7725952264566053,0.8532070214578353,0.08061179500123006,0.11171529723046916,0.21663654810240043,0.10492125087193127,0.12598793876006242,0.08819948968320412,-0.0377884490768583,False,
burnable_tree_shrub_grass,monthly,august,,848,18238,4910,715,17523,0.7818424855404824,0.8685103175087767,0.0866678319682943,0.10834048517945913,0.243223235277993,0.13488275009853387,0.12528805981318955,0.08623648277291095,-0.039051577040278604,False,
burnable_tree_shrub_grass,monthly,august,,849,18261,4910,642,17619,0.7795776437183096,0.8507080203525683,0.0711303766342587,0.09957577587198087,0.20964967853017752,0.11007390265819665,0.12306059047076416,0.08720123247334398,-0.03585935799742018,False,
burnable_tree_shrub_grass,monthly,august,,850,18245,4910,689,17556,0.7933811884904239,0.8711498696602966,0.07776868116987268,0.11818408854947346,0.24869545589693112,0.13051136734745766,0.12357904048252717,0.08644648233648004,-0.03713255814604713,False,
burnable_tree_shrub_grass,monthly,august,,851,18293,4910,757,17536,0.7902242542836206,0.8627473417205836,0.07252308743696301,0.11934614997444727,0.23100648455826206,0.11166033458381479,0.12718202643754975,0.08902509297359296,-0.038156933463956794,False,
burnable_tree_shrub_grass,monthly,august,,852,18227,4910,700,17527,0.7823623959768196,0.8705641907587477,0.08820179478192813,0.0994865805427257,0.2348238480866083,0.1353372675438826,0.12502918417092457,0.08787187131427567,-0.0371573128566489,False,
burnable_tree_shrub_grass,monthly,august,,853,18319,4910,663,17656,0.783463728804756,0.8544943211678733,0.07103059236311726,0.09612966623298999,0.19144668665548265,0.09531702042249265,0.12319827456689393,0.08686615403812958,-0.03633212052876435,False,
burnable_tree_shrub_grass,monthly,august,,854,18241,4910,630,17611,0.7762914231996056,0.8569889129539349,0.08069748975432922,0.09772652649080348,0.20643352542209362,0.10870699893129014,0.12742059349676896,0.08956220805492658,-0.037858385441842377,False,
burnable_tree_shrub_grass,monthly,august,,855,18177,4910,639,17538,0.7593343923349272,0.8495582407153097,0.09022384838038255,0.0857045788814709,0.16484059629868986,0.07913601741721896,0.12591854734957758,0.08739450629616831,-0.03852404105340927,False,
burnable_tree_shrub_grass,monthly,august,,856,18191,4910,718,17473,0.7893254168349193,0.874989777303845,0.08566436046892567,0.11315399022835229,0.23585189707847046,0.12269790685011817,0.12540398979115294,0.08651287631662163,-0.03889111347453131,False,
burnable_tree_shrub_grass,monthly,august,,857,18232,4910,710,17522,0.758837903577153,0.8315700503672646,0.07273214679011164,0.09371373050132716,0.20072020270366148,0.10700647220233432,0.12685151047148277,0.08951271628232367,-0.0373387941891591,False,
burnable_tree_shrub_grass,monthly,august,,858,18306,4910,755,17551,0.784044380030043,0.8597184892768509,0.07567410924680795,0.10934450925499702,0.21710012993339786,0.10775562067840085,0.12667244007553122,0.08888345655598921,-0.037788983519542005,False,
burnable_tree_shrub_grass,monthly,august,,859,18317,4910,591,17726,0.7848981191985618,0.8569352274031111,0.07203710820454934,0.08893859377907772,0.19107775028369228,0.10213915650461457,0.12359779606688415,0.0838803963387618,-0.03971739972812234,False,
burnable_tree_shrub_grass,monthly,august,,860,18267,4910,677,17590,0.7837879552552267,0.8537870231424294,0.06999906788720267,0.09964659399521802,0.1806008688836598,0.08095427488844179,0.12310155551304634,0.08822847315084059,-0.03487308236220575,False,
burnable_tree_shrub_grass,monthly,august,,861,18274,4910,691,17583,0.7964520640702403,0.8716799289670419,0.07522786489680167,0.11935414166295835,0.25728724255520813,0.13793310089224978,0.12312279418921467,0.08213081247585252,-0.040991981713362144,False,
burnable_tree_shrub_grass,monthly,august,,862,18237,4910,666,17571,0.7840149352015495,0.8671218597802173,0.08310692457866775,0.10280542693314172,0.2373630353904808,0.13455760845733905,0.12409347182810432,0.08435084620883404,-0.03974262561927028,False,
burnable_tree_shrub_grass,monthly,august,,863,18225,4910,672,17553,0.7742181502008881,0.8471817834693839,0.07296363326849575,0.09731245532935164,0.1961132485337587,0.09880079320440706,0.12167473151570234,0.08645402127316873,-0.03522071024253361,False,
burnable_tree_shrub_grass,monthly,august,,864,18194,4910,771,17423,0.7988030789243283,0.8779718030038115,0.07916872407948317,0.13322670653639437,0.25348945031527526,0.12026274377888088,0.12058268205415644,0.08402876723265598,-0.03655391482150046,False,
burnable_tree_shrub_grass,monthly,august,,865,18219,4910,675,17544,0.7761598773876476,0.854230632821604,0.07807075543395647,0.101666476573828,0.21602119540510353,0.11435471883127553,0.12307331154489591,0.08537200630961059,-0.03770130523528532,False,
burnable_tree_shrub_grass,monthly,august,,866,18233,4910,728,17505,0.7876596482637613,0.8651607390039266,0.07750109074016531,0.11164476617254922,0.23184140914941262,0.1201966429768634,0.12372631196560853,0.08658839769394557,-0.037137914271662964,False,
burnable_tree_shrub_grass,monthly,august,,867,18335,4910,721,17614,0.7911810709769858,0.8749007653255267,0.08371969434854099,0.1096842711433439,0.24713517063087345,0.13745089948752953,0.12038408892759793,0.08261059215449491,-0.037773496773103016,False,
burnable_tree_shrub_grass,monthly,august,,868,18200,4910,701,17499,0.7788828202043581,0.8617217091435183,0.08283888893916025,0.09839519896666507,0.22565733670012245,0.12726213773345738,0.12406204085860037,0.08776474621479814,-0.03629729464380223,False,
burnable_tree_shrub_grass,monthly,august,,869,18207,4910,662,17545,0.7942803959434481,0.8726601169715509,0.07837972102810276,0.10258560275627664,0.2207275182015693,0.11814191544529266,0.1222521429904209,0.08616925344725876,-0.03608288954316215,False,
burnable_tree_shrub_grass,monthly,august,,870,18225,4910,646,17579,0.7955787645581195,0.8662204604177832,0.07064169585966373,0.10730292726854057,0.22150979764711823,0.11420687037857766,0.12159294526517124,0.08480940545645463,-0.03678353980871661,False,
burnable_tree_shrub_grass,monthly,august,,871,18298,4910,739,17559,0.7899833316648815,0.8660841958612991,0.0761008641964176,0.1110947259789681,0.2572075367666649,0.1461128107876968,0.12593617444211141,0.08724934597205154,-0.03868682847005987,False,
burnable_tree_shrub_grass,monthly,august,,872,18323,4910,734,17589,0.7834550033825636,0.8632669694010824,0.07981196601851881,0.10616044342939349,0.2197303324831401,0.11356988905374663,0.12372722393740584,0.08718919109140147,-0.036538032846004376,False,
burnable_tree_shrub_grass,monthly,august,,873,18260,4910,723,17537,0.7824759522467062,0.853851067385605,0.07137511513889883,0.1050563177760426,0.21870708421496302,0.11365076643892041,0.1258110424237676,0.08647523290066964,-0.03933580952309795,False,
burnable_tree_shrub_grass,monthly,august,,874,18237,4910,723,17514,0.7840404617621848,0.8644828851402182,0.08044242337803342,0.1129110660157878,0.2395490501670817,0.1266379841512939,0.12473451636032079,0.08747119006660344,-0.037263326293717355,False,
burnable_tree_shrub_grass,monthly,august,,875,18333,4910,632,17701,0.7867138039830404,0.873145352583241,0.08643154860020064,0.09746823516064775,0.22547792898959326,0.1280096938289455,0.12148224039172373,0.08467265649778559,-0.03680958389393814,False,
burnable_tree_shrub_grass,monthly,august,,876,18317,4910,741,17576,0.777659328110901,0.8569997456966529,0.07934041758575194,0.10510365504849087,0.23194591376687196,0.1268422587183811,0.12323946907055357,0.08514163429581775,-0.038097834774735814,False,
burnable_tree_shrub_grass,monthly,august,,877,18238,4910,724,17514,0.7864420775928586,0.8723234514203948,0.08588137382753624,0.10798091152968811,0.2483056164121432,0.14032470488245508,0.12399214328879846,0.08574206202616913,-0.038250081262629326,False,
burnable_tree_shrub_grass,monthly,august,,878,18239,4910,666,17573,0.7646062525280645,0.8389023804433808,0.07429612791531637,0.09995507110299476,0.214613321910831,0.11465825080783623,0.12621076599041756,0.0888719415080473,-0.03733882448237026,False,
burnable_tree_shrub_grass,monthly,august,,879,18362,4910,683,17679,0.7774935346524986,0.8526121892142425,0.07511865456174394,0.09668616633879766,0.21173162936179749,0.11504546302299982,0.12120875402790796,0.08523849373661302,-0.035970260291294937,False,
burnable_tree_shrub_grass,monthly,august,,880,18240,4910,677,17563,0.8014658518634457,0.880370652988343,0.0789048011248974,0.10984562267294916,0.26007963505047416,0.15023401237752498,0.1225001487574189,0.08429307531486549,-0.038207073442553405,False,
burnable_tree_shrub_grass,monthly,august,,881,18250,4910,738,17512,0.7730265642080816,0.8521250933158029,0.0790985291077213,0.09642723193813199,0.20390434352844802,0.10747711159031603,0.1300524558284624,0.09155614700559048,-0.038496308822871916,False,
burnable_tree_shrub_grass,monthly,august,,882,18329,4910,695,17634,0.7903511284201628,0.863067830866304,0.07271670244614126,0.1095438090963893,0.23471838347901186,0.12517457438262256,0.1235844375841161,0.08579106187647952,-0.03779337570763658,False,
burnable_tree_shrub_grass,monthly,august,,883,18153,4910,714,17439,0.7963370679999737,0.8673060944086333,0.07096902640865954,0.12219887767022793,0.23676628609740724,0.11456740842717932,0.12214872349909565,0.08693103319742454,-0.035217690301671115,False,
burnable_tree_shrub_grass,monthly,august,,884,18251,4910,608,17643,0.7878446554769001,0.8669301340624134,0.07908547858551329,0.10603644988219198,0.2280019040722072,0.12196545419001521,0.12555942088019714,0.08347368294770764,-0.0420857379324895,False,
burnable_tree_shrub_grass,monthly,august,,885,18237,4910,713,17524,0.7918941380492647,0.8655141912369908,0.07362005318772613,0.11395736736946409,0.24163559011674338,0.1276782227472793,0.12427967409253032,0.08673252724087926,-0.03754714685165106,False,
burnable_tree_shrub_grass,monthly,august,,886,18200,4910,671,17529,0.7840113198830229,0.8616027313137208,0.07759141143069792,0.10231660203911941,0.20262619865292034,0.10030959661380093,0.1253953351153613,0.08853970195219545,-0.036855633163165855,False,
burnable_tree_shrub_grass,monthly,august,,887,18223,4910,682,17541,0.7762198024201699,0.8595393013870645,0.08331949896689461,0.09709126768413862,0.20348068737910652,0.1063894196949679,0.12460243034581021,0.0844489063057846,-0.04015352404002562,False,
burnable_tree_shrub_grass,monthly,august,,888,18256,4910,738,17518,0.7865775148503854,0.8612594680005481,0.07468195315016268,0.12380673009843043,0.25285424435002557,0.12904751425159514,0.1220608606576707,0.08701796858364516,-0.03504289207402554,False,
burnable_tree_shrub_grass,monthly,august,,889,18259,4910,673,17586,0.771536912467012,0.855137115181281,0.08360020271426905,0.09310231004821423,0.18577555879119192,0.09267324874297769,0.12377170772467765,0.08713212251944545,-0.036639585205232195,False,
burnable_tree_shrub_grass,monthly,august,,890,18352,4910,627,17725,0.7901359373558913,0.8657517495495375,0.07561581219364621,0.09987042871628725,0.2269718086093509,0.12710137989306364,0.12333310946425684,0.08292556430678469,-0.04040754515747215,False,
burnable_tree_shrub_grass,monthly,august,,891,18258,4910,713,17545,0.7900346814062976,0.868388199928295,0.07835351852199735,0.11269391251070365,0.2314853532276542,0.11879144071695055,0.12100768713822065,0.0846219923884159,-0.03638569474980474,False,
burnable_tree_shrub_grass,monthly,august,,892,18227,4910,663,17564,0.7934477848389325,0.875371878513331,0.08192409367439846,0.11608394507610564,0.24259781675976247,0.12651387168365683,0.12136461423999251,0.08572443897209105,-0.03564017526790146,False,
burnable_tree_shrub_grass,monthly,august,,893,18291,4910,634,17657,0.8079604535711968,0.8872771703486111,0.07931671677741425,0.11160164583595823,0.2602490061221576,0.1486473602861994,0.11902899301138034,0.08158135605421551,-0.037447636957164826,False,
burnable_tree_shrub_grass,monthly,august,,894,18271,4910,660,17611,0.7947146497626312,0.8711568011039932,0.07644215134136201,0.10679921116181337,0.2394935845750398,0.13269437341322643,0.12541955686298445,0.08633261498955051,-0.039086941873433936,False,
burnable_tree_shrub_grass,monthly,august,,895,18303,4910,759,17544,0.7850667352763945,0.8644248197793074,0.07935808450291293,0.11744016995394194,0.2623211995012158,0.14488102954727386,0.12200540188904267,0.08512466680572205,-0.036880735083320626,False,
burnable_tree_shrub_grass,monthly,august,,896,18323,4910,593,17730,0.7661789309190032,0.8463747480713608,0.08019581715235757,0.08430338193390861,0.2186347547747288,0.1343313728408202,0.12657811221462936,0.08736341706925205,-0.039214695145377315,False,
burnable_tree_shrub_grass,monthly,august,,897,18252,4910,719,17533,0.7872656902021518,0.8656705927951321,0.07840490259298039,0.11565643098783804,0.23204168130015562,0.11638525031231758,0.12482863599257206,0.08701162684093425,-0.03781700915163781,False,
burnable_tree_shrub_grass,monthly,august,,898,18297,4910,726,17571,0.7765379045393637,0.8382208632336685,0.061682958694304846,0.1178203197806237,0.23692682842464272,0.11910650864401902,0.12774779029650243,0.0903711982736987,-0.03737659202280373,False,
burnable_tree_shrub_grass,monthly,august,,899,18181,4910,650,17531,0.7955762758717525,0.8787599987714071,0.08318372289965459,0.10751961399915495,0.26147243330706904,0.1539528193079141,0.1212650534219088,0.08333244942097995,-0.03793260400092885,False,
burnable_tree_shrub_grass,monthly,august,,900,18235,4910,784,17451,0.7916266859158998,0.8747818235081551,0.08315513759225535,0.1169577170656394,0.2698222609647017,0.1528645438990623,0.12581904469752203,0.0862141214057841,-0.039604923291737926,False,
burnable_tree_shrub_grass,monthly,august,,901,18249,4910,649,17600,0.7888915639445302,0.8692040201708924,0.08031245622636218,0.10448254127120214,0.23086468293268583,0.1263821416614837,0.1255635066813128,0.08908722738600723,-0.03647627929530557,False,
burnable_tree_shrub_grass,monthly,august,,902,18303,4910,704,17599,0.7803690260035436,0.8627231047476871,0.08235407874414347,0.1109719798565515,0.2264643849466089,0.1154924050900574,0.12291357643991833,0.08775696289503333,-0.035156613544885,False,
burnable_tree_shrub_grass,monthly,august,,903,18227,4910,674,17553,0.7966159630832337,0.8768606007308768,0.08024463764764311,0.11215297583032234,0.25844504346308994,0.1462920676327676,0.1203548134673173,0.08260353932176556,-0.03775127414555174,False,
burnable_tree_shrub_grass,monthly,august,,904,18249,4910,590,17659,0.8017443450835555,0.8736552446968513,0.07191089961329578,0.10593937516188633,0.21891139624479783,0.1129720210829115,0.12330706040625355,0.08413827461035611,-0.03916878579589744,False,
burnable_tree_shrub_grass,monthly,august,,905,18364,4910,700,17664,0.7884102452122153,0.8581842811853002,0.06977403597308496,0.1154551614464337,0.2680706084839751,0.15261544703754143,0.12484263543384974,0.08748801907200718,-0.03735461636184256,False,
burnable_tree_shrub_grass,monthly,august,,906,18221,4910,689,17532,0.791620514277521,0.8700222889134593,0.07840177463593834,0.10833725631002346,0.22693130988473384,0.11859405357471038,0.12411462125327773,0.08569223793857811,-0.03842238331469962,False,
burnable_tree_shrub_grass,monthly,august,,907,18253,4910,723,17530,0.7882245729312879,0.8590841702704473,0.07085959733915936,0.11739663231898391,0.24195320366204665,0.12455657134306274,0.12364325540020184,0.08635008236069121,-0.03729317303951063,False,
burnable_tree_shrub_grass,monthly,august,,908,18219,4910,814,17405,0.7691563256343492,0.8502536408597885,0.08109731522543928,0.11381288847225215,0.2438166823929749,0.13000379392072275,0.1276636335037488,0.09009567465845535,-0.037567958845293445,False,
burnable_tree_shrub_grass,monthly,august,,909,18174,4910,686,17488,0.7956447103086433,0.8696705646054004,0.07402585429675712,0.1093830626978366,0.23629705155037428,0.12691398885253768,0.12459024372103188,0.08860602376748643,-0.03598421995354545,False,
burnable_tree_shrub_grass,monthly,august,,910,18258,4910,698,17560,0.8049829973043712,0.8675921604845606,0.06260916318018939,0.12532869671239852,0.23207446620433844,0.10674576949193992,0.12200927467596244,0.08907729504566528,-0.03293197963029716,False,
burnable_tree_shrub_grass,monthly,august,,911,18178,4910,728,17450,0.8044758178783967,0.885407758430681,0.08093194055228425,0.11945572431398489,0.2459269715865811,0.12647124727259623,0.12276455584498792,0.0851762573294269,-0.03758829851556103,False,
burnable_tree_shrub_grass,monthly,august,,912,18250,4910,696,17554,0.7821789479818596,0.8536759804557104,0.07149703247385075,0.1121559417786109,0.2172778192778329,0.10512187749922201,0.12205600338383665,0.08533109078986523,-0.036724912593971426,False,
burnable_tree_shrub_grass,monthly,august,,913,18284,4910,704,17580,0.7830133270632951,0.8622267362188438,0.07921340915554875,0.10452583593225333,0.2244443230407678,0.11991848710851448,0.12525519211008784,0.08504327890551835,-0.04021191320456949,False,
burnable_tree_shrub_grass,monthly,august,,914,18195,4910,689,17506,0.7824876380762341,0.869368362528659,0.0868807244524249,0.09564556133028515,0.2080983001373538,0.11245273880706866,0.12295613331249804,0.08601594537128264,-0.0369401879412154,False,
burnable_tree_shrub_grass,monthly,august,,915,18255,4910,759,17496,0.7702521351765402,0.8520841654452318,0.08183203026869157,0.11194588850381951,0.22476007006194004,0.11281418155812054,0.12897934832848665,0.08966713938393733,-0.039312208944549315,False,
burnable_tree_shrub_grass,monthly,august,,916,18284,4910,733,17551,0.7970837356235576,0.8736996675368133,0.07661593191325566,0.11404851975719686,0.23332738194701969,0.11927886218982282,0.1258127535687281,0.08834631632552062,-0.03746643724320747,False,
burnable_tree_shrub_grass,monthly,august,,917,18279,4910,651,17628,0.778756704962814,0.8520518955146417,0.07329519055182765,0.09788392301893009,0.2039210481151462,0.1060371250962161,0.123155347272947,0.08745688634357947,-0.03569846092936753,False,
burnable_tree_shrub_grass,monthly,august,,918,18193,4910,678,17515,0.8098485326946898,0.8831951037332518,0.07334657103856201,0.13331920232539407,0.23473508878333085,0.10141588645793678,0.12250375564649361,0.08559008162195159,-0.03691367402454203,False,
burnable_tree_shrub_grass,monthly,august,,919,18221,4910,731,17490,0.7865494763863501,0.8648709952687444,0.07832151888239436,0.11913590774468201,0.24260321064388846,0.12346730289920645,0.12206505197593531,0.08582765258100661,-0.036237399394928704,False,
burnable_tree_shrub_grass,monthly,august,,920,18349,4910,687,17662,0.7669592874248565,0.8493899764574873,0.08243068903263073,0.09024618099540106,0.18896560631186196,0.0987194253164609,0.12907680574860958,0.0896129980246009,-0.039463807724008676,False,
burnable_tree_shrub_grass,monthly,august,,921,18227,4910,677,17550,0.7598722367407743,0.841812756967853,0.08194052022707865,0.09779038097677692,0.21863560970401796,0.12084522872724104,0.12726371624532157,0.08939380512354457,-0.037869911121777,False,
burnable_tree_shrub_grass,monthly,august,,922,18234,4910,656,17578,0.7807034812084951,0.8551742546808787,0.07447077347238362,0.09044452266152794,0.19092713093709224,0.1004826082755643,0.12028544208640812,0.08484155143071928,-0.03544389065568884,False,
burnable_tree_shrub_grass,monthly,august,,923,18292,4910,675,17617,0.7916316941338228,0.8672158836477393,0.07558418951391643,0.10988875357920037,0.23824460669821104,0.12835585311901065,0.12367548650307697,0.08571225272007964,-0.03796323378299733,False,
burnable_tree_shrub_grass,monthly,august,,924,18181,4910,707,17474,0.7995079049754907,0.8607379336995162,0.0612300287240255,0.12338221926604605,0.22885427123550875,0.1054720519694627,0.12118090023355027,0.08699058323112498,-0.034190317002425294,False,
burnable_tree_shrub_grass,monthly,august,,925,18229,4910,577,17652,0.792367389008605,0.8688020387220521,0.07643464971344704,0.10344257206165856,0.2151095451225939,0.11166697306093533,0.12122007433170005,0.08418769484638465,-0.0370323794853154,False,
burnable_tree_shrub_grass,monthly,august,,926,18197,4910,737,17460,0.8045331760441778,0.8847335487510899,0.08020037270691205,0.12087781383280934,0.25535329964988734,0.13447548581707802,0.12289284542789967,0.0843580736966864,-0.03853477173121328,False,
burnable_tree_shrub_grass,monthly,august,,927,18234,4910,684,17550,0.7735362623081921,0.8542550107462388,0.08071874843804672,0.1038424089341897,0.224166421411965,0.1203240124777753,0.12518018219458965,0.08676415619018725,-0.0384160260044024,False,
burnable_tree_shrub_grass,monthly,august,,928,18242,4910,625,17617,0.7852464778339106,0.8693618209683829,0.08411534313447233,0.0939961527102718,0.20242656892535202,0.10843041621508022,0.12521328014349195,0.08714978440324432,-0.03806349574024763,False,
burnable_tree_shrub_grass,monthly,august,,929,18281,4910,695,17586,0.7783090211556445,0.862600973468922,0.08429195231327746,0.1028857168251553,0.20787445068321891,0.10498873385806362,0.12693899904467248,0.08797933986669192,-0.03895965917798057,False,
burnable_tree_shrub_grass,monthly,august,,930,18260,4910,675,17585,0.7885115892121863,0.8666625385692772,0.07815094935709088,0.10482310447451357,0.23813317191869898,0.13331006744418541,0.12521541660619676,0.08744528965565333,-0.03777012695054342,False,
burnable_tree_shrub_grass,monthly,august,,931,18237,4910,770,17467,0.7793010047146419,0.8601178177178636,0.08081681300322163,0.10930842233924673,0.222947463041305,0.11363904070205827,0.12505273851478063,0.08782021023786026,-0.037232528276920376,False,
burnable_tree_shrub_grass,monthly,august,,932,18244,4910,654,17590,0.7741794058689866,0.854933126793963,0.08075372092497646,0.0936980337992618,0.2021746662811873,0.1084766324819255,0.12201499301255475,0.08713179651764241,-0.03488319649491234,False,
burnable_tree_shrub_grass,monthly,august,,933,18250,4910,667,17583,0.8109222133516077,0.8775086948932973,0.06658648154168956,0.11923784524426209,0.2461102436345413,0.1268723983902792,0.1224152723500545,0.08379720493614064,-0.03861806741391387,False,
burnable_tree_shrub_grass,monthly,august,,934,18255,4910,764,17491,0.8194669150716553,0.886086741393704,0.06661982632204877,0.14579158052494123,0.2814061690999404,0.13561458857499914,0.11926822390823538,0.08486982282813318,-0.0343984010801022,False,
burnable_tree_shrub_grass,monthly,august,,935,18246,4910,667,17579,0.7931122327794519,0.8673142523112413,0.0742020195317894,0.10789569156437306,0.22298617453651562,0.11509048297214255,0.12128911251674601,0.08497278885389849,-0.036316323662847524,False,
burnable_tree_shrub_grass,monthly,august,,936,18316,4910,665,17651,0.7741757373434719,0.8494451527379436,0.07526941539447174,0.10865431712355858,0.2376071108075547,0.12895279368399612,0.12653166304744604,0.08622517386707529,-0.04030648918037075,False,
burnable_tree_shrub_grass,monthly,august,,937,18240,4910,686,17554,0.7833879779877901,0.8738288117864376,0.09044083379864742,0.09956884785988204,0.23262142488854526,0.13305257702866322,0.12337538400027952,0.08349093889782297,-0.03988444510245655,False,
burnable_tree_shrub_grass,monthly,august,,938,18331,4910,590,17741,0.8003108761759364,0.8816323196579025,0.08132144348196602,0.10250057511438176,0.24916566494553288,0.14666508983115112,0.12346959382022682,0.08540777425752905,-0.038061819562697774,False,
burnable_tree_shrub_grass,monthly,august,,939,18255,4910,721,17534,0.791699922180121,0.8700428586774227,0.07834293649730173,0.11726147134507224,0.23540725149021732,0.11814578014514508,0.12240296439500392,0.08778518109020265,-0.03461778330480127,False,
burnable_tree_shrub_grass,monthly,august,,940,18173,4910,648,17525,0.7882582201792854,0.8658739719272293,0.07761575174794388,0.1037017331327682,0.21988541389479313,0.11618368076202493,0.1268105786402256,0.08753556351825698,-0.039275015121968626,False,
burnable_tree_shrub_grass,monthly,august,,941,18327,4910,705,17622,0.7987220197834588,0.8770915787889252,0.07836955900546638,0.1206550605302556,0.2609432764663612,0.14028821593610558,0.12127038326961626,0.08564487612320937,-0.03562550714640689,False,
burnable_tree_shrub_grass,monthly,august,,942,18314,4910,675,17639,0.8049602207230191,0.8787409213170311,0.07378070059401198,0.12194183785748466,0.266606999142544,0.14466516128505932,0.11970357480562946,0.08298884169539315,-0.036714733110236306,False,
burnable_tree_shrub_grass,monthly,august,,943,18248,4910,641,17607,0.7795509639434819,0.8651373146423558,0.08558635069887388,0.08827035733869568,0.21465785125770362,0.12638749391900794,0.12182639748811579,0.08490838509624803,-0.03691801239186776,False,
burnable_tree_shrub_grass,monthly,august,,944,18255,4910,733,17522,0.7824471064479765,0.8602230398175718,0.07777593336959521,0.11153622269313342,0.2527863736414477,0.14125015094831428,0.12238234584349439,0.0842219020205027,-0.03816044382299169,False,
burnable_tree_shrub_grass,monthly,august,,945,18327,4910,647,17680,0.7875547252547435,0.8695598201235077,0.08200509486876428,0.09439528836533029,0.22311471196602084,0.12871942360069055,0.12633563238673365,0.08637782027326033,-0.03995781211347332,False,
burnable_tree_shrub_grass,monthly,august,,946,18233,4910,639,17594,0.7857940971838636,0.8636335334833702,0.07783943629950663,0.0994370710853391,0.22197819444165684,0.12254112335631774,0.12281262466947544,0.08403577242612821,-0.03877685224334723,False,
burnable_tree_shrub_grass,monthly,august,,947,18277,4910,661,17616,0.7797397600311091,0.847052981679425,0.06731322164831588,0.10389904050112582,0.20698156941641574,0.10308252891528992,0.12349493808156857,0.08805162337585741,-0.03544331470571116,False,
burnable_tree_shrub_grass,monthly,august,,948,18299,4910,741,17558,0.7990569600901674,0.8750274970681323,0.07597053697796496,0.12351408121153935,0.2716355769977711,0.14812149578623174,0.12478818150748107,0.08495581920932382,-0.039832362298157245,False,
burnable_tree_shrub_grass,monthly,august,,949,18288,4910,603,17685,0.7809867822324623,0.859356220499613,0.0783694382671507,0.1001907616942708,0.2074427715603145,0.10725200986604369,0.12213663179111034,0.08494127611268848,-0.03719535567842186,False,
burnable_tree_shrub_grass,monthly,august,,950,18321,4910,632,17689,0.7727604260961722,0.8560543418601706,0.08329391576399836,0.08447165914404635,0.17914776153231596,0.09467610238826961,0.1278446011570448,0.087101134849869,-0.04074346630717579,False,
burnable_tree_shrub_grass,monthly,august,,951,18279,4910,634,17645,0.7871459372678653,0.8691825192434385,0.08203658197557318,0.09702134686123513,0.2110889003939767,0.11406755353274158,0.1243912578814792,0.0876677940641884,-0.0367234638172908,False,
burnable_tree_shrub_grass,monthly,august,,952,18291,4910,615,17676,0.8029789140389707,0.8812367879279608,0.07825787388899008,0.10694561638979341,0.2401943795597386,0.1332487631699452,0.12247687565633911,0.08317631737414552,-0.03930055828219359,False,
burnable_tree_shrub_grass,monthly,august,,953,18163,4910,672,17491,0.801304744140524,0.8846768303971294,0.08337208625660542,0.10802981483906232,0.2458113103904299,0.13778149555136757,0.12044366542939783,0.0832623134706118,-0.037181351958786024,False,
burnable_tree_shrub_grass,monthly,august,,954,18277,4910,707,17570,0.8119402768799524,0.8863976705825718,0.07445739370261939,0.12535698131546066,0.26687453204041556,0.1415175507249549,0.11974883211664139,0.08124100159626461,-0.038507830520376776,False,
burnable_tree_shrub_grass,monthly,august,,955,18207,4910,720,17487,0.7927604950979459,0.859966212996321,0.06720571789837515,0.1213310319280724,0.24318609701359567,0.12185506508552327,0.12402072412343462,0.08843310080272412,-0.0355876233207105,False,
burnable_tree_shrub_grass,monthly,august,,956,18318,4910,715,17603,0.7843127502503745,0.8690812794545113,0.0847685292041368,0.11234012052463832,0.24801506081948915,0.13567494029485083,0.1268905181592603,0.08873383107781226,-0.03815668708144805,False,
burnable_tree_shrub_grass,monthly,august,,957,18190,4910,731,17459,0.800343803332396,0.8789860536262053,0.07864225029380933,0.12413907225554877,0.27435260064217454,0.15021352838662577,0.1220275865819186,0.0854014574256837,-0.03662612915623491,False,
burnable_tree_shrub_grass,monthly,august,,958,18293,4910,754,17539,0.7946428746969807,0.8745760679156402,0.07993319321865955,0.11631253175581772,0.2744422979470334,0.15812976619121566,0.12064178021522416,0.08262991604307952,-0.03801186417214464,False,
burnable_tree_shrub_grass,monthly,august,,959,18207,4910,691,17516,0.7890850424453771,0.8669455488948868,0.0778605064495097,0.10785306912005627,0.22878447700340165,0.12093140788334539,0.12621890001932307,0.08628988893672361,-0.039929011082599455,False,
burnable_tree_shrub_grass,monthly,august,,960,18265,4910,600,17665,0.7744197565808095,0.8558597037456364,0.08143994716482683,0.09087376754801348,0.21073140303388907,0.1198576354858756,0.1262832476539688,0.08659608673679697,-0.03968716091717184,False,
burnable_tree_shrub_grass,monthly,august,,961,18283,4910,747,17536,0.8021393664683064,0.8718328301038705,0.06969346363556406,0.12628875775839069,0.257760912777227,0.13147215501883633,0.12229779615359761,0.0857005987597739,-0.03659719739382371,False,
burnable_tree_shrub_grass,monthly,august,,962,18295,4910,686,17609,0.7768094419647256,0.8540059607075431,0.07719651874281752,0.10069285802987395,0.2165481374090341,0.11585527937916017,0.12534982887065885,0.08767337473738032,-0.037676454133278525,False,
burnable_tree_shrub_grass,monthly,august,,963,18299,4910,704,17595,0.7864411377199102,0.8719727647317161,0.08553162701180594,0.11057236462058939,0.25327362858230545,0.14270126396171606,0.12209057986462632,0.08296560782285574,-0.03912497204177058,False,
burnable_tree_shrub_grass,monthly,august,,964,18272,4910,673,17599,0.7872951716914214,0.8693668178330071,0.08207164614158569,0.10332066923464629,0.22849659157977567,0.12517592234512936,0.1258051332082292,0.08673424387442458,-0.03907088933380462,False,
burnable_tree_shrub_grass,monthly,august,,965,18240,4910,621,17619,0.7875995565100953,0.8682491151268682,0.08064955861677292,0.1019245751670478,0.22668108692498762,0.12475651175793982,0.12397610555179851,0.08675776659659087,-0.03721833895520764,False,
burnable_tree_shrub_grass,monthly,august,,966,18211,4910,644,17567,0.7864186873538647,0.8680539669418272,0.08163527958796257,0.09840881808458511,0.23544840159415475,0.13703958350956963,0.12155079549430393,0.08190431484047268,-0.03964648065383125,False,
burnable_tree_shrub_grass,monthly,august,,967,18339,4910,631,17708,0.784032850928802,0.8627566148798058,0.07872376395100378,0.09124808373951544,0.1982054445884447,0.10695736084892925,0.12229499456357003,0.08504161049104456,-0.03725338407252547,False,
burnable_tree_shrub_grass,monthly,august,,968,18261,4910,626,17635,0.7870987027503937,0.8730743484085797,0.08597564565818594,0.09959892332759065,0.2243786221644928,0.12477969883690215,0.12293201289457122,0.08489792591536503,-0.03803408697920618,False,
burnable_tree_shrub_grass,monthly,august,,969,18255,4910,706,17549,0.8038966410037327,0.8718826460334375,0.06798600502970475,0.11783308716804079,0.25174058034542635,0.13390749317738554,0.12209354892045675,0.0867506547391126,-0.03534289418134415,False,
burnable_tree_shrub_grass,monthly,august,,970,18225,4910,679,17546,0.803074627988169,0.8777816425983659,0.07470701461019691,0.11021768881665477,0.24924001832208592,0.13902232950543114,0.12607569194074716,0.08854782529281192,-0.03752786664793524,False,
burnable_tree_shrub_grass,monthly,august,,971,18307,4910,685,17622,0.7824461294649108,0.8736189915227067,0.09117286205779596,0.0975479437105611,0.2262902246057629,0.1287422808952018,0.12656721455557082,0.08584751998735056,-0.04071969456822026,False,
burnable_tree_shrub_grass,monthly,august,,972,18233,4910,690,17543,0.7740887194776891,0.8494590930607774,0.07537037358308829,0.10147353911853511,0.2055927171898565,0.10411917807132139,0.12210672002980988,0.08651535648483519,-0.03559136354497469,False,
burnable_tree_shrub_grass,monthly,august,,973,18344,4910,634,17710,0.7669985411653222,0.8481495599449241,0.08115101877960196,0.08570516974243744,0.18282842890051856,0.09712325915808112,0.1294608209539748,0.09004890538029633,-0.03941191557367846,False,
burnable_tree_shrub_grass,monthly,august,,974,18301,4910,733,17568,0.7654010019457429,0.8423578651001324,0.07695686315438954,0.09973807236789302,0.21796112412886348,0.11822305176097046,0.1257664814774558,0.08816643765551699,-0.03760004382193882,False,
burnable_tree_shrub_grass,monthly,august,,975,18279,4910,652,17627,0.7979486120184421,0.8690639812529648,0.07111536923452266,0.10710555677787935,0.25446089055684334,0.14735533377896398,0.12144002063662213,0.08620334119025314,-0.03523667944636899,False,
burnable_tree_shrub_grass,monthly,august,,976,18249,4910,765,17484,0.7948754641031277,0.8651647893199833,0.0702893252168556,0.12936191242228692,0.25948463101310587,0.13012271859081895,0.12354071506489551,0.0891317291642267,-0.03440898590066882,False,
burnable_tree_shrub_grass,monthly,august,,977,18300,4910,691,17609,0.8052385969909645,0.8729731269013782,0.06773452991041373,0.12197917306270885,0.25903043586511276,0.13705126280240393,0.120076016444963,0.08484650630815226,-0.03522951013681075,False,
burnable_tree_shrub_grass,monthly,august,,978,18354,4910,734,17620,0.7824192690372286,0.8658126293195434,0.08339336028231481,0.10806578717831854,0.22305304943155002,0.11498726225323148,0.12462371420091992,0.08881966760228949,-0.03580404659863043,False,
burnable_tree_shrub_grass,monthly,august,,979,18311,4910,702,17609,0.7830803627839233,0.8706188835384133,0.08753852075448998,0.10442707338002924,0.23251707293918028,0.12808999955915104,0.12944742190360037,0.09106832054733634,-0.03837910135626403,False,
burnable_tree_shrub_grass,monthly,august,,980,18177,4910,736,17441,0.7960172556918605,0.869684174346804,0.07366691865494346,0.11942222636529654,0.24131959804623315,0.12189737168093662,0.12148383312728729,0.08466450244851495,-0.03681933067877234,False,
burnable_tree_shrub_grass,monthly,august,,981,18266,4910,573,17693,0.7878954307858217,0.8709321845566753,0.08303675377085362,0.08739724406771911,0.20169650865952762,0.11429926459180852,0.12147332275220409,0.0843708985314729,-0.03710242422073119,False,
burnable_tree_shrub_grass,monthly,august,,982,18299,4910,707,17592,0.7760148627413901,0.8514656108955273,0.07545074815413721,0.10603648146956152,0.21265309989159795,0.10661661842203643,0.12718245127621217,0.09028823418128425,-0.03689421709492792,False,
burnable_tree_shrub_grass,monthly,august,,983,18344,4910,600,17744,0.8008153929966937,0.8670740344153892,0.06625864141869553,0.11062230153692272,0.23044096480180937,0.11981866326488665,0.11903507412666599,0.08348511968088738,-0.0355499544457786,False,
burnable_tree_shrub_grass,monthly,august,,984,18210,4910,627,17583,0.7964318423778369,0.8666236535380476,0.07019181116021067,0.11162475962896377,0.23787139829545892,0.12624663866649516,0.11922705346947056,0.08318845238220965,-0.03603860108726091,False,
burnable_tree_shrub_grass,monthly,august,,985,18284,4910,638,17646,0.7812303586700051,0.8635691234473022,0.08233876477729707,0.09438414214262277,0.2107936036604829,0.11640946151786012,0.12272098357201484,0.08336079847942447,-0.03936018509259037,False,
burnable_tree_shrub_grass,monthly,august,,986,18228,4910,711,17517,0.774620186120985,0.8696880916243951,0.09506790550341004,0.09764889980666427,0.23519355947263396,0.13754465966596968,0.12883715844245852,0.08696083740548399,-0.04187632103697453,False,
burnable_tree_shrub_grass,monthly,august,,987,18220,4910,767,17453,0.80423631326929,0.8688420851800078,0.06460577191071781,0.1332332248829507,0.25496208680742705,0.12172886192447635,0.11790312527653643,0.08520887212722626,-0.03269425314931017,False,
burnable_tree_shrub_grass,monthly,august,,988,18168,4910,624,17544,0.8098173219421938,0.887586668537421,0.07776934659522716,0.11325434973968194,0.23072968595396695,0.117475336214285,0.12375831631716509,0.08450047229150327,-0.03925784402566182,False,
burnable_tree_shrub_grass,monthly,august,,989,18171,4910,659,17512,0.7915096242697831,0.8645845970090485,0.07307497273926544,0.10776464537282496,0.214525112811362,0.10676046743853704,0.11832452974910407,0.08290066182306237,-0.0354238679260417,False,
burnable_tree_shrub_grass,monthly,august,,990,18249,4910,666,17583,0.7801379693974814,0.8630999195749238,0.08296195017744246,0.09864525678337753,0.21305138776016752,0.11440613097678999,0.12420014473517689,0.08765813921513224,-0.03654200552004465,False,
burnable_tree_shrub_grass,monthly,august,,991,18312,4910,721,17591,0.7917936695500024,0.8713171397774568,0.07952347022745443,0.12135228861051409,0.24282044024949503,0.12146815163898095,0.11950475258719051,0.08191891977095202,-0.03758583281623849,False,
burnable_tree_shrub_grass,monthly,august,,992,18202,4910,739,17463,0.7708165813093169,0.8506523399909045,0.07983575868158765,0.1100414225548958,0.2294522855860461,0.11941086303115031,0.12735205368445843,0.08899940452302554,-0.038352649161432883,False,
burnable_tree_shrub_grass,monthly,august,,993,18282,4910,653,17629,0.7901268071013088,0.8614831975400411,0.07135639043873232,0.09940317916012041,0.23282767059034956,0.13342449143022916,0.12234599693809645,0.08649150468998286,-0.03585449224811359,False,
burnable_tree_shrub_grass,monthly,august,,994,18307,4910,699,17608,0.7939613545410169,0.8723223089517771,0.07836095441076019,0.11170617404355407,0.23423567445251608,0.12252950040896202,0.12107954940021513,0.08287565051134727,-0.03820389888886787,False,
burnable_tree_shrub_grass,monthly,august,,995,18207,4910,694,17513,0.7934190838226227,0.8775266327475795,0.08410754892495675,0.10785492837353583,0.2358692944950503,0.12801436612151448,0.12882315272852266,0.08782785971570155,-0.04099529301282111,False,
burnable_tree_shrub_grass,monthly,august,,996,18282,4910,654,17628,0.7875140345252791,0.8790190959753352,0.0915050614500561,0.09599627428691362,0.229791898834741,0.13379562454782737,0.12480637823994788,0.08571938953489978,-0.03908698870504809,False,
burnable_tree_shrub_grass,monthly,august,,997,18300,4910,662,17638,0.7829978376815506,0.8617532730245635,0.07875543534301288,0.09853612011839359,0.20939223594350997,0.11085611582511638,0.12228351854279042,0.08600537745269264,-0.036278141090097776,False,
burnable_tree_shrub_grass,monthly,august,,998,18286,4910,631,17655,0.7820441181816836,0.8599989856651142,0.07795486748343061,0.09786145500423096,0.2007239317590105,0.10286247675477952,0.12466872902015566,0.08611498303407451,-0.03855374598608115,False,
burnable_tree_shrub_grass,monthly,august,,999,18280,4910,665,17615,0.7831364673392252,0.8671389515514588,0.08400248421223366,0.09996650926281288,0.22634974383276396,0.1263832345699511,0.12567899561946577,0.08675998803674452,-0.03891900758272125,False,
burnable_tree_shrub,monthly,august,,0,13852,4105,659,13193,0.7310772128549801,0.8325816433439952,0.10150443048901514,0.11324915266236954,0.23242022854059477,0.11917107587822523,0.14020132820428496,0.09508653524301872,-0.04511479296126625,False,
burnable_tree_shrub,monthly,august,,1,13868,4105,624,13244,0.7263220064818903,0.8288946397594653,0.10257263327757504,0.11337846825844289,0.22994641148086986,0.11656794322242697,0.13388324391741244,0.09217983999518065,-0.04170340392223179,False,
burnable_tree_shrub,monthly,august,,2,13861,4105,593,13268,0.7584331012856758,0.857611868137008,0.0991787668513322,0.10920108888290382,0.23229477885627217,0.12309368997336835,0.1349944441466509,0.09327169353222593,-0.04172275061442497,False,
burnable_tree_shrub,monthly,august,,3,13853,4105,696,13157,0.7614474048603121,0.8701706141304966,0.10872320927018442,0.13381963198629782,0.3103793588811945,0.17655972689489668,0.1386950283341011,0.09433005042189174,-0.044364977912209363,False,
burnable_tree_shrub,monthly,august,,4,13936,4105,558,13378,0.7084460605359144,0.8104927792968823,0.10204671876096794,0.08734107614599246,0.22693617952588563,0.13959510337989317,0.14057933537932482,0.0958532878260839,-0.044726047553240916,False,
burnable_tree_shrub,monthly,august,,5,13882,4105,596,13286,0.7491494553988808,0.8399930491499858,0.09084359375110507,0.10892682240709797,0.23808823511923935,0.12916141271214138,0.1380557597420001,0.0972161136975371,-0.040839646044462996,False,
burnable_tree_shrub,monthly,august,,6,13853,4105,573,13280,0.7338856735843898,0.8336822420572342,0.09979656847284435,0.1050123546908129,0.23690535110246388,0.13189299641165098,0.13572801398841117,0.09304751957086681,-0.04268049441754436,False,
burnable_tree_shrub,monthly,august,,7,13883,4105,642,13241,0.7595619525023874,0.8632745547966396,0.10371260229425217,0.1191550325403067,0.28389528847491335,0.16474025593460667,0.13539528322683625,0.08984852174486513,-0.04554676148197112,False,
burnable_tree_shrub,monthly,august,,8,13922,4105,629,13293,0.7596786718615545,0.8539745687780258,0.09429589691647133,0.1179283614464244,0.26103266720771473,0.14310430576129032,0.13659835121892908,0.09369342472293535,-0.04290492649599373,False,
burnable_tree_shrub,monthly,august,,9,13831,4105,618,13213,0.7216562731075137,0.8267430306085235,0.10508675750100982,0.10102215659897498,0.23876452896163927,0.1377423723626643,0.1386541445120068,0.09534756065986373,-0.043306583852143074,False,
burnable_tree_shrub,monthly,august,,10,13856,4105,642,13214,0.7439062082271848,0.8501183135794331,0.10621210535224834,0.10512361460891072,0.23730772492604654,0.13218411031713584,0.1363529458843062,0.09411761808957646,-0.04223532779472973,False,
burnable_tree_shrub,monthly,august,,11,13842,4105,512,13330,0.7277828734527382,0.8354035774568641,0.10762070400412593,0.09074896924961962,0.22291126861984845,0.13216229937022883,0.13864920839172254,0.09309721614450948,-0.045551992247213055,False,
burnable_tree_shrub,monthly,august,,12,13932,4105,548,13384,0.7255225762540303,0.8497356032478043,0.12421302699377401,0.08673588730076277,0.21624221081649697,0.1295063235157342,0.13748502682510821,0.0931367419363232,-0.04434828488878502,False,
burnable_tree_shrub,monthly,august,,13,13779,4105,651,13128,0.7424448254267797,0.8410055172233034,0.09856069179652371,0.1168072442039289,0.2506330912302681,0.1338258470263392,0.13742295691623077,0.09630904467834253,-0.04111391223788824,False,
burnable_tree_shrub,monthly,august,,14,13950,4105,622,13328,0.75411108977353,0.8558342348193296,0.1017231450457996,0.11976997301055356,0.25213965366361396,0.1323696806530604,0.13331192632969183,0.09071363287361084,-0.04259829345608099,False,
burnable_tree_shrub,monthly,august,,15,13829,4105,555,13274,0.731124314008147,0.8530480231625328,0.12192370915438577,0.08495823312703263,0.2055057818584303,0.12054754873139767,0.13695151913585074,0.09504757431527988,-0.04190394482057086,False,
burnable_tree_shrub,monthly,august,,16,13806,4105,595,13211,0.7582587466899561,0.85126921861016,0.09301047192020395,0.11286940885418519,0.23928112952754518,0.12641172067335998,0.13453085107145138,0.09056804970446818,-0.043962801366983204,False,
burnable_tree_shrub,monthly,august,,17,13830,4105,551,13279,0.7548214509516479,0.8587061923436006,0.1038847413919527,0.1080881672528535,0.26587640601482837,0.15778823876197487,0.13617542271038346,0.0932398627262485,-0.042935559984134966,False,
burnable_tree_shrub,monthly,august,,18,13841,4105,613,13228,0.7220861280461486,0.8413189729038852,0.11923284485773666,0.09380945172982198,0.21626394496447773,0.12245449323465575,0.13834586278970515,0.09527627103763267,-0.04306959175207248,False,
burnable_tree_shrub,monthly,august,,19,13837,4105,658,13179,0.7572026141801074,0.8509594683076673,0.09375685412755996,0.1403423088259902,0.2903074624983597,0.1499651536723695,0.1367191050991971,0.0942126260170477,-0.0425064790821494,False,
burnable_tree_shrub,monthly,august,,20,13945,4105,635,13310,0.7447234629104871,0.8386854948916509,0.09396203198116382,0.10437883054910674,0.2338232847243241,0.12944445417521735,0.13907667099413354,0.09728086393257146,-0.04179580706156208,False,
burnable_tree_shrub,monthly,august,,21,13977,4105,611,13366,0.7662437339483894,0.8689396330871526,0.1026958991387632,0.11554655046988599,0.28539682482247947,0.16985027435259348,0.13476731580424237,0.09158700888148981,-0.04318030692275256,False,
burnable_tree_shrub,monthly,august,,22,13821,4105,563,13258,0.7372728741546042,0.8553237202270985,0.11805084607249428,0.09036828294242005,0.2528053922383133,0.16243710929589322,0.13800732949221167,0.09453796948672498,-0.04346936000548669,False,
burnable_tree_shrub,monthly,august,,23,13869,4105,637,13232,0.7335145852592734,0.8518936420722135,0.11837905681294014,0.10086260778095041,0.2655330507709746,0.1646704429900242,0.13950257889995066,0.09415092586394731,-0.045351653036003345,False,
burnable_tree_shrub,monthly,august,,24,13795,4105,590,13205,0.7462205507672364,0.849407389342763,0.10318683857552668,0.10141297248418318,0.24864327929856678,0.1472303068143836,0.13993570943614211,0.09343540283478723,-0.04650030660135489,False,
burnable_tree_shrub,monthly,august,,25,13904,4105,600,13304,0.735215724594107,0.8422191947284025,0.10700347013429545,0.0993084584459785,0.22547823889877208,0.1261697804527936,0.1391264514264346,0.09382577561049128,-0.04530067581594331,False,
burnable_tree_shrub,monthly,august,,26,13858,4105,603,13255,0.7513537555526779,0.8468349813862912,0.09548122583361329,0.116478703554594,0.2498149354753158,0.1333362319207218,0.13918633453728493,0.09590551747889478,-0.04328081705839015,False,
burnable_tree_shrub,monthly,august,,27,13924,4105,594,13330,0.7558342868545419,0.8641639576560807,0.10832967080153877,0.11990448162861232,0.2869427183630999,0.1670382367344876,0.13824281789460938,0.09285857516622514,-0.04538424272838423,False,
burnable_tree_shrub,monthly,august,,28,13831,4105,659,13172,0.7324179860070126,0.8458621129014643,0.11344412689445171,0.1052598497460842,0.2628844490074834,0.1576245992613992,0.14015132394426216,0.09651102941235379,-0.043640294531908375,False,
burnable_tree_shrub,monthly,august,,29,13859,4105,563,13296,0.7530072212853183,0.8503752781322338,0.09736805684691552,0.10877253151622926,0.2624102356096983,0.15363770409346902,0.1364463857533019,0.0916878840035419,-0.044758501749759996,False,
burnable_tree_shrub,monthly,august,,30,14050,4105,653,13397,0.7476384109674162,0.8467293024963531,0.09909089152893691,0.12546124799754577,0.25615028031440973,0.13068903231686396,0.14017093075402778,0.09761979381330524,-0.042551136940722545,False,
burnable_tree_shrub,monthly,august,,31,13799,4105,493,13306,0.7469286682730023,0.8407814620377453,0.09385279376474298,0.10105277809864635,0.22295117010008708,0.12189839200144073,0.13628070276573984,0.09152391468511363,-0.044756788080626206,False,
burnable_tree_shrub,monthly,august,,32,13891,4105,621,13270,0.7551588645098032,0.8474409847742963,0.09228212026449312,0.11899680526417802,0.23094978078120915,0.11195297551703112,0.13709421517314838,0.0966961924114877,-0.04039802276166067,False,
burnable_tree_shrub,monthly,august,,33,13846,4105,669,13177,0.7339608478922088,0.8388781104186498,0.10491726252644096,0.11546807578505634,0.2541944458400533,0.13872637005499694,0.13733602039840104,0.0975201543673339,-0.03981586603106714,False,
burnable_tree_shrub,monthly,august,,34,13819,4105,617,13202,0.7343476272074095,0.8417361374203653,0.10738851021295581,0.10601977719216887,0.23775097772885553,0.13173120053668666,0.1427438658890688,0.09861195353517839,-0.0441319123538904,False,
burnable_tree_shrub,monthly,august,,35,13860,4105,640,13220,0.7484145707261725,0.8565253876701966,0.10811081694402414,0.11272305891061656,0.2638227424170575,0.15109968350644093,0.1392334556179053,0.0956008814836021,-0.04363257413430319,False,
burnable_tree_shrub,monthly,august,,36,13838,4105,552,13286,0.7461264663468357,0.837574817231607,0.09144835088477132,0.10600502993992028,0.23261837984071757,0.12661334990079728,0.13629745031152124,0.09299269194358226,-0.043304758367938984,False,
burnable_tree_shrub,monthly,august,,37,13793,4105,638,13155,0.7524962200147982,0.8589696159487377,0.10647339593393945,0.12105893137755194,0.29920196950048156,0.17814303812292961,0.1388265139803177,0.09189163373196002,-0.04693488024835768,False,
burnable_tree_shrub,monthly,august,,38,13796,4105,565,13231,0.7586209110676657,0.8628144683008461,0.10419355723318036,0.10272209413361166,0.24765297820185111,0.14493088406823945,0.14031077251089044,0.09636115037735356,-0.043949622133536884,False,
burnable_tree_shrub,monthly,august,,39,13736,4105,679,13057,0.7420303838285581,0.8395264876344268,0.0974961038058687,0.12519241512608728,0.26976022851362713,0.14456781338753985,0.13950737983175254,0.09939213666768744,-0.040115243164065104,False,
burnable_tree_shrub,monthly,august,,40,13840,4105,547,13293,0.7317837555497518,0.8337972824833513,0.10201352693359944,0.09502516220871185,0.21026776896913066,0.11524260676041881,0.1376075404084512,0.09727023835658292,-0.040337302051868265,False,
burnable_tree_shrub,monthly,august,,41,13788,4105,659,13129,0.7410068017712876,0.8461757041224289,0.10516890235114129,0.11702973386350683,0.2726956400699192,0.15566590620641235,0.14239814574460288,0.09604917206265655,-0.046348973681946334,False,
burnable_tree_shrub,monthly,august,,42,13902,4105,561,13341,0.7419654821472306,0.8433183673398491,0.10135288519261854,0.10804004895044236,0.2828933105093654,0.17485326155892303,0.13699323937591018,0.0936013732528008,-0.043391866123109385,False,
burnable_tree_shrub,monthly,august,,43,13790,4105,575,13215,0.7561065324318544,0.8607632301896725,0.10465669775781805,0.1044932052895825,0.25677136688002766,0.15227816159044516,0.1385795843450404,0.0939533589599798,-0.044626225385060586,False,
burnable_tree_shrub,monthly,august,,44,13838,4105,545,13293,0.7550350360298619,0.8522087571785385,0.09717372114867662,0.10850648683723885,0.2376926155433704,0.12918612870613155,0.13690139760176867,0.09419776939272542,-0.04270362820904325,False,
burnable_tree_shrub,monthly,august,,45,13993,4105,555,13438,0.7654109832410175,0.8668294429270764,0.10141845968605889,0.11867012687594529,0.257548751554558,0.13887862467861267,0.13516027597471453,0.09100505215149614,-0.04415522382321839,False,
burnable_tree_shrub,monthly,august,,46,13894,4105,578,13316,0.7625824904555853,0.864891638541869,0.10230914808628366,0.11016906978703705,0.24513703138852622,0.13496796160148916,0.13662972904982068,0.09226095571113983,-0.04436877333868085,False,
burnable_tree_shrub,monthly,august,,47,13832,4105,574,13258,0.7517287570242253,0.8574799752749375,0.10575121825071221,0.1067594056123274,0.25398642065007626,0.14722701503774888,0.13718726499051376,0.09174770969572217,-0.045439555294791587,False,
burnable_tree_shrub,monthly,august,,48,13813,4105,584,13229,0.7669023378484587,0.8521686477508421,0.08526630990238337,0.11949642055869644,0.22957100668462815,0.11007458612593171,0.1350187847825235,0.09745248623779605,-0.03756629854472744,False,
burnable_tree_shrub,monthly,august,,49,13731,4105,707,13024,0.7574334532874136,0.860507551720423,0.10307409843300941,0.13941551480217734,0.3261742907984964,0.18675877599631907,0.13412206702032295,0.09305299244668998,-0.04106907457363297,False,
burnable_tree_shrub,monthly,august,,50,13810,4105,637,13173,0.7479533620991798,0.8557368605519042,0.10778349845272439,0.11421063325429331,0.2893718038825606,0.1751611706282673,0.13762964096605482,0.09347737081366847,-0.04415227015238635,False,
burnable_tree_shrub,monthly,august,,51,13830,4105,525,13305,0.7445431542026808,0.8605445142356077,0.11600136003292694,0.09615489003531907,0.2364512656156585,0.14029637558033942,0.1386919786018609,0.09308059737902048,-0.045611381222840405,False,
burnable_tree_shrub,monthly,august,,52,13966,4105,592,13374,0.7327286910059454,0.8348038903641192,0.10207519935817377,0.09822160582373846,0.22771925416636024,0.12949764834262179,0.13907725063476534,0.09785839696993943,-0.0412188536648259,False,
burnable_tree_shrub,monthly,august,,53,13856,4105,718,13138,0.7535214358315903,0.8501580183108726,0.0966365824792823,0.12575256963674608,0.28025597386061696,0.15450340422387088,0.13927853699279544,0.09497124678492415,-0.04430729020787129,False,
burnable_tree_shrub,monthly,august,,54,13999,4105,572,13427,0.7523814347565,0.8648660771715065,0.11248464241500655,0.10234223052097731,0.2631940495276578,0.1608518190066805,0.13862111733889265,0.09275324888970135,-0.0458678684491913,False,
burnable_tree_shrub,monthly,august,,55,13864,4105,627,13237,0.7722047776043156,0.8618821222567501,0.08967734465243449,0.13989259846901694,0.26347755427803804,0.1235849558090211,0.13267267943136335,0.09376269298573267,-0.03890998644563068,False,
burnable_tree_shrub,monthly,august,,56,13843,4105,545,13298,0.7486528290796298,0.8597937746036171,0.11114094552398723,0.10633658942474512,0.24618144644960896,0.13984485702486382,0.13698873752320567,0.09280049769916437,-0.0441882398240413,False,
burnable_tree_shrub,monthly,august,,57,13898,4105,550,13348,0.7321677064320157,0.8395751491541121,0.10740744272209646,0.1072787005797661,0.23032302742807834,0.12304432684831224,0.13727565345316162,0.09469238997940328,-0.042583263473758334,False,
burnable_tree_shrub,monthly,august,,58,13754,4105,577,13177,0.7489187675232132,0.8512416401194824,0.10232287259626927,0.10462317936226846,0.24952023481192143,0.14489705544965298,0.1388901945939953,0.09511278932438118,-0.043777405269614114,False,
burnable_tree_shrub,monthly,august,,59,13931,4105,602,13329,0.7398428575665829,0.8517153041515901,0.11187244658500728,0.09578602276914265,0.22722403419629292,0.13143801142715028,0.13768050878807442,0.0944323755347593,-0.04324813325331511,False,
burnable_tree_shrub,monthly,august,,60,13958,4105,689,13269,0.750724349485542,0.8599028957681627,0.10917854628262069,0.12382034278237755,0.2759599477169865,0.15213960493460896,0.14050737097092136,0.09386727785534481,-0.046640093115576556,False,
burnable_tree_shrub,monthly,august,,61,13773,4105,611,13162,0.7439653558040792,0.8514932637252857,0.10752790792120648,0.10802091889521298,0.23957928700123005,0.13155836810601707,0.13728893161481445,0.0947269419724897,-0.04256198964232476,False,
burnable_tree_shrub,monthly,august,,62,13734,4105,634,13100,0.7387273340236472,0.8497886314927637,0.11106129746911653,0.10812386801407027,0.2677233975416187,0.15959952952754847,0.14066907729644212,0.0961958173041481,-0.044473259992294026,False,
burnable_tree_shrub,monthly,august,,63,13948,4105,560,13388,0.7225239020017926,0.8271950627427548,0.10467116074096217,0.08783779076657187,0.22569766578071018,0.13785987501413832,0.13856700922793497,0.0942213558255412,-0.04434565340239377,False,
burnable_tree_shrub,monthly,august,,64,13809,4105,623,13186,0.7744032230302141,0.8768850858162471,0.102481862786033,0.1284734080081797,0.2924014300252417,0.16392802201706203,0.1328268815967582,0.08817138724598586,-0.044655494350772346,False,
burnable_tree_shrub,monthly,august,,65,13862,4105,592,13270,0.7520350465386261,0.8668442839976374,0.11480923745901128,0.10637602810190823,0.2511404508635174,0.14476442276160917,0.13864476835753906,0.09400979292229761,-0.04463497543524145,False,
burnable_tree_shrub,monthly,august,,66,13894,4105,554,13340,0.7368992850145325,0.8506082247684823,0.1137089397539498,0.09136332029611083,0.21166184295304813,0.1202985226569373,0.13774489624756686,0.09237639028949023,-0.045368505958076635,False,
burnable_tree_shrub,monthly,august,,67,13886,4105,650,13236,0.7551767905711695,0.8588275565474115,0.10365076597624201,0.12259611352636009,0.2657181922461155,0.1431220787197554,0.13572066732824223,0.09048829971847522,-0.04523236760976701,False,
burnable_tree_shrub,monthly,august,,68,13924,4105,705,13219,0.7499823754653601,0.8601657081817007,0.11018333271634062,0.1222702690743681,0.2923978542892304,0.17012758521486226,0.13717525056809618,0.09326108370881354,-0.043914166859282636,False,
burnable_tree_shrub,monthly,august,,69,13864,4105,612,13252,0.7424968780147133,0.8448632244929363,0.10236634647822296,0.10880776051647156,0.21946169755273368,0.11065393703626211,0.1380101860711097,0.0949540569571823,-0.04305612911392741,False,
burnable_tree_shrub,monthly,august,,70,13885,4105,655,13230,0.7532571705526995,0.8595303872185006,0.10627321666580114,0.11400652186269523,0.28553451542483615,0.17152799356214093,0.13653193904477406,0.09215925150064698,-0.044372687544127085,False,
burnable_tree_shrub,monthly,august,,71,13807,4105,546,13261,0.7317110157770741,0.8304383008590837,0.09872728508200956,0.0993056532003571,0.21794598475407337,0.11864033155371627,0.13650905081802697,0.09472351431373444,-0.041785536504292536,False,
burnable_tree_shrub,monthly,august,,72,13865,4105,608,13257,0.7543444029569284,0.8380263604530676,0.08368195749613916,0.1250065347460153,0.24560992741949064,0.12060339267347533,0.13470589352865092,0.09413670230537934,-0.040569191223271586,False,
burnable_tree_shrub,monthly,august,,73,13886,4105,607,13279,0.7818930510859761,0.8752942954235379,0.0934012443375618,0.12927253476447018,0.3090007554364642,0.17972822067199404,0.1365603447117825,0.09164469718764745,-0.044915647524135044,False,
burnable_tree_shrub,monthly,august,,74,13870,4105,623,13247,0.7718032042386167,0.865730343137142,0.09392713889852533,0.1383313560480284,0.29954156447449265,0.16121020842646425,0.13607780999283184,0.09196744969836983,-0.04411036029446201,False,
burnable_tree_shrub,monthly,august,,75,13769,4105,588,13181,0.7532291119922668,0.8583789179126624,0.10514980592039558,0.11637552514435175,0.25969321536089,0.14331769021653828,0.13445552429726676,0.09188315384946993,-0.042572370447796826,False,
burnable_tree_shrub,monthly,august,,76,13786,4105,638,13148,0.7540164874832268,0.8560808323470536,0.10206434486382676,0.11591605872056829,0.2658661661627726,0.1499501074422043,0.1381784501112419,0.09344532001217762,-0.044733130099064294,False,
burnable_tree_shrub,monthly,august,,77,13808,4105,510,13298,0.7451528904538203,0.8414914965835936,0.0963386061297733,0.10298338992199142,0.22775574503247553,0.12477235511048411,0.13461420172054253,0.09040341935620284,-0.04421078236433969,False,
burnable_tree_shrub,monthly,august,,78,13848,4105,641,13207,0.7577262187935839,0.8542039765939846,0.09647775780040069,0.12578307343772838,0.287011701400381,0.16122862796265264,0.13845023487450403,0.0944543358155639,-0.043995899058940136,False,
burnable_tree_shrub,monthly,august,,79,13897,4105,680,13217,0.7521110290223376,0.8477108358664643,0.09559980684412672,0.129922999210243,0.3039514677461248,0.1740284685358818,0.13461225461993415,0.09505305014052692,-0.03955920447940722,False,
burnable_tree_shrub,monthly,august,,80,13832,4105,616,13216,0.75464042993931,0.8527291791138645,0.09808874917455446,0.11802431898603093,0.25438039112186783,0.1363560721358369,0.1338089234314637,0.09251794904917535,-0.04129097438228835,False,
burnable_tree_shrub,monthly,august,,81,13861,4105,609,13252,0.7550051620302565,0.8639202212312842,0.10891505920102773,0.10852369458993275,0.26611218804177533,0.1575884934518426,0.1351213253471871,0.09070978857716518,-0.04441153677002192,False,
burnable_tree_shrub,monthly,august,,82,13963,4105,582,13381,0.7585868920670458,0.8554787767750908,0.096891884708045,0.11182936842381917,0.26165390490072044,0.14982453647690125,0.1343349177999136,0.09376862378875038,-0.040566294011163226,False,
burnable_tree_shrub,monthly,august,,83,13806,4105,627,13179,0.759802125874945,0.8608346757255907,0.10103254985064569,0.1229620196444906,0.28763616880588755,0.16467414916139694,0.13959681752165237,0.09525281979198295,-0.04434399772966942,False,
burnable_tree_shrub,monthly,august,,84,13881,4105,651,13230,0.7292662140807851,0.847473855560316,0.11820764147953089,0.09593776533640808,0.27438033882242596,0.17844257348601789,0.13910467472724625,0.09431149193230265,-0.0447931827949436,False,
burnable_tree_shrub,monthly,august,,85,13935,4105,608,13327,0.7606472860793086,0.8554570411076841,0.09480975502837541,0.11783953466825885,0.24413177290235052,0.1262922382340917,0.13767614697476988,0.09313374879631202,-0.04454239817845786,False,
burnable_tree_shrub,monthly,august,,86,13836,4105,637,13199,0.737522929701991,0.8377478052128728,0.10022487551088188,0.11190414912355887,0.24865730133759423,0.13675315221403536,0.13957477087443393,0.09921785097904895,-0.04035691989538498,False,
burnable_tree_shrub,monthly,august,,87,13852,4105,559,13293,0.7734178089077239,0.8673849755079779,0.09396716660025395,0.11074363780897278,0.2927377226560223,0.18199408484704954,0.13265833330768328,0.0896644051823483,-0.04299392812533498,False,
burnable_tree_shrub,monthly,august,,88,13860,4105,556,13304,0.7386198828069235,0.8466960496545637,0.10807616684764021,0.09209529923758966,0.25124928602136615,0.15915398678377649,0.1390436962141165,0.09458181480016523,-0.04446188141395127,False,
burnable_tree_shrub,monthly,august,,89,13728,4105,553,13175,0.7428823975486478,0.8490801596261208,0.106197762077473,0.105183520415347,0.23615129336005197,0.13096777294470496,0.13690952580173377,0.0944466527986299,-0.04246287300310386,False,
burnable_tree_shrub,monthly,august,,90,13862,4105,598,13264,0.7619096727733377,0.8631724011683497,0.10126272839501205,0.1181478668240049,0.2772567744348714,0.1591089076108665,0.13714226951709588,0.09509414708843292,-0.04204812242866296,False,
burnable_tree_shrub,monthly,august,,91,14001,4105,613,13388,0.7493169115923247,0.8486427913093023,0.0993258797169776,0.11013722750212952,0.22877343844232748,0.11863621094019795,0.13679848146685467,0.09597136176977868,-0.04082711969707599,False,
burnable_tree_shrub,monthly,august,,92,13930,4105,602,13328,0.7646171425380783,0.8593445891645695,0.09472744662649113,0.12077750397506279,0.25288274471200917,0.13210524073694638,0.13706952120968324,0.09454287607917704,-0.042526645130506205,False,
burnable_tree_shrub,monthly,august,,93,13905,4105,652,13253,0.7620882457913222,0.856385393005126,0.09429714721380378,0.12246862578268523,0.27854794221951085,0.1560793164368256,0.1387349108203353,0.09628967524230411,-0.042445235578031176,False,
burnable_tree_shrub,monthly,august,,94,13900,4105,630,13270,0.771210870683365,0.8607230176672529,0.08951214698388787,0.1231383101077223,0.2481755757816291,0.1250372656739068,0.133837659282373,0.09326119445605736,-0.04057646482631565,False,
burnable_tree_shrub,monthly,august,,95,13961,4105,563,13398,0.753745488908103,0.863812154036935,0.11006666512883201,0.10887485512960071,0.2303472613172001,0.12147240618759939,0.1321423257777726,0.09036429864802159,-0.04177802712975101,False,
burnable_tree_shrub,monthly,august,,96,13943,4105,573,13370,0.7592761267770176,0.8573882555955417,0.09811212881852405,0.11426767233991782,0.22679231891902815,0.11252464657911034,0.1366055667136034,0.09608011949657118,-0.04052544721703223,False,
burnable_tree_shrub,monthly,august,,97,13851,4105,642,13209,0.7596884169176636,0.8499512038544474,0.0902627869367838,0.11594680229967172,0.27580120495606525,0.15985440265639353,0.13300011796553154,0.09361236656809659,-0.03938775139743496,False,
burnable_tree_shrub,monthly,august,,98,13779,4105,582,13197,0.7370911383327514,0.8369062712628379,0.09981513293008648,0.09773451226670471,0.20842183613109133,0.11068732386438662,0.1363875045800454,0.09313108954270607,-0.04325641503733932,False,
burnable_tree_shrub,monthly,august,,99,13838,4105,646,13192,0.7490531600913961,0.848086055062924,0.0990328949715279,0.12365241911340198,0.28105982330976276,0.1574074041963608,0.13675997759699454,0.09334751900860223,-0.04341245858839231,False,
burnable_tree_shrub,monthly,august,,100,13879,4105,574,13305,0.7487122679247407,0.858400669366655,0.10968840144191438,0.09929829382209795,0.2375642874194915,0.13826599359739355,0.13808630207206093,0.0936962160929199,-0.04439008597914103,False,
burnable_tree_shrub,monthly,august,,101,13856,4105,642,13214,0.7519008914834497,0.8421244554651987,0.09022356398174891,0.12920936128787444,0.24613281894378386,0.11692345765590942,0.1381390489350208,0.09611728893883627,-0.04202175999618453,False,
burnable_tree_shrub,monthly,august,,102,13767,4105,636,13131,0.767654343339421,0.8578252816681826,0.09017093832876166,0.12145966978173933,0.27009309891966066,0.14863342913792132,0.13258791701954345,0.09146501610549135,-0.0411229009140521,False,
burnable_tree_shrub,monthly,august,,103,13821,4105,685,13136,0.7686268081474436,0.8687410537265396,0.1001142455790961,0.12966955197970506,0.2875387762919114,0.15786922431220632,0.13529382517821337,0.09337659965046986,-0.041917225527743504,False,
burnable_tree_shrub,monthly,august,,104,13795,4105,557,13238,0.7668566335474587,0.8580962047400131,0.09123957119255444,0.12686071188577244,0.2951859424362449,0.16832523055047247,0.13589279362366943,0.0940942489481522,-0.04179854467551723,False,
burnable_tree_shrub,monthly,august,,105,13827,4105,594,13233,0.7493282150200461,0.8486881459752313,0.09935993095518525,0.09686724602299576,0.24957577722232166,0.1527085311993259,0.13526086720275707,0.09214839946418785,-0.04311246773856922,False,
burnable_tree_shrub,monthly,august,,106,13775,4105,565,13210,0.7423534061752627,0.8454365491415059,0.10308314296624321,0.10191806755687813,0.24038726459484538,0.13846919703796726,0.1358768273814779,0.0902287254912234,-0.045648101890254505,False,
burnable_tree_shrub,monthly,august,,107,13859,4105,663,13196,0.7544598504871671,0.8513652155664887,0.09690536507932157,0.11808972539895962,0.2551713020375493,0.13708157663858966,0.1345587917800945,0.09368992191749345,-0.04086886986260105,False,
burnable_tree_shrub,monthly,august,,108,13795,4105,582,13213,0.7725330645154997,0.8660905652898855,0.09355750077438574,0.11618996111419246,0.25622440862543056,0.1400344475112381,0.13229329367958578,0.09201727552758694,-0.04027601815199884,False,
burnable_tree_shrub,monthly,august,,109,13747,4105,633,13114,0.7681154758815694,0.8643195976659653,0.09620412178439597,0.1433975053330018,0.3012248588214692,0.1578273534884674,0.13069562769401522,0.08994944522184413,-0.040746182472171086,False,
burnable_tree_shrub,monthly,august,,110,13952,4105,619,13333,0.7593744770921372,0.859691665958854,0.10031718886671681,0.12498600158117182,0.27603600407188156,0.15105000249070974,0.13691956467091046,0.09241798446881981,-0.04450158020209065,False,
burnable_tree_shrub,monthly,august,,111,13823,4105,577,13246,0.7267451460445467,0.8383712711675687,0.11162612512302206,0.09178865885247961,0.22261831881813637,0.13082965996565676,0.14071950254071952,0.09337277785870543,-0.04734672468201409,False,
burnable_tree_shrub,monthly,august,,112,13857,4105,724,13133,0.762337547058925,0.8688060379298406,0.10646849087091559,0.13870622874486477,0.33628419752008254,0.19757796877521777,0.1356931163637218,0.09183674734332244,-0.04385636902039937,False,
burnable_tree_shrub,monthly,august,,113,13866,4105,643,13223,0.7432331077771201,0.837070204621313,0.09383709684419284,0.11180857910628401,0.23434795195457012,0.1225393728482861,0.13954919424635218,0.09906243976500811,-0.04048675448134406,False,
burnable_tree_shrub,monthly,august,,114,13895,4105,611,13284,0.7654025294571913,0.8646040472497832,0.0992015177925919,0.12590678100114072,0.2902146443949487,0.16430786339380798,0.13317385089027028,0.089231660909229,-0.04394218998104128,False,
burnable_tree_shrub,monthly,august,,115,13914,4105,588,13326,0.7505075495604214,0.8516154548266852,0.10110790526626379,0.11115209074493358,0.2583385066551153,0.14718641591018172,0.13587240829890665,0.09577313543948207,-0.04009927285942458,False,
burnable_tree_shrub,monthly,august,,116,13695,4105,620,13075,0.7656664405107012,0.864985628816382,0.09931918830568076,0.12479535002817826,0.2977127090117641,0.17291735898358584,0.13107131529370794,0.08811021752189888,-0.042961097771809065,False,
burnable_tree_shrub,monthly,august,,117,13887,4105,643,13244,0.7624120878940223,0.8656033918701646,0.10319130397614229,0.11915374252186627,0.31755020615532326,0.19839646363345698,0.1370761144318633,0.09356237615858887,-0.04351373827327443,False,
burnable_tree_shrub,monthly,august,,118,13920,4105,709,13211,0.7582914566962886,0.8625233128908368,0.10423185619454822,0.13118206727081086,0.298694927377893,0.16751286010708213,0.14133917504149784,0.09606269649102134,-0.04527647855047651,False,
burnable_tree_shrub,monthly,august,,119,13852,4105,630,13222,0.7508495941108254,0.8679780932692747,0.11712849915844925,0.1187867642348821,0.28746388422261315,0.16867711998773105,0.13789967827514896,0.09359051666723284,-0.04430916160791612,False,
burnable_tree_shrub,monthly,august,,120,13783,4105,737,13046,0.775771817539066,0.8745554036848218,0.09878358614575578,0.13802205700302805,0.32490558211821324,0.1868835251151852,0.13320675412781974,0.09149109830778959,-0.041715655820030145,False,
burnable_tree_shrub,monthly,august,,121,13932,4105,688,13244,0.7752980946176593,0.8777238091140875,0.10242571449642823,0.13893776347385697,0.2973179565428893,0.1583801930690323,0.13713746739688598,0.09270041374262615,-0.04443705365425983,False,
burnable_tree_shrub,monthly,august,,122,13823,4105,623,13200,0.7493538109830244,0.858112809475169,0.10875899849214454,0.11860856504864253,0.2724097754267306,0.15380121037808808,0.1379316315638419,0.09332840368439656,-0.04460322787944533,False,
burnable_tree_shrub,monthly,august,,123,13889,4105,621,13268,0.7445765652664238,0.8484352311835239,0.10385866591710013,0.10123410775141209,0.2462758502221662,0.1450417424707541,0.1396822463946353,0.09678436845491102,-0.042897877939724285,False,
burnable_tree_shrub,monthly,august,,124,13990,4105,627,13363,0.7423713099597415,0.8483299300205368,0.10595862006079526,0.0998364127996672,0.2642257318101162,0.164389319010449,0.13367221374163102,0.09146165342539891,-0.042210560316232104,False,
burnable_tree_shrub,monthly,august,,125,13867,4105,634,13233,0.7543129557808947,0.8504764520206987,0.09616349623980391,0.11426144252424945,0.2338072102766414,0.11954576775239194,0.1353079458817006,0.09249797541033046,-0.042809970471370126,False,
burnable_tree_shrub,monthly,august,,126,13749,4105,597,13152,0.7589040090965778,0.8529941882975298,0.09409017920095197,0.1093467218263277,0.24783550907927646,0.13848878725294878,0.13337629125168843,0.09086983960908201,-0.04250645164260641,False,
burnable_tree_shrub,monthly,august,,127,13872,4105,584,13288,0.7494685698498181,0.8556277988998211,0.10615922905000297,0.11356176966412049,0.2539654553863985,0.140403685722278,0.13945714960598227,0.09465765671019537,-0.0447994928957869,False,
burnable_tree_shrub,monthly,august,,128,13906,4105,586,13320,0.7704802498744479,0.8652698346810974,0.09478958480664956,0.11209081011178744,0.2741621845063021,0.16207137439451463,0.1336703107031512,0.09181307748215964,-0.04185723322099155,False,
burnable_tree_shrub,monthly,august,,129,13860,4105,617,13243,0.7461937935836198,0.8428453868965483,0.0966515933129285,0.11130598939672348,0.24289550478247796,0.13158951538575447,0.1374010961735524,0.09272843291961042,-0.04467266325394198,False,
burnable_tree_shrub,monthly,august,,130,13873,4105,596,13277,0.735763592790277,0.8390461023326912,0.10328250954241414,0.10255483885511844,0.22983739043362786,0.12728255157850943,0.14034843472735323,0.09724587967300394,-0.04310255505434929,False,
burnable_tree_shrub,monthly,august,,131,13772,4105,624,13148,0.7271154382454581,0.846188888531355,0.11907345028589689,0.09459326134898782,0.2202268051362306,0.12563354378724279,0.1434754386095795,0.09807842969446745,-0.04539700891511206,False,
burnable_tree_shrub,monthly,august,,132,13941,4105,657,13284,0.7681839472715715,0.8676888734894452,0.09950492621787377,0.13178094422576914,0.2839558741928864,0.1521749299671173,0.1375184696462642,0.09713798904511237,-0.04038048060115185,False,
burnable_tree_shrub,monthly,august,,133,13843,4105,608,13235,0.7588296333485773,0.8515263058477324,0.09269667249915503,0.13099597192629372,0.2671523969760763,0.13615642504978256,0.13752585070705903,0.0945908321853947,-0.04293501852166433,False,
burnable_tree_shrub,monthly,august,,134,13791,4105,608,13183,0.7574937020165524,0.8575463640374166,0.10005266202086416,0.11494694295470993,0.24510579877710884,0.1301588558223989,0.13540366411152918,0.09337314802890706,-0.04203051608262212,False,
burnable_tree_shrub,monthly,august,,135,13889,4105,570,13319,0.74810724160051,0.8472667327903813,0.09915949118987133,0.10929312916955579,0.24315141112357544,0.13385828195401966,0.13621289487035185,0.09427635265945485,-0.041936542210897,False,
burnable_tree_shrub,monthly,august,,136,13798,4105,576,13222,0.7501167299030236,0.8343311179599657,0.08421438805694215,0.10989589553064803,0.23172317937067094,0.1218272838400229,0.13758495097326198,0.09523638693599325,-0.042348564037268735,False,
burnable_tree_shrub,monthly,august,,137,13819,4105,578,13241,0.7653155541571752,0.8523401283995475,0.08702457424237231,0.1197156981365481,0.2567690519451174,0.1370533538085693,0.13084009280689463,0.09001449692730132,-0.04082559587959331,False,
burnable_tree_shrub,monthly,august,,138,13908,4105,621,13287,0.7214779086795212,0.8320364959053969,0.11055858722587564,0.09464165051086619,0.2427906071506205,0.1481489566397543,0.13963957009924052,0.09387360421286958,-0.04576596588637094,False,
burnable_tree_shrub,monthly,august,,139,13862,4105,627,13235,0.7493820755825409,0.8482817959484692,0.09889972036592831,0.11737563414841426,0.2542490600610532,0.13687342591263893,0.1368769932267396,0.09449780227219669,-0.042379190954542914,False,
burnable_tree_shrub,monthly,august,,140,13869,4105,561,13308,0.7421203227308357,0.8642401846931631,0.12211986196232738,0.09386405025615865,0.2363857112374282,0.14252166098126953,0.13672263500184162,0.09417276508311594,-0.04254986991872568,False,
burnable_tree_shrub,monthly,august,,141,13942,4105,672,13270,0.7720091192091003,0.8740733887752539,0.10206426956615355,0.12984349112046648,0.3092594712246803,0.1794159801042138,0.13416632092518183,0.09062895897797757,-0.043537361947204256,False,
burnable_tree_shrub,monthly,august,,142,13806,4105,624,13182,0.7334372532085323,0.8409080078117401,0.10747075460320787,0.11319159527576364,0.24754483671277638,0.13435324143701274,0.13764487341930054,0.09497393950513927,-0.04267093391416127,False,
burnable_tree_shrub,monthly,august,,143,13866,4105,554,13312,0.7482024036292002,0.8451218248837129,0.0969194212545127,0.09385097392085529,0.21415797646210424,0.12030700254124896,0.13679439076419134,0.09745288667563416,-0.039341504088557175,False,
burnable_tree_shrub,monthly,august,,144,13782,4105,633,13149,0.765120684457891,0.8703390727518849,0.10521838829399388,0.13316713083630005,0.29082619532209286,0.1576590644857928,0.13663284433831363,0.09181606242289221,-0.04481678191542142,False,
burnable_tree_shrub,monthly,august,,145,13824,4105,626,13198,0.7559243897444041,0.8471021604105956,0.09117777066619148,0.1332433503847746,0.29339885058183607,0.16015550019706146,0.13367332966252463,0.09106094352023113,-0.0426123861422935,False,
burnable_tree_shrub,monthly,august,,146,13762,4105,520,13242,0.7377603894368733,0.8361474417064585,0.09838705226958522,0.09346709557616395,0.19269433376754602,0.09922723819138207,0.13701960429848567,0.09509113203733363,-0.04192847226115204,False,
burnable_tree_shrub,monthly,august,,147,13870,4105,611,13259,0.7792075024480792,0.853716692327319,0.07450918987923971,0.13532101411900133,0.24278391331150037,0.10746289919249905,0.13527110559656355,0.09852968808699102,-0.036741417509572535,False,
burnable_tree_shrub,monthly,august,,148,13852,4105,559,13293,0.7386609251483054,0.850524177317961,0.11186325216965565,0.0989720173746508,0.23782078534074932,0.13884876796609852,0.13775241516543604,0.0947634611911316,-0.04298895397430444,False,
burnable_tree_shrub,monthly,august,,149,13822,4105,598,13224,0.7413254405186069,0.847814326642347,0.10648888612374008,0.10752769829611251,0.2548977870191464,0.14737008872303387,0.1401519715826259,0.09513753334726273,-0.04501443823536318,False,
burnable_tree_shrub,monthly,august,,150,13821,4105,696,13125,0.7443931034482758,0.8518898193760264,0.10749671592775056,0.11781783451016964,0.2756096778459443,0.15779184333577467,0.13843027303396382,0.09594011400551296,-0.042490159028450866,False,
burnable_tree_shrub,monthly,august,,151,13840,4105,670,13170,0.7468335996554812,0.8613133648386768,0.11447976518319558,0.12330718363425688,0.27777370908851645,0.15446652545425957,0.13992521554553927,0.09555744256626443,-0.04436777297927484,False,
burnable_tree_shrub,monthly,august,,152,13803,4105,604,13199,0.7518146819270375,0.8563624752828456,0.1045477933558081,0.11447565101911863,0.2613332670789596,0.14685761605984096,0.13526140630521621,0.09347560517321885,-0.04178580113199737,False,
burnable_tree_shrub,monthly,august,,153,13845,4105,579,13266,0.7600154094238077,0.860910681844871,0.10089527242106322,0.11446759154688718,0.2510935453857032,0.13662595383881604,0.1371193208533026,0.09363999510537624,-0.04347932574792637,False,
burnable_tree_shrub,monthly,august,,154,13869,4105,614,13255,0.7624868988040897,0.8605607619028897,0.09807386309879995,0.11451907067364824,0.24503657909012463,0.1305175084164764,0.13895550002814774,0.09603717753844844,-0.042918322489699304,False,
burnable_tree_shrub,monthly,august,,155,13866,4105,576,13290,0.7510158013544018,0.8479785866566341,0.09696278530223224,0.11746062663430883,0.23715927690674174,0.11969865027243291,0.13458116252365604,0.09416761294520568,-0.040413549578450364,False,
burnable_tree_shrub,monthly,august,,156,13864,4105,578,13286,0.7519827307356339,0.856275200838409,0.10429247010277509,0.11239559152576045,0.28974936934294576,0.1773537778171853,0.1367999413890382,0.09280545597755682,-0.04399448541148138,False,
burnable_tree_shrub,monthly,august,,157,13747,4105,658,13089,0.7425897195282889,0.8547859510329215,0.11219623150463265,0.12736130946103516,0.2789612872984593,0.15159997783742415,0.1406680644415443,0.09426136775590435,-0.04640669668563996,False,
burnable_tree_shrub,monthly,august,,158,13829,4105,528,13301,0.7343734692994147,0.8390449111823445,0.10467144188292976,0.08507649769562262,0.21078286125626386,0.12570636356064124,0.1375678787447369,0.09666182397008725,-0.04090605477464963,False,
burnable_tree_shrub,monthly,august,,159,13856,4105,648,13208,0.7560396430147087,0.8438846569793093,0.08784501396460054,0.11438191837282974,0.2465504483479458,0.13216852997511605,0.13581394466766106,0.09668558573581304,-0.03912835893184802,False,
burnable_tree_shrub,monthly,august,,160,13844,4105,575,13269,0.7212776428878032,0.8216060317117047,0.1003283888239015,0.09410715052323572,0.21340276526554053,0.11929561474230481,0.13954883626259842,0.09754981119066378,-0.04199902507193465,False,
burnable_tree_shrub,monthly,august,,161,13861,4105,609,13252,0.7425214993727749,0.8475769930566603,0.10505549368388545,0.11509373706947504,0.23992019477664012,0.12482645770716508,0.13914438294203918,0.09690504074739753,-0.04223934219464165,False,
burnable_tree_shrub,monthly,august,,162,13817,4105,651,13166,0.7442390479783962,0.8380709003990869,0.0938318524206907,0.12093865702340623,0.25020458138823254,0.1292659243648263,0.13685242322404784,0.09471271185759471,-0.04213971136645313,False,
burnable_tree_shrub,monthly,august,,163,13965,4105,700,13265,0.7473856012061817,0.8558313499542296,0.10844574874804791,0.12348614319723512,0.27461634491831954,0.15113020172108443,0.13999177316959197,0.09528748209700133,-0.044704291072590635,False,
burnable_tree_shrub,monthly,august,,164,13867,4105,642,13225,0.7610383430795776,0.8652556107155687,0.10421726763599104,0.11815122583403884,0.30084918582582454,0.1826979599917857,0.13677171437266267,0.09269760979823116,-0.044074104574431505,False,
burnable_tree_shrub,monthly,august,,165,13873,4105,623,13250,0.7476402071534571,0.8607945122505224,0.11315430509706526,0.11112846046670202,0.23383015337565247,0.12270169290895044,0.1398289019036441,0.09560393496906477,-0.044224966934579335,False,
burnable_tree_shrub,monthly,august,,166,13894,4105,666,13228,0.7469381991607573,0.8464199949874277,0.09948179582667038,0.12540294452537157,0.2603986438246554,0.13499569929928382,0.13766096083312443,0.09638603802801533,-0.041274922805109096,False,
burnable_tree_shrub,monthly,august,,167,13856,4105,702,13154,0.7709025062301632,0.8656430594054131,0.09474055317524988,0.1438034132242621,0.3311413591989023,0.1873379459746402,0.13690276368297163,0.09414022853927288,-0.04276253514369875,False,
burnable_tree_shrub,monthly,august,,168,13858,4105,539,13319,0.768463203695364,0.8681437833240306,0.09968057962866661,0.110643531943378,0.2405809190493054,0.1299373871059274,0.13165440857430502,0.09085959639710814,-0.04079481217719688,False,
burnable_tree_shrub,monthly,august,,169,13888,4105,652,13236,0.7770533560636821,0.8887452791883821,0.1116919231247,0.12022471603277263,0.3162557613527846,0.19603104532001198,0.13601332018089024,0.09073712634643971,-0.04527619383445053,False,
burnable_tree_shrub,monthly,august,,170,13954,4105,638,13316,0.7360514986096346,0.8490648344415137,0.11301333583187911,0.10138827537104461,0.24380717431208257,0.14241889894103796,0.137138286699432,0.09481667543795803,-0.042321611261473976,False,
burnable_tree_shrub,monthly,august,,171,13930,4105,572,13358,0.7405558021855372,0.8425144252363896,0.10195862305085246,0.09278202531126768,0.213174902303843,0.12039287699257532,0.14036513570868261,0.09756654459558525,-0.04279859111309736,False,
burnable_tree_shrub,monthly,august,,172,13794,4105,625,13169,0.7250883134634368,0.8342516516060445,0.1091633381426077,0.10662534436354236,0.2693820090620733,0.16275666469853095,0.14094731025919915,0.09768353220493757,-0.043263778054261584,False,
burnable_tree_shrub,monthly,august,,173,13777,4105,682,13095,0.7468974189293445,0.8561711225994564,0.10927370367011191,0.11499390466769702,0.3038067335485957,0.1888128288808987,0.13673127782547861,0.09388073347313709,-0.04285054435234152,False,
burnable_tree_shrub,monthly,august,,174,13806,4105,655,13151,0.7515057340428064,0.8448818509143066,0.09337611687150016,0.11942586613227646,0.2577083326398163,0.13828246650753984,0.13619630710135794,0.0961074857644714,-0.04008882133688654,False,
burnable_tree_shrub,monthly,august,,175,13942,4105,543,13399,0.7482691941085182,0.8301965032161356,0.08192730910761736,0.11093374932483346,0.1983132344002673,0.08737948507543383,0.13677983038865688,0.09741338326347211,-0.039366447125184764,False,
burnable_tree_shrub,monthly,august,,176,13840,4105,672,13168,0.7421665934371926,0.8544274901637448,0.11226089672655215,0.11684489624322283,0.2724601803636941,0.1556152841204713,0.14141660386631838,0.09651802221852916,-0.04489858164778922,False,
burnable_tree_shrub,monthly,august,,177,13834,4105,656,13178,0.7471865063353926,0.8540015186063987,0.1068150122710061,0.114124998084975,0.2817732347595716,0.1676482366745966,0.14213650263363864,0.09416795469874956,-0.04796854793488908,False,
burnable_tree_shrub,monthly,august,,178,13862,4105,611,13251,0.7518261599254282,0.8419365193819792,0.09011035945655099,0.1108636452924704,0.24804620326668114,0.13718255797421075,0.13723585403719704,0.09288638790838842,-0.04434946612880862,False,
burnable_tree_shrub,monthly,august,,179,13750,4105,590,13160,0.7610965431971564,0.8595206970274586,0.09842415383030223,0.12060550045404589,0.25974352774911913,0.13913802729507324,0.1374116546251558,0.09423904410523738,-0.04317261051991843,False,
burnable_tree_shrub,monthly,august,,180,13856,4105,585,13271,0.7502238348896475,0.8464991785314293,0.09627534364178181,0.11299214624991548,0.24218732492323802,0.12919517867332253,0.1358047799648916,0.09579599769686042,-0.04000878226803117,False,
burnable_tree_shrub,monthly,august,,181,13905,4105,576,13329,0.7389604746542626,0.8560413644851244,0.11708088983086173,0.09877884957203291,0.2239239649774723,0.12514511540543938,0.1363755998666374,0.09529869120335815,-0.04107690866327923,False,
burnable_tree_shrub,monthly,august,,182,13794,4105,583,13211,0.7609289934981933,0.8683168283408507,0.10738783484265735,0.12279329487845594,0.2668275391520943,0.14403424427363834,0.1380519576278981,0.0921983602657738,-0.0458535973621243,False,
burnable_tree_shrub,monthly,august,,183,13790,4105,575,13215,0.7426244879830233,0.8510638437875273,0.10843935580450403,0.09454163661349986,0.22416474568229067,0.12962310906879082,0.13583039105692254,0.09368290068176652,-0.04214749037515603,False,
burnable_tree_shrub,monthly,august,,184,13834,4105,648,13186,0.7491668351955777,0.8564617612581994,0.1072949260626217,0.1190671787010138,0.26902638794978173,0.14995920924876793,0.1377608803877343,0.09534699553028568,-0.04241388485744861,False,
burnable_tree_shrub,monthly,august,,185,13950,4105,560,13390,0.7342214339058999,0.8467706444041395,0.11254921049823963,0.08638711846435614,0.22719104963191686,0.14080393116756074,0.13826608375115018,0.09415198441912882,-0.04411409933202136,False,
burnable_tree_shrub,monthly,august,,186,13770,4105,608,13162,0.7822475637601067,0.8800023767584514,0.09775481299834465,0.13910103315690164,0.33728320901981274,0.1981821758629111,0.13287798003420329,0.08960907855350551,-0.04326890148069777,False,
burnable_tree_shrub,monthly,august,,187,13941,4105,639,13302,0.7662803362549879,0.8697791335459928,0.10349879729100486,0.12313748861115917,0.27039551229617165,0.14725802368501248,0.13624679900484546,0.09206468311655619,-0.04418211588828927,False,
burnable_tree_shrub,monthly,august,,188,13965,4105,498,13467,0.7447315064073029,0.8472187554703854,0.10248724906308249,0.087612757842941,0.2210740488207792,0.1334612909778382,0.1357786240666548,0.09001019627258508,-0.04576842779406973,False,
burnable_tree_shrub,monthly,august,,189,14001,4105,558,13443,0.7543668381327027,0.8467803925615042,0.0924135544288015,0.10165769689648316,0.2531638674718759,0.15150617057539276,0.1363646817533301,0.09125841835591321,-0.0451062633974169,False,
burnable_tree_shrub,monthly,august,,190,13855,4105,602,13253,0.7251174622783333,0.83405249184476,0.10893502956642676,0.08908358367012115,0.20498986383176795,0.11590628016164681,0.14159672681502147,0.09860642265574579,-0.04299030415927568,False,
burnable_tree_shrub,monthly,august,,191,13874,4105,591,13283,0.7458116318034591,0.847648222292963,0.10183659048950389,0.10208470366385884,0.2369354469551034,0.13485074329124458,0.1407663098726524,0.09804810823140592,-0.042718201641246484,False,
burnable_tree_shrub,monthly,august,,192,13805,4105,588,13217,0.7555912582177458,0.8552108215609767,0.09961956334323097,0.11181442842347718,0.2126524377440652,0.10083800932058802,0.13646969649216825,0.09409763874420914,-0.042372057747959116,False,
burnable_tree_shrub,monthly,august,,193,13846,4105,614,13232,0.7311713977368062,0.8340358631134078,0.10286446537660165,0.11060189467396303,0.228532862596846,0.11793096792288296,0.13430283362582557,0.09436305964115976,-0.039939773984665805,False,
burnable_tree_shrub,monthly,august,,194,13906,4105,660,13246,0.7549327641506414,0.8622730017981415,0.10734023764750011,0.11685111038706185,0.27750427866847194,0.16065316828141007,0.13801605635049694,0.0942668292437331,-0.043749227106763836,False,
burnable_tree_shrub,monthly,august,,195,13836,4105,606,13230,0.7398994434590851,0.8506543284713959,0.11075488501231079,0.09954895109820334,0.2269968185828594,0.12744786748465603,0.14048887579479302,0.0938342917840341,-0.04665458401075892,False,
burnable_tree_shrub,monthly,august,,196,13811,4105,674,13137,0.779802397423726,0.871610390296824,0.09180799287309793,0.14184760408794728,0.30194278659466744,0.16009518250672017,0.13514188340492045,0.09211318962286082,-0.04302869378205963,False,
burnable_tree_shrub,monthly,august,,197,13788,4105,552,13236,0.7372094824829953,0.8393743074443436,0.10216482496134827,0.09749723937090313,0.21753733915351725,0.12004009978261412,0.13679383802279632,0.09594056091695109,-0.04085327710584523,False,
burnable_tree_shrub,monthly,august,,198,13871,4105,592,13279,0.7348990633452941,0.8299439090984952,0.09504484575320116,0.10502342463909246,0.24406386874150565,0.13904044410241317,0.1367586130289189,0.09519260751984894,-0.041566005509069956,False,
burnable_tree_shrub,monthly,august,,199,13922,4105,609,13313,0.7567694675266481,0.856335406568909,0.09956593904226096,0.11851735388269727,0.2525703886733792,0.13405303479068195,0.13709654989981843,0.09346312307702115,-0.04363342682279728,False,
burnable_tree_shrub,monthly,august,,200,13909,4105,600,13309,0.7462635559896812,0.8417314098229268,0.09546785383324563,0.10612592834813808,0.2720149506187911,0.16588902227065302,0.13491958500311738,0.0941290433565985,-0.04079054164651888,False,
burnable_tree_shrub,monthly,august,,201,13704,4105,611,13093,0.7517113816143182,0.8514718388144338,0.09976045720011562,0.11629564887374352,0.22336782934664806,0.10707218047290454,0.13513452400011278,0.09732267514626097,-0.037811848853851804,False,
burnable_tree_shrub,monthly,august,,202,13894,4105,565,13329,0.7562382110469088,0.86231684589527,0.10607863484836122,0.10223061636520692,0.27098243249773335,0.16875181613252643,0.13763987370158273,0.094558215893066,-0.043081657808516735,False,
burnable_tree_shrub,monthly,august,,203,13960,4105,635,13325,0.7520510555317546,0.8595253726492443,0.10747431711748978,0.13203749313440977,0.2445666906159138,0.11252919748150403,0.13562389314950984,0.09405049827424435,-0.0415733948752655,False,
burnable_tree_shrub,monthly,august,,204,13773,4105,545,13228,0.7650695078274331,0.8636778948186083,0.09860838699117525,0.09999666362673586,0.24025239146730099,0.14025572784056511,0.13329081666310383,0.0911533292683074,-0.04213748739479643,False,
burnable_tree_shrub,monthly,august,,205,13853,4105,624,13229,0.7391125218294694,0.8516418619931736,0.1125293401637042,0.1022064059795119,0.25793466880543725,0.15572826282592533,0.13947088193765952,0.09005153874524215,-0.04941934319241738,False,
burnable_tree_shrub,monthly,august,,206,13893,4105,705,13188,0.7731255794543503,0.8652547878255968,0.0921292083712465,0.1435627482538565,0.3097833627714455,0.16622061451758902,0.13518333096912383,0.09350014938068096,-0.041683181588442864,False,
burnable_tree_shrub,monthly,august,,207,13752,4105,681,13071,0.769834489169116,0.8570847279250082,0.08725023875589222,0.13276337608399455,0.28151725826497187,0.14875388218097732,0.13587443051779288,0.09412994719784432,-0.04174448331994857,False,
burnable_tree_shrub,monthly,august,,208,13842,4105,586,13256,0.767572955565488,0.8681450965085551,0.1005721409430671,0.111947351023855,0.2656750132317301,0.1537276622078751,0.13394369068788867,0.09029761368211198,-0.04364607700577669,False,
burnable_tree_shrub,monthly,august,,209,13776,4105,695,13081,0.7232150095228457,0.8456030741495024,0.12238806462665675,0.10203860826252041,0.2667867617231214,0.16474815346060095,0.142218072810086,0.0957311120867296,-0.046486960723356396,False,
burnable_tree_shrub,monthly,august,,210,13877,4105,591,13286,0.7686422586985829,0.8652216001322461,0.0965793414336632,0.12334101113787051,0.2844704049304568,0.16112939379258628,0.13833940235790332,0.09718991772440287,-0.04114948463350045,False,
burnable_tree_shrub,monthly,august,,211,13844,4105,615,13229,0.7343532655222236,0.8286828579979806,0.09432959247575701,0.1093658185650888,0.23407269575428363,0.12470687718919483,0.13978520596250726,0.0982853137037459,-0.04149989225876137,False,
burnable_tree_shrub,monthly,august,,212,13787,4105,676,13111,0.746367046235624,0.8458925925608335,0.09952554632520949,0.12194109629629807,0.26164376006772944,0.13970266377143137,0.1362294503022637,0.09509812037652789,-0.0411313299257358,False,
burnable_tree_shrub,monthly,august,,213,13859,4105,532,13327,0.734363249235116,0.8444910298557228,0.1101277806206068,0.08969492315936313,0.2016437870902635,0.11194886393090038,0.1398140031902797,0.09501899160282277,-0.044795011587456926,False,
burnable_tree_shrub,monthly,august,,214,13880,4105,653,13227,0.7483867225503174,0.8631414396581497,0.11475471710783236,0.11534791280285137,0.2724325740820849,0.1570846612792335,0.13838221254296348,0.09133719964886725,-0.04704501289409624,False,
burnable_tree_shrub,monthly,august,,215,13747,4105,638,13109,0.7674011800263573,0.860437718851654,0.09303653882529672,0.13347358064142922,0.29204134937457665,0.15856776873314743,0.13385983446062405,0.0944826381767621,-0.03937719628386195,False,
burnable_tree_shrub,monthly,august,,216,13856,4105,612,13244,0.7580428577350602,0.861346141698399,0.10330328396333877,0.12640709308090525,0.28660845054310985,0.1602013574622046,0.1373542030410261,0.09292784094690548,-0.044426362094120625,False,
burnable_tree_shrub,monthly,august,,217,13864,4105,597,13267,0.7508399513711368,0.8585335789270212,0.10769362755588441,0.10622382995266146,0.25719796657163896,0.15097413661897752,0.1329812559716231,0.08891908006729256,-0.04406217590433055,False,
burnable_tree_shrub,monthly,august,,218,13816,4105,561,13255,0.7466662094349759,0.8466380358940325,0.09997182645905667,0.10257809775056399,0.24617958500390688,0.14360148725334287,0.13737854378902956,0.09509171943327008,-0.04228682435575948,False,
burnable_tree_shrub,monthly,august,,219,13651,4105,593,13058,0.7750898378669612,0.8650908116001845,0.09000097373322336,0.118288629609568,0.27926346480627245,0.16097483519670447,0.13646596923743085,0.09455682435888389,-0.04190914487854695,False,
burnable_tree_shrub,monthly,august,,220,13860,4105,651,13209,0.7326458627624255,0.8380365223683197,0.10539065960589422,0.11133029796198515,0.2218919256239166,0.11056162766193145,0.1376668505637799,0.09773770138055542,-0.039929149183224474,False,
burnable_tree_shrub,monthly,august,,221,13887,4105,560,13327,0.7284335505793824,0.8444677293142814,0.11603417873489896,0.0956672414611017,0.24000239582708288,0.14433515436598118,0.13794224205285638,0.0930033111928213,-0.04493893086003507,False,
burnable_tree_shrub,monthly,august,,222,13921,4105,633,13288,0.7535113461598819,0.8466958274246181,0.09318448126473622,0.11502863626970698,0.2479588540415417,0.13293021777183472,0.13994390216318048,0.09619651035495004,-0.04374739180823044,False,
burnable_tree_shrub,monthly,august,,223,13824,4105,579,13245,0.746692824417726,0.8523322582054297,0.10563943378770368,0.10394492986749826,0.27022386555694733,0.16627893568944907,0.13832605616865778,0.09302299463281705,-0.04530306153584074,False,
burnable_tree_shrub,monthly,august,,224,13961,4105,674,13287,0.7523837471712718,0.8435052534560564,0.09112150628478466,0.12414380506649413,0.2827372660221715,0.15859346095567733,0.13739354828930841,0.09535687808687242,-0.042036670202436,False,
burnable_tree_shrub,monthly,august,,225,13904,4105,642,13262,0.7613583137073061,0.8461905540435725,0.08483224033626635,0.1314793684494292,0.2620340945971742,0.130554726147745,0.13570643581385256,0.0932913175969569,-0.042415118216895656,False,
burnable_tree_shrub,monthly,august,,226,13733,4105,601,13132,0.749969590736933,0.8541213800939951,0.10415178935706204,0.12423778705137226,0.25947210918918096,0.1352343221378087,0.13546744989278497,0.09225056408010339,-0.043216885812681585,False,
burnable_tree_shrub,monthly,august,,227,13829,4105,595,13234,0.7520815368613819,0.8473029743860669,0.09522143752468504,0.1169055456509151,0.2591585932523182,0.14225304760140312,0.13359438986227956,0.09194209974782665,-0.041652290114452914,False,
burnable_tree_shrub,monthly,august,,228,13948,4105,644,13304,0.7491080532450894,0.843580294349432,0.0944722411043426,0.12270902226705846,0.27390783604570473,0.15119881377864627,0.1343594874830648,0.09235579115141125,-0.04200369633165356,False,
burnable_tree_shrub,monthly,august,,229,13692,4105,627,13065,0.7711341464680035,0.872322719612586,0.10118857314458252,0.12045736183255028,0.2746800184441879,0.1542226566116376,0.1387037874064712,0.09410912989849714,-0.044594657507974075,False,
burnable_tree_shrub,monthly,august,,230,13920,4105,597,13323,0.7599816993848625,0.8701276152334642,0.11014591584860167,0.10816136341306425,0.26794920317142484,0.15978783975836058,0.1380844135085678,0.09463828950114127,-0.04344612400742652,False,
burnable_tree_shrub,monthly,august,,231,13923,4105,646,13277,0.7656794228059371,0.8717279421966477,0.10604851939071058,0.12390758922390119,0.2913180093159039,0.16741042009200272,0.1340406122869465,0.09086922891406675,-0.04317138337287975,False,
burnable_tree_shrub,monthly,august,,232,13839,4105,603,13236,0.7610167406144457,0.8474064025595804,0.08638966194513475,0.1332443802123114,0.23897886755034745,0.10573448733803606,0.13577470481920312,0.09708958266281495,-0.03868512215638817,False,
burnable_tree_shrub,monthly,august,,233,13933,4105,592,13341,0.753439154243067,0.8645939058014614,0.1111547515583945,0.10637449910376565,0.2722724542850655,0.16589795518129988,0.14032609956727177,0.09380007516206468,-0.04652602440520709,False,
burnable_tree_shrub,monthly,august,,234,13909,4105,625,13284,0.7528016862390846,0.8471087021981332,0.09430701595904856,0.10557159443959517,0.23824358697219003,0.13267199253259487,0.13466205277759563,0.09447697534913438,-0.04018507742846125,False,
burnable_tree_shrub,monthly,august,,235,13874,4105,568,13306,0.7605543829639494,0.8602095342988337,0.09965515133488434,0.12086256003361917,0.29631409356573263,0.17545153353211346,0.13472347139829055,0.09240477111471238,-0.042318700283578176,False,
burnable_tree_shrub,monthly,august,,236,13905,4105,605,13300,0.7456473000683527,0.8471969179146213,0.10154961784626859,0.11409895249162869,0.2181959993778269,0.10409704688619822,0.1385153426042709,0.09537043620559736,-0.043144906398673535,False,
burnable_tree_shrub,monthly,august,,237,13777,4105,640,13137,0.7665281028773692,0.8631097996117835,0.0965816967344143,0.12404445203857219,0.27028754728555093,0.14624309524697876,0.13403633895870568,0.09209732042366375,-0.04193901853504192,False,
burnable_tree_shrub,monthly,august,,238,13853,4105,545,13308,0.7463006317507852,0.8466668321186401,0.10036620036785493,0.10354384934282126,0.2481703253706315,0.14462647602781023,0.14040564388416846,0.09434731892995436,-0.046058324954214094,False,
burnable_tree_shrub,monthly,august,,239,13834,4105,591,13243,0.7406842525623791,0.8339852756230569,0.09330102306067778,0.12269738604250097,0.2476019400206746,0.12490455397817363,0.13874910215989145,0.0954372677609397,-0.04331183439895174,False,
burnable_tree_shrub,monthly,august,,240,13813,4105,655,13158,0.7520559866055423,0.8575966323567121,0.10554064575116984,0.12264472493520388,0.26365126639249487,0.14100654145729097,0.13754738426045124,0.09349379054423312,-0.044053593716218115,False,
burnable_tree_shrub,monthly,august,,241,13857,4105,537,13320,0.7623946572270595,0.8651581749347113,0.1027635177076518,0.11724025420210124,0.2774696531215177,0.16022939891941648,0.1339817973077598,0.09014909373880739,-0.043832703568952414,False,
burnable_tree_shrub,monthly,august,,242,13877,4105,616,13261,0.7620606808168078,0.8663257506387738,0.10426506982196604,0.12327888772970468,0.2586030800406367,0.135324192310932,0.13752495120722494,0.09374411886450963,-0.043780832342715306,False,
burnable_tree_shrub,monthly,august,,243,13898,4105,603,13295,0.7388928492799884,0.8541109171454998,0.11521806786551136,0.10049010205656891,0.2637320365799893,0.16324193452342037,0.13915394714552792,0.0941678724227919,-0.044986074722736025,False,
burnable_tree_shrub,monthly,august,,244,13827,4105,594,13233,0.7586712486206176,0.856401746373786,0.09773049775316833,0.11541470016862627,0.24107146173581526,0.12565676156718897,0.13532598818353703,0.09314684077894021,-0.042179147404596815,False,
burnable_tree_shrub,monthly,august,,245,13833,4105,679,13154,0.7715668226602144,0.8712016459375658,0.0996348232773514,0.12330715412711296,0.2812910829332373,0.15798392880612433,0.1358644711441068,0.09257834251621541,-0.043286128627891385,False,
burnable_tree_shrub,monthly,august,,246,13768,4105,590,13178,0.7484655988023182,0.8542218540916937,0.10575625528937549,0.10899343467154289,0.26504927977893594,0.15605584510739307,0.14010980961118505,0.0957096373971982,-0.044400172213986844,False,
burnable_tree_shrub,monthly,august,,247,13864,4105,614,13250,0.7454701001782311,0.8483013951201525,0.10283129494192134,0.114037684111638,0.285648530779387,0.171610846667749,0.13571503735733748,0.09085201328291301,-0.04486302407442447,False,
burnable_tree_shrub,monthly,august,,248,13963,4105,670,13293,0.7714921218776352,0.8738833478735862,0.10239122599595107,0.13236661991623905,0.30107767784775846,0.16871105793151941,0.13718218739547916,0.09346802060135817,-0.04371416679412099,False,
burnable_tree_shrub,monthly,august,,249,13805,4105,644,13161,0.7567633479492629,0.868411033257021,0.11164768530775804,0.1302637177575104,0.30271695774612434,0.17245323998861395,0.1328689196748844,0.09119604114754297,-0.04167287852734143,False,
burnable_tree_shrub,monthly,august,,250,13971,4105,673,13298,0.7564680876834757,0.8536749429077695,0.09720685522429373,0.13250451992916734,0.3005790518583071,0.16807453192913974,0.13860508070229932,0.09544595972949851,-0.04315912097280081,False,
burnable_tree_shrub,monthly,august,,251,13818,4105,578,13240,0.7352619722138011,0.8458371663931255,0.11057519417932438,0.10264338299237886,0.21999268295050262,0.11734929995812375,0.13654398236893478,0.09142617515211178,-0.045117807216823,False,
burnable_tree_shrub,monthly,august,,252,13925,4105,572,13353,0.7511487426675025,0.8457521659049406,0.09460342323743809,0.10895993509754048,0.22877522462443428,0.1198152895268938,0.13799992222672916,0.09653233291611764,-0.04146758931061152,False,
burnable_tree_shrub,monthly,august,,253,13819,4105,607,13212,0.7389807378944107,0.844899998553559,0.10591926065914836,0.11050325812285407,0.24776929709722634,0.13726603897437228,0.1379673697242549,0.09558762959095725,-0.042379740133297664,False,
burnable_tree_shrub,monthly,august,,254,13960,4105,650,13310,0.7430133502860776,0.8458723920707392,0.10285904178466154,0.11286526043682729,0.23939674011660383,0.12653147967977654,0.13972121690353223,0.09510196167220868,-0.044619255231323554,False,
burnable_tree_shrub,monthly,august,,255,13799,4105,702,13097,0.7412550926714475,0.8515429035204556,0.11028781084900807,0.11603497027589912,0.255396581722067,0.13936161144616785,0.1403260255741564,0.09644585402237683,-0.043880171551779576,False,
burnable_tree_shrub,monthly,august,,256,13825,4105,676,13149,0.7580099235840825,0.8453647565162334,0.08735483293215096,0.13671377104699364,0.2781579765000391,0.14144420545304545,0.13883335034737057,0.09675792659026043,-0.04207542375711014,False,
burnable_tree_shrub,monthly,august,,257,13893,4105,657,13236,0.7404002413969005,0.8348764473809495,0.09447620598404893,0.11206251094520002,0.2529963025792413,0.14093379163404124,0.14045170872205226,0.09831515275872448,-0.042136555963327785,False,
burnable_tree_shrub,monthly,august,,258,13953,4105,606,13347,0.7600092331103194,0.8607814366511949,0.10077220354087546,0.11028326810168793,0.2669350982324562,0.15665183013076828,0.1393112511155962,0.09436692180704064,-0.04494432930855556,False,
burnable_tree_shrub,monthly,august,,259,13721,4105,682,13039,0.7510015633226645,0.8521506313453053,0.10114906802264079,0.14580749422551595,0.30144472374453773,0.15563722951902179,0.1347764950524829,0.09120395633929453,-0.04357253871318838,False,
burnable_tree_shrub,monthly,august,,260,13889,4105,631,13258,0.7585963706032587,0.8631694788709935,0.1045731082677348,0.11305668499062281,0.29992426015891915,0.18686757516829633,0.13810289819597207,0.09451372282334335,-0.04358917537262873,False,
burnable_tree_shrub,monthly,august,,261,13829,4105,625,13204,0.7448275068161163,0.8478415025749773,0.10301399575886094,0.10272060105246923,0.22579276114524688,0.12307216009277765,0.13856957110509321,0.09953992656168204,-0.03902964454341118,False,
burnable_tree_shrub,monthly,august,,262,13810,4105,608,13202,0.7456468417863322,0.8562686001522894,0.11062175836595722,0.10653419808837715,0.24516510515915976,0.13863090707078263,0.1390325773481067,0.09339595247531962,-0.04563662487278708,False,
burnable_tree_shrub,monthly,august,,263,13733,4105,633,13100,0.7646174161571578,0.8633835003557517,0.0987660841985939,0.13316859514576798,0.31987639943134794,0.18670780428557995,0.13444107023737195,0.08935267761490291,-0.04508839262246904,False,
burnable_tree_shrub,monthly,august,,264,13811,4105,630,13181,0.7334349707310788,0.8468351511254174,0.11340018039433863,0.10217574806656925,0.253131877143459,0.15095612907688977,0.14232410392674374,0.09580997003946717,-0.04651413388727657,False,
burnable_tree_shrub,monthly,august,,265,13859,4105,652,13207,0.766698594954061,0.8692312498345134,0.10253265488045238,0.13508583190720608,0.3005749809139315,0.1654891490067254,0.13770075964099207,0.09430775721232376,-0.04339300242866831,False,
burnable_tree_shrub,monthly,august,,266,13892,4105,669,13223,0.7352572356880993,0.834211338738374,0.09895410305027474,0.11818108435122507,0.23813173940827026,0.11995065505704519,0.1369161789046023,0.09503182922884652,-0.041884349675755786,False,
burnable_tree_shrub,monthly,august,,267,13942,4105,540,13402,0.7133967014320692,0.8328023180619808,0.11940561662991156,0.08107952139682308,0.20408675818776187,0.12300723679093879,0.1375199612290211,0.0948863082003477,-0.042633653028673404,False,
burnable_tree_shrub,monthly,august,,268,14006,4105,634,13372,0.7653396239234296,0.8585002349652884,0.0931606110418588,0.11490452013889317,0.25264907254148145,0.13774455240258826,0.1345214110739336,0.09428134117401572,-0.040240069899917866,False,
burnable_tree_shrub,monthly,august,,269,13756,4105,578,13178,0.7351427434105602,0.8524357860773513,0.11729304266679108,0.0983790855484813,0.2553384999289731,0.15695941438049182,0.13845627858015988,0.09109416103326393,-0.047362117546895954,False,
burnable_tree_shrub,monthly,august,,270,13886,4105,589,13297,0.7543510650563532,0.8713729420310414,0.11702187697468824,0.10569399572060416,0.2193643667467656,0.11367037102616144,0.13855719134496247,0.09410888299042348,-0.04444830835453899,False,
burnable_tree_shrub,monthly,august,,271,13843,4105,578,13265,0.7566724097678805,0.8495944396693957,0.09292202990151521,0.10966994214028498,0.24373719209623254,0.13406724995594754,0.14042712129389448,0.09719614108297406,-0.04323098021092042,False,
burnable_tree_shrub,monthly,august,,272,13942,4105,621,13321,0.759602874204533,0.8668170835800894,0.10721420937555637,0.1151505855017389,0.26958288817325604,0.15443230267151714,0.14119228569917588,0.09671528027536758,-0.04447700542380831,False,
burnable_tree_shrub,monthly,august,,273,13929,4105,637,13292,0.7560268071209132,0.8525640238270822,0.096537216706169,0.11522338040523825,0.2817159621991789,0.16649258179394064,0.13505773415239192,0.09419598850123932,-0.040861745651152595,False,
burnable_tree_shrub,monthly,august,,274,13910,4105,655,13255,0.7453094180217172,0.8606615392146417,0.11535212119292448,0.10577503895246776,0.27441043408072635,0.1686353951282586,0.139765207388312,0.09644815114257166,-0.04331705624574034,False,
burnable_tree_shrub,monthly,august,,275,13757,4105,702,13055,0.7350065087330503,0.8344407454327025,0.09943423669965223,0.12772452170766818,0.2721210009935062,0.14439647928583804,0.13823394180760118,0.09758426803718694,-0.040649673770414244,False,
burnable_tree_shrub,monthly,august,,276,13892,4105,593,13299,0.7550922123625163,0.8670342785285938,0.11194206616607749,0.10539471282543739,0.2662300664280299,0.1608353536025925,0.1372216430307177,0.09270928145282299,-0.04451236157789472,False,
burnable_tree_shrub,monthly,august,,277,13879,4105,576,13303,0.7177987473585741,0.8145588505516718,0.09676010319309769,0.09440507459430647,0.2102191735829713,0.11581409898866482,0.13562069390076478,0.09438865803669254,-0.041232035864072245,False,
burnable_tree_shrub,monthly,august,,278,13791,4105,595,13196,0.7306954488373101,0.8351027558643949,0.10440730702708478,0.0938677306369243,0.22788708923812606,0.13401935860120176,0.13723589746979584,0.0937874293316637,-0.043448468138132135,False,
burnable_tree_shrub,monthly,august,,279,14039,4105,637,13402,0.7593525603737299,0.8594119015484697,0.1000593411747398,0.12465141853428965,0.2730010707295064,0.14834965219521676,0.1324743305352188,0.08874324138169841,-0.04373108915352038,False,
burnable_tree_shrub,monthly,august,,280,13935,4105,612,13323,0.7308271753746409,0.8339998425250157,0.10317266715037476,0.09172552833004646,0.227884356868314,0.13615882853826752,0.13834596906938726,0.09487785933875655,-0.043468109730630713,False,
burnable_tree_shrub,monthly,august,,281,13848,4105,585,13263,0.7236427282118302,0.8379519271851323,0.11430919897330216,0.09249118288689125,0.21433087898811673,0.12183969610122548,0.14252125424141104,0.09841244605287941,-0.044108808188531634,False,
burnable_tree_shrub,monthly,august,,282,13999,4105,642,13357,0.7499169115007778,0.8544112238160443,0.10449431231526651,0.12026677870567266,0.2551687732147706,0.13490199450909796,0.13852793370923874,0.09527144652723053,-0.04325648718200821,False,
burnable_tree_shrub,monthly,august,,283,13753,4105,634,13119,0.7516357785791455,0.8445467514907822,0.09291097291163664,0.11951779912498117,0.28609885572063715,0.16658105659565597,0.1376257963866199,0.09156488408427982,-0.04606091230234008,False,
burnable_tree_shrub,monthly,august,,284,13886,4105,621,13265,0.7807253721214947,0.8658186005209064,0.08509322839941169,0.12863804840430976,0.2756498637124435,0.14701181530813373,0.13249333580245448,0.09156325589247095,-0.04093007990998353,False,
burnable_tree_shrub,monthly,august,,285,13940,4105,621,13319,0.7528482007046464,0.8583671891728053,0.10551898846815888,0.11441953358979037,0.3174442993496522,0.2030247657598618,0.1358543427108721,0.09096342176290291,-0.04489092094796919,False,
burnable_tree_shrub,monthly,august,,286,13826,4105,632,13194,0.7505963825137241,0.8596256113730253,0.10902922885930122,0.11337648783785359,0.27417177595818404,0.16079528812033045,0.1332722021458231,0.09035035956723271,-0.0429218425785904,False,
burnable_tree_shrub,monthly,august,,287,13961,4105,588,13373,0.7287217212466383,0.8414514014683867,0.11272968022174845,0.09508341254763025,0.20422752173676403,0.10914410918913378,0.13915492879042585,0.09599096288233794,-0.04316396590808791,False,
burnable_tree_shrub,monthly,august,,288,13871,4105,579,13292,0.7502347952227033,0.8544823148652012,0.1042475196424979,0.12488364044348063,0.26255709535244853,0.1376734549089679,0.13653551883880014,0.09393352625204236,-0.04260199258675777,False,
burnable_tree_shrub,monthly,august,,289,13824,4105,631,13193,0.741562512800634,0.8396277116172277,0.0980651988165937,0.11387062664540837,0.2574316967755718,0.14356107013016345,0.1400369079851702,0.09605662238926554,-0.04398028559590467,False,
burnable_tree_shrub,monthly,august,,290,13902,4105,548,13354,0.7576389807477242,0.8611564483809221,0.10351746763319791,0.10698298437497428,0.21805694478691384,0.11107396041193957,0.13136433497439867,0.09032354495002257,-0.041040790024376106,False,
burnable_tree_shrub,monthly,august,,291,13727,4105,571,13156,0.76827524109181,0.8658068022740985,0.09753156118228845,0.12097524378388097,0.25449190454852,0.13351666076463903,0.13221303846156987,0.09096027665534714,-0.041252761806222726,False,
burnable_tree_shrub,monthly,august,,292,13808,4105,598,13210,0.7497359353282073,0.8580034634752735,0.1082675281470662,0.10868672652150607,0.250969204532458,0.14228247801095195,0.1373454526600857,0.09137579935101156,-0.04596965330907413,False,
burnable_tree_shrub,monthly,august,,293,13889,4105,617,13272,0.7600473523426563,0.865295798273354,0.10524844593069771,0.11885298049283452,0.27176574566427325,0.15291276517143873,0.13243301228047516,0.09125059583423585,-0.04118241644623931,False,
burnable_tree_shrub,monthly,august,,294,13856,4105,635,13221,0.7400576629759266,0.8386969072705258,0.09863924429459925,0.10749047903443906,0.25246169606988095,0.14497121703544188,0.1386409650594196,0.0952216320701991,-0.043419332989220516,False,
burnable_tree_shrub,monthly,august,,295,13923,4105,650,13273,0.7631593344499243,0.8490253782983384,0.08586604384841401,0.1260354871409202,0.24543684565884882,0.11940135851792863,0.13359768038953113,0.0934520349078592,-0.04014564548167193,False,
burnable_tree_shrub,monthly,august,,296,13960,4105,578,13382,0.7394045040101899,0.8331881021813632,0.09378359817117332,0.10140557831451895,0.2382832940555448,0.13687771574102586,0.13508129560748655,0.09301471307866324,-0.04206658252882331,False,
burnable_tree_shrub,monthly,august,,297,13759,4105,591,13168,0.7411333273710765,0.8454344018108814,0.10430107443980485,0.10641734476750386,0.23884342091607916,0.1324260761485753,0.1374793536265561,0.09438698861594672,-0.043092365010609396,False,
burnable_tree_shrub,monthly,august,,298,13834,4105,608,13226,0.7483435736627218,0.841693892412871,0.09335031875014921,0.11745247191260214,0.24513157840144506,0.12767910648884293,0.1369368011626635,0.09511054306446326,-0.04182625809820023,False,
burnable_tree_shrub,monthly,august,,299,13803,4105,685,13118,0.7376255727072514,0.8390918256855515,0.10146625297830014,0.12037887209661388,0.25264703715630915,0.13226816505969527,0.1371663949138416,0.09827405993305817,-0.03889233498078344,False,
burnable_tree_shrub,monthly,august,,300,13916,4105,661,13255,0.7345303430726623,0.8461360454850766,0.1116057024124143,0.1069016988632599,0.24836294919435417,0.14146125033109427,0.14014531652804044,0.09733966930420289,-0.04280564722383755,False,
burnable_tree_shrub,monthly,august,,301,13851,4105,666,13185,0.7513849458104293,0.8516397512415714,0.10025480543114218,0.127931714104605,0.28185459261565987,0.15392287851105488,0.13682451618255165,0.09111345568794915,-0.045711060494602496,False,
burnable_tree_shrub,monthly,august,,302,13909,4105,615,13294,0.7594624875088829,0.8497606353376607,0.09029814782877776,0.1085072298252233,0.2215412437650367,0.1130340139398134,0.1365552386869155,0.09500495007006325,-0.04155028861685224,False,
burnable_tree_shrub,monthly,august,,303,13909,4105,658,13251,0.758036498478408,0.8592365226091785,0.10120002413077045,0.11881674805649144,0.276271976760453,0.15745522870396156,0.1363594367926412,0.0921162691539241,-0.04424316763871711,False,
burnable_tree_shrub,monthly,august,,304,13892,4105,668,13224,0.7476232879069447,0.8531018158782254,0.10547852797128077,0.11387693980762605,0.2592630150687883,0.14538607526116226,0.1384131798850308,0.0931335360904006,-0.04527964379463019,False,
burnable_tree_shrub,monthly,august,,305,13699,4105,582,13117,0.7439381804834995,0.83540594339027,0.0914677629067705,0.11226305200895179,0.22481975508115884,0.11255670307220705,0.14008982597436662,0.09827518734907956,-0.04181463862528706,False,
burnable_tree_shrub,monthly,august,,306,13942,4105,628,13314,0.7568085985825943,0.8562269590268947,0.09941836044430041,0.10886580080195175,0.28432029409165654,0.1754544932897048,0.13943624396271054,0.09341604603531357,-0.046020197927396964,False,
burnable_tree_shrub,monthly,august,,307,13812,4105,601,13211,0.7253325047661714,0.8327006146619862,0.1073681098958148,0.10158399135572431,0.21195901948181223,0.11037502812608792,0.13796541518174668,0.09808822375754574,-0.039877191424200945,False,
burnable_tree_shrub,monthly,august,,308,13817,4105,610,13207,0.7343373546318582,0.8511217349964686,0.11678438036461036,0.0958609060693452,0.2409676061239905,0.14510670005464532,0.14025945921001073,0.09751074520232052,-0.04274871400769022,False,
burnable_tree_shrub,monthly,august,,309,13915,4105,727,13188,0.7729742849049133,0.8768216614745847,0.10384737656967147,0.1460278911359426,0.33219097009264653,0.18616307895670392,0.13796762664543827,0.09557394198639867,-0.0423936846590396,False,
burnable_tree_shrub,monthly,august,,310,13844,4105,658,13186,0.7587748496263653,0.8580506657839645,0.09927581615759917,0.1253987395732935,0.28186680857099977,0.15646806899770627,0.1364887214050674,0.09498655071135106,-0.04150217069371634,False,
burnable_tree_shrub,monthly,august,,311,13869,4105,617,13252,0.7539565906323549,0.8486337159101638,0.09467712527780892,0.115129189183799,0.2430531049343648,0.1279239157505658,0.1398387163962602,0.09930140688915903,-0.04053730950710116,False,
burnable_tree_shrub,monthly,august,,312,13944,4105,689,13255,0.7574988543907356,0.857036066571806,0.09953721218107037,0.12679994073414314,0.2817983811001798,0.15499844036603666,0.13619126119186228,0.09519657445038673,-0.04099468674147555,False,
burnable_tree_shrub,monthly,august,,313,13863,4105,616,13247,0.7600357199228642,0.8457704586875343,0.08573473876467008,0.1231209524167219,0.2702962267557074,0.14717527433898553,0.1369252595802677,0.09441532660017836,-0.04250993298008933,False,
burnable_tree_shrub,monthly,august,,314,13905,4105,641,13264,0.7535651848269347,0.8605156721347262,0.10695048730779155,0.10386440853613946,0.254809282168388,0.15094487363224854,0.1326691623986891,0.0924145931156301,-0.04025456928305898,False,
burnable_tree_shrub,monthly,august,,315,13884,4105,607,13277,0.75625100894773,0.8522316713981481,0.09598066245041814,0.12593717016804162,0.2538367511511834,0.1278995809831418,0.13825190611105936,0.09726489541532977,-0.04098701069572959,False,
burnable_tree_shrub,monthly,august,,316,13852,4105,631,13221,0.7641845304215751,0.8649637858226558,0.10077925540108068,0.11860568195800404,0.30071023512385614,0.1821045531658521,0.1367727171104918,0.09293044365084431,-0.04384227345964749,False,
burnable_tree_shrub,monthly,august,,317,13901,4105,638,13263,0.7460766593939772,0.8475948480901332,0.10151818869615603,0.10445013887284628,0.2423499373625949,0.13789979848974865,0.13753868334518043,0.09311249361534597,-0.04442618972983446,False,
burnable_tree_shrub,monthly,august,,318,13803,4105,663,13140,0.7590853575946245,0.8490263228579105,0.08994096526328599,0.12550998395906504,0.30831596913984227,0.18280598518077723,0.13704267538006423,0.09424157656963421,-0.042801098810430024,False,
burnable_tree_shrub,monthly,august,,319,13802,4105,518,13284,0.735155887594912,0.8525338637127255,0.11737797611781353,0.08490926555281648,0.232620460715822,0.14771119516300552,0.13633430447666794,0.09194489725428807,-0.04438940722237987,False,
burnable_tree_shrub,monthly,august,,320,13865,4105,546,13319,0.7297346020598516,0.8500432607910647,0.1203086587312131,0.08693131519925155,0.20043104194068617,0.11349972674143462,0.14028876211355004,0.09109282769324341,-0.04919593442030663,False,
burnable_tree_shrub,monthly,august,,321,13912,4105,630,13282,0.7544242954422145,0.8508777842311949,0.09645348878898041,0.11788835200810037,0.28430911122847585,0.16642075922037547,0.13734321022373136,0.09401527455524859,-0.04332793566848277,False,
burnable_tree_shrub,monthly,august,,322,13782,4105,604,13178,0.7661264911718204,0.8708853005058601,0.1047588093340397,0.1349297418549802,0.30661725806300216,0.17168751620802197,0.1370082343156592,0.09392609643453816,-0.043082137881121044,False,
burnable_tree_shrub,monthly,august,,323,13892,4105,676,13216,0.7468715077295587,0.8482483689306131,0.10137686120105438,0.11684069294784485,0.28053854708777864,0.1636978541399338,0.1385963012080566,0.09666037184077876,-0.041935929367277844,False,
burnable_tree_shrub,monthly,august,,324,13996,4105,565,13431,0.740604452913383,0.8422492411229338,0.10164478820955081,0.1060717153271365,0.22465575555943032,0.11858404023229382,0.14087223192262985,0.09499568532715238,-0.04587654659547746,False,
burnable_tree_shrub,monthly,august,,325,13837,4105,630,13207,0.7552448737502118,0.8521679220134585,0.09692304826324671,0.1254611599311071,0.2504464591982237,0.12498529926711663,0.13726070436155308,0.09815744291187627,-0.03910326144967681,False,
burnable_tree_shrub,monthly,august,,326,13885,4105,642,13243,0.7583128028844016,0.8491748888438798,0.0908620859594782,0.1415198294037946,0.3007789919019902,0.1592591624981956,0.13437633302952054,0.09395468547925238,-0.040421647550268155,False,
burnable_tree_shrub,monthly,august,,327,13983,4105,621,13362,0.7670492740125637,0.862096854082563,0.09504758006999925,0.11314748471311376,0.29591514861656987,0.1827676639034561,0.13347179903660916,0.09049932425531688,-0.04297247478129228,False,
burnable_tree_shrub,monthly,august,,328,13715,4105,636,13079,0.7370708288912899,0.8547380312479412,0.11766720235665129,0.107803012070561,0.28983083214479805,0.18202782007423704,0.13716733468139927,0.09100340793968252,-0.04616392674171675,False,
burnable_tree_shrub,monthly,august,,329,13898,4105,575,13323,0.7574135607269548,0.8642931315247577,0.10687957079780297,0.10590857936950013,0.24407494281438716,0.13816636344488703,0.13621133344875966,0.09326779504304712,-0.042943538405712536,False,
burnable_tree_shrub,monthly,august,,330,13971,4105,606,13365,0.7423460864604978,0.8549521618828549,0.11260607542235712,0.11640641198703718,0.266635379911467,0.15022896792442986,0.1394496408830138,0.09322495840891983,-0.04622468247409396,False,
burnable_tree_shrub,monthly,august,,331,13877,4105,662,13215,0.7485396641416133,0.8471339101291333,0.09859424598751998,0.13028358890882702,0.2683851449621483,0.1381015560533213,0.13995203269785528,0.09760069263106592,-0.04235134006678935,False,
burnable_tree_shrub,monthly,august,,332,13905,4105,588,13317,0.7508944630641924,0.8547197357579361,0.10382527269374375,0.10777377324634643,0.2530759002532854,0.14530212700693898,0.1375116478339534,0.09284503223268221,-0.04466661560127118,False,
burnable_tree_shrub,monthly,august,,333,13921,4105,560,13361,0.7484730345247897,0.8470311380670823,0.09855810354229255,0.10689596368724352,0.21597617138587388,0.10908020769863036,0.13563897888179216,0.09355514101576404,-0.04208383786602812,False,
burnable_tree_shrub,monthly,august,,334,13816,4105,530,13286,0.7286349086426627,0.8299393033949767,0.10130439475231401,0.0860601800659196,0.1900428209394357,0.1039826408735161,0.1401391178561794,0.09996060867981146,-0.04017850917636795,False,
burnable_tree_shrub,monthly,august,,335,13897,4105,703,13194,0.7621023047891721,0.8621501518751464,0.10004784708597436,0.13744199330108303,0.29554692218139933,0.1581049288803163,0.1383032304327627,0.09493349214848248,-0.04336973828428023,False,
burnable_tree_shrub,monthly,august,,336,13761,4105,571,13190,0.7651880305225128,0.8536589705357107,0.08847094001319789,0.114216897092229,0.2363598063055219,0.12214290921329289,0.13411702376023765,0.09376910390702442,-0.04034791985321323,False,
burnable_tree_shrub,monthly,august,,337,13837,4105,568,13269,0.7594152790736431,0.8621865907935365,0.1027713117198934,0.1030188689306785,0.2427703528147756,0.13975148388409708,0.13413384522963007,0.09072249551324214,-0.04341134971638792,False,
burnable_tree_shrub,monthly,august,,338,13818,4105,618,13200,0.7679551583799156,0.8604817593409827,0.09252660096106713,0.12663116588170056,0.2724128482856664,0.14578168240396586,0.13575677277047918,0.09148328621852349,-0.04427348655195569,False,
burnable_tree_shrub,monthly,august,,339,13975,4105,611,13364,0.7541538667284557,0.8609304573294841,0.1067765906010284,0.1091841034865608,0.2725515794734853,0.1633674759869245,0.13707638512741666,0.09375637731776197,-0.043320007809654684,False,
burnable_tree_shrub,monthly,august,,340,13888,4105,559,13329,0.7441192090470548,0.8515180224270562,0.10739881338000146,0.09224920913920825,0.21953056438752327,0.12728135524831502,0.1397879153488119,0.09287554697459835,-0.04691236837421356,False,
burnable_tree_shrub,monthly,august,,341,13829,4105,636,13193,0.7377687901007157,0.8440535933149225,0.10628480321420675,0.10482277620714604,0.2597441949983075,0.15492141879116145,0.1412772029102411,0.0963739605576007,-0.0449032423526404,False,
burnable_tree_shrub,monthly,august,,342,13940,4105,599,13341,0.7633976073106878,0.8574551269080377,0.09405751959734987,0.11980852363674754,0.2880206355082183,0.16821211187147078,0.13718822795448313,0.09247210820034216,-0.04471611975414097,False,
burnable_tree_shrub,monthly,august,,343,13818,4105,624,13194,0.7575499304268062,0.861947131174621,0.10439720074781478,0.11924711590951602,0.24853392604306043,0.12928681013354443,0.13915536411174342,0.09609693120769167,-0.04305843290405176,False,
burnable_tree_shrub,monthly,august,,344,13822,4105,649,13173,0.7676436264727415,0.8650921007706265,0.09744847429788495,0.13362560705710183,0.31587663780682057,0.18225103074971874,0.13580879545272426,0.09263906915889594,-0.043169726293828314,False,
burnable_tree_shrub,monthly,august,,345,13832,4105,591,13241,0.7503828223646725,0.856298522087793,0.10591569972312054,0.10398551555483312,0.2551429964807147,0.15115748092588158,0.13599337032205086,0.09384221824738945,-0.04215115207466141,False,
burnable_tree_shrub,monthly,august,,346,13827,4105,631,13196,0.749711889834551,0.8435632057738287,0.09385131593927776,0.11619945768771714,0.27092864724750604,0.1547291895597889,0.13342240578803496,0.09125051524048726,-0.042171890547547705,False,
burnable_tree_shrub,monthly,august,,347,13871,4105,646,13225,0.740962151849099,0.858163249779068,0.11720109792996902,0.11205865736206574,0.25040668651603826,0.1383480291539725,0.1445831544995177,0.09656517432202519,-0.04801798017749251,False,
burnable_tree_shrub,monthly,august,,348,13870,4105,619,13251,0.7670018259358973,0.8658205940259455,0.09881876809004819,0.12170798334295674,0.27453825484798344,0.1528302715050267,0.13349320275130724,0.09320876528622576,-0.04028443746508148,False,
burnable_tree_shrub,monthly,august,,349,13886,4105,630,13256,0.7439197344598673,0.8541989970399748,0.11027926258010756,0.10731346773702424,0.3023634773376104,0.19505000960058613,0.13842561676856482,0.09459841720938901,-0.043827199559175814,False,
burnable_tree_shrub,monthly,august,,350,13804,4105,580,13224,0.7667661461918769,0.8712467013997538,0.10448055520787691,0.1102131818804447,0.25925829695561586,0.14904511507517115,0.13164740115240922,0.08976434570073666,-0.04188305545167256,False,
burnable_tree_shrub,monthly,august,,351,13864,4105,622,13242,0.7207715293490312,0.835896854061252,0.11512532471222081,0.10134950939419958,0.24357867943595296,0.1422291700417534,0.13968989341404545,0.09309660677922876,-0.04659328663481668,False,
burnable_tree_shrub,monthly,august,,352,13909,4105,562,13347,0.7503398873805596,0.8678941940382994,0.1175543066577398,0.094420115547931,0.2492642609212247,0.1548441453732937,0.1376968002851472,0.09102650579191976,-0.04667029449322743,False,
burnable_tree_shrub,monthly,august,,353,13814,4105,646,13168,0.7632686332190994,0.862848156145492,0.0995795229263926,0.13216381798901267,0.27780419989717053,0.14564038190815787,0.13557976806378502,0.09499744450299429,-0.04058232356079074,False,
burnable_tree_shrub,monthly,august,,354,13860,4105,660,13200,0.7384525941230486,0.8218870523415979,0.08343445821854922,0.12539449583243004,0.23113323858555102,0.10573874275312098,0.14062910495136463,0.09901449812582432,-0.041614606825540315,False,
burnable_tree_shrub,monthly,august,,355,13921,4105,563,13358,0.7690183462548105,0.860945483537516,0.09192713728270552,0.11001342543654577,0.25724175500303903,0.14722832956649326,0.13799949420867244,0.09149657053246105,-0.046502923676211394,False,
burnable_tree_shrub,monthly,august,,356,13878,4105,646,13232,0.7475932021443465,0.8607896795834097,0.11319647743906314,0.1171982957619819,0.2791835453904437,0.1619852496284618,0.1372491217403824,0.0933923187872307,-0.0438568029531517,False,
burnable_tree_shrub,monthly,august,,357,13878,4105,635,13243,0.7507775018268454,0.8477238011940345,0.09694629936718901,0.12346999188480572,0.25223565397101694,0.1287656620862112,0.1369196450833133,0.09285268150245313,-0.04406696358086018,False,
burnable_tree_shrub,monthly,august,,358,13879,4105,666,13213,0.7619894548298392,0.8700188116671883,0.10802935683734916,0.12818110775698877,0.29496697406571837,0.1667858663087296,0.13492455213636145,0.09148527350569598,-0.043439278630665476,False,
burnable_tree_shrub,monthly,august,,359,13802,4105,625,13177,0.7562922061167185,0.8634628822949079,0.10717067617818932,0.1215064682808567,0.2873689699151329,0.16586250163427618,0.1342303231289051,0.09407847299073094,-0.040151850138174155,False,
burnable_tree_shrub,monthly,august,,360,13908,4105,682,13226,0.747379306644293,0.8476922510668358,0.1003129444225428,0.12383102335782478,0.26163864354407573,0.13780762018625095,0.1388758032417063,0.09508792216318232,-0.043787881078523994,False,
burnable_tree_shrub,monthly,august,,361,13821,4105,627,13194,0.7498638282008713,0.8514766390116429,0.10161281081077167,0.11005787061424009,0.2995865236531725,0.1895286530389324,0.13449172876584703,0.09380899457750164,-0.04068273418834539,False,
burnable_tree_shrub,monthly,august,,362,13928,4105,572,13356,0.7361540451163093,0.8372640200470388,0.10110997493072948,0.10378101949546752,0.24146123899641972,0.13768021950095222,0.13640632474504655,0.09259237081815064,-0.04381395392689591,False,
burnable_tree_shrub,monthly,august,,363,13936,4105,565,13371,0.7325057597243539,0.8394752082005503,0.10696944847619638,0.08874434324889612,0.22029505782245917,0.13155071457356304,0.13762358317292184,0.09489498198907796,-0.042728601183843876,False,
burnable_tree_shrub,monthly,august,,364,13951,4105,677,13274,0.7502829244495464,0.8582367680936445,0.1079538436440981,0.1239410427218084,0.2762265855444329,0.15228554282262452,0.13824688049729372,0.09580570560515231,-0.042441174892141414,False,
burnable_tree_shrub,monthly,august,,365,13827,4105,659,13168,0.7507719776825965,0.8553733979648092,0.10460142028221264,0.11961062876658524,0.28480626889557026,0.16519564012898502,0.13742670660986178,0.09423328524919698,-0.0431934213606648,False,
burnable_tree_shrub,monthly,august,,366,13789,4105,534,13255,0.7674432798308037,0.8597104901408131,0.0922672103100094,0.09877334187134154,0.23518852039436808,0.13641517852302654,0.13529098373040463,0.09291551013212032,-0.04237547359828431,False,
burnable_tree_shrub,monthly,august,,367,13783,4105,561,13222,0.7493648165389559,0.8348355830004063,0.08547076646145035,0.10260150925275699,0.2483860297767971,0.14578452052404012,0.13397842025824944,0.09274362792745747,-0.04123479233079197,False,
burnable_tree_shrub,monthly,august,,368,13787,4105,583,13204,0.7316245453973873,0.8260148309961688,0.09439028559878149,0.09870054968442224,0.21884043179840965,0.1201398821139874,0.1352675580170093,0.0942996110105811,-0.040967947006428196,False,
burnable_tree_shrub,monthly,august,,369,13768,4105,637,13131,0.7607584817023768,0.8597647877976871,0.09900630609531025,0.12269762825624378,0.2831211043771509,0.1604234761209071,0.13809340938115253,0.09533941877122327,-0.04275399060992925,False,
burnable_tree_shrub,monthly,august,,370,13790,4105,501,13289,0.7336552720430161,0.8449666248059228,0.11131135276290671,0.0797296230423094,0.20230597562236585,0.12257635258005645,0.1388388269226164,0.09534289739681404,-0.04349592952580236,False,
burnable_tree_shrub,monthly,august,,371,13889,4105,584,13305,0.7495043834586853,0.8479897350362672,0.09848535157758187,0.11333054165070236,0.2375287783060664,0.12419823665536403,0.1349627856896074,0.09426700021721891,-0.04069578547238849,False,
burnable_tree_shrub,monthly,august,,372,13859,4105,698,13161,0.7520561422575905,0.8531765185364677,0.10112037627887716,0.12333455131387154,0.2924354558711149,0.16910090455724336,0.14019461262463614,0.09874517259376678,-0.04144944003086937,False,
burnable_tree_shrub,monthly,august,,373,13810,4105,523,13287,0.7539182406472434,0.8624329967286416,0.10851475608139816,0.11342209839739043,0.23277705530891737,0.11935495691152695,0.1351223049718408,0.09276794649718577,-0.04235435847465503,False,
burnable_tree_shrub,monthly,august,,374,13820,4105,656,13164,0.7625994952975966,0.866051618512425,0.10345212321482833,0.12102063015743772,0.28863760751891054,0.16761697736147282,0.1357330464660568,0.09390843544594761,-0.04182461102010919,False,
burnable_tree_shrub,monthly,august,,375,13897,4105,639,13258,0.7715755993192523,0.8672224004593088,0.09564680114005641,0.132993642678715,0.3407043683753226,0.2077107256966076,0.13673987009618832,0.09316384742501232,-0.043576022671175996,False,
burnable_tree_shrub,monthly,august,,376,13772,4105,597,13175,0.7655274474840998,0.857484258738347,0.09195681125424715,0.12208701509911579,0.27944367435233863,0.15735665925322284,0.13347127430698338,0.09324465284593153,-0.040226621461051854,False,
burnable_tree_shrub,monthly,august,,377,13807,4105,564,13243,0.7282312400556322,0.836697481822325,0.10846624176669273,0.09580023629147563,0.23497360300457704,0.1391733667131014,0.13399319863462245,0.08966115156711969,-0.04433204706750275,False,
burnable_tree_shrub,monthly,august,,378,14009,4105,689,13320,0.7694983808191356,0.8680704289194855,0.09857204810034992,0.13655982688373253,0.2866474886358561,0.15008766175212357,0.1364276479747279,0.09350732220520455,-0.04292032576952334,False,
burnable_tree_shrub,monthly,august,,379,13832,4105,624,13208,0.7344013292254888,0.8316869680768454,0.09728563885135655,0.11063783431627049,0.2298419722090772,0.11920413789280672,0.13748440643237933,0.09681218223441541,-0.040672224197963916,False,
burnable_tree_shrub,monthly,august,,380,13808,4105,615,13193,0.7440105895033027,0.8455654914314625,0.10155490192815986,0.10039321328245476,0.2365550893214236,0.13616187603896884,0.13551664519206286,0.09499729521616981,-0.04051934997589304,False,
burnable_tree_shrub,monthly,august,,381,13881,4105,618,13263,0.7595364089260167,0.8680412964797073,0.10850488755369059,0.10711712935336197,0.27379413776273276,0.16667700840937077,0.13777624448551484,0.09529938911333664,-0.0424768553721782,False,
burnable_tree_shrub,monthly,august,,382,13927,4105,631,13296,0.7310878145018413,0.8347755649256905,0.10368775042384915,0.0955493665084289,0.2526058624125396,0.15705649590411067,0.13730065838836064,0.09384666533236784,-0.043453993055992804,False,
burnable_tree_shrub,monthly,august,,383,13859,4105,596,13263,0.7668994634617069,0.86790027968001,0.10100081621830315,0.11741809182620963,0.24695225318586195,0.12953416135965232,0.13457393775155685,0.09344865706751221,-0.04112528068404464,False,
burnable_tree_shrub,monthly,august,,384,13873,4105,551,13322,0.7494716243834483,0.8605600604433914,0.11108843605994312,0.10055600556802334,0.25566771646683345,0.1551117108988101,0.13392347919097353,0.08891009565334784,-0.045013383537625684,False,
burnable_tree_shrub,monthly,august,,385,13879,4105,596,13283,0.7477839161627088,0.8449280682226412,0.09714415205993243,0.10858797309988864,0.2323964137709146,0.12380844067102596,0.13594150098736593,0.09194441156321898,-0.04399708942414696,False,
burnable_tree_shrub,monthly,august,,386,13807,4105,638,13169,0.7591965171364021,0.8606011291360374,0.10140461199963524,0.1152356273113187,0.2643465735862744,0.1491109462749557,0.13625324231779712,0.0949533594619601,-0.04129988285583702,False,
burnable_tree_shrub,monthly,august,,387,13855,4105,626,13229,0.7581272337832679,0.8661218926277031,0.10799465884443527,0.12099800950196052,0.25514854896883443,0.1341505394668739,0.13370649689425182,0.0917039638199994,-0.04200253307425242,False,
burnable_tree_shrub,monthly,august,,388,13814,4105,600,13214,0.7536443670854145,0.8491527924928106,0.09550842540739612,0.12075400771416597,0.24030467084589394,0.11955066313172796,0.1339106397404925,0.09320214466399002,-0.04070849507650248,False,
burnable_tree_shrub,monthly,august,,389,13895,4105,644,13251,0.7683561676582713,0.8719133350301466,0.10355716737187526,0.12937852511870473,0.2931120628505205,0.16373353773181576,0.13742884679563871,0.09366284861503847,-0.043765998180600243,False,
burnable_tree_shrub,monthly,august,,390,13880,4105,632,13248,0.7232122211903015,0.8368581070751544,0.11364588588485292,0.09444746001958869,0.2235482715384586,0.12910081151886993,0.13857014601919,0.0944253420581386,-0.04414480396105139,False,
burnable_tree_shrub,monthly,august,,391,13847,4105,644,13203,0.7201059612369295,0.8191444820323632,0.09903852079543374,0.10371950600311029,0.207386172592865,0.1036666665897547,0.13857625450295696,0.09677747342216877,-0.04179878108078819,False,
burnable_tree_shrub,monthly,august,,392,13767,4105,540,13227,0.7577634412215194,0.8601355532594666,0.10237211203794716,0.09800843023142229,0.23095728778815527,0.13294885755673297,0.1365463186035507,0.09334769203443717,-0.04319862656911354,False,
burnable_tree_shrub,monthly,august,,393,13908,4105,591,13317,0.7452952201472184,0.8399674118561735,0.09467219170895513,0.1085209946614217,0.24404756909158792,0.13552657443016622,0.13906180969126974,0.0932790580271143,-0.04578275166415545,False,
burnable_tree_shrub,monthly,august,,394,13907,4105,691,13216,0.7477122848943349,0.8518899930093944,0.10417770811505944,0.12487636971601465,0.2716446620707293,0.14676829235471464,0.13998397828937278,0.09601645668461847,-0.04396752160475431,False,
burnable_tree_shrub,monthly,august,,395,13818,4105,630,13188,0.7695829782726962,0.8770126521946358,0.10742967392193958,0.12621076814846596,0.29680964802999665,0.1705988798815307,0.13704631273163057,0.09266396644145325,-0.044382346290177316,False,
burnable_tree_shrub,monthly,august,,396,13931,4105,576,13355,0.7515868744540122,0.8519144021173926,0.10032752766338038,0.10679145092252443,0.24417091313247735,0.13737946220995292,0.1343102264068403,0.08979075377369627,-0.044519472633144014,False,
burnable_tree_shrub,monthly,august,,397,13919,4105,604,13315,0.7507557577098973,0.8579587081243332,0.10720295041443584,0.12900316184922914,0.2522696698890069,0.12326650803977776,0.13772158749766655,0.09351094074235793,-0.04421064675530863,False,
burnable_tree_shrub,monthly,august,,398,13924,4105,578,13346,0.7535692303384449,0.8554505788704883,0.10188134853204334,0.1098888573243388,0.2225591604961421,0.11267030317180331,0.13576052576006145,0.0915217534854709,-0.044238772274590554,False,
burnable_tree_shrub,monthly,august,,399,13906,4105,564,13342,0.734623425624408,0.8400249943919432,0.10540156876753526,0.09342140076266706,0.2647626330162005,0.17134123225353345,0.14102372227806564,0.09652118721011911,-0.04450253506794653,False,
burnable_tree_shrub,monthly,august,,400,13714,4105,616,13098,0.7555349483315585,0.8625859653402026,0.10705101700864406,0.126134789175395,0.28185222338066107,0.15571743420526607,0.1367310406248462,0.0954854566060281,-0.0412455840188181,False,
burnable_tree_shrub,monthly,august,,401,13902,4105,611,13291,0.7378203209264702,0.8516826111118841,0.11386229018541394,0.1178713035112421,0.2689201882996181,0.15104888478837603,0.13604099322103366,0.09208016135498494,-0.043960831866048725,False,
burnable_tree_shrub,monthly,august,,402,13928,4105,631,13297,0.7594962914194745,0.8617872768269764,0.10229098540750192,0.12146184647856538,0.3023945115487065,0.1809326650701411,0.13585785529820021,0.09122070566905341,-0.044637149629146805,False,
burnable_tree_shrub,monthly,august,,403,13683,4105,575,13108,0.7620340714598453,0.8433997824096802,0.08136571094983491,0.11273649994362127,0.2513019515010134,0.13856545155739214,0.13495513227293934,0.09616623867828239,-0.038788893594656954,False,
burnable_tree_shrub,monthly,august,,404,13884,4105,645,13239,0.7364798976011093,0.8553506172449148,0.11887071964380547,0.10248958768488484,0.25270376539255307,0.15021417770766823,0.14193221842176365,0.09697830877256135,-0.0449539096492023,False,
burnable_tree_shrub,monthly,august,,405,13764,4105,637,13127,0.7592874537231316,0.8569602431218076,0.09767278939867607,0.13368197633058987,0.2640948752791956,0.13041289894860575,0.13473969694204768,0.09185264823659536,-0.04288704870545232,False,
burnable_tree_shrub,monthly,august,,406,14013,4105,524,13489,0.761317533823149,0.8667277097142768,0.10541017589112778,0.10447589337012647,0.24293618189892352,0.13846028852879705,0.1359743128224736,0.09033344742919998,-0.045640865393273625,False,
burnable_tree_shrub,monthly,august,,407,13785,4105,680,13105,0.7635624032138609,0.8572465605853177,0.09368415737145674,0.13175736565022733,0.28980806982833335,0.15805070417810602,0.13644516765139486,0.09481743743570298,-0.04162773021569188,False,
burnable_tree_shrub,monthly,august,,408,13848,4105,569,13279,0.7341681852670899,0.8361706864082736,0.1020025011411837,0.08922533507221496,0.17750244921493874,0.08827711414272378,0.13974604820215503,0.09699229695661209,-0.04275375124554294,False,
burnable_tree_shrub,monthly,august,,409,13778,4105,642,13136,0.7509015437825614,0.854465540940499,0.10356399715793763,0.1197901770207694,0.30231726902980993,0.18252709200904055,0.136411357519416,0.09109082992126698,-0.045320527598149016,False,
burnable_tree_shrub,monthly,august,,410,13799,4105,565,13234,0.7508408885132288,0.8575951457829859,0.10675425726975707,0.09872063363195963,0.22443790174259462,0.125717268110635,0.1362575478813072,0.0926393893921921,-0.0436181584891151,False,
burnable_tree_shrub,monthly,august,,411,13896,4105,700,13196,0.7424141514744726,0.8426350517472827,0.10022090027281005,0.1269105189615107,0.2705904626860612,0.14367994372455048,0.13864633065986734,0.09412849747504605,-0.04451783318482129,False,
burnable_tree_shrub,monthly,august,,412,13854,4105,604,13250,0.7509076596276396,0.8424253404973135,0.09151768086967393,0.11643138731412649,0.23482232563344443,0.11839093831931795,0.13466291429527485,0.09504816477227905,-0.039614749522995804,False,
burnable_tree_shrub,monthly,august,,413,13846,4105,634,13212,0.7578071650760086,0.880726201493528,0.12291903641751933,0.12596988888042362,0.29706506347394335,0.17109517459351972,0.13777084260469857,0.0929516134065742,-0.04481922919812438,False,
burnable_tree_shrub,monthly,august,,414,13948,4105,619,13329,0.7571623136162227,0.8573554377709105,0.10019312415468784,0.11575290980020574,0.28687074985987226,0.17111784005966652,0.13905248836094938,0.09529757088528186,-0.043754917475667524,False,
burnable_tree_shrub,monthly,august,,415,13738,4105,632,13106,0.7411521102519477,0.8472575489629833,0.10610543871103562,0.11288540614627429,0.2527373509468726,0.13985194480059832,0.13929255239036717,0.09435882344947263,-0.044933728940894535,False,
burnable_tree_shrub,monthly,august,,416,13902,4105,570,13332,0.7606938325411489,0.8671582289807929,0.106464396439644,0.10990248925511285,0.28445181805864644,0.17454932880353358,0.1335728715661294,0.09154577588647901,-0.04202709567965039,False,
burnable_tree_shrub,monthly,august,,417,13872,4105,651,13221,0.7415512559674706,0.8389525647590164,0.09740130879154574,0.1077298397167075,0.24164342526035915,0.13391358554365163,0.13651564655211093,0.09357527754256761,-0.04294036900954332,False,
burnable_tree_shrub,monthly,august,,418,13836,4105,631,13205,0.7346661298036389,0.846652416993755,0.11198628719011616,0.11244085502384402,0.2693182621264162,0.15687740710257217,0.13886898473479128,0.09594885539553147,-0.042920129339259816,False,
burnable_tree_shrub,monthly,august,,419,13753,4105,649,13104,0.7414592234507489,0.8510443182053352,0.10958509475458633,0.11806418628843039,0.24880171666731513,0.13073753037888475,0.13913099973442566,0.09431388971778196,-0.04481711001664371,False,
burnable_tree_shrub,monthly,august,,420,13732,4105,687,13045,0.749634983148133,0.855675265833251,0.106040282685118,0.1271558824922669,0.2655519229789494,0.13839604048668253,0.1389610072732726,0.09712071308835789,-0.04184029418491471,False,
burnable_tree_shrub,monthly,august,,421,13926,4105,647,13279,0.7657132102343325,0.8793661256172225,0.11365291538289002,0.11047399177941206,0.2954973023554691,0.18502331057605706,0.13845625748840623,0.09325783713224078,-0.04519842035616545,False,
burnable_tree_shrub,monthly,august,,422,13958,4105,598,13360,0.764333456832155,0.874659418620952,0.11032596178879694,0.11625626890106379,0.27786349153050294,0.16160722262943916,0.1347511020006169,0.08908524313138197,-0.04566585886923494,False,
burnable_tree_shrub,monthly,august,,423,13951,4105,620,13331,0.7461218213187307,0.8399440063301401,0.09382218501140938,0.11167824115074579,0.2602397302148949,0.1485614890641491,0.13707615889127858,0.0936999255721562,-0.04337623331912238,False,
burnable_tree_shrub,monthly,august,,424,13826,4105,677,13149,0.7548140711510938,0.8546591823990299,0.09984511124793616,0.12414339333118103,0.2949444795102546,0.17080108617907358,0.1365892141412176,0.09548839521175462,-0.04110081892946299,False,
burnable_tree_shrub,monthly,august,,425,13932,4105,695,13237,0.7738798430168761,0.8709127945811366,0.0970329515642605,0.1353335563812075,0.2783272399882765,0.14299368360706902,0.13457317381416573,0.09244435228255976,-0.042128821531605964,False,
burnable_tree_shrub,monthly,august,,426,13856,4105,650,13206,0.759284590920211,0.8597888488915295,0.10050425797131846,0.11548123061107507,0.24854866529474443,0.13306743468366936,0.1390286121523385,0.09651771783075067,-0.04251089432158783,False,
burnable_tree_shrub,monthly,august,,427,13825,4105,707,13118,0.7326730516799638,0.8400494003618122,0.10737634868184842,0.11883793877752377,0.265208748565035,0.14637080978751124,0.13988723158380328,0.09447685262565035,-0.04541037895815293,False,
burnable_tree_shrub,monthly,august,,428,13863,4105,636,13227,0.7580665714735391,0.8613347103527995,0.10326813887926045,0.11501995216761779,0.2348394643298685,0.1198195121622507,0.1358301717709243,0.09287148647397957,-0.04295868529694473,False,
burnable_tree_shrub,monthly,august,,429,13930,4105,634,13296,0.7382219504834356,0.8372995649648669,0.09907761448143126,0.11077139924628479,0.27106031152839155,0.16028891228210676,0.136107615686954,0.09233031454586199,-0.04377730114109202,False,
burnable_tree_shrub,monthly,august,,430,13905,4105,681,13224,0.7276251162617161,0.833003980659025,0.10537886439730892,0.10622060865970266,0.24589148114076564,0.13967087248106297,0.1382796781479025,0.09430384766866517,-0.04397583047923734,False,
burnable_tree_shrub,monthly,august,,431,13899,4105,639,13260,0.7541322343310743,0.8645496238702535,0.11041738953917912,0.11116537567611819,0.29602372278257644,0.18485834710645827,0.1395369805776261,0.09454724622788159,-0.0449897343497445,False,
burnable_tree_shrub,monthly,august,,432,13858,4105,617,13241,0.7514267665006427,0.8582796277511882,0.1068528612505455,0.11835110115647544,0.29130507342942663,0.17295397227295117,0.1359771154325682,0.09470143184203939,-0.04127568359052883,False,
burnable_tree_shrub,monthly,august,,433,13698,4105,575,13123,0.7574589585493773,0.8497204045999557,0.0922614460505784,0.10756181716295349,0.22277737475227888,0.11521555758932539,0.1380438970938728,0.09639123193032856,-0.04165266516354424,False,
burnable_tree_shrub,monthly,august,,434,13817,4105,576,13241,0.7594382767330431,0.8580422682283144,0.09860399149527133,0.12127032609983598,0.252887651906735,0.13161732580689903,0.13474596113559445,0.09285572076928605,-0.041890240366308396,False,
burnable_tree_shrub,monthly,august,,435,13895,4105,609,13286,0.7527163548824929,0.8571984732994248,0.10448211841693189,0.12004057325007664,0.2755652190469522,0.15552464579687555,0.13680683758726725,0.09292228641747233,-0.04388455116979492,False,
burnable_tree_shrub,monthly,august,,436,13857,4105,590,13267,0.7477205453061183,0.8494318769777951,0.10171133167167679,0.11995674680904796,0.2328545730459168,0.11289782623686885,0.1369103786356538,0.0918661492733499,-0.0450442293623039,False,
burnable_tree_shrub,monthly,august,,437,13904,4105,595,13309,0.7211965618766855,0.8293133918981973,0.10811683002151184,0.08815261975520211,0.21535586086169445,0.12720324110649234,0.1436832865225081,0.0977610738688711,-0.04592221265363701,False,
burnable_tree_shrub,monthly,august,,438,13904,4105,669,13235,0.7410434465393037,0.8381395753322006,0.09709612879289697,0.1239203153287476,0.2617013025034509,0.13778098717470333,0.14057143617052523,0.09577252067476828,-0.044798915495756944,False,
burnable_tree_shrub,monthly,august,,439,13889,4105,659,13230,0.7258667419083634,0.8213334870282627,0.09546674511989928,0.10559361723542804,0.22649666572517585,0.12090304848974781,0.1382216810192271,0.09967249072780844,-0.038549190291418664,False,
burnable_tree_shrub,monthly,august,,440,13792,4105,679,13113,0.757365876110083,0.8546997229362491,0.09733384682616608,0.12632618898839784,0.27707328120158015,0.1507470922131823,0.13605357221837525,0.09477354489243513,-0.04128002732594012,False,
burnable_tree_shrub,monthly,august,,441,13849,4105,736,13113,0.7513172498914121,0.850430124105186,0.0991128742137739,0.1325199035520157,0.3166498724335618,0.1841299688815461,0.13769387789741253,0.09496023310194251,-0.04273364479547001,False,
burnable_tree_shrub,monthly,august,,442,13807,4105,630,13177,0.736431203479849,0.8454418533495712,0.1090106498697222,0.10314219973601517,0.23265877638919152,0.12951657665317634,0.1378654148014276,0.09423367024876259,-0.043631744552665025,False,
burnable_tree_shrub,monthly,august,,443,13857,4105,642,13215,0.7480436773561621,0.8563743291808257,0.10833065182466362,0.11560272974690113,0.2912156862927848,0.1756129565458837,0.1401023647696178,0.09390081720360142,-0.04620154756601637,False,
burnable_tree_shrub,monthly,august,,444,13692,4105,652,13040,0.7501047978847529,0.8515466215326133,0.10144182364786036,0.13255509828363382,0.28707649351169856,0.15452139522806474,0.1361768148671583,0.09431240676209304,-0.041864408105065254,False,
burnable_tree_shrub,monthly,august,,445,13828,4105,540,13288,0.7518542210181283,0.8582568231988761,0.10640260218074782,0.1055986076958249,0.23271040947896326,0.12711180178313836,0.13993818943333008,0.09362858125862382,-0.046309608174706265,False,
burnable_tree_shrub,monthly,august,,446,13894,4105,662,13232,0.7727268783540406,0.8827327873104476,0.11000590895640694,0.13385413990594103,0.34313073929728627,0.20927659939134524,0.13529237498183014,0.09125164653096629,-0.04404072845086385,False,
burnable_tree_shrub,monthly,august,,447,14028,4105,713,13315,0.7501004624696966,0.8525809242968547,0.10248046182715809,0.1276370709595917,0.27159420438558746,0.14395713342599575,0.13976792407976732,0.09493451160749496,-0.04483341247227236,False,
burnable_tree_shrub,monthly,august,,448,13911,4105,635,13276,0.7551810976173926,0.8455108146130724,0.09032971699567982,0.1245420987036263,0.29010435596224216,0.16556225725861584,0.1378962531427773,0.09444961779977028,-0.04344663534300701,False,
burnable_tree_shrub,monthly,august,,449,13879,4105,641,13238,0.7309275359381198,0.8442623926440666,0.11333485670594678,0.1128524683003945,0.24630802671833374,0.13345555841793924,0.14332471574276165,0.09836496537745171,-0.04495975036530994,False,
burnable_tree_shrub,monthly,august,,450,13958,4105,636,13322,0.750812719113133,0.8552334342681847,0.10442071515505169,0.11965830177072637,0.25503157391026876,0.1353732721395424,0.14043752546194269,0.0988492297600722,-0.04158829570187049,False,
burnable_tree_shrub,monthly,august,,451,13812,4105,675,13137,0.7277238447246821,0.8290955429815139,0.10137169825683179,0.1096783773835905,0.24248217352858809,0.1328037961449976,0.13879260224097148,0.09480368870107515,-0.04398891353989633,False,
burnable_tree_shrub,monthly,august,,452,13841,4105,605,13236,0.7544241974679623,0.8608244107605354,0.1064002132925731,0.12437015322456976,0.29231099227736107,0.1679408390527913,0.13665071241327226,0.09127948387096009,-0.04537122854231217,False,
burnable_tree_shrub,monthly,august,,453,13854,4105,578,13276,0.7585033898358096,0.8627399287524591,0.10423653891664952,0.11393730832423091,0.2599630123667118,0.1460257040424809,0.13813921647424499,0.09294066145515859,-0.0451985550190864,False,
burnable_tree_shrub,monthly,august,,454,13835,4105,512,13323,0.7696551253002326,0.8648090942355325,0.09515396893529993,0.10842450989096705,0.25830403022676296,0.1498795203357959,0.13350574037470214,0.09191565525607505,-0.04159008511862709,False,
burnable_tree_shrub,monthly,august,,455,13829,4105,621,13208,0.7585010450895422,0.8594109508607968,0.10090990577125458,0.11127374519574056,0.26545845716110056,0.15418471196536,0.13640721508287187,0.08965741094988312,-0.04674980413298875,False,
burnable_tree_shrub,monthly,august,,456,13908,4105,593,13315,0.7514763237900679,0.8572397079711416,0.10576338418107367,0.09693516880945131,0.24921541749961634,0.15228024869016504,0.1366931827034647,0.09226984284946062,-0.04442333985400408,False,
burnable_tree_shrub,monthly,august,,457,13885,4105,628,13257,0.7446199556153246,0.8466705968100496,0.10205064119472507,0.11359860036331616,0.23046451001660032,0.11686590965328415,0.13737698813386973,0.09671939023302714,-0.040657597900842585,False,
burnable_tree_shrub,monthly,august,,458,13849,4105,596,13253,0.7379895497891575,0.8361270741789752,0.09813752438981771,0.10436782360509832,0.23306847116375054,0.12870064755865224,0.13861648519641304,0.09524557561830843,-0.043370909578104605,False,
burnable_tree_shrub,monthly,august,,459,14012,4105,657,13355,0.7467168362825932,0.8459788802100696,0.0992620439274764,0.10644605067630053,0.2444441134712023,0.13799806279490176,0.13882406306972916,0.10010813470320222,-0.038715928366526944,False,
burnable_tree_shrub,monthly,august,,460,13885,4105,580,13305,0.7568822972955462,0.8468579351812257,0.08997563788567942,0.10917539598442956,0.24687280155984304,0.1376974055754135,0.13688967321931242,0.09585458966301527,-0.04103508355629715,False,
burnable_tree_shrub,monthly,august,,461,13895,4105,575,13320,0.7458364016190104,0.8519706227967097,0.10613422117769922,0.10456940641610558,0.20911019155100766,0.10454078513490207,0.14190131214296303,0.09789432863685743,-0.0440069835061056,False,
burnable_tree_shrub,monthly,august,,462,13896,4105,586,13310,0.7428940492277869,0.8369323791037047,0.09403832987591776,0.11152513852426521,0.2189615337907288,0.10743639526646359,0.13566409177999658,0.09673647321454688,-0.0389276185654497,False,
burnable_tree_shrub,monthly,august,,463,14015,4105,633,13382,0.7646623001400339,0.8675492037003327,0.10288690356029884,0.1320358236443592,0.2891446782048777,0.1571088545605185,0.1340332316336193,0.09350661140593068,-0.04052662022768862,False,
burnable_tree_shrub,monthly,august,,464,13899,4105,618,13281,0.7491843592898242,0.8397749394528866,0.09059058016306243,0.12693286354522043,0.2360587373861048,0.10912587384088437,0.1381006130317149,0.0979586964246755,-0.04014191660703939,False,
burnable_tree_shrub,monthly,august,,465,13836,4105,633,13203,0.7528344304917057,0.8490617228910228,0.09622729239931704,0.1277870778203211,0.2720340676112862,0.1442469897909651,0.13829743949803472,0.09576444111157,-0.042532998386464724,False,
burnable_tree_shrub,monthly,august,,466,13816,4105,651,13165,0.7629344670007228,0.8550978569882555,0.0921633899875327,0.13488499401130583,0.2735633829898715,0.13867838897856566,0.1357506608648066,0.09473774297046429,-0.04101291789434232,False,
burnable_tree_shrub,monthly,august,,467,13929,4105,656,13273,0.7434205327889186,0.8467530131773103,0.10333248038839171,0.11126977812320997,0.29279298842560647,0.1815232103023965,0.1364786322298512,0.09412479716478338,-0.04235383506506783,False,
burnable_tree_shrub,monthly,august,,468,13887,4105,623,13264,0.7763661569858288,0.8729167352415547,0.09655057825572588,0.12040857965084491,0.28520338603654344,0.16479480638569854,0.13528932060934284,0.09028866352574658,-0.04500065708359627,False,
burnable_tree_shrub,monthly,august,,469,13802,4105,726,13076,0.7594514206836573,0.862494227432421,0.10304280674876365,0.12995573466735272,0.3141984157263892,0.18424268105903646,0.13517251079340548,0.0922927834756081,-0.04287972731779738,False,
burnable_tree_shrub,monthly,august,,470,13850,4105,564,13286,0.7549776440405994,0.857868104643826,0.1028904606032266,0.10316020571432404,0.23065053202070815,0.12749032630638413,0.13657501852153273,0.09487145657298439,-0.04170356194854834,False,
burnable_tree_shrub,monthly,august,,471,13944,4105,568,13376,0.7363068023872903,0.8519680245046836,0.11566122211739327,0.09572290314648056,0.2171155698040271,0.12139266665754654,0.13411046195769447,0.09230525098691353,-0.04180521097078094,False,
burnable_tree_shrub,monthly,august,,472,13854,4105,699,13155,0.7525431617845768,0.8567728562658606,0.10422969448128383,0.12636663971232975,0.276435835057781,0.15006919534545127,0.13569054201068012,0.09462327191388696,-0.04106727009679316,False,
burnable_tree_shrub,monthly,august,,473,13988,4105,581,13407,0.7372975583566886,0.8391432302107449,0.10184567185405624,0.11153995775295532,0.22560278374002943,0.11406282598707411,0.14020685117875548,0.09975201852089491,-0.04045483265786057,False,
burnable_tree_shrub,monthly,august,,474,13773,4105,599,13174,0.7612993215502888,0.8637786447885284,0.1024793232382396,0.1109746630642001,0.2757851560997418,0.16481049303554168,0.1334124610275138,0.09006340260861219,-0.04334905841890162,False,
burnable_tree_shrub,monthly,august,,475,13940,4105,514,13426,0.750116215647553,0.8410767684051098,0.09096055275755677,0.0984849650831654,0.2195068369083643,0.12102187182519891,0.13826018396498396,0.09445592265647357,-0.043804261308510395,False,
burnable_tree_shrub,monthly,august,,476,13876,4105,623,13253,0.7603542079391092,0.8630648331962514,0.10271062525714214,0.11431209518672389,0.29246386366755917,0.17815176848083528,0.13763733638907935,0.09444025962943983,-0.04319707675963952,False,
burnable_tree_shrub,monthly,august,,477,13827,4105,663,13164,0.7474721955257104,0.8514240583922605,0.10395186286655012,0.11580900517309675,0.25021227174085775,0.134403266567761,0.13668481128459264,0.09403242462671352,-0.04265238665787913,False,
burnable_tree_shrub,monthly,august,,478,13884,4105,646,13238,0.7394834366026688,0.8450539000915368,0.105570463488868,0.11420521692939589,0.25616913252067575,0.14196391559127985,0.13558741856511947,0.09356489958181145,-0.04202251898330801,False,
burnable_tree_shrub,monthly,august,,479,13804,4105,571,13233,0.7654614988294799,0.8502065168236868,0.08474501799420686,0.11540288466888762,0.2594340649563173,0.1440311802874297,0.1359049984130391,0.09243322165608994,-0.04347177675694916,False,
burnable_tree_shrub,monthly,august,,480,13839,4105,555,13284,0.7288510732955178,0.832227756211496,0.10337668291597824,0.0937973698822329,0.23115140480678767,0.13735403492455478,0.135443743718534,0.09552173674786239,-0.039922006970671595,False,
burnable_tree_shrub,monthly,august,,481,13876,4105,698,13178,0.7719870227404274,0.8701727199234984,0.09818569718307102,0.1364258458919048,0.316956580367056,0.1805307344751512,0.13705144215549261,0.09487718068038913,-0.04217426147510349,False,
burnable_tree_shrub,monthly,august,,482,13726,4105,637,13089,0.7607124656664619,0.8673731450654276,0.10666067939896573,0.1260005924031571,0.3037522283790902,0.1777516359759331,0.13618220550563093,0.09038979076064786,-0.045792414744983065,False,
burnable_tree_shrub,monthly,august,,483,13857,4105,577,13280,0.7516687634419829,0.8407131559165606,0.08904439247457774,0.10682423045997926,0.22751333668605592,0.12068910622607666,0.13598659227504195,0.09596395735885195,-0.04002263491619,False,
burnable_tree_shrub,monthly,august,,484,13837,4105,569,13268,0.7495905684779849,0.8553616587712126,0.10577109029322773,0.09945042570543776,0.22452739219894463,0.12507696649350686,0.1380110359479861,0.09204764680245062,-0.045963389145535494,False,
burnable_tree_shrub,monthly,august,,485,13914,4105,649,13265,0.7657090818487893,0.8599884306918876,0.0942793488430983,0.13496232795199353,0.2777550786425379,0.14279275069054437,0.1305601677033304,0.09004062477127775,-0.04051954293205265,False,
burnable_tree_shrub,monthly,august,,486,13778,4105,620,13158,0.7567364880435795,0.8672318202099544,0.11049533216637486,0.10984680855754876,0.2758579935765856,0.16601118501903683,0.1353856764763677,0.09169249869227933,-0.04369317778408838,False,
burnable_tree_shrub,monthly,august,,487,13962,4105,695,13267,0.7542642994219986,0.8682383888622877,0.11397408944028908,0.11502902795450748,0.2812927694207722,0.16626374146626471,0.13613867901220955,0.0912208982599711,-0.044917780752238456,False,
burnable_tree_shrub,monthly,august,,488,13792,4105,700,13092,0.7592820042774212,0.8528343372179302,0.09355233294050902,0.13963866564733843,0.26321523990424245,0.12357657425690402,0.13469358703141435,0.09441023524716886,-0.04028335178424548,False,
burnable_tree_shrub,monthly,august,,489,13908,4105,644,13264,0.7523536598386142,0.8496407639601706,0.09728710412155639,0.11702171443164054,0.255597937389318,0.13857622295767746,0.13454263678374878,0.09243728028550151,-0.04210535649824727,False,
burnable_tree_shrub,monthly,august,,490,13749,4105,561,13188,0.7549941420304853,0.8513863951293701,0.09639225309888477,0.11887787851675868,0.2359237971406623,0.11704591862390362,0.13578516362606735,0.0932505830750238,-0.042534580551043547,False,
burnable_tree_shrub,monthly,august,,491,13915,4105,625,13290,0.7466327163280662,0.8510977878103837,0.10446507148231754,0.11186803901936969,0.2634350844566393,0.15156704543726962,0.13984010867859237,0.09429552335473435,-0.04554458532385802,False,
burnable_tree_shrub,monthly,august,,492,13827,4105,601,13226,0.7474512588399848,0.8557585736560342,0.1083073148160495,0.11261173142568215,0.2600711294442575,0.14745939801857533,0.13458744773223424,0.09128779349779634,-0.043299654234437907,False,
burnable_tree_shrub,monthly,august,,493,13976,4105,682,13294,0.754067607947845,0.8525585043326493,0.09849089638480435,0.12577948078206466,0.27046704061122806,0.1446875598291634,0.13750818737400142,0.09508297962777607,-0.04242520774622535,False,
burnable_tree_shrub,monthly,august,,494,13816,4105,651,13165,0.7605251320968704,0.8569092045134337,0.09638407241656322,0.13234525124552174,0.29083652843474783,0.1584912771892261,0.1350164526778252,0.09045107432105473,-0.04456537835677046,False,
burnable_tree_shrub,monthly,august,,495,13806,4105,568,13238,0.7799770560209724,0.8619830955061082,0.08200603948513574,0.12643606487798403,0.27556979218113453,0.1491337273031505,0.1313309337120023,0.09334683638465828,-0.03798409732734402,False,
burnable_tree_shrub,monthly,august,,496,13761,4105,624,13137,0.7487327825304533,0.8512159456653063,0.10248316313485306,0.11202410115207453,0.28551589496267615,0.17349179381060162,0.13538686114114973,0.09484818556230208,-0.04053867557884765,False,
burnable_tree_shrub,monthly,august,,497,13777,4105,635,13142,0.7476578667660454,0.8456824726158965,0.09802460584985107,0.11115172480497898,0.2625081805294221,0.15135645572444312,0.1351008902494385,0.0943823684971097,-0.040718521752328804,False,
burnable_tree_shrub,monthly,august,,498,13856,4105,583,13273,0.7637974355399003,0.8601846382324271,0.09638720269252676,0.10778319377229423,0.2628870618397576,0.15510386806746335,0.13691761177594916,0.09315902220791261,-0.04375858956803655,False,
burnable_tree_shrub,monthly,august,,499,13821,4105,501,13320,0.7343042143940348,0.8268398638159118,0.09253564942187698,0.08416617591727878,0.18389935400687013,0.09973317808959135,0.1395229269481921,0.09549621346544462,-0.044026713482747476,False,
burnable_tree_shrub,monthly,august,,500,13813,4105,586,13227,0.7666450953177529,0.8669867018826679,0.10034160656491498,0.11929374523591328,0.26129484307224865,0.14200109783633535,0.1398792776912122,0.09643962154190999,-0.0434396561493022,False,
burnable_tree_shrub,monthly,august,,501,13890,4105,587,13303,0.7729913491865203,0.8619659128264674,0.08897456363994705,0.11718567560449251,0.2563187986966419,0.13913312309214942,0.1330006678879918,0.09306106236488121,-0.0399396055231106,False,
burnable_tree_shrub,monthly,august,,502,13943,4105,660,13283,0.7614411448673287,0.8596880496601945,0.0982469047928658,0.12213342790444125,0.272122438652119,0.14998901074767773,0.1360007979178513,0.09372519196793425,-0.042275605949917056,False,
burnable_tree_shrub,monthly,august,,503,13787,4105,604,13183,0.7657804075387076,0.8613103218925839,0.09552991435387637,0.12910873302329434,0.3001002035219044,0.17099147049861008,0.13414553694046202,0.0915689437905452,-0.042576593149916825,False,
burnable_tree_shrub,monthly,august,,504,13842,4105,641,13201,0.7603697587794429,0.8592299240791691,0.09886016529972619,0.11439018206160737,0.24684313313268336,0.132452951071076,0.13773280074221095,0.0958684278953071,-0.04186437284690385,False,
burnable_tree_shrub,monthly,august,,505,13870,4105,541,13329,0.7768749889924946,0.8662747925423266,0.08939980354983201,0.12446963702180978,0.2628074956153508,0.13833785859354097,0.13499347234338074,0.09314857986107859,-0.04184489248230215,False,
burnable_tree_shrub,monthly,august,,506,13927,4105,604,13323,0.7719417150940986,0.867228745489675,0.0952870303955764,0.12094549882494707,0.2721931125664947,0.15124761374154763,0.1348532400752639,0.0942837373434871,-0.040569502731776785,False,
burnable_tree_shrub,monthly,august,,507,13876,4105,625,13251,0.7530279073277488,0.8639147536035017,0.11088684627575285,0.11218122062759166,0.2887220833826519,0.1765408627550602,0.13599185498552102,0.08996776240343843,-0.04602409258208259,False,
burnable_tree_shrub,monthly,august,,508,13800,4105,572,13228,0.7262262608875852,0.8352548287062197,0.10902856781863446,0.09241346434875673,0.21050262847123205,0.11808916412247532,0.13597930425530533,0.09443518562260061,-0.04154411863270471,False,
burnable_tree_shrub,monthly,august,,509,13902,4105,578,13324,0.7594218201876262,0.8690076782121187,0.1095858580244925,0.10468765982801216,0.241846946824202,0.13715928699618984,0.13289812240858886,0.09052171272743956,-0.04237640968114931,False,
burnable_tree_shrub,monthly,august,,510,13860,4105,600,13260,0.7073437657114128,0.8046966440422323,0.09735287833081951,0.0851477515534452,0.18237661302601754,0.09722886147257234,0.13793896696992322,0.09692858108026163,-0.04101038588966159,False,
burnable_tree_shrub,monthly,august,,511,13862,4105,604,13258,0.7575595991524297,0.8622115823608687,0.10465198320843905,0.11129118757081069,0.25966148547925827,0.14837029790844758,0.13882331603323414,0.0931030083313338,-0.045720307701900345,False,
burnable_tree_shrub,monthly,august,,512,13843,4105,635,13208,0.756432751327041,0.8599232390772473,0.1034904877502063,0.11948829641823644,0.2615989647925194,0.14211066837428293,0.13621353924255533,0.09315409192913254,-0.04305944731342279,False,
burnable_tree_shrub,monthly,august,,513,13865,4105,638,13227,0.7506744421558165,0.8574059946253187,0.10673155246950228,0.12184632083604162,0.2736229083057132,0.15177658746967154,0.13705100330888836,0.09318124903845297,-0.04386975427043539,False,
burnable_tree_shrub,monthly,august,,514,13978,4105,701,13277,0.7551905373670234,0.855816967916265,0.1006264305492417,0.11651242312063799,0.2514874110563259,0.1349749879356879,0.13486058465915884,0.09594616215807643,-0.038914422501082416,False,
burnable_tree_shrub,monthly,august,,515,13730,4105,670,13060,0.7413955109597494,0.8268229297616054,0.085427418801856,0.12904804818565835,0.2475206501500169,0.11847260196435855,0.1351686071713553,0.09490414472076812,-0.040264462450587166,False,
burnable_tree_shrub,monthly,august,,516,13791,4105,628,13163,0.7624061800327205,0.8624089744898724,0.10000279445715188,0.12645596605855047,0.25671495868476657,0.1302589926262161,0.13780464236967774,0.09597612950006124,-0.0418285128696165,False,
burnable_tree_shrub,monthly,august,,517,13984,4105,666,13318,0.7643235666962953,0.871650145414975,0.10732657871867968,0.11621493216535682,0.24998454679180757,0.13376961462645076,0.13572410606231133,0.09326027891108926,-0.04246382715122207,False,
burnable_tree_shrub,monthly,august,,518,13797,4105,607,13190,0.7708990261455624,0.8774086254251324,0.10650959927957004,0.12612031834060972,0.27448195510962303,0.14836163676901332,0.13637963739195091,0.08919006135341398,-0.047189576038536934,False,
burnable_tree_shrub,monthly,august,,519,13842,4105,648,13194,0.7641467923130041,0.8687741762529546,0.10462738393995052,0.12482652565022351,0.2871643738057675,0.16233784815554397,0.13317388904089192,0.0909114682044724,-0.04226242083641951,False,
burnable_tree_shrub,monthly,august,,520,13859,4105,609,13250,0.7326954797533848,0.8353306069337298,0.10263512718034506,0.10877927070545046,0.2423204666439306,0.13354119593848013,0.13907267988642266,0.09514814186966587,-0.04392453801675679,False,
burnable_tree_shrub,monthly,august,,521,13908,4105,630,13278,0.7459108873252569,0.8536793167836999,0.107768429458443,0.1094726811644206,0.26597070444362286,0.15649802327920226,0.1364989616065891,0.09425596412275912,-0.04224299748382997,False,
burnable_tree_shrub,monthly,august,,522,13986,4105,692,13294,0.7473452754991385,0.8457218302663376,0.09837655476719909,0.12162872148229903,0.2702837924234785,0.14865507094117947,0.1377396894919715,0.0953287809464341,-0.04241090854553739,False,
burnable_tree_shrub,monthly,august,,523,13813,4105,568,13245,0.7505432557595478,0.8489729714641188,0.09842971570457093,0.10310854230069098,0.24669125405826167,0.1435827117575707,0.14026112523924322,0.09693577548572625,-0.04332534975351697,False,
burnable_tree_shrub,monthly,august,,524,13886,4105,666,13220,0.7523637858736195,0.8526487531404323,0.1002849672668128,0.1267832221736122,0.30195413630770274,0.17517091413409053,0.1369650764442797,0.09292487397107203,-0.044040202473207654,False,
burnable_tree_shrub,monthly,august,,525,13997,4105,571,13426,0.7656024865364351,0.8660616291206935,0.10045914258425837,0.11736140678671274,0.24367976995268736,0.1263183631659746,0.1338776375630116,0.0925067445835311,-0.0413708929794805,False,
burnable_tree_shrub,monthly,august,,526,13925,4105,610,13315,0.7528389650523569,0.8572524516291867,0.1044134865768298,0.10872687525170244,0.21676848445299715,0.10804160920129471,0.1404579875523571,0.09855349139389567,-0.04190449615846144,False,
burnable_tree_shrub,monthly,august,,527,13841,4105,592,13249,0.751607464510325,0.8580792941027676,0.10647182959244261,0.11014611997791034,0.25626867837568823,0.14612255839777788,0.14010242140065596,0.09403569071130481,-0.046066730689351146,False,
burnable_tree_shrub,monthly,august,,528,13844,4105,571,13273,0.739146256776889,0.843123848197683,0.10397759142079399,0.09084643441058246,0.23288971261949049,0.14204327820890802,0.13442811838175237,0.09271934314592636,-0.041708775235826,False,
burnable_tree_shrub,monthly,august,,529,13838,4105,647,13191,0.7494215589126444,0.8432162484444161,0.09379468953177172,0.1286294693214699,0.24614183491570943,0.11751236559423953,0.13601976567657176,0.09223864653962709,-0.04378111913694467,False,
burnable_tree_shrub,monthly,august,,530,13932,4105,631,13301,0.7496252501063096,0.8491265447076831,0.09950129460137347,0.11547710956275209,0.24927908444299393,0.13380197488024184,0.13650070516199272,0.0952825210255965,-0.04121818413639622,False,
burnable_tree_shrub,monthly,august,,531,13791,4105,671,13120,0.7625245356402893,0.8587006674602887,0.0961761318199994,0.11797044250281519,0.2829325777864395,0.1649621352836243,0.1337912987307896,0.09328600136191637,-0.04050529736887323,False,
burnable_tree_shrub,monthly,august,,532,13855,4105,644,13211,0.7538943878407369,0.8601674634962114,0.1062730756554745,0.12113681755034061,0.31432522097964344,0.19318840342930282,0.1377977205450618,0.09313772829953139,-0.044659992245530425,False,
burnable_tree_shrub,monthly,august,,533,13905,4105,634,13271,0.7644875439366736,0.8796680078737182,0.11518046393704462,0.12427385200213287,0.31593382209329346,0.1916599700911606,0.13903396591299752,0.09154978352222627,-0.04748418239077125,False,
burnable_tree_shrub,monthly,august,,534,13855,4105,636,13219,0.7608351282054941,0.8610469207415854,0.10021179253609125,0.1189699015688664,0.27358890048607654,0.15461899891721015,0.13589344442321416,0.09451247188869127,-0.041380972534522886,False,
burnable_tree_shrub,monthly,august,,535,13891,4105,588,13303,0.719803752516567,0.8284899166010838,0.10868616408451681,0.08808425652283128,0.20259491854136233,0.11451066201853105,0.1429891536466801,0.0969812320495269,-0.04600792159715321,False,
burnable_tree_shrub,monthly,august,,536,13906,4105,702,13204,0.751990677089132,0.8576786172022465,0.10568794011311444,0.13430198280160224,0.29937722810186035,0.1650752453002581,0.13657436715734303,0.0927336451866535,-0.04384072197068953,False,
burnable_tree_shrub,monthly,august,,537,13868,4105,628,13240,0.7346644264629476,0.8366924562703253,0.10202802980737768,0.10899212900457642,0.23637557127685885,0.12738344227228243,0.13666124559962864,0.09429572748074941,-0.04236551811887923,False,
burnable_tree_shrub,monthly,august,,538,13779,4105,658,13121,0.7782317911216364,0.8709686947001826,0.09273690357854614,0.13669454898159,0.31643171425079125,0.17973716526920125,0.13424026478815454,0.09272911234312997,-0.04151115244502457,False,
burnable_tree_shrub,monthly,august,,539,13924,4105,685,13239,0.7580414645294289,0.8620571381943307,0.10401567366490183,0.12566459007073588,0.28655205368359066,0.16088746361285478,0.13734288663372712,0.09380381329696205,-0.04353907333676507,False,
burnable_tree_shrub,monthly,august,,540,13948,4105,546,13402,0.7298909243768221,0.8364901526369963,0.1065992282601742,0.09099964421269399,0.20035024074047955,0.10935059652778556,0.137189383899834,0.09612067027530372,-0.041068713624530295,False,
burnable_tree_shrub,monthly,august,,541,13835,4105,579,13256,0.715057567049509,0.8258909446812237,0.11083337763171475,0.09183185090931444,0.23285443872276645,0.141022587813452,0.13974348936656372,0.09583950284792014,-0.04390398651864358,False,
burnable_tree_shrub,monthly,august,,542,13809,4105,610,13199,0.72297603270988,0.84741193756606,0.12443590485618006,0.09431748084148944,0.2292794860155791,0.13496200517408966,0.1383514109557075,0.09300894819358903,-0.045342462762118466,False,
burnable_tree_shrub,monthly,august,,543,13919,4105,492,13427,0.7205371593821694,0.8339930282448724,0.11345586886270298,0.07354320967025764,0.18254635883072481,0.10900314916046717,0.13465912766661278,0.09250984623699315,-0.04214928142961963,False,
burnable_tree_shrub,monthly,august,,544,13810,4105,654,13156,0.7565318274333033,0.845759728238787,0.0892279008054837,0.12479249884627835,0.2602701855486545,0.13547768670237614,0.13527396093903513,0.09467063091535638,-0.040603330023678746,False,
burnable_tree_shrub,monthly,august,,545,13929,4105,655,13274,0.7395454812081702,0.8467352811614739,0.10718979995330369,0.11958908915749777,0.28045789134269306,0.16086880218519528,0.1411844775105443,0.09466138787642082,-0.04652308963412348,False,
burnable_tree_shrub,monthly,august,,546,13845,4105,646,13199,0.7484211089263024,0.8459544735188448,0.09753336459254236,0.14349399179273556,0.2954852941297034,0.15199130233696787,0.13950221133492155,0.09212823465332592,-0.047373976681595625,False,
burnable_tree_shrub,monthly,august,,547,13930,4105,618,13312,0.7383342474172268,0.843032529231236,0.1046982818140092,0.10578731390167606,0.2349636309515262,0.12917631704985014,0.14081822166794333,0.09722802713077891,-0.04359019453716442,False,
burnable_tree_shrub,monthly,august,,548,13807,4105,657,13150,0.7718235324756497,0.8632324600239596,0.09140892754830987,0.13936376337737041,0.3020090757785317,0.16264531240116128,0.13561771992749092,0.09090499039369425,-0.044712729533796666,False,
burnable_tree_shrub,monthly,august,,549,13898,4105,639,13259,0.7416686052914009,0.8452222077046672,0.10355360241326628,0.11724955836664781,0.2690336833479603,0.1517841249813125,0.1354913253654912,0.09533989657864661,-0.04015142878684458,False,
burnable_tree_shrub,monthly,august,,550,13984,4105,688,13296,0.7374718616195114,0.8458163781553465,0.1083445165358351,0.10294230323574927,0.24282467635382163,0.13988237311807236,0.13817795614385206,0.09225393621332474,-0.04592401993052732,False,
burnable_tree_shrub,monthly,august,,551,13778,4105,616,13162,0.7457767786840116,0.8598727002370066,0.11409592155299497,0.10316398645830041,0.2641318997165364,0.16096791325823598,0.13692018179761992,0.09490273622909882,-0.04201744556852109,False,
burnable_tree_shrub,monthly,august,,552,13994,4105,625,13369,0.7530318797217443,0.8520605580073304,0.09902867828558604,0.10727496057795395,0.24815970299187226,0.1408847424139183,0.13754301241762448,0.0953275771143729,-0.042215435303251586,False,
burnable_tree_shrub,monthly,august,,553,13873,4105,597,13276,0.7547278675187729,0.8667655340072866,0.11203766648851377,0.10493158855799432,0.2598548986684626,0.15492331011046828,0.13602666258179702,0.09469041736322469,-0.041336245218572334,False,
burnable_tree_shrub,monthly,august,,554,13877,4105,498,13379,0.7220920455872373,0.8252651836135934,0.10317313802635608,0.0801042130848266,0.17911990225705757,0.09901568917223097,0.13683785861026518,0.09377318788030538,-0.0430646707299598,False,
burnable_tree_shrub,monthly,august,,555,13820,4105,583,13237,0.7423989956941475,0.8584814305656827,0.11608243487153524,0.09869058011479569,0.28131436666724796,0.18262378655245226,0.1405844203624881,0.09230484817883307,-0.04827957218365504,False,
burnable_tree_shrub,monthly,august,,556,13932,4105,713,13219,0.7402140253091013,0.8476558508848722,0.10744182557577087,0.12713300311989162,0.2771801060136888,0.1500471028937972,0.14387689308967166,0.09658026489185235,-0.04729662819781931,False,
burnable_tree_shrub,monthly,august,,557,13897,4105,641,13256,0.7451345730353052,0.8601632840207994,0.11502871098549428,0.11123050998672332,0.2560471478875033,0.14481663790078,0.13926327964905677,0.09487380172337335,-0.044389477925683415,False,
burnable_tree_shrub,monthly,august,,558,13817,4105,555,13262,0.7633339718847184,0.8565195417103124,0.093185569825594,0.10808338481143324,0.26509122361276893,0.15700783880133568,0.13358171536808922,0.09223503711424356,-0.04134667825384565,False,
burnable_tree_shrub,monthly,august,,559,13813,4105,635,13178,0.7432989604482776,0.8462342988732114,0.10293533842493385,0.11478298998199192,0.2540055115055409,0.13922252152354897,0.1355828749530971,0.09205098808874015,-0.04353188686435694,False,
burnable_tree_shrub,monthly,august,,560,13823,4105,528,13295,0.7237110670450271,0.8330024815663213,0.1092914145212942,0.08749733678535655,0.2259933395277583,0.13849600274240176,0.14016474193922313,0.09529071188913564,-0.044874030050087485,False,
burnable_tree_shrub,monthly,august,,561,13827,4105,662,13165,0.7617888455037906,0.8722841508485719,0.11049530534478136,0.1197428374434905,0.2894146914651218,0.16967185402163126,0.13640155669361395,0.09361348704275131,-0.04278806965086264,False,
burnable_tree_shrub,monthly,august,,562,13951,4105,632,13319,0.746955786014269,0.8437413574022454,0.09678557138797639,0.10849309128735729,0.27529491952945423,0.16680182824209694,0.1357170744028753,0.09199210107304394,-0.04372497332983137,False,
burnable_tree_shrub,monthly,august,,563,13760,4105,617,13143,0.7500307982347525,0.8528032436121255,0.10277244537737296,0.11390041983882342,0.24703136354557115,0.13313094370674772,0.1373291531016058,0.09533048874468111,-0.041998664356924675,False,
burnable_tree_shrub,monthly,august,,564,13861,4105,552,13309,0.7389135988396215,0.8339640359961277,0.09505043715650618,0.09845503929009938,0.24545831873455998,0.1470032794444606,0.1367950713621705,0.09593285525631175,-0.04086221610585876,False,
burnable_tree_shrub,monthly,august,,565,13787,4105,625,13162,0.7387976295395837,0.8408499620118521,0.10205233247226841,0.11250086663653963,0.2554615123028259,0.14296064566628625,0.1388407268493882,0.09266619213750675,-0.046174534711881446,False,
burnable_tree_shrub,monthly,august,,566,13818,4105,614,13204,0.7410143456676341,0.8471652430859468,0.10615089741831263,0.11411371588251268,0.2541865435053713,0.1400728276228586,0.13894491988914687,0.0931499572589434,-0.04579496263020347,False,
burnable_tree_shrub,monthly,august,,567,13769,4105,553,13216,0.7740395772125628,0.8741892259478347,0.10014964873527188,0.11196729025459883,0.26207062595579383,0.150103335701195,0.13206738011424332,0.08980683641540907,-0.04226054369883425,False,
burnable_tree_shrub,monthly,august,,568,13763,4105,600,13163,0.7562939046316695,0.8502350654612676,0.09394116082959814,0.12047386804425728,0.28139444928407115,0.16092058123981387,0.14003754707308208,0.09578691888194626,-0.044250628191135816,False,
burnable_tree_shrub,monthly,august,,569,13879,4105,616,13263,0.7668274009034017,0.8654523349303942,0.09862493402699246,0.12643657161435676,0.283643317216791,0.15720674560243422,0.13869692557743762,0.0962864329256894,-0.04241049265174822,False,
burnable_tree_shrub,monthly,august,,570,13847,4105,628,13219,0.764113900904074,0.8563889171299948,0.09227501622592071,0.13851151938742484,0.28621288498464564,0.1477013655972208,0.1345116497440493,0.09233196733392002,-0.04217968241012929,False,
burnable_tree_shrub,monthly,august,,571,13856,4105,706,13150,0.7651284481737202,0.8703602473098588,0.10523179913613867,0.15369444112360095,0.3248446410619861,0.17115019993838512,0.13967455474730256,0.09141431726087797,-0.04826023748642459,False,
burnable_tree_shrub,monthly,august,,572,13858,4105,693,13165,0.7276473705641955,0.8490164517509751,0.12136908118677958,0.10778949884996264,0.258992218707711,0.15120271985774836,0.14423954597230357,0.09699601292415641,-0.04724353304814716,False,
burnable_tree_shrub,monthly,august,,573,13846,4105,644,13202,0.7416117076181756,0.8472939235632471,0.10568221594507143,0.11848807282103001,0.2584333591707956,0.13994528634976555,0.14068672796974507,0.09334029485146453,-0.047346433118280545,False,
burnable_tree_shrub,monthly,august,,574,13823,4105,575,13248,0.7525896607855492,0.854318420499895,0.1017287597143458,0.11314215466162225,0.25471355262984535,0.1415713979682231,0.13852113302158417,0.09386642025594084,-0.044654712765643326,False,
burnable_tree_shrub,monthly,august,,575,13686,4105,605,13081,0.7621388917494998,0.8522946346382142,0.09015574288871442,0.1319157552307439,0.24138403488417062,0.10946827965342673,0.1367664184971464,0.09360000167193899,-0.043166416825207415,False,
burnable_tree_shrub,monthly,august,,576,13953,4105,593,13360,0.7462342599791985,0.8608083579889125,0.11457409800971408,0.10013647601914427,0.2441465391041285,0.14401006308498424,0.1388589497053059,0.09259844045236515,-0.04626050925294076,False,
burnable_tree_shrub,monthly,august,,577,13958,4105,596,13362,0.7592244208508753,0.8662804291243624,0.10705600827348716,0.10869589974390735,0.25723756061496633,0.14854166087105897,0.13946946123392823,0.0962686641193546,-0.04320079711457363,False,
burnable_tree_shrub,monthly,august,,578,13926,4105,604,13322,0.7307124549244342,0.8417093892391314,0.11099693431469726,0.09633212736524792,0.24203231373424527,0.14570018636899734,0.13786914108751727,0.09542004675356933,-0.042449094333947945,False,
burnable_tree_shrub,monthly,august,,579,13878,4105,675,13203,0.7571857125625209,0.8629509567129805,0.10576524415045963,0.12499781355298892,0.2678335203017758,0.1428357067487869,0.13952631364268742,0.0959087810909218,-0.04361753255176562,False,
burnable_tree_shrub,monthly,august,,580,13797,4105,647,13150,0.7502876687372548,0.8541799824871739,0.10389231374991903,0.12115715420059701,0.2549151158050758,0.13375796160447878,0.14062070557754294,0.09709029584377322,-0.04353040973376972,False,
burnable_tree_shrub,monthly,august,,581,13872,4105,524,13348,0.7508072227420066,0.8531486548003303,0.10234143205832369,0.09183798290358836,0.23196373923000974,0.14012575632642138,0.13719035416743783,0.09160813425048327,-0.04558221991695456,False,
burnable_tree_shrub,monthly,august,,582,13798,4105,697,13101,0.765355618641923,0.8621542793506841,0.09679866070876109,0.13982267039583593,0.302078034558795,0.16225536416295908,0.13608586393941374,0.09692633357033077,-0.03915953036908297,False,
burnable_tree_shrub,monthly,august,,583,13802,4105,622,13180,0.7525224568063276,0.8589985801345701,0.10647612332824252,0.12935060159421222,0.2743423148883854,0.14499171329417318,0.13560901142554485,0.0893134185416039,-0.046295592883940945,False,
burnable_tree_shrub,monthly,august,,584,13842,4105,637,13205,0.7426870203415885,0.8460631379222822,0.10337611758069365,0.1216566432169624,0.26407730898306425,0.14242066576610185,0.13817525344030912,0.09314107285094102,-0.0450341805893681,False,
burnable_tree_shrub,monthly,august,,585,13837,4105,587,13250,0.7348915817556492,0.8362593294976053,0.10136774774195612,0.11345502294570801,0.24601836208852076,0.13256333914281276,0.13567461748844384,0.09611278692799011,-0.03956183056045373,False,
burnable_tree_shrub,monthly,august,,586,13941,4105,622,13319,0.7609820025981306,0.8532475666969002,0.09226556409876951,0.137278753475279,0.25709743466022106,0.11981868118494207,0.1379680756930608,0.09278877165139043,-0.045179304041670365,False,
burnable_tree_shrub,monthly,august,,587,13955,4105,598,13357,0.7431045262551946,0.8472351626031018,0.1041306363479072,0.10414275378994212,0.27693271368904926,0.17278995989910714,0.14133511240988245,0.09603061872314132,-0.045304493686741124,False,
burnable_tree_shrub,monthly,august,,588,13816,4105,602,13214,0.749126065327874,0.8374460767724958,0.08832001144462187,0.11588136337588296,0.2390136925067105,0.12313232913082754,0.13724776864745875,0.09350324692654127,-0.04374452172091747,False,
burnable_tree_shrub,monthly,august,,589,13878,4105,589,13289,0.7408945013817805,0.8513854406308444,0.11049093924906395,0.1008767992627882,0.21496826834023197,0.11409146907744377,0.13844494934799978,0.09546881226778846,-0.04297613708021132,False,
burnable_tree_shrub,monthly,august,,590,13855,4105,585,13270,0.743380802401149,0.8410131457757682,0.09763234337461923,0.10061678655366285,0.24373014837821458,0.14311336182455173,0.13695022254264544,0.0926681666551011,-0.044282055887544344,False,
burnable_tree_shrub,monthly,august,,591,13932,4105,572,13360,0.7485495791633516,0.8493120838742095,0.1007625047108579,0.09842565835689632,0.23241956497743027,0.13399390662053395,0.13540173620880305,0.09221773615322182,-0.043184000055581234,False,
burnable_tree_shrub,monthly,august,,592,13823,4105,641,13182,0.7332076715021264,0.8393742850305728,0.10616661352844636,0.11121222742092425,0.2593342591618949,0.14812203174097066,0.13511418614457482,0.09517149890547265,-0.03994268723910217,False,
burnable_tree_shrub,monthly,august,,593,13951,4105,566,13385,0.7338625986845144,0.8371476165899542,0.10328501790543976,0.09555962782422085,0.2179374472440497,0.12237781941982885,0.13787426153866023,0.09512883146423694,-0.04274543007442329,False,
burnable_tree_shrub,monthly,august,,594,13900,4105,643,13257,0.7441316544996153,0.8529334718088428,0.10880181730922756,0.12062556916163622,0.29001988376482213,0.1693943146031859,0.1394180232786536,0.09398293635728247,-0.04543508692137113,False,
burnable_tree_shrub,monthly,august,,595,13859,4105,685,13174,0.7438761816850045,0.8486534525536364,0.10477727086863198,0.11441407625950038,0.26609498288650424,0.15168090662700384,0.13652406326772237,0.09363703211931736,-0.042887031148405017,False,
burnable_tree_shrub,monthly,august,,596,13844,4105,661,13183,0.735308837092836,0.8283418233471959,0.09303298625435985,0.11381083893545771,0.26433767579593204,0.15052683686047433,0.1401422554568491,0.09601562467902221,-0.0441266307778269,False,
burnable_tree_shrub,monthly,august,,597,13808,4105,594,13214,0.7528979059552694,0.8481091373856622,0.09521123143039278,0.11176510533432732,0.24985452502186187,0.13808941968753455,0.13487049196154313,0.09463473502833647,-0.04023575693320666,False,
burnable_tree_shrub,monthly,august,,598,13784,4105,590,13194,0.7450249599843791,0.852741872910902,0.10771691292652286,0.10709400299603618,0.23477637121987255,0.12768236822383638,0.13573490201249255,0.08931916593602336,-0.04641573607646919,False,
burnable_tree_shrub,monthly,august,,599,13935,4105,654,13281,0.7516012965568757,0.8527837588221843,0.10118246226530858,0.11833673703802394,0.27939256388282646,0.16105582684480252,0.13735493983576824,0.09375057231996421,-0.04360436751580403,False,
burnable_tree_shrub,monthly,august,,600,13847,4105,591,13256,0.7389127242575466,0.8448889983222487,0.10597627406470211,0.09940715708310718,0.23194214711632397,0.13253499003321678,0.13510633696184896,0.09386493680504689,-0.04124140015680207,False,
burnable_tree_shrub,monthly,august,,601,13782,4105,618,13164,0.7375734940540987,0.8298479279077291,0.09227443385363043,0.11127904835702661,0.24005624441185575,0.12877719605482912,0.13451004169762848,0.09549365135090478,-0.0390163903467237,False,
burnable_tree_shrub,monthly,august,,602,13812,4105,723,13089,0.747782364949737,0.8555648440240013,0.1077824790742643,0.12296783851800697,0.2732231751818743,0.1502553366638673,0.1374689663029865,0.09800561408486032,-0.03946335221812618,False,
burnable_tree_shrub,monthly,august,,603,13877,4105,604,13273,0.7305569290443228,0.8289811687621587,0.09842423971783587,0.10230577483187357,0.2110845325971732,0.10877875776529962,0.13539528579317925,0.09438548311616629,-0.04100980267701296,False,
burnable_tree_shrub,monthly,august,,604,13750,4105,597,13153,0.7678033850032748,0.8757217115252636,0.10791832652198874,0.11485925643436873,0.27598685775183507,0.16112760131746634,0.13452756491349152,0.09081205389873051,-0.04371551101476101,False,
burnable_tree_shrub,monthly,august,,605,13759,4105,643,13116,0.7499324131081575,0.8444979764247436,0.09456556331658605,0.10784187419634049,0.22737721154774998,0.11953533735140949,0.1372020757284368,0.09557651497587126,-0.04162556075256553,False,
burnable_tree_shrub,monthly,august,,606,13856,4105,678,13178,0.7387341287056151,0.843836111047688,0.10510198234207291,0.12431992464574797,0.2721784713298159,0.1478585466840679,0.1385132625305755,0.09407475615326193,-0.04443850637731357,False,
burnable_tree_shrub,monthly,august,,607,13868,4105,651,13217,0.7669748044778248,0.8584892240094363,0.09151441953161144,0.12814699891353493,0.2863464773245636,0.15819947841102866,0.13391259770780575,0.09567864391889365,-0.0382339537889121,False,
burnable_tree_shrub,monthly,august,,608,13907,4105,634,13273,0.7426676293825777,0.8449084037446101,0.10224077436203238,0.10989918105488285,0.25792387439982706,0.14802469334494422,0.13717167863901464,0.09432379362527514,-0.0428478850137395,False,
burnable_tree_shrub,monthly,august,,609,13701,4105,617,13084,0.7186316864424709,0.8398364241130866,0.12120473767061568,0.09978972782889918,0.21242177155505196,0.11263204372615278,0.14096009811687032,0.09583707379651576,-0.04512302432035456,False,
burnable_tree_shrub,monthly,august,,610,13928,4105,667,13261,0.7525769955682742,0.8550751959816788,0.10249820041340463,0.11541104937280389,0.24914541965295697,0.1337343702801531,0.14043544072331143,0.09590377834873048,-0.04453166237458095,False,
burnable_tree_shrub,monthly,august,,611,13863,4105,630,13233,0.7789669645031241,0.860444967427511,0.0814780029243869,0.13979534676800945,0.307559535961047,0.16776418919303757,0.1331786137996062,0.09233691382733382,-0.04084169997227237,False,
burnable_tree_shrub,monthly,august,,612,14000,4105,645,13355,0.7781170713869032,0.8629336630301342,0.08481659164323097,0.13596915932592527,0.28786318542588274,0.15189402609995747,0.13324942718801686,0.09323888633559219,-0.04001054085242467,False,
burnable_tree_shrub,monthly,august,,613,13789,4105,627,13162,0.7540437686472123,0.8605171550112729,0.10647338636406056,0.11125182043742675,0.27594265677552415,0.1646908363380974,0.13695800203788927,0.09397839758793855,-0.04297960444995072,False,
burnable_tree_shrub,monthly,august,,614,13879,4105,570,13309,0.7438078440522373,0.8420675627757499,0.09825971872351258,0.10585863481574205,0.2342860566873063,0.12842742187156425,0.13883071569024674,0.09749726467491196,-0.04133345101533478,False,
burnable_tree_shrub,monthly,august,,615,13906,4105,642,13264,0.7375240268085634,0.8369459272328256,0.09942190042426213,0.11482888834605137,0.21988011183927858,0.10505122349322721,0.14037802500875307,0.09404244476774404,-0.04633558024100903,False,
burnable_tree_shrub,monthly,august,,616,13737,4105,566,13171,0.7540054134350738,0.8474306975411501,0.09342528410607631,0.10590085957237917,0.2185613288920682,0.11266046931968902,0.135904829436616,0.09546673068539471,-0.040438098751221285,False,
burnable_tree_shrub,monthly,august,,617,13931,4105,617,13314,0.7483301354224566,0.8526055852298637,0.1042754498074071,0.10823545790064008,0.2754197138579023,0.16718425595726222,0.13502342032611073,0.09085363934925199,-0.04416978097685874,False,
burnable_tree_shrub,monthly,august,,618,13775,4105,645,13130,0.7478683646539968,0.8407974518382071,0.09292908718421033,0.11979188179868155,0.22479833867947815,0.1050064568807966,0.13289364056659592,0.09370841206824641,-0.0391852284983495,False,
burnable_tree_shrub,monthly,august,,619,13893,4105,616,13277,0.7591966480457858,0.8516226796853068,0.09242603163952101,0.11801805185180597,0.26691758015002914,0.14889952829822317,0.13675384320031309,0.09591725852187538,-0.040836584678437704,False,
burnable_tree_shrub,monthly,august,,620,13863,4105,620,13243,0.7421042888147846,0.8525896212971917,0.1104853324824071,0.10784566131271879,0.2357234086713782,0.12787774735865942,0.13781582848235258,0.09513671016121929,-0.04267911832113329,False,
burnable_tree_shrub,monthly,august,,621,13824,4105,704,13120,0.7491615853658536,0.8374992421355322,0.08833765676967853,0.13233751350943315,0.2719373710299668,0.13959985752053364,0.13786326359818882,0.0970770229525907,-0.04078624064559812,False,
burnable_tree_shrub,monthly,august,,622,13783,4105,616,13167,0.7392483816783202,0.8390620022113529,0.09981362053303267,0.1039254801574694,0.2505796022385466,0.1466541220810772,0.1393592997955164,0.09743377950867048,-0.041925520286845916,False,
burnable_tree_shrub,monthly,august,,623,13812,4105,522,13290,0.7418003626729399,0.8437092965932383,0.10190893392029843,0.09425053250543963,0.2370970750147287,0.14284654250928908,0.133344272165178,0.09005230528959941,-0.04329196687557858,False,
burnable_tree_shrub,monthly,august,,624,13849,4105,617,13232,0.7395859259709285,0.8499450769119212,0.11035915094099269,0.10399756476676288,0.22492259316912228,0.1209250284023594,0.1387035132440324,0.096080791766861,-0.0426227214771714,False,
burnable_tree_shrub,monthly,august,,625,13932,4105,682,13250,0.7293051513307143,0.832552979582803,0.10324782825208878,0.10987956416688649,0.25063544257995757,0.14075587841307108,0.14333616482259717,0.09833001193659849,-0.045006152885998685,False,
burnable_tree_shrub,monthly,august,,626,13902,4105,687,13215,0.7452788696185194,0.8456575029147879,0.1003786332962685,0.11313922262542946,0.250256020239248,0.1371167976138185,0.13785381555777437,0.09668540635116442,-0.041168409206609954,False,
burnable_tree_shrub,monthly,august,,627,13863,4105,602,13261,0.7375288765472957,0.8364588440462265,0.0989299674989308,0.10353779482388299,0.22582239777047347,0.12228460294659048,0.13934783753303118,0.09724209610854966,-0.04210574142448152,False,
burnable_tree_shrub,monthly,august,,628,13868,4105,699,13169,0.7650164891732666,0.8583864803227677,0.09336999114950106,0.14475878212606788,0.3122943615766738,0.1675355794506059,0.1370311110751245,0.09426883587276876,-0.042762275202355746,False,
burnable_tree_shrub,monthly,august,,629,13803,4105,555,13248,0.7470824084954519,0.85167293652348,0.10459052802802804,0.10181186932789016,0.24191960570972793,0.14010773638183777,0.1390719828880271,0.09364008953995065,-0.04543189334807646,False,
burnable_tree_shrub,monthly,august,,630,14025,4105,539,13486,0.7527047220274059,0.8511176436114466,0.09841292158404069,0.094412507142882,0.21938915878959933,0.12497665164671733,0.13737018718062577,0.09247931740241587,-0.0448908697782099,False,
burnable_tree_shrub,monthly,august,,631,13971,4105,538,13433,0.7352693818170145,0.8348715101825748,0.09960212836556026,0.08928388901062317,0.2293950109661261,0.14011112195550293,0.13612496517772887,0.09618217121617764,-0.03994279396155123,False,
burnable_tree_shrub,monthly,august,,632,13976,4105,631,13345,0.7428188528381564,0.8585018813767747,0.11568302853861834,0.11907742711001848,0.27547983625970845,0.15640240914968997,0.13633773367620977,0.09237375622376671,-0.04396397745244306,False,
burnable_tree_shrub,monthly,august,,633,13850,4105,610,13240,0.7441445445990789,0.8435853226685157,0.09944077806943685,0.10385164317953963,0.2502108510840743,0.1463592079045347,0.13583397871011696,0.09156214285496199,-0.04427183585515497,False,
burnable_tree_shrub,monthly,august,,634,13764,4105,590,13174,0.7488275571040031,0.8459980881705877,0.09717053106658469,0.114883024999562,0.24894323698460008,0.1340602119850381,0.13333476715806045,0.09360739374838659,-0.03972737340967386,False,
burnable_tree_shrub,monthly,august,,635,13826,4105,599,13227,0.7465604136225127,0.8566546926261139,0.11009427900360125,0.12102515849644571,0.2619282449416386,0.14090308644519287,0.1389965328125545,0.09369716627751422,-0.045299366535040284,False,
burnable_tree_shrub,monthly,august,,636,13875,4105,587,13288,0.7548341960621822,0.8457480305269605,0.0909138344647783,0.1340736269879398,0.2249907248372819,0.09091709784934213,0.1336063260524541,0.09413725830534683,-0.03946906774710726,False,
burnable_tree_shrub,monthly,august,,637,13901,4105,648,13253,0.7376290530073322,0.8419060487585852,0.10427699575125304,0.1044519486312771,0.2442224264328807,0.1397704778016036,0.1412102420274386,0.10096745996608421,-0.040242782061354385,False,
burnable_tree_shrub,monthly,august,,638,13877,4105,683,13194,0.7260436717430678,0.846928070370511,0.12088439862744316,0.10664407511451525,0.25114077105150434,0.1444966959369891,0.13958547632411572,0.0931665135688439,-0.046418962755271825,False,
burnable_tree_shrub,monthly,august,,639,13890,4105,547,13343,0.7247666374236996,0.8257800343379935,0.1010133969142939,0.09049955649809205,0.23029464699351238,0.13979509049542033,0.13641850648079543,0.09332719016877639,-0.04309131631201904,False,
burnable_tree_shrub,monthly,august,,640,13927,4105,607,13320,0.757004986864954,0.8487763504855762,0.09177136362062221,0.10800301118101577,0.24011170895981676,0.132108697778801,0.13667408837161063,0.09543671610894078,-0.04123737226266985,False,
burnable_tree_shrub,monthly,august,,641,13916,4105,544,13372,0.7260699486195914,0.8259202723865495,0.09985032376695813,0.08654593954751061,0.21014806025350755,0.12360212070599694,0.1394959706849412,0.0961979843577509,-0.04329798632719031,False,
burnable_tree_shrub,monthly,august,,642,13910,4105,568,13342,0.7585106652506857,0.8747149739992948,0.1162043087486091,0.10630526542927342,0.26858289175441225,0.1622776263251388,0.13595855693282402,0.08989401226149799,-0.046064544671326035,False,
burnable_tree_shrub,monthly,august,,643,13950,4105,612,13338,0.7391934881614964,0.8540327061998889,0.11483921803839248,0.10530192818258234,0.25084851507590156,0.14554658689331923,0.13942821395840937,0.09538346684047379,-0.04404474711793559,False,
burnable_tree_shrub,monthly,august,,644,13831,4105,562,13269,0.7345223622126225,0.8430966110772735,0.10857424886465106,0.10372362105608188,0.22452730490510958,0.1208036838490277,0.1369136483547546,0.09112888237833994,-0.045784765976414676,False,
burnable_tree_shrub,monthly,august,,645,13745,4105,631,13114,0.7678218339868331,0.8697078429870257,0.10188600900019262,0.11706767422656955,0.2722685982021203,0.15520092397555074,0.1343837551134564,0.09263007241161705,-0.04175368270183935,False,
burnable_tree_shrub,monthly,august,,646,13802,4105,551,13251,0.7409652060639604,0.841254318922066,0.1002891128581056,0.09619910286639588,0.24571710447248726,0.14951800160609138,0.1368299177013721,0.0898054655731071,-0.04702445212826499,False,
burnable_tree_shrub,monthly,august,,647,13926,4105,651,13275,0.7358785701267931,0.8388300195845302,0.10295144945773704,0.1176053734979023,0.2487118475852699,0.13110647408736759,0.14001697117197462,0.09752939790755664,-0.042487573264417974,False,
burnable_tree_shrub,monthly,august,,648,13825,4105,670,13155,0.7418407392910022,0.8492050579485695,0.10736431865756724,0.12159118444584041,0.2777334037207067,0.1561422192748663,0.13461524588789722,0.09167625939157338,-0.04293898649632384,False,
burnable_tree_shrub,monthly,august,,649,13782,4105,619,13163,0.7525422817691485,0.8696564279101712,0.11711414614102267,0.10725079601441698,0.2789994944048932,0.1717486983904762,0.13786683863576735,0.09258960661274866,-0.045277232023018685,False,
burnable_tree_shrub,monthly,august,,650,13983,4105,637,13346,0.7372503970521568,0.840424791110925,0.10317439405876827,0.11451637099654889,0.22609292102875397,0.11157655003220508,0.14198465296044452,0.09928404226266828,-0.04270061069777624,False,
burnable_tree_shrub,monthly,august,,651,13831,4105,563,13268,0.7592143331810774,0.8603908708622517,0.1011765376811743,0.10380257472366863,0.2493463972353788,0.14554382251171016,0.13654002732206455,0.09618650613165954,-0.040353521190405015,False,
burnable_tree_shrub,monthly,august,,652,13915,4105,588,13327,0.7631545902671115,0.8663991033496012,0.10324451308248972,0.12726456134015773,0.27907879939039776,0.15181423805024002,0.13624063400360206,0.09432738585140057,-0.04191324815220149,False,
burnable_tree_shrub,monthly,august,,653,13903,4105,609,13294,0.7407200996634653,0.8456306942920038,0.10491059462853847,0.11472424694108106,0.2675262795798647,0.1528020326387836,0.1367163374372043,0.0933776288222599,-0.04333870861494439,False,
burnable_tree_shrub,monthly,august,,654,13902,4105,574,13328,0.7454627757026155,0.8523853138816502,0.10692253817903463,0.11087004429730128,0.24623083340756347,0.13536078911026217,0.1379317959124656,0.09158312478224762,-0.04634867113021798,False,
burnable_tree_shrub,monthly,august,,655,13815,4105,611,13204,0.7303930366783661,0.8428064004807352,0.1124133638023691,0.0990429227194896,0.19129728133111823,0.09225435861162863,0.13767461427739056,0.09605394448970883,-0.041620669787681724,False,
burnable_tree_shrub,monthly,august,,656,13907,4105,684,13223,0.755409677360863,0.8531698489208728,0.09776017156000982,0.1382849654138809,0.2879354200644112,0.14965045465053028,0.1390056176482496,0.09770802592665301,-0.04129759172159658,False,
burnable_tree_shrub,monthly,august,,657,13749,4105,645,13104,0.7504229728066938,0.8500004732562871,0.09957750044959335,0.12182748524640709,0.2521591158327852,0.13033163058637814,0.1376456883068957,0.09281273359533293,-0.04483295471156276,False,
burnable_tree_shrub,monthly,august,,658,13840,4105,700,13140,0.7440167427701676,0.858398673624701,0.11438193085453341,0.1244674073453923,0.2722469594168549,0.1477795520714626,0.13798727742764524,0.09502795067283085,-0.0429593267548144,False,
burnable_tree_shrub,monthly,august,,659,13755,4105,624,13131,0.7583962837989568,0.8593091875948284,0.10091290379587159,0.12815594361428959,0.2672334441300666,0.13907750051577702,0.13728500405707242,0.09330704725472125,-0.04397795680235117,False,
burnable_tree_shrub,monthly,august,,660,13790,4105,652,13138,0.7259186810703182,0.8414347647016522,0.11551608363133403,0.11190506176064041,0.24362825710773622,0.1317231953470958,0.14167558917996953,0.09764152054018031,-0.04403406863978922,False,
burnable_tree_shrub,monthly,august,,661,13817,4105,679,13138,0.7399783111239453,0.851410012351046,0.11143170122710067,0.11758142685910317,0.2752247539766049,0.15764332711750173,0.13830672789733628,0.09260241304491273,-0.045704314852423544,False,
burnable_tree_shrub,monthly,august,,662,13817,4105,637,13180,0.7282685339806518,0.8219298423232957,0.09366130834264386,0.12179056395263389,0.23749829240671322,0.11570772845407933,0.13910026125674074,0.09824809378943213,-0.04085216746730862,False,
burnable_tree_shrub,monthly,august,,663,13865,4105,629,13236,0.7763058642878385,0.8565078330957484,0.08020196880790986,0.13001619946856535,0.2861366076635328,0.15612040819496747,0.13551089296091406,0.09560606236498133,-0.039904830595932736,False,
burnable_tree_shrub,monthly,august,,664,13839,4105,642,13197,0.7512950762669793,0.8631143630538141,0.11181928678683473,0.11759667533293425,0.29112975812023034,0.1735330827872961,0.13738170568908736,0.09370611062900902,-0.04367559506007834,False,
burnable_tree_shrub,monthly,august,,665,13881,4105,609,13272,0.737383713852193,0.8364241520848118,0.09904043823261877,0.10391845769715866,0.2291080183905355,0.12518956069337683,0.14308045155114751,0.10126769215398862,-0.041812759397158894,False,
burnable_tree_shrub,monthly,august,,666,13821,4105,554,13267,0.7439376874680778,0.8365229380790371,0.09258525061095935,0.10276329248257735,0.23517387497235587,0.13241058248977852,0.13842277404306788,0.09631468429760988,-0.042108089745458,False,
burnable_tree_shrub,monthly,august,,667,13819,4105,561,13258,0.7597717209183761,0.8494235747481291,0.08965185382975305,0.10966854569906075,0.2331386486635947,0.12347010296453396,0.13538298607161373,0.09396085419499549,-0.04142213187661824,False,
burnable_tree_shrub,monthly,august,,668,13902,4105,613,13289,0.7527569134746606,0.8508262239482985,0.09806931047363798,0.10844714168990137,0.2545755523935647,0.14612841070366334,0.13632437282679224,0.09227067102402267,-0.044053701802769574,False,
burnable_tree_shrub,monthly,august,,669,13830,4105,723,13107,0.7479979920562334,0.8520308586808798,0.10403286662464639,0.12643311286178505,0.27074241568763857,0.14430930282585352,0.13949842625287243,0.09570032480765339,-0.043798101445219034,False,
burnable_tree_shrub,monthly,august,,670,13881,4105,594,13287,0.7391203371108541,0.8499793727648021,0.11085903565394795,0.10182155932506744,0.22377750390401555,0.12195594457894811,0.13792240874009423,0.09286242364144645,-0.04505998509864778,False,
burnable_tree_shrub,monthly,august,,671,13837,4105,617,13220,0.7523628312291429,0.8535894242062394,0.10122659297709646,0.13453055989863572,0.29771088303977006,0.16318032314113434,0.1361075529846345,0.09302914754393522,-0.04307840544069928,False,
burnable_tree_shrub,monthly,august,,672,13850,4105,540,13310,0.7525018782870023,0.8540977961432508,0.10159591785624844,0.09755329258158747,0.24766156665942593,0.15010827407783844,0.1309932569777856,0.08891114634246652,-0.04208211063531908,False,
burnable_tree_shrub,monthly,august,,673,13848,4105,586,13262,0.7636159768756019,0.8527743307239808,0.08915835384837889,0.11471963722947892,0.2581472033556086,0.14342756612612967,0.13241694853830976,0.09128676705068553,-0.041130181487624234,False,
burnable_tree_shrub,monthly,august,,674,13817,4105,623,13194,0.7514009359281214,0.8492966183617194,0.09789568243359803,0.11648322735458448,0.27884551933392504,0.16236229197934055,0.13205797192716148,0.09471401628890215,-0.03734395563825933,False,
burnable_tree_shrub,monthly,august,,675,13722,4105,698,13024,0.7291450696268031,0.8453973884668727,0.11625231884006959,0.11361800273856194,0.2864738389550942,0.17285583621653228,0.1427966633842121,0.0947036875774241,-0.048092975806787994,False,
burnable_tree_shrub,monthly,august,,676,13858,4105,575,13283,0.7408315957958684,0.8581678444824865,0.11733624868661807,0.09778431962265391,0.2336275774563259,0.135843257833672,0.13975509318459417,0.0939459159804116,-0.045809177204182566,False,
burnable_tree_shrub,monthly,august,,677,13905,4105,579,13326,0.7470489598294605,0.8474372044520859,0.10038824462262541,0.10502758717321495,0.22715358675492603,0.12212599958171108,0.1389385846923661,0.09704373053404736,-0.041894854158318756,False,
burnable_tree_shrub,monthly,august,,678,13921,4105,662,13259,0.7616894321795672,0.8657868827170692,0.10409745053750197,0.12618536535942676,0.3006226614972161,0.17443729613778935,0.1359248578840246,0.09352337911529525,-0.042401478768729364,False,
burnable_tree_shrub,monthly,august,,679,13887,4105,803,13084,0.7440507033202074,0.8514400960476476,0.10738939272744019,0.13622454889376565,0.29411802077083393,0.1578934718770683,0.14220462930958103,0.09562493301218711,-0.04657969629739392,False,
burnable_tree_shrub,monthly,august,,680,13902,4105,703,13199,0.7474523103338683,0.8532767418368801,0.1058244315030118,0.1305365607484263,0.2939845055350207,0.1634479447865944,0.1365556188041042,0.09438438394240113,-0.04217123486170306,False,
burnable_tree_shrub,monthly,august,,681,13862,4105,573,13289,0.7511050158005735,0.8512795884010671,0.10017457260049356,0.11563794145077594,0.2285679907754338,0.11293004932465786,0.13649006813549452,0.0954763456362491,-0.041013722499245425,False,
burnable_tree_shrub,monthly,august,,682,13809,4105,553,13256,0.7453658434107697,0.8544287427659084,0.10906289935513869,0.10404929247884648,0.2321971993077414,0.12814790682889493,0.13232860274671715,0.09000925550801897,-0.04231934723869818,False,
burnable_tree_shrub,monthly,august,,683,13771,4105,635,13136,0.774339915793108,0.8659101753191327,0.09157025952602471,0.13715350416673835,0.29543835954197084,0.15828485537523249,0.13534036022665016,0.0905970299376982,-0.04474333028895196,False,
burnable_tree_shrub,monthly,august,,684,13854,4105,565,13289,0.7596351230673848,0.8549130726923657,0.09527794962498093,0.10718974814338575,0.24735881630370218,0.14016906816031643,0.13602957910870947,0.0938079001173886,-0.04222167899132087,False,
burnable_tree_shrub,monthly,august,,685,13818,4105,631,13187,0.7361795707894138,0.8481078649589706,0.11192829416955685,0.09922168525145937,0.2300772312917204,0.130855546040261,0.1386933745572392,0.09398775207446436,-0.04470562248277485,False,
burnable_tree_shrub,monthly,august,,686,13812,4105,615,13197,0.745500301559051,0.8492580538444621,0.10375775228541106,0.12147338074781912,0.2656118756860498,0.14413849493823072,0.141101211045134,0.0983776727591895,-0.04272353828594451,False,
burnable_tree_shrub,monthly,august,,687,14082,4105,620,13462,0.7322300286110006,0.837581831295738,0.10535180268473743,0.10685247708701909,0.23258941579945702,0.12573693871243793,0.1390203802713395,0.09716596743439314,-0.04185441283694637,False,
burnable_tree_shrub,monthly,august,,688,13881,4105,675,13206,0.7600892972330198,0.8694621412264907,0.10937284399347091,0.11912410586399684,0.3187352932870283,0.19961118742303147,0.13718144229319917,0.09525916196603068,-0.04192228032716849,False,
burnable_tree_shrub,monthly,august,,689,13801,4105,609,13192,0.7572712874698404,0.8588157623518657,0.10154447488202534,0.12027539680937978,0.25535940976636345,0.1350840129569837,0.13671673691060227,0.09382750693278223,-0.042889229977820034,False,
burnable_tree_shrub,monthly,august,,690,13758,4105,684,13074,0.7425175138907899,0.8437125109699444,0.10119499707915447,0.1210374609666133,0.2529374117029079,0.1318999507362946,0.13621199837364895,0.09468795913140918,-0.04152403924223977,False,
burnable_tree_shrub,monthly,august,,691,13900,4105,662,13238,0.7465308603037397,0.8397764560413603,0.09324559573762059,0.11012986510523444,0.24968075330516015,0.13955088819992573,0.13863527952388663,0.09595363333751968,-0.04268164618636695,False,
burnable_tree_shrub,monthly,august,,692,13965,4105,625,13340,0.7457228185907046,0.8437027886056973,0.0979799700149927,0.12159271238300429,0.24479006222423239,0.1231973498412281,0.13544265508511336,0.09529357005735169,-0.04014908502776167,False,
burnable_tree_shrub,monthly,august,,693,13796,4105,602,13194,0.737264673311185,0.8389817278265516,0.10171705451536661,0.1052080205217592,0.26581019418760826,0.16060217366584906,0.1392709245403577,0.09475647319876433,-0.04451445134159336,False,
burnable_tree_shrub,monthly,august,,694,13869,4105,587,13282,0.7674204973645982,0.8717155597602729,0.10429506239567476,0.108880525719725,0.2757509268542017,0.1668704011344767,0.13728132995130468,0.09246592883563542,-0.04481540111566926,False,
burnable_tree_shrub,monthly,august,,695,13937,4105,549,13388,0.7449249062450509,0.8472659636474063,0.10234105740235533,0.10115831542663567,0.2182306795408525,0.11707236411421684,0.13761881163894452,0.09344672923623108,-0.04417208240271343,False,
burnable_tree_shrub,monthly,august,,696,13775,4105,669,13106,0.7644965495783831,0.8543904513661973,0.0898939017878142,0.13732804927907696,0.30968033108354137,0.1723522818044644,0.13643848304223627,0.09542945049771497,-0.041009032544521304,False,
burnable_tree_shrub,monthly,august,,697,13789,4105,676,13113,0.7589227818096409,0.8526971630754431,0.09377438126580218,0.1288558592482522,0.2988400417606278,0.16998418251237557,0.13654004688250357,0.0943078708680691,-0.042232176014434464,False,
burnable_tree_shrub,monthly,august,,698,13906,4105,657,13249,0.7572579211917202,0.8473562175738717,0.0900982963821515,0.12464676416225523,0.2687531441378188,0.14410637997556358,0.13889462665638233,0.09718894806084301,-0.04170567859553932,False,
burnable_tree_shrub,monthly,august,,699,13812,4105,700,13112,0.7631016299137103,0.8645793929225136,0.10147776300880329,0.13844653442695903,0.3071298758416356,0.16868334141467656,0.1342680305644603,0.09314497847140761,-0.041123052093052684,False,
burnable_tree_shrub,monthly,august,,700,13786,4105,588,13198,0.7464325402838814,0.8556180693219855,0.10918552903810408,0.10754525705626584,0.26331504892211155,0.15576979186584572,0.13832125061235842,0.09386174357355548,-0.04445950703880294,False,
burnable_tree_shrub,monthly,august,,701,13868,4105,569,13299,0.7544432625786444,0.8735198980961212,0.11907663551747683,0.10005332223501869,0.2529429579118256,0.1528896356768069,0.13565410060598207,0.08830393649141485,-0.04735016411456722,False,
burnable_tree_shrub,monthly,august,,702,13809,4105,617,13192,0.7793027894711495,0.8687314054094963,0.08942861593834683,0.13674850719080361,0.26231844459891274,0.12556993740810912,0.1357896650769992,0.09587668298740228,-0.03991298208959691,False,
burnable_tree_shrub,monthly,august,,703,13881,4105,576,13305,0.7589117760658066,0.855314679109775,0.09640290304396837,0.10258691707495178,0.26089415481949974,0.15830723774454797,0.13381778150690912,0.09131840239660484,-0.04249937911030428,False,
burnable_tree_shrub,monthly,august,,704,13809,4105,585,13224,0.7593971851231379,0.8648858459883868,0.10548866086524888,0.10692241928394734,0.2622190883066222,0.15529666902267486,0.13651910962254377,0.09294269968439267,-0.043576409938151095,False,
burnable_tree_shrub,monthly,august,,705,13894,4105,592,13302,0.7529852247375927,0.8532656895731997,0.10028046483560704,0.10818960948673392,0.24969306276669095,0.14150345327995703,0.13614839219095137,0.09315255139692454,-0.04299584079402684,False,
burnable_tree_shrub,monthly,august,,706,13870,4105,667,13203,0.7429562882725871,0.850579879340039,0.1076235910674519,0.11385091405639555,0.2703357439102892,0.15648482985389364,0.14167141200147246,0.09482891641292517,-0.04684249558854729,False,
burnable_tree_shrub,monthly,august,,707,13786,4105,610,13176,0.7517829237461057,0.8517745254660734,0.09999160171996768,0.11069837691337663,0.26117179480907704,0.1504734178957004,0.13481049565916664,0.09665816532233232,-0.03815233033683432,False,
burnable_tree_shrub,monthly,august,,708,13993,4105,659,13334,0.770767417623049,0.8630543434891988,0.09228692586614984,0.13182013345870702,0.27375342862724117,0.14193329516853415,0.13838377657861542,0.09429150451117826,-0.044092272067437155,False,
burnable_tree_shrub,monthly,august,,709,13777,4105,620,13157,0.7610912380751569,0.86097624961078,0.09988501153562312,0.1130926471441957,0.24252127219671318,0.12942862505251748,0.1362261349297603,0.09454526259606481,-0.04168087233369548,False,
burnable_tree_shrub,monthly,august,,710,13733,4105,667,13066,0.7336021641712437,0.8444288494050847,0.11082668523384098,0.11723050181649615,0.26109292391260297,0.14386242209610683,0.1394440805084767,0.09555505822395079,-0.043889022284525916,False,
burnable_tree_shrub,monthly,august,,711,13907,4105,643,13264,0.7425171936058171,0.8448312250139293,0.10231403140811213,0.11431371718809831,0.28052211794567733,0.16620840075757903,0.14021645198714308,0.09553749338367798,-0.0446789586034651,False,
burnable_tree_shrub,monthly,august,,712,13751,4105,730,13021,0.751603468790668,0.846693013288334,0.09508954449766605,0.14056716839678865,0.274534842405897,0.13396767400910833,0.13972968270397332,0.09635026061592745,-0.04337942208804586,False,
burnable_tree_shrub,monthly,august,,713,13799,4105,566,13233,0.7297849177249616,0.8301186614788651,0.10033374375390358,0.09507858307360043,0.21485635249477356,0.11977776942117313,0.13679237244883002,0.09454362601855201,-0.04224874643027801,False,
burnable_tree_shrub,monthly,august,,714,13978,4105,670,13308,0.7466177902193272,0.8489079624420728,0.10229017222274561,0.12364799612939656,0.27073895318114344,0.14709095705174688,0.13890236961553362,0.09520063949697333,-0.043701730118560295,False,
burnable_tree_shrub,monthly,august,,715,13858,4105,673,13185,0.7473453838139494,0.8425478432705001,0.0952024594565507,0.1253790876673236,0.28609480576852564,0.16071571810120203,0.13632147502253633,0.0972024314285258,-0.03911904359401053,False,
burnable_tree_shrub,monthly,august,,716,13920,4105,558,13362,0.7333807582514797,0.8321978713507894,0.09881711309930963,0.09995808333060237,0.20006621442490913,0.10010813109430676,0.13811716906611626,0.09623619715989093,-0.041880971906225334,False,
burnable_tree_shrub,monthly,august,,717,13848,4105,619,13229,0.7413102437722188,0.8507817614676523,0.1094715176954335,0.09983440137730637,0.21855460865067056,0.11872020727336419,0.1423660057307925,0.09688134501017005,-0.04548466072062245,False,
burnable_tree_shrub,monthly,august,,718,13881,4105,617,13264,0.7391090884919247,0.8508193171754062,0.11171022868348146,0.10404982548771732,0.23914785984818576,0.13509803436046844,0.1384599343652132,0.09405392965312476,-0.04440600471208844,False,
burnable_tree_shrub,monthly,august,,719,13836,4105,681,13155,0.7603557716618361,0.8564701003677491,0.09611432870591297,0.1353053874739891,0.2836556816090495,0.14835029413506043,0.13735855178237397,0.09365349404726549,-0.04370505773510848,False,
burnable_tree_shrub,monthly,august,,720,13933,4105,646,13287,0.7388462057352085,0.8457301079455442,0.10688390221033561,0.11428074895331483,0.2669430991394484,0.15266235018613358,0.14112228600079418,0.09332009020585111,-0.047802195794943075,False,
burnable_tree_shrub,monthly,august,,721,13847,4105,585,13262,0.7705976976826019,0.8565711814618466,0.08597348377924474,0.1260016367285589,0.2743387321294965,0.1483370954009376,0.13453596150428007,0.09133844472227536,-0.043197516782004716,False,
burnable_tree_shrub,monthly,august,,722,13946,4105,613,13333,0.7445563382151437,0.8381553747652826,0.0935990365501389,0.11242441168115562,0.24423449432590197,0.13181008264474636,0.13563839723074228,0.09388636262767174,-0.041752034603070545,False,
burnable_tree_shrub,monthly,august,,723,13873,4105,630,13243,0.7365605549023204,0.8493654629160179,0.11280490801369747,0.1024084907326681,0.26477142758301925,0.16236293685035114,0.13844551308172914,0.09463581243912564,-0.043809700642603505,False,
burnable_tree_shrub,monthly,august,,724,13915,4105,664,13251,0.7675665305550934,0.8671039716938844,0.09953744113879104,0.1285423505117606,0.2824465611262032,0.1539042106144426,0.13827392171098307,0.09317700845562252,-0.045096913255360555,False,
burnable_tree_shrub,monthly,august,,725,13858,4105,651,13207,0.7472574533102063,0.8471857253002149,0.09992827199000853,0.12850870507073892,0.24935485057947376,0.12084614550873485,0.13799693538154167,0.09573674738391895,-0.042260187997622725,False,
burnable_tree_shrub,monthly,august,,726,13859,4105,598,13261,0.7534072174321614,0.8501193178679958,0.09671210043583434,0.11440843994182182,0.2553448278957474,0.1409363879539256,0.134714679964591,0.09057076532603799,-0.04414391463855301,False,
burnable_tree_shrub,monthly,august,,727,13851,4105,655,13196,0.7481687719387554,0.8310191152072453,0.08285034326848983,0.13108875097954703,0.2510582023816032,0.11996945140205617,0.13624487839417032,0.09583487927253576,-0.040409999121634566,False,
burnable_tree_shrub,monthly,august,,728,13905,4105,654,13251,0.7607751950865401,0.8682643419445351,0.10748914685799493,0.1372644602909425,0.26167729099910403,0.12441283070816153,0.1368911275322732,0.09217333719912951,-0.04471779033314369,False,
burnable_tree_shrub,monthly,august,,729,13814,4105,593,13221,0.7436936969686301,0.8501466763043566,0.1064529793357265,0.10900874379274147,0.24626140087020473,0.13725265707746326,0.13698518142579993,0.09192145775424798,-0.04506372367155195,False,
burnable_tree_shrub,monthly,august,,730,13853,4105,603,13250,0.7380058199568196,0.859350042241622,0.12134422228480246,0.10246236234173353,0.2286973794365485,0.12623501709481497,0.14191145060109947,0.09596203662404267,-0.045949413977056805,False,
burnable_tree_shrub,monthly,august,,731,13803,4105,633,13170,0.7604170040340138,0.8588319472783302,0.09841494324431643,0.11718981813554301,0.2855068060606661,0.16831698792512306,0.13386760284187063,0.08968144594396392,-0.04418615689790671,False,
burnable_tree_shrub,monthly,august,,732,13942,4105,566,13376,0.7777180161293049,0.8774194221600419,0.09970140603073696,0.1272641606828918,0.299813208838214,0.17254904815532218,0.13629595923143736,0.09260228719927881,-0.043693672032158556,False,
burnable_tree_shrub,monthly,august,,733,13955,4105,738,13217,0.7399216702313048,0.839580984332201,0.09965931410089612,0.1341312479402617,0.27126305488653096,0.13713180694626925,0.14253010527412763,0.09903506519285653,-0.0434950400812711,False,
burnable_tree_shrub,monthly,august,,734,13884,4105,625,13259,0.7343008069990195,0.845647062372728,0.11134625537370857,0.09966688189648917,0.27835223824930894,0.17868535635281976,0.14127523381409698,0.09580443376991073,-0.04547080004418626,False,
burnable_tree_shrub,monthly,august,,735,13865,4105,627,13238,0.7632371696867049,0.864073158971816,0.10083598928511117,0.12516955090650536,0.25776367471757944,0.13259412381107408,0.13720842343443254,0.09574828417725327,-0.04146013925717927,False,
burnable_tree_shrub,monthly,august,,736,13813,4105,540,13273,0.7597154903717098,0.8648236743486499,0.1051081839769401,0.10156793761523153,0.2400054892063642,0.13843755159113266,0.13475442006244978,0.09100424793204924,-0.04375017213040054,False,
burnable_tree_shrub,monthly,august,,737,13889,4105,571,13318,0.7716087598812189,0.8730592282701288,0.10145046838890992,0.11313414083868745,0.2607326131349509,0.14759847229626344,0.1365103637196366,0.09381552345573055,-0.04269484026390605,False,
burnable_tree_shrub,monthly,august,,738,13845,4105,638,13207,0.7562120923334805,0.8547755263250965,0.09856343399161593,0.11353610975215143,0.26424001164400224,0.1507039018918508,0.13779801010386336,0.09478815135655703,-0.043009858747306326,False,
burnable_tree_shrub,monthly,august,,739,13869,4105,598,13271,0.7580292381935717,0.8696553124989762,0.1116260743054045,0.10297762142262588,0.2512049029135757,0.14822728149094982,0.1391232168605384,0.09509389003820683,-0.044029326822331585,False,
burnable_tree_shrub,monthly,august,,740,13765,4105,562,13203,0.7366415968763704,0.8492146182672277,0.11257302139085723,0.10184867104908218,0.2505605940561038,0.14871192300702163,0.14126152164161007,0.0948498773915123,-0.04641164425009778,False,
burnable_tree_shrub,monthly,august,,741,13886,4105,610,13276,0.7423273354111202,0.8439847080149561,0.1016573726038359,0.10358590888175945,0.22005084545505973,0.11646493657330029,0.13708309089940385,0.09679660844145402,-0.04028648245794983,False,
burnable_tree_shrub,monthly,august,,742,13833,4105,560,13273,0.7454190031320296,0.8508434146656478,0.10542441153361826,0.10369403531012697,0.23821775608970533,0.13452372077957836,0.13453187909306114,0.09251905564324595,-0.04201282344981519,False,
burnable_tree_shrub,monthly,august,,743,13788,4105,530,13258,0.7326307789956652,0.8293785596165506,0.0967477806208854,0.10594850400333371,0.22025568679197918,0.11430718278864548,0.1354524708196186,0.09079356642057552,-0.04465890439904306,False,
burnable_tree_shrub,monthly,august,,744,13768,4105,567,13201,0.7477911392261315,0.8568373113735839,0.10904617214745238,0.10682573439050266,0.24732738286734798,0.14050164847684532,0.1363102331661318,0.09486359226451241,-0.0414466409016194,False,
burnable_tree_shrub,monthly,august,,745,13848,4105,643,13205,0.7546049466393979,0.844863773383356,0.09025882674395813,0.11987152850022759,0.25110063680009687,0.13122910829986928,0.1354878068222748,0.09816218897979699,-0.0373256178424778,False,
burnable_tree_shrub,monthly,august,,746,13909,4105,574,13335,0.7534261179025096,0.8424667735348411,0.08904065563233154,0.10748467435158239,0.24943326519900866,0.14194859084742628,0.13855322658902644,0.09690944232898369,-0.041643784260042754,False,
burnable_tree_shrub,monthly,august,,747,13858,4105,603,13255,0.7532966376466717,0.8486209715911828,0.09532433394451112,0.11489116027521724,0.27603495342879125,0.16114379315357402,0.13327719509769792,0.09103697191046166,-0.04224022318723626,False,
burnable_tree_shrub,monthly,august,,748,13843,4105,577,13266,0.7684137215294256,0.8533245620017136,0.08491084047228803,0.1220271738155145,0.2552025887773522,0.13317541496183768,0.13346496244477205,0.09139450515335068,-0.042070457291421365,False,
burnable_tree_shrub,monthly,august,,749,13831,4105,616,13215,0.7388154694340847,0.8527196318626511,0.11390416242856638,0.10423426827660336,0.2171311906527472,0.11289692237614384,0.13889004828400145,0.09494365365797364,-0.04394639462602781,False,
burnable_tree_shrub,monthly,august,,750,13787,4105,566,13221,0.7373506064209339,0.8416419375642616,0.10429133114332778,0.09847827740260162,0.22155923296122504,0.12308095555862342,0.13873620110652887,0.09332797989941449,-0.04540822120711438,False,
burnable_tree_shrub,monthly,august,,751,13912,4105,641,13271,0.7481027626305867,0.8592266740929602,0.11112391146237344,0.1137422627691985,0.2913087933129642,0.17756653054376573,0.13890433336422764,0.09218706652589767,-0.04671726683832997,False,
burnable_tree_shrub,monthly,august,,752,13960,4105,631,13329,0.7659896756461698,0.8545287915878524,0.08853911594168262,0.15360413120513433,0.2850491636513753,0.13144503244624095,0.13693185641323505,0.09426399464142611,-0.04266786177180894,False,
burnable_tree_shrub,monthly,august,,753,13823,4105,563,13260,0.7462812341769609,0.8504644103850039,0.10418317620804296,0.0952625549041474,0.2428607304455487,0.1475981755414013,0.13534666629394118,0.09468173128775893,-0.04066493500618225,False,
burnable_tree_shrub,monthly,august,,754,13855,4105,616,13239,0.7373586550167106,0.8369825280090406,0.09962387299233,0.11029301820404572,0.23760507623440286,0.12731205803035714,0.137638987807308,0.09771093005648306,-0.03992805775082493,False,
burnable_tree_shrub,monthly,august,,755,13850,4105,675,13175,0.7338933164663715,0.8483291306486753,0.11443581418230386,0.10267766939165857,0.24556027351528212,0.14288260412362355,0.14061464154434666,0.09608747542349225,-0.04452716612085442,False,
burnable_tree_shrub,monthly,august,,756,13817,4105,589,13228,0.7591675424307035,0.8628593306475999,0.1036917882168964,0.11184356886599595,0.2759992856947154,0.16415571682871943,0.1327730483591834,0.0920186669406271,-0.04075438141855631,False,
burnable_tree_shrub,monthly,august,,757,13810,4105,562,13248,0.7309088217975828,0.8291856583200097,0.09827683652242691,0.1043073413227871,0.2378640654499922,0.1335567241272051,0.13589267099604466,0.09149184301716422,-0.04440082797888044,False,
burnable_tree_shrub,monthly,august,,758,13861,4105,581,13280,0.740652282106049,0.850403658523941,0.1097513764178919,0.1074905999491399,0.2559492683411595,0.1484586683920196,0.13709273885672135,0.09143820296647236,-0.045654535890248996,False,
burnable_tree_shrub,monthly,august,,759,13824,4105,642,13182,0.7497030549068374,0.857400774491412,0.10769771958457464,0.11193764270259887,0.2736797474711472,0.16174210476854833,0.1386675048569963,0.09599995840136342,-0.04266754645563288,False,
burnable_tree_shrub,monthly,august,,760,13770,4105,642,13128,0.7583614770265833,0.8584538932267196,0.10009241620013631,0.12242451670593019,0.26252187270271715,0.14009735599678697,0.13559467138649778,0.09340373659828875,-0.042190934788209025,False,
burnable_tree_shrub,monthly,august,,761,13894,4105,586,13308,0.7561102870197403,0.8671121248118867,0.11100183779214645,0.11010672626819491,0.28379750414941407,0.17369077788121917,0.13848725370246215,0.09082086628798262,-0.047666387414479525,False,
burnable_tree_shrub,monthly,august,,762,13937,4105,528,13409,0.7462044940417675,0.849439162864381,0.10323466882261356,0.10232684017537003,0.2643218309981629,0.1619949908227929,0.13650185888585326,0.09467847532240302,-0.04182338356345024,False,
burnable_tree_shrub,monthly,august,,763,13860,4105,643,13217,0.7446212763123414,0.8562189159514745,0.11159763963913305,0.12205215487893319,0.27504740982971965,0.15299525495078647,0.13929713083221254,0.0939212462928348,-0.04537588453937774,False,
burnable_tree_shrub,monthly,august,,764,13912,4105,640,13272,0.745059500263713,0.8503214003164556,0.10526190005274261,0.10484706993937302,0.2201220127243292,0.11527494278495619,0.13608588431736562,0.09504628572416117,-0.041039598593204454,False,
burnable_tree_shrub,monthly,august,,765,13920,4105,657,13263,0.7278996019069082,0.8347184365564884,0.1068188346495802,0.1071958488369555,0.2337167083754136,0.1265208595384581,0.14226519761768236,0.10114198677439291,-0.041123210843289446,False,
burnable_tree_shrub,monthly,august,,766,13838,4105,613,13225,0.7643148296055533,0.8658602367728825,0.10154540716732918,0.11594783598583286,0.2853512234767235,0.16940338749089062,0.13427089102897383,0.09198400307349618,-0.04228688795547765,False,
burnable_tree_shrub,monthly,august,,767,13854,4105,567,13287,0.7793913213496264,0.8793347889205996,0.09994346757097317,0.12652868129334624,0.2682810380284092,0.14175235673506295,0.1336397198955808,0.09115233353757426,-0.04248738635800653,False,
burnable_tree_shrub,monthly,august,,768,13943,4105,557,13386,0.7627086205180739,0.8698306411398495,0.10712202062177567,0.10276391910019718,0.23444587163108774,0.13168195253089054,0.14342854943540773,0.09678554984206647,-0.046642999593341256,False,
burnable_tree_shrub,monthly,august,,769,13843,4105,545,13298,0.7705253324980925,0.8682272011656579,0.09770186866756536,0.1107444178046673,0.2959652265613106,0.18522080875664326,0.13476953029556188,0.09036762565083555,-0.044401904644726334,False,
burnable_tree_shrub,monthly,august,,770,13925,4105,575,13350,0.7266311024263149,0.8326711610486892,0.10604005862237431,0.10332608744731375,0.25733647413072935,0.1540103866834156,0.1380472833457231,0.095899053480991,-0.042148229864732115,False,
burnable_tree_shrub,monthly,august,,771,13729,4105,630,13099,0.7382335014062626,0.8431536637353876,0.10492016232912493,0.11480976374997648,0.2667108693058184,0.1519011055558419,0.13495695788174894,0.09248513103295924,-0.042471826848789695,False,
burnable_tree_shrub,monthly,august,,772,13813,4105,600,13213,0.7336575090188955,0.8395307020863291,0.10587319306743359,0.10191162855618943,0.27698682809436764,0.1750751995381782,0.1381634747105344,0.0957836827451132,-0.04237979196542119,False,
burnable_tree_shrub,monthly,august,,773,13860,4105,606,13254,0.7322576757449398,0.8303870280645085,0.09812935231956865,0.10617699394271203,0.2644295787270272,0.1582525847843152,0.13789129943031156,0.09547603447589577,-0.04241526495441579,False,
burnable_tree_shrub,monthly,august,,774,13925,4105,665,13260,0.7624233661075766,0.8612019868676215,0.09877862076004496,0.11837123930287555,0.2679410031066964,0.14956976380382084,0.13680850466299696,0.09538501503319277,-0.04142348962980419,False,
burnable_tree_shrub,monthly,august,,775,13837,4105,665,13172,0.7519069842842758,0.8474874934070675,0.0955805091227917,0.12309379604219368,0.2634355886603108,0.14034179261811713,0.13539705680341024,0.09464128997106534,-0.0407557668323449,False,
burnable_tree_shrub,monthly,august,,776,13861,4105,635,13226,0.7466279137608932,0.8517760293194865,0.10514811555859327,0.11448220487508683,0.26892146689920005,0.15443926202411323,0.14119084363228496,0.09542142982330888,-0.045769413808976075,False,
burnable_tree_shrub,monthly,august,,777,13795,4105,611,13184,0.7387326849586067,0.8560798289450686,0.11734714398646195,0.10503908218227054,0.2232335207211873,0.11819443853891676,0.13907079983769094,0.09833121691300549,-0.04073958292468545,False,
burnable_tree_shrub,monthly,august,,778,13763,4105,630,13133,0.7538609270962884,0.8622865095681664,0.10842558247187806,0.12464128618090849,0.2966494502996989,0.17200816411879044,0.13695989617801163,0.08978880139062781,-0.04717109478738382,False,
burnable_tree_shrub,monthly,august,,779,13916,4105,605,13311,0.7620821901478365,0.8490096117608565,0.08692742161302003,0.12257056807038019,0.2545235903403063,0.1319530222699261,0.1364189309161143,0.09250546760497018,-0.04391346331114411,False,
burnable_tree_shrub,monthly,august,,780,13962,4105,583,13379,0.7862126675826546,0.8800813901922793,0.09386872260962464,0.1367349305353433,0.3077893832285653,0.171054452693222,0.1381708059475886,0.09582271811184301,-0.04234808783574559,False,
burnable_tree_shrub,monthly,august,,781,13857,4105,690,13167,0.76492273723395,0.8640172015458056,0.09909446431185565,0.13625834530062486,0.30589097347103805,0.1696326281704132,0.13881399037364198,0.09243877539621866,-0.04637521497742332,False,
burnable_tree_shrub,monthly,august,,782,13971,4105,564,13407,0.7490159422382825,0.8533629621871077,0.10434701994882523,0.10015963924556902,0.22290579889233855,0.12274615964676953,0.13745940208845,0.09179461057145254,-0.04566479151699747,False,
burnable_tree_shrub,monthly,august,,783,13863,4105,541,13322,0.732295140333239,0.8453931914215809,0.11309805108834192,0.08703279080683443,0.19242927002206567,0.10539647921523124,0.14051169900517804,0.09548948102075132,-0.045022217984426724,False,
burnable_tree_shrub,monthly,august,,784,13850,4105,573,13277,0.7743867052958434,0.8720934955422261,0.09770679024638274,0.1156922793464527,0.2822173837075389,0.1665251043610862,0.13655202852364723,0.0895211601579176,-0.04703086836572963,False,
burnable_tree_shrub,monthly,august,,785,13791,4105,643,13148,0.7254874639290178,0.8302293402399102,0.10474187631089249,0.10383404719418544,0.2707094885020307,0.16687544130784526,0.1409481088387907,0.09458597901763646,-0.04636212982115423,False,
burnable_tree_shrub,monthly,august,,786,13914,4105,625,13289,0.7510612386184062,0.8582854390849575,0.10722420046655123,0.11019929253023393,0.2663659495605139,0.15616665703028,0.1388572653418448,0.09566307145169202,-0.04319419389015279,False,
burnable_tree_shrub,monthly,august,,787,13843,4105,635,13208,0.7577611039837464,0.8551713468811553,0.09741024289740885,0.12246228054247654,0.30989421738662426,0.18743193684414772,0.13944358893134734,0.09627342770096299,-0.04317016123038435,False,
burnable_tree_shrub,monthly,august,,788,13953,4105,635,13318,0.7532917973780083,0.8573501258731004,0.10405832849509211,0.11120197615801655,0.2534951297725476,0.14229315361453107,0.13967023170145165,0.09727994638364286,-0.04239028531780879,False,
burnable_tree_shrub,monthly,august,,789,13913,4105,550,13363,0.7740159055193103,0.880860177015232,0.10684427149592168,0.11279094022936671,0.2768850667378731,0.1640941265085064,0.1337550721690265,0.08856505642611083,-0.04519001574291566,False,
burnable_tree_shrub,monthly,august,,790,13808,4105,650,13158,0.7590964256901329,0.8583236872566558,0.09922726156652284,0.12294984847400765,0.29142382278445855,0.1684739743104509,0.13606194117847803,0.0945012068121773,-0.04156073436630073,False,
burnable_tree_shrub,monthly,august,,791,13835,4105,601,13234,0.7511118816882949,0.8510774445995378,0.09996556291124292,0.1172887255693311,0.26727755868177067,0.14998883311243955,0.13291187366625778,0.09050639558744605,-0.04240547807881173,False,
burnable_tree_shrub,monthly,august,,792,13870,4105,631,13239,0.7537311422849144,0.85556594602534,0.10183480374042553,0.11962933446602735,0.27764330296464745,0.1580139684986201,0.13428204906840163,0.09131073840189637,-0.042971310666505266,False,
burnable_tree_shrub,monthly,august,,793,13822,4105,584,13238,0.7308671383956935,0.8518973373662784,0.12103019897058487,0.09773552225704142,0.22288495769989472,0.12514943544285329,0.13619532931071837,0.08872558634442822,-0.047469742966290154,False,
burnable_tree_shrub,monthly,august,,794,13824,4105,568,13256,0.7363273447261723,0.8337198621724311,0.09739251744625876,0.09366090846706054,0.24062624039003616,0.14696533192297562,0.1352824464397988,0.09317392699852671,-0.0421085194412721,False,
burnable_tree_shrub,monthly,august,,795,13725,4105,665,13060,0.7368533892157653,0.8406646017801012,0.1038112125643359,0.10331633045885708,0.26125014518497086,0.15793381472611379,0.1358515530218248,0.09438055717896451,-0.04147099584286029,False,
burnable_tree_shrub,monthly,august,,796,13885,4105,642,13243,0.7305301831120796,0.8363267445353484,0.10579656142326876,0.09885547835698826,0.22229191282896457,0.12343643447197632,0.1369951429369199,0.09502778393269264,-0.04196735900422725,False,
burnable_tree_shrub,monthly,august,,797,13889,4105,637,13252,0.7463750621333305,0.8371440986248455,0.09076903649151502,0.1137780752801325,0.24876651657402987,0.13498844129389737,0.13404847601327669,0.09370775577839537,-0.04034072023488132,False,
burnable_tree_shrub,monthly,august,,798,13747,4105,591,13156,0.7312856164654886,0.8435460662342146,0.11226044976872596,0.09359850315261531,0.216347290275448,0.12274878712283269,0.14029493158204862,0.09799896837256769,-0.042295963209480925,False,
burnable_tree_shrub,monthly,august,,799,13951,4105,617,13334,0.7455260543293742,0.8406893674765208,0.09516331314714654,0.11900411085399672,0.24972177199732432,0.1307176611433276,0.1389386239004182,0.09440973366028015,-0.04452889024013805,False,
burnable_tree_shrub,monthly,august,,800,13946,4105,645,13301,0.7794021432205657,0.8752760910323815,0.0958739478118158,0.13055533753803503,0.2906362329032457,0.16008089536521067,0.13500596730913883,0.0939758929415918,-0.041030074367547034,False,
burnable_tree_shrub,monthly,august,,801,13871,4105,588,13283,0.7513919894540667,0.8449541150496185,0.09356212559555177,0.10543882702554401,0.22224319005485393,0.11680436302930992,0.13527351086312098,0.09551929202530346,-0.03975421883781752,False,
burnable_tree_shrub,monthly,august,,802,13950,4105,654,13296,0.7604747421219782,0.8672723994156115,0.10679765729363333,0.12000354387905775,0.3259918019392116,0.20598825806015386,0.13566667847430428,0.0916744009440368,-0.04399227753026748,False,
burnable_tree_shrub,monthly,august,,803,13843,4105,670,13173,0.7392054756959905,0.8486686358687092,0.10946316017271873,0.11271974359719732,0.2520051636027763,0.13928542000557897,0.1411882439156449,0.0964898260323297,-0.04469841788331522,False,
burnable_tree_shrub,monthly,august,,804,13922,4105,589,13333,0.7356293414975441,0.8443279418148442,0.10869860031730005,0.10551675098921523,0.23948360909462532,0.1339668581054101,0.1382585783081257,0.09245364416285662,-0.045804934145269094,False,
burnable_tree_shrub,monthly,august,,805,13881,4105,629,13252,0.768749547118184,0.8599054190818364,0.09115587196365238,0.1259040100951647,0.261539205852168,0.1356351957570033,0.13724652133995435,0.09585369428675512,-0.04139282705319923,False,
burnable_tree_shrub,monthly,august,,806,13841,4105,598,13243,0.7459988327271782,0.8472673264376183,0.10126849371044011,0.12503347714159596,0.26111286917218807,0.1360793920305921,0.13954451430262194,0.09610659126670378,-0.04343792303591816,False,
burnable_tree_shrub,monthly,august,,807,13857,4105,584,13273,0.7620305512581418,0.8598481545087412,0.0978176032505994,0.1059000207777375,0.26478655218650343,0.15888653140876594,0.136054613728778,0.09277383585903407,-0.043280777869743936,False,
burnable_tree_shrub,monthly,august,,808,13790,4105,600,13190,0.7435794794035885,0.8418470432145564,0.0982675638109679,0.10576482042844076,0.23433134206835726,0.1285665216399165,0.1387123327468699,0.09727541235727401,-0.041436920389595885,False,
burnable_tree_shrub,monthly,august,,809,13906,4105,639,13267,0.735721835851672,0.8375261998866899,0.10180436403501791,0.112318242446644,0.25188957952069707,0.13957133707405306,0.1371034410851915,0.09323960173163624,-0.04386383935355527,False,
burnable_tree_shrub,monthly,august,,810,13845,4105,633,13212,0.751016357861277,0.8435947214438118,0.0925783635825348,0.12251906853536898,0.25335943244520204,0.13084036390983306,0.13769574287846792,0.09576181295895744,-0.041933929919510476,False,
burnable_tree_shrub,monthly,august,,811,13882,4105,621,13261,0.744531838848944,0.8572409913150825,0.11270915246613844,0.10234502417677972,0.26302644767635136,0.16068142349957165,0.14041761949194898,0.09270560404701597,-0.047712015444933004,False,
burnable_tree_shrub,monthly,august,,812,13819,4105,609,13210,0.7555368687452532,0.8563766564862912,0.10083978774103808,0.11887143002615955,0.2683255417457775,0.14945411171961795,0.13772667616900422,0.09620110122128647,-0.04152557494771775,False,
burnable_tree_shrub,monthly,august,,813,13871,4105,690,13181,0.7449102737911069,0.8527838709429141,0.10787359715180722,0.12378156404953135,0.28577276798157136,0.16199120393204003,0.13844045049131934,0.09315290872623179,-0.04528754176508755,False,
burnable_tree_shrub,monthly,august,,814,13921,4105,642,13279,0.7490145004444513,0.8577947542778881,0.10878025383343681,0.10793438923135981,0.27384084353353366,0.16590645430217385,0.13799287434055424,0.09369320714752756,-0.04429966719302668,False,
burnable_tree_shrub,monthly,august,,815,13924,4105,677,13247,0.7451297743732618,0.842231606966779,0.09710183259351723,0.12267871315870907,0.2386647996621602,0.11598608650345113,0.13999344703583486,0.09626187502876996,-0.0437315720070649,False,
burnable_tree_shrub,monthly,august,,816,13916,4105,635,13281,0.7507378665988413,0.8430147976476964,0.09227693104885504,0.11860334599924291,0.2519671022647044,0.1333637562654615,0.13813995087612158,0.0978523935333891,-0.04028755734273247,False,
burnable_tree_shrub,monthly,august,,817,13888,4105,578,13310,0.7556013248097665,0.8620810900043935,0.10647976519462699,0.10843166824512679,0.24567875668299932,0.13724708843787253,0.13674880007524307,0.09222050083528568,-0.04452829923995738,False,
burnable_tree_shrub,monthly,august,,818,13710,4105,622,13088,0.736041188413431,0.8477803481159444,0.11173915970251336,0.11101774283339792,0.24990240701697614,0.1388846641835782,0.13993272779243626,0.09750359053300012,-0.042429137259436145,False,
burnable_tree_shrub,monthly,august,,819,13951,4105,613,13338,0.7769239575284052,0.8739178644733723,0.09699390694496712,0.12065011506895082,0.3013575422357281,0.18070742716677726,0.1339820221395852,0.09109304052733516,-0.04288898161225005,False,
burnable_tree_shrub,monthly,august,,820,13832,4105,573,13259,0.7489022241404206,0.8527189605611493,0.10381673642072864,0.09587349015221877,0.25677710351479416,0.1609036133625754,0.1355293747976365,0.09319865609922931,-0.04233071869840718,False,
burnable_tree_shrub,monthly,august,,821,13793,4105,553,13240,0.7444145637910218,0.8487859410083969,0.1043713772173751,0.10127783666603561,0.2022851775904399,0.10100734092440429,0.14119646798321567,0.09836188897719543,-0.04283457900602024,False,
burnable_tree_shrub,monthly,august,,822,13809,4105,677,13132,0.7435022907948425,0.8493390146905121,0.10583672389566956,0.1069567135707077,0.23365622708079198,0.1266995135100843,0.13631159504670043,0.09653498370504658,-0.03977661134165385,False,
burnable_tree_shrub,monthly,august,,823,13825,4105,647,13178,0.7392431721362216,0.8496750473776842,0.11043187524146258,0.11605719553453092,0.28195798181122683,0.1659007862766959,0.14097895563048568,0.09555540902360811,-0.04542354660687757,False,
burnable_tree_shrub,monthly,august,,824,13802,4105,595,13207,0.7511940764796871,0.8570403522959877,0.10584627581630068,0.11343331691843603,0.27461968534592757,0.16118636842749154,0.13577131319248364,0.08958732190606843,-0.04618399128641522,False,
burnable_tree_shrub,monthly,august,,825,13930,4105,662,13268,0.7714968754753277,0.8540098180480122,0.08251294257268449,0.13446862868042656,0.24914250881496405,0.1146738801345375,0.13441453295140368,0.09326722010799357,-0.04114731284341011,False,
burnable_tree_shrub,monthly,august,,826,13833,4105,606,13227,0.7626035454532072,0.8528774401595296,0.09027389470632241,0.12428835235627372,0.28321772268462186,0.15892937032834814,0.13376649244451994,0.08983826292750918,-0.04392822951701075,False,
burnable_tree_shrub,monthly,august,,827,13821,4105,535,13286,0.7507248864309419,0.8404623797659261,0.08973749333498415,0.10478718313510157,0.24101958337403967,0.1362324002389381,0.1359516728638293,0.09293393907238627,-0.04301773379144304,False,
burnable_tree_shrub,monthly,august,,828,13879,4105,672,13207,0.7584597318521564,0.8518474825759789,0.09338775072382244,0.12560436961144805,0.32089785870935505,0.195293489097907,0.13487699859641267,0.0927160115698974,-0.04216098702651527,False,
burnable_tree_shrub,monthly,august,,829,13725,4105,619,13106,0.7749110212811801,0.8683566110750492,0.09344558979386919,0.13181436501479984,0.2936964887567853,0.16188212374198543,0.13351633252403963,0.09314626319789067,-0.040370069326148963,False,
burnable_tree_shrub,monthly,august,,830,13878,4105,602,13276,0.7394453959334106,0.8455043147327528,0.10605891879934215,0.1002897498634,0.21369055914850646,0.11340080928510646,0.1424198158792675,0.09924749258106834,-0.04317232329819916,False,
burnable_tree_shrub,monthly,august,,831,14001,4105,596,13405,0.7325092810706212,0.8428523239600569,0.11034304288943575,0.09393340650089646,0.24741746706157208,0.15348406056067562,0.13698927631140403,0.09242313840766846,-0.04456613790373558,False,
burnable_tree_shrub,monthly,august,,832,13895,4105,684,13211,0.7484736049747663,0.8510508808670427,0.10257727589227639,0.1253448254080598,0.2745334082651738,0.149188582857114,0.14029471612753,0.09588368463949533,-0.04441103148803467,False,
burnable_tree_shrub,monthly,august,,833,13764,4105,612,13152,0.7595614076936533,0.8632277652545203,0.10366635756086695,0.11680126160613512,0.27618930985729034,0.1593880482511552,0.1373654233767548,0.09386697164649505,-0.04349845173025976,False,
burnable_tree_shrub,monthly,august,,834,13773,4105,570,13203,0.7579954582358341,0.8524827557798533,0.09448729754401919,0.12027968868508866,0.2778304090977164,0.15755072041262774,0.13457917884625561,0.09066593473825386,-0.04391324410800175,False,
burnable_tree_shrub,monthly,august,,835,13889,4105,622,13267,0.74110229743456,0.840233800617881,0.09913150318332098,0.1103812132473137,0.22162444038325627,0.11124322713594256,0.13859922369146463,0.09358026927638409,-0.04501895441508054,False,
burnable_tree_shrub,monthly,august,,836,13866,4105,647,13219,0.7540035635559467,0.8521132466697916,0.09810968311384494,0.11970620086807499,0.29603070767486644,0.17632450680679146,0.13444568539917018,0.09413103730062826,-0.04031464809854192,False,
burnable_tree_shrub,monthly,august,,837,13834,4105,628,13206,0.743707622765564,0.852282450266285,0.108574827500721,0.10782818509170716,0.26872634734955697,0.1608981622578498,0.13738823260445554,0.09030832148817303,-0.04707991111628251,False,
burnable_tree_shrub,monthly,august,,838,13756,4105,602,13154,0.7542078834072427,0.8464997067703468,0.09229182336310415,0.11495032574315282,0.2684641367868487,0.15351381104369588,0.138650956338087,0.09599972770010885,-0.04265122863797814,False,
burnable_tree_shrub,monthly,august,,839,13877,4105,611,13266,0.762358173917399,0.8581021145327273,0.09574394061532832,0.1206673625635517,0.24097215960911975,0.12030479704556804,0.13457084194983662,0.09379148755126568,-0.040779354398570944,False,
burnable_tree_shrub,monthly,august,,840,13845,4105,645,13200,0.7485452196382427,0.852650223161851,0.1041050035236083,0.11645459096935937,0.2796141437595519,0.16315955279019254,0.13669844014401786,0.09358854765735979,-0.04310989248665807,False,
burnable_tree_shrub,monthly,august,,841,13731,4105,648,13083,0.7603393764219517,0.8655682310377335,0.1052288546157818,0.12090017848095244,0.2597729921786875,0.13887281369773505,0.13586709162827587,0.0918371676067037,-0.04402992402157217,False,
burnable_tree_shrub,monthly,august,,842,13801,4105,662,13139,0.7572649309302417,0.8641749189298068,0.10690998799956508,0.13396563139523227,0.28156599394015275,0.14760036254492048,0.13420704527858507,0.09145207429112626,-0.04275497098745881,False,
burnable_tree_shrub,monthly,august,,843,13840,4105,638,13202,0.7446759277947343,0.844727976524883,0.10005204873014861,0.1121898913674947,0.23753610148807955,0.12534621012058483,0.14229427621748483,0.09559849009338817,-0.046695786124096667,False,
burnable_tree_shrub,monthly,august,,844,13889,4105,642,13247,0.7691371725379779,0.8678440566217662,0.09870688408378836,0.1344483991575599,0.29441334255382595,0.15996494339626605,0.136384582697452,0.09044386381507127,-0.045940718882380716,False,
burnable_tree_shrub,monthly,august,,845,13930,4105,629,13301,0.7589895161904343,0.8657732082972114,0.10678369210677707,0.1156387708310752,0.24653518261439414,0.13089641178331896,0.13989617281992295,0.09522080496842347,-0.044675367851499476,False,
burnable_tree_shrub,monthly,august,,846,13982,4105,662,13320,0.7333978616078314,0.8399350634622538,0.10653720185442239,0.1111904754975129,0.23335415753869493,0.12216368204118203,0.1418050942977306,0.09679066301773953,-0.04501443127999108,False,
burnable_tree_shrub,monthly,august,,847,13917,4105,573,13344,0.7530421997480549,0.8525007219355406,0.09945852218748574,0.11262485052691541,0.24171145650196976,0.12908660597505434,0.13846491272680805,0.09481759538002299,-0.043647317346785064,False,
burnable_tree_shrub,monthly,august,,848,13868,4105,591,13277,0.7387911897309279,0.8341861751687684,0.09539498543784042,0.10987143333209311,0.23512278264373804,0.12525134931164494,0.13579272347747953,0.0930444309504522,-0.04274829252702733,False,
burnable_tree_shrub,monthly,august,,849,14011,4105,635,13376,0.7517662378028105,0.853854829898655,0.10208859209584453,0.12220752371601941,0.257937510862405,0.13572998714638562,0.1372228707286258,0.0950067509687514,-0.042216119759874396,False,
burnable_tree_shrub,monthly,august,,850,13832,4105,546,13286,0.7642774707353963,0.8593081676214296,0.09503069688603327,0.10512157523655202,0.27413136758822854,0.1690097923516765,0.13539160360085667,0.09140232088179981,-0.04398928271905686,False,
burnable_tree_shrub,monthly,august,,851,13810,4105,634,13176,0.7462590907088502,0.844114454346781,0.09785536363793079,0.11769069095183889,0.23149130625758693,0.11380061530574805,0.14037530799126555,0.09770927526941549,-0.04266603272185006,False,
burnable_tree_shrub,monthly,august,,852,13892,4105,559,13333,0.7531242842788423,0.8388306308731064,0.08570634659426413,0.11678265968825963,0.2056972222010329,0.08891456251277327,0.13446667560197562,0.09551747880995058,-0.038949196792025034,False,
burnable_tree_shrub,monthly,august,,853,13848,4105,684,13164,0.7627674092554388,0.8662938729762723,0.1035264637208334,0.12080249973324621,0.29709343767279617,0.17629093793954997,0.13789936137461822,0.0943203411268387,-0.04357902024777953,False,
burnable_tree_shrub,monthly,august,,854,13900,4105,683,13217,0.7479830702971272,0.8443030189501498,0.09631994865302262,0.12748560483380408,0.24981685554186958,0.1223312507080655,0.135292328871825,0.09297863144147465,-0.042313697430350336,False,
burnable_tree_shrub,monthly,august,,855,13800,4105,636,13164,0.7229087715878448,0.8305931079425687,0.10768433635472385,0.11064827614342392,0.2564761409786092,0.14582786483518528,0.14368796841116627,0.09903609171821831,-0.044651876692947956,False,
burnable_tree_shrub,monthly,august,,856,13879,4105,608,13271,0.7537290699150107,0.8470023552542346,0.09327328533922397,0.12118805518832991,0.27113360508561923,0.1499455498972893,0.13447778983359773,0.09475908667643745,-0.03971870315716028,False,
burnable_tree_shrub,monthly,august,,857,13857,4105,510,13347,0.7449204271504061,0.8476930264126329,0.10277259926222682,0.09417661563918076,0.2382213190585278,0.14404470341934705,0.1326793420680258,0.09291340504657071,-0.0397659370214551,False,
burnable_tree_shrub,monthly,august,,858,13773,4105,620,13153,0.7548307389703809,0.8597465805666804,0.10491584159629952,0.12344485794571683,0.27873936498028806,0.15529450703457123,0.13649763928673242,0.09478543522737395,-0.041712204059358465,False,
burnable_tree_shrub,monthly,august,,859,13847,4105,694,13153,0.7242439951350663,0.8369489127188744,0.11270491758380807,0.11166813369011319,0.23916613972048936,0.12749800603037617,0.13657212798167714,0.09530723213314227,-0.04126489584853488,False,
burnable_tree_shrub,monthly,august,,860,13839,4105,612,13227,0.7457700652902979,0.8629514001613852,0.11718133487108728,0.111851757831758,0.2481557664164595,0.13630400858470149,0.14038724246821305,0.09408716122354087,-0.04630008124467218,False,
burnable_tree_shrub,monthly,august,,861,13725,4105,629,13096,0.7551687526039821,0.8624438292545304,0.10727507665054836,0.12501583213451364,0.27498524110799955,0.1499694089734859,0.13472766043565207,0.09421566415916502,-0.04051199627648705,False,
burnable_tree_shrub,monthly,august,,862,13891,4105,618,13273,0.7610979731830222,0.8613907543283844,0.10029278114536222,0.1272060799609425,0.2985260568846858,0.17131997692374332,0.13838109306655608,0.09336760627525058,-0.0450134867913055,False,
burnable_tree_shrub,monthly,august,,863,13862,4105,639,13223,0.771333488845549,0.8641476528129426,0.09281416396739361,0.1324188197940946,0.28172802579174533,0.14930920599765074,0.13502418241175482,0.09275833501375716,-0.04226584739799766,False,
burnable_tree_shrub,monthly,august,,864,13936,4105,595,13341,0.7586580573313202,0.8572159243728974,0.09855786704157721,0.11877243995772072,0.2654301065139918,0.14665766655627108,0.13523153170811625,0.09233054878505138,-0.042900982923064865,False,
burnable_tree_shrub,monthly,august,,865,13812,4105,584,13228,0.7463884205773557,0.8539171138639086,0.1075286932865529,0.10293193349538407,0.2398017952722705,0.13686986177688643,0.13644980859142453,0.09159655217910803,-0.044853256412316495,False,
burnable_tree_shrub,monthly,august,,866,13867,4105,634,13233,0.7670164756353071,0.8535334067088278,0.08651693107352076,0.1361367302654582,0.2815568046395299,0.14542007437407173,0.13432301293778223,0.09491342128215136,-0.03940959165563088,False,
burnable_tree_shrub,monthly,august,,867,13911,4105,692,13219,0.7516427352991206,0.855912644568796,0.10426990926967539,0.12280776771249209,0.288214069909357,0.16540630219686492,0.13923869882887027,0.09431977356654937,-0.0449189252623209,False,
burnable_tree_shrub,monthly,august,,868,13832,4105,648,13184,0.7405925532632147,0.849071346768998,0.10847879350578327,0.11124005526097623,0.2574500703321188,0.14621001507114256,0.13946260974260175,0.09434125336540361,-0.045121356377198135,False,
burnable_tree_shrub,monthly,august,,869,13729,4105,678,13051,0.7492525917723729,0.8458619000702712,0.09660930829789827,0.12237792851008063,0.2526904807150133,0.1303125522049327,0.14002773581174605,0.0980536770330756,-0.04197405877867044,False,
burnable_tree_shrub,monthly,august,,870,13940,4105,629,13311,0.7487856547634617,0.8452235793841807,0.09643792462071898,0.10769402465104473,0.24476494988941871,0.137070925238374,0.13501376645616633,0.0921713486634698,-0.04284241779269654,False,
burnable_tree_shrub,monthly,august,,871,13925,4105,617,13308,0.722307879298057,0.8215759862701856,0.09926810697212862,0.10417401208738582,0.24663624271549822,0.14246223062811242,0.13711306748815363,0.092558487767859,-0.04455457972029464,False,
burnable_tree_shrub,monthly,august,,872,13771,4105,637,13134,0.7547250547968424,0.8564583298969515,0.1017332751001091,0.11431960023488556,0.26406819322948216,0.14974859299459659,0.13691600003645135,0.09456441738524701,-0.04235158265120434,False,
burnable_tree_shrub,monthly,august,,873,13800,4105,684,13116,0.7611402483284556,0.8651960063063014,0.10405575797784583,0.1304689403712883,0.29138748510337964,0.16091854473209133,0.1361872644013009,0.0921718111621653,-0.04401545323913561,False,
burnable_tree_shrub,monthly,august,,874,13891,4105,615,13276,0.742404657098695,0.8525672587247114,0.11016260162601643,0.10899996047360795,0.2445131081623231,0.13551314768871514,0.13495760494755515,0.09263987135183709,-0.04231773359571807,False,
burnable_tree_shrub,monthly,august,,875,13838,4105,651,13187,0.7536829608175533,0.850674400392231,0.0969914395746777,0.1299644055813719,0.2776752051710091,0.14771079958963718,0.13505646841579189,0.09308624176405123,-0.04197022665174066,False,
burnable_tree_shrub,monthly,august,,876,13809,4105,558,13251,0.7392832190388552,0.8398808881401796,0.1005976691013244,0.09961157416615195,0.2326185854940293,0.13300701132787734,0.1390401447166494,0.09575057309362216,-0.043289571623027254,False,
burnable_tree_shrub,monthly,august,,877,13859,4105,607,13252,0.7539740356868827,0.8595592919113014,0.10558525622441872,0.11112457767782725,0.2681593723310711,0.15703479465324388,0.1353540396504097,0.09041351091589908,-0.044940528734510626,False,
burnable_tree_shrub,monthly,august,,878,13872,4105,629,13243,0.7392547546191424,0.8346315364495891,0.09537678183044673,0.1033517637747116,0.22766607409983716,0.12431431032512556,0.1341975071785847,0.09450552947898144,-0.039691977699603254,False,
burnable_tree_shrub,monthly,august,,879,13740,4105,665,13075,0.7630411017984733,0.8717955692289998,0.10875446743052652,0.1298256963335031,0.2850288577253676,0.15520316139186452,0.13664757706065336,0.09082984507316623,-0.045817731987487134,False,
burnable_tree_shrub,monthly,august,,880,13924,4105,504,13420,0.7526093783265915,0.8600217633004518,0.1074123849738603,0.09292908955340608,0.22151843225469225,0.1285893427012862,0.1374142027165971,0.09300874203966047,-0.044405460676936626,False,
burnable_tree_shrub,monthly,august,,881,14022,4105,679,13343,0.7680540959792368,0.8728332673097718,0.10477917133053505,0.12055006533906748,0.29868164992426544,0.17813158458519796,0.1397861775937096,0.09248224646782272,-0.04730393112588688,False,
burnable_tree_shrub,monthly,august,,882,13823,4105,638,13185,0.7444796321458672,0.8592225657778205,0.11474293363195331,0.10802456909016593,0.26139743444963215,0.1533728653594662,0.1359921626791333,0.09500017354392203,-0.04099198913521128,False,
burnable_tree_shrub,monthly,august,,883,13908,4105,640,13268,0.7589804887699728,0.8525589058260477,0.09357841705607484,0.1260701858659221,0.26064283267751137,0.13457264681158926,0.13773150031870854,0.09276636034324748,-0.04496513997546106,False,
burnable_tree_shrub,monthly,august,,884,13827,4105,598,13229,0.7219295755170496,0.83909014880908,0.11716057329203033,0.09595362249355283,0.23549662574203484,0.139543003248482,0.14042342611161235,0.09624849598407775,-0.044174930127534595,False,
burnable_tree_shrub,monthly,august,,885,13837,4105,660,13177,0.7661639541809535,0.8551556775924993,0.08899172341154582,0.14754768622848302,0.31165357805233923,0.1641058918238562,0.13679503454407366,0.09518692761170028,-0.04160810693237338,False,
burnable_tree_shrub,monthly,august,,886,13809,4105,499,13310,0.7405547383271426,0.8535922333020662,0.11303749497492366,0.09074213989064073,0.22270317766281153,0.1319610377721708,0.13574760997638194,0.0917057687447254,-0.04404184123165654,False,
burnable_tree_shrub,monthly,august,,887,13856,4105,595,13261,0.7857064913289046,0.8777972179747398,0.09209072664583517,0.15797844969270236,0.3052630858934966,0.14728463620079424,0.13311710307596697,0.09176617869711039,-0.04135092437885658,False,
burnable_tree_shrub,monthly,august,,888,13857,4105,644,13213,0.7571166736317001,0.8478306702461768,0.09071399661447666,0.12062599496808873,0.2717043403927122,0.15107834542462345,0.13775894241618344,0.09856622639196834,-0.039192716024215105,False,
burnable_tree_shrub,monthly,august,,889,13762,4105,564,13198,0.7736043447373824,0.8775805811970221,0.10397623645963971,0.12118183264912503,0.26631892549479524,0.14513709284567022,0.13596465411354006,0.09087967967396209,-0.04508497443957797,False,
burnable_tree_shrub,monthly,august,,890,13916,4105,592,13324,0.750806434436538,0.8516243042426996,0.10081786980616159,0.11524597560099009,0.2575066751394947,0.14226069953850462,0.1401245401928793,0.09415872660047747,-0.045965813592401816,False,
burnable_tree_shrub,monthly,august,,891,13825,4105,672,13153,0.772449726298183,0.8776363259513491,0.10518659965316612,0.12999447744514311,0.3095926347857676,0.17959815734062448,0.13800044236280387,0.09120410407399239,-0.04679633828881148,False,
burnable_tree_shrub,monthly,august,,892,13931,4105,546,13385,0.7276947433092371,0.8345471736581188,0.1068524303488817,0.09103610158454095,0.20540438929594498,0.11436828771140403,0.13788081789589784,0.09515433526844888,-0.042726482627448964,False,
burnable_tree_shrub,monthly,august,,893,13822,4105,640,13182,0.7378037996889699,0.8356566956835079,0.09785289599453795,0.11556031439350285,0.26599161272908733,0.1504312983355845,0.13913849413477283,0.09480183274290484,-0.044336661391867996,False,
burnable_tree_shrub,monthly,august,,894,13834,4105,540,13294,0.7403982024750793,0.8497105349670417,0.10931233249196248,0.09963336533002204,0.2501633980696905,0.15053003273966847,0.13657316982437964,0.09299811182798694,-0.043575057996392705,False,
burnable_tree_shrub,monthly,august,,895,13783,4105,616,13167,0.7567447741747126,0.8541263504096723,0.09738157623495969,0.12889163330062833,0.2755676287255846,0.14667599542495627,0.13669413052302357,0.09502566019067514,-0.041668470332348426,False,
burnable_tree_shrub,monthly,august,,896,13898,4105,651,13247,0.7462682621123851,0.856639656522527,0.11037139441014199,0.11043206792325837,0.2854142918609846,0.17498222393772622,0.13954708986253234,0.09039938676350277,-0.04914770309902956,False,
burnable_tree_shrub,monthly,august,,897,13936,4105,561,13375,0.746992919852733,0.8513076448931315,0.10431472504039851,0.09903397668489357,0.22903733918449848,0.13000336249960492,0.13503047454665348,0.08952409719503647,-0.045506377351617014,False,
burnable_tree_shrub,monthly,august,,898,13902,4105,685,13217,0.7759918795137206,0.8710761245884946,0.09508424507477398,0.14442610289097274,0.3308107200361691,0.18638461714519639,0.13191560567569674,0.09010794903028954,-0.0418076566454072,False,
burnable_tree_shrub,monthly,august,,899,13885,4105,621,13264,0.7504687418052132,0.8575953047635143,0.10712656295830114,0.11589146481727948,0.2586228493621147,0.14273138454483525,0.13821673467456083,0.09384312172607459,-0.04437361294848624,False,
burnable_tree_shrub,monthly,august,,900,13918,4105,585,13333,0.7556013259305842,0.8640343572691882,0.10843303133860405,0.11100436607673045,0.2613978674217911,0.15039350134506066,0.1331180415227843,0.09084962629189994,-0.04226841523088437,False,
burnable_tree_shrub,monthly,august,,901,13839,4105,655,13184,0.7398032776254355,0.834731087415697,0.0949278097902615,0.103372393592576,0.23968614189946455,0.13631374830688855,0.13882408750727643,0.09647278851015112,-0.04235129899712531,False,
burnable_tree_shrub,monthly,august,,902,13768,4105,526,13242,0.7408435999524499,0.847833802229684,0.1069902022772341,0.10423964264755788,0.21207214430585303,0.10783250165829515,0.1378477740829246,0.09316615557592332,-0.04468161850700127,False,
burnable_tree_shrub,monthly,august,,903,13838,4105,588,13250,0.7652579899884482,0.8612819920421,0.0960240020536518,0.1212669193679898,0.2469668512491731,0.1256999318811833,0.1353468082680164,0.09313102021061517,-0.04221578805740123,False,
burnable_tree_shrub,monthly,august,,904,13794,4105,571,13223,0.7545529448833581,0.8599478989867069,0.10539495410334876,0.10504476445230941,0.25923854872479635,0.15419378427248692,0.1335631391149482,0.0918935001073877,-0.04166963900756049,False,
burnable_tree_shrub,monthly,august,,905,13938,4105,620,13318,0.740668098958964,0.8474978079630284,0.10682970900406441,0.10539382542958466,0.2470800990411897,0.14168627361160502,0.13467727143620895,0.09292644929587825,-0.0417508221403307,False,
burnable_tree_shrub,monthly,august,,906,13751,4105,643,13108,0.7454857622593211,0.8509356531288574,0.10544989086953638,0.12169624744498002,0.286910536274292,0.165214288829312,0.13703461022509678,0.09120498538139549,-0.04582962484370129,False,
burnable_tree_shrub,monthly,august,,907,13806,4105,641,13165,0.7444052536123473,0.8464257506874526,0.1020204970751053,0.12309547994928953,0.2770978853618013,0.15400240541251176,0.13493970511176878,0.09155666645626957,-0.04338303865549921,False,
burnable_tree_shrub,monthly,august,,908,13931,4105,608,13323,0.7569563368847699,0.8589680439840877,0.10201170709931773,0.11887028281436392,0.2864837367462459,0.16761345393188198,0.13688392750496434,0.09206094307485123,-0.04482298443011311,False,
burnable_tree_shrub,monthly,august,,909,13905,4105,561,13344,0.7552715848711404,0.8563751939624771,0.10110360909133664,0.1020913882218188,0.24002549575097978,0.13793410752916097,0.13439472679393905,0.09211530708024154,-0.0422794197136975,False,
burnable_tree_shrub,monthly,august,,910,13876,4105,719,13157,0.7224026977923511,0.8411660588191207,0.11876336102676954,0.11259544122595283,0.2675917167235511,0.15499627549759826,0.1421516083509002,0.09734875102379373,-0.04480285732710648,False,
burnable_tree_shrub,monthly,august,,911,13820,4105,576,13244,0.7109896724722307,0.821804724466425,0.11081505199419439,0.08869578191575686,0.19692774789971662,0.10823196598395976,0.13747871392545954,0.09471473759816733,-0.042763976327292216,False,
burnable_tree_shrub,monthly,august,,912,13878,4105,634,13244,0.7630840749742518,0.8682738424732777,0.10518976749902587,0.11640792190021057,0.28147960061099225,0.16507167871078168,0.13376395414066708,0.09160655276378873,-0.042157401376878345,False,
burnable_tree_shrub,monthly,august,,913,13824,4105,686,13138,0.7637432112222484,0.8724698391197813,0.10872662789753285,0.1328976468787925,0.2869781520629719,0.1540805051841794,0.1383393256992504,0.09740138318517799,-0.0409379425140724,False,
burnable_tree_shrub,monthly,august,,914,13853,4105,632,13221,0.7557852917156154,0.8501351537015814,0.09434986198596607,0.11812976241361871,0.23645452549614382,0.11832476308252511,0.13704930663873394,0.09475193859125733,-0.04229736804747661,False,
burnable_tree_shrub,monthly,august,,915,13896,4105,590,13306,0.7537927327292137,0.8559269808191539,0.1021342480899402,0.11407005028611909,0.26238750295477864,0.14831745266865953,0.13763631893210027,0.09532948405482036,-0.0423068348772799,False,
burnable_tree_shrub,monthly,august,,916,13786,4105,651,13135,0.7597971438044131,0.8427158124568391,0.08291866865242603,0.13008616012784993,0.2566475319958987,0.12656137186804875,0.13721205303689923,0.0964897894313228,-0.04072226360557643,False,
burnable_tree_shrub,monthly,august,,917,13931,4105,611,13320,0.7456121014631653,0.8565376137184648,0.11092551225529956,0.10317195359679793,0.23746852656227513,0.1342965729654772,0.13999143007187595,0.09385894095696322,-0.04613248911491273,False,
burnable_tree_shrub,monthly,august,,918,13855,4105,724,13131,0.7260384203211917,0.8304212207542272,0.1043828004330355,0.12339140409419293,0.2769940618239196,0.1536026577297267,0.13896972607314678,0.09700206872820366,-0.04196765734494312,False,
burnable_tree_shrub,monthly,august,,919,13859,4105,582,13277,0.7471264546316434,0.8589425632575983,0.11181610862595492,0.0935535153698092,0.2730735786709375,0.1795200633011283,0.13831209124787053,0.09384147434692451,-0.04447061690094602,False,
burnable_tree_shrub,monthly,august,,920,13803,4105,590,13213,0.7366699719203096,0.837132536395204,0.10046256447489443,0.10402499720874177,0.2490669705643895,0.14504197335564772,0.13770389205446495,0.09585689775080942,-0.04184699430365553,False,
burnable_tree_shrub,monthly,august,,921,13800,4105,645,13155,0.7548930904333837,0.8643350746466548,0.10944198421327112,0.12394893119552249,0.2914233221047597,0.16747439090923721,0.13546220578645984,0.09279248919044024,-0.042669716596019605,False,
burnable_tree_shrub,monthly,august,,922,13933,4105,628,13305,0.7427066353580977,0.8415308286478193,0.09882419328972158,0.11861797051271204,0.28155001116682604,0.16293204065411399,0.1409253247465702,0.09739396843353502,-0.04353135631303519,False,
burnable_tree_shrub,monthly,august,,923,13803,4105,547,13256,0.7589628621139722,0.8570102159251262,0.09804735381115393,0.12076522052507202,0.27005718829021325,0.14929196776514123,0.13286636067697002,0.09141407502028137,-0.04145228565668865,False,
burnable_tree_shrub,monthly,august,,924,13915,4105,584,13331,0.7397578822869344,0.8355925471889087,0.09583466490197434,0.09628633279140396,0.19856075299284143,0.10227442020143747,0.140484912051426,0.09645832291370118,-0.04402658913772481,False,
burnable_tree_shrub,monthly,august,,925,13803,4105,618,13185,0.7371930199194191,0.8462310682066141,0.10903804828719499,0.10211663231689025,0.233959079738079,0.13184244742118875,0.13656480016884043,0.09555064719604264,-0.041014152972797785,False,
burnable_tree_shrub,monthly,august,,926,13875,4105,603,13272,0.745596035294694,0.8539925448106065,0.10839650951591251,0.11154721863911682,0.2425048166798338,0.130957598040717,0.1356773091901962,0.09198357296201773,-0.04369373622817846,False,
burnable_tree_shrub,monthly,august,,927,13881,4105,554,13327,0.7321222165366094,0.8378684974640932,0.10574628092748384,0.09047703323528232,0.19400323337036796,0.10352620013508564,0.1366368616726929,0.09665438758243207,-0.03998247409026083,False,
burnable_tree_shrub,monthly,august,,928,13779,4105,534,13245,0.7554314185410932,0.8542525410620643,0.09882112252097108,0.11349696539619905,0.24734701772493406,0.133850052328735,0.13269417656603685,0.08963293952657694,-0.04306123703945991,False,
burnable_tree_shrub,monthly,august,,929,13812,4105,503,13309,0.7153511420768349,0.8396224202609126,0.12427127818407768,0.06812523944323703,0.1770327460179258,0.10890750657468876,0.14442499249414356,0.09875932842383027,-0.04566566407031329,False,
burnable_tree_shrub,monthly,august,,930,14052,4105,633,13419,0.7685390324510989,0.8656929582880231,0.09715392583692417,0.1381702873062717,0.2739128168183254,0.1357425295120537,0.13565701961861973,0.09329086392155882,-0.04236615569706091,False,
burnable_tree_shrub,monthly,august,,931,13853,4105,590,13263,0.7405436559205743,0.8384153954482779,0.09787173952770367,0.10631198764249594,0.24676297492097166,0.14045098727847571,0.1389618457359003,0.09710103488714643,-0.041860810848753885,False,
burnable_tree_shrub,monthly,august,,932,13832,4105,641,13191,0.753005849140038,0.8493574130047303,0.09635156386469235,0.12112740852330364,0.2953163997820186,0.17418899125871498,0.13557813497947868,0.09641906565780364,-0.03915906932167504,False,
burnable_tree_shrub,monthly,august,,933,13943,4105,554,13389,0.7509739796637845,0.8581019010972152,0.10712792143343064,0.09512138225775678,0.2652689072926555,0.17014752503489872,0.13871769219752364,0.0943846714911025,-0.044333020706421145,False,
burnable_tree_shrub,monthly,august,,934,13875,4105,648,13227,0.7669168563740273,0.8671132606611803,0.10019640428715304,0.13934528988145833,0.31033275672491745,0.1709874668434591,0.1354729052664481,0.09219914044187885,-0.04327376482456924,False,
burnable_tree_shrub,monthly,august,,935,13767,4105,592,13175,0.7437428842504745,0.8455089363557106,0.10176605210523604,0.11494428625984299,0.2558020319455289,0.14085774568568593,0.13726282615942967,0.09621260879771261,-0.04105021736171706,False,
burnable_tree_shrub,monthly,august,,936,13856,4105,615,13241,0.7327297633674168,0.8383007816937168,0.1055710183263,0.1034270141731958,0.2550985250011105,0.15167151082791472,0.138356209393385,0.09295324776745958,-0.045402961625925414,False,
burnable_tree_shrub,monthly,august,,937,13922,4105,687,13235,0.7567942396132173,0.8636870500728902,0.1068928104596728,0.1319379977505419,0.2884936706321861,0.1565556728816442,0.13945378702817557,0.09521328421377163,-0.044240502814403934,False,
burnable_tree_shrub,monthly,august,,938,13861,4105,671,13190,0.7296025417801726,0.8378787502160898,0.10827620843591723,0.11222725114644094,0.2594170168700328,0.14718976572359188,0.13949171565826107,0.09677980259363743,-0.042711913064623644,False,
burnable_tree_shrub,monthly,august,,939,13775,4105,598,13177,0.7730920122042995,0.8592201548101321,0.08612814260583268,0.12176299987829234,0.25988030961262965,0.1381173097343373,0.13349070120321077,0.09413559682062615,-0.03935510438258462,False,
burnable_tree_shrub,monthly,august,,940,13854,4105,619,13235,0.7744749596122779,0.8624218718053722,0.08794691219309436,0.12604076587139382,0.27979676547076976,0.15375599959937594,0.13728421006268277,0.09465800005717714,-0.04262621000550562,False,
burnable_tree_shrub,monthly,august,,941,13875,4105,563,13312,0.7889207990333378,0.8835319459625633,0.09461114692922556,0.1211736593639515,0.2744362161194456,0.15326255675549408,0.13211238518341964,0.09053913399999138,-0.041573251183428264,False,
burnable_tree_shrub,monthly,august,,942,13953,4105,653,13300,0.7601192874989926,0.8655367361742795,0.1054174486752869,0.1355164528671426,0.3064557052715734,0.1709392524044308,0.1399823482719289,0.09306178909513547,-0.04692055917679343,False,
burnable_tree_shrub,monthly,august,,943,13865,4105,597,13268,0.7706134430569085,0.8602133494323189,0.08959990637541038,0.14558014873567465,0.2989694031847861,0.15338925444911145,0.13642011340691293,0.09419116074219133,-0.0422289526647216,False,
burnable_tree_shrub,monthly,august,,944,13859,4105,623,13236,0.7435129980155294,0.8376697847739543,0.09415678675842487,0.1031610166152397,0.2590841026116188,0.1559230859963791,0.1394246775563278,0.09852240973087124,-0.04090226782545654,False,
burnable_tree_shrub,monthly,august,,945,13816,4105,591,13225,0.7805527781242902,0.8675535042013313,0.08700072607704101,0.1209164496702389,0.2642987649439343,0.14338231527369538,0.13187274736012894,0.09214337613782593,-0.03972937122230301,False,
burnable_tree_shrub,monthly,august,,946,13993,4105,604,13389,0.7610187318936816,0.866627690320066,0.1056089584263844,0.12436755018869271,0.2987995440191509,0.17443199383045815,0.1359818284324036,0.09021958720606153,-0.04576224122634208,False,
burnable_tree_shrub,monthly,august,,947,13910,4105,582,13328,0.7625515412350506,0.8618322328931571,0.09928069165810649,0.10685882289090512,0.27757157613447697,0.17071275324357185,0.13686545134681888,0.09108141066959517,-0.045784040677223706,False,
burnable_tree_shrub,monthly,august,,948,13828,4105,591,13237,0.7459080946130207,0.860631514468686,0.11472341985566537,0.09530317873924014,0.2575327394168754,0.16222956067763522,0.13623983526028044,0.09193911580173851,-0.04430071945854193,False,
burnable_tree_shrub,monthly,august,,949,13843,4105,646,13197,0.7651756626365266,0.8766612685920971,0.11148560595557055,0.12147567772442301,0.31739143253920576,0.19591575481478274,0.1382272508407685,0.09051265175942325,-0.04771459908134526,False,
burnable_tree_shrub,monthly,august,,950,13983,4105,642,13341,0.7565182730210502,0.8625095476642987,0.10599127464324842,0.12052259349204733,0.26863889176470146,0.14811629827265413,0.14043240708129842,0.0960513731688301,-0.04438103391246832,False,
burnable_tree_shrub,monthly,august,,951,13789,4105,663,13126,0.7595525581158048,0.8587351184217754,0.09918256030597061,0.13141271462796145,0.2856999006753088,0.15428718604734737,0.13651453392609056,0.09500722356374504,-0.04150731036234552,False,
burnable_tree_shrub,monthly,august,,952,13960,4105,674,13286,0.7722310716396323,0.8716417317083958,0.09941066006876342,0.12858870842753065,0.2746881945142771,0.14609948608674647,0.13637154110135052,0.09429572608589673,-0.042075815015453794,False,
burnable_tree_shrub,monthly,august,,953,13773,4105,632,13141,0.7322860907836041,0.8333652213239268,0.10107913054032269,0.11992941315922918,0.27235774168625443,0.15242832852702526,0.14157587915018882,0.09608622719181634,-0.045489651958372485,False,
burnable_tree_shrub,monthly,august,,954,13920,4105,642,13278,0.7297504268884094,0.8369870476496151,0.10723662076120566,0.10437268967918592,0.21320520012471214,0.10883251044552622,0.13723692745305188,0.09668751855892571,-0.04054940889412617,False,
burnable_tree_shrub,monthly,august,,955,13813,4105,529,13284,0.7421072808711703,0.8408075379850627,0.09870025711389241,0.10000687128338254,0.25201450942680614,0.1520076381434236,0.13335057832473515,0.09290587473872439,-0.040444703586010766,False,
burnable_tree_shrub,monthly,august,,956,13911,4105,599,13312,0.7628297513082702,0.8659075723160395,0.1030778210077693,0.10795610332074698,0.23977746819006746,0.13182136486932047,0.1363050040622939,0.09389676080737845,-0.04240824325491545,False,
burnable_tree_shrub,monthly,august,,957,13907,4105,641,13266,0.7651001833831833,0.8561494517673063,0.09104926838412297,0.12490369368749958,0.2954800398514004,0.17057634616390083,0.1366602898124857,0.09321156621044767,-0.04344872360203804,False,
burnable_tree_shrub,monthly,august,,958,13840,4105,647,13193,0.7475523001694847,0.8487788768129229,0.10122657664343815,0.11157611191488528,0.2659708067223098,0.15439469480742454,0.1383138361794998,0.09488328394433747,-0.04343055223516233,False,
burnable_tree_shrub,monthly,august,,959,13889,4105,668,13221,0.750768374754915,0.8560233741729157,0.10525499941800076,0.13049324125729284,0.2936366263698681,0.16314338511257526,0.1389656990414844,0.0927528161337805,-0.046212882907703895,False,
burnable_tree_shrub,monthly,august,,960,13796,4105,567,13229,0.7445897747759818,0.8492292133030914,0.10463943852710966,0.10184310243048877,0.2330963576796636,0.13125325524917483,0.1359227893877358,0.09145152770201527,-0.044471261685720534,False,
burnable_tree_shrub,monthly,august,,961,13840,4105,615,13225,0.7206050378840272,0.8229931608956921,0.10238812301166489,0.10431919364851205,0.1903405956371746,0.08602140198866254,0.13945377206101672,0.09896573322962246,-0.04048803883139426,False,
burnable_tree_shrub,monthly,august,,962,13786,4105,596,13190,0.7446072120937663,0.8449217935084034,0.100314581414637,0.1079463575984041,0.2625426588967062,0.1545963012983021,0.13978151295582192,0.09798842018533585,-0.04179309277048607,False,
burnable_tree_shrub,monthly,august,,963,13875,4105,659,13216,0.7513403994606251,0.8527662358956082,0.10142583643498304,0.11347297650968408,0.28805146440483764,0.17457848789515357,0.13544374700356834,0.09300989054729691,-0.04243385645627143,False,
burnable_tree_shrub,monthly,august,,964,13793,4105,660,13133,0.7408635198401436,0.8365220967767987,0.09565857693665503,0.11999311078017337,0.22569876525821397,0.1057056544780406,0.13596944856694482,0.09587295236927226,-0.040096496197672554,False,
burnable_tree_shrub,monthly,august,,965,13814,4105,594,13220,0.7552573134267537,0.8524271968296174,0.0971698834028637,0.12339239785621778,0.2592743026899318,0.135881904833714,0.1338813815035363,0.08985083001923055,-0.044030551484305736,False,
burnable_tree_shrub,monthly,august,,966,13936,4105,622,13314,0.7598529121245098,0.8580957863178136,0.0982428741933038,0.11636813420717176,0.24120822859454086,0.1248400943873691,0.13832611990311558,0.09641988868093139,-0.04190623122218419,False,
burnable_tree_shrub,monthly,august,,967,13950,4105,605,13345,0.7549147388596962,0.8483309748598076,0.0934162360001114,0.12411665419692984,0.2826132491820394,0.15849659498510954,0.1339682615707004,0.09328876789024877,-0.04067949368045164,False,
burnable_tree_shrub,monthly,august,,968,13865,4105,636,13229,0.7628119278638363,0.8715125099184134,0.10870058205457711,0.1215519314547901,0.27681268744355414,0.15526075598876404,0.13524381272756886,0.09106361216100879,-0.044180200566560066,False,
burnable_tree_shrub,monthly,august,,969,13781,4105,631,13150,0.7465272697691516,0.8478204069827,0.10129313721354838,0.11364743807070554,0.25241479599983807,0.13876735792913253,0.13989994713019374,0.09771291422105433,-0.042187032909139416,False,
burnable_tree_shrub,monthly,august,,970,13822,4105,580,13242,0.7453786020446957,0.8348637303459734,0.08948512830127764,0.1071574173480869,0.22813317387841914,0.12097575653033224,0.13541107357358695,0.09535428295606176,-0.04005679061752519,False,
burnable_tree_shrub,monthly,august,,971,13788,4105,598,13190,0.7599964247770558,0.8621475172485491,0.10215109247149334,0.12242907561747296,0.2627373386833255,0.14030826306585253,0.13589998871317868,0.09179159321214497,-0.04410839550103371,False,
burnable_tree_shrub,monthly,august,,972,13915,4105,587,13328,0.733910088737369,0.8530482252526222,0.11913813651525329,0.1065895302062485,0.2452836426189462,0.1386941124126977,0.13513797479898068,0.09066808899826481,-0.04446988580071587,False,
burnable_tree_shrub,monthly,august,,973,13834,4105,678,13156,0.7565350354403836,0.8665288155476689,0.10999378010728533,0.12532503835226136,0.27889959327122726,0.1535745549189659,0.13406140655083032,0.09290012008562909,-0.04116128646520123,False,
burnable_tree_shrub,monthly,august,,974,13836,4105,601,13235,0.7688614932799949,0.8686153979609604,0.09975390468096557,0.1169315514877186,0.30614849059554117,0.18921693910782256,0.13633415081374048,0.0909766045396643,-0.04535754627407618,False,
burnable_tree_shrub,monthly,august,,975,13953,4105,639,13314,0.7565943622948111,0.852170388847867,0.09557602655305586,0.1207455851817217,0.26276322161955645,0.14201763643783477,0.13883768016393727,0.09799452349073426,-0.04084315667320301,False,
burnable_tree_shrub,monthly,august,,976,13826,4105,675,13151,0.7435457661296,0.846275371257502,0.10272960512790197,0.12775290851401563,0.2760560848357226,0.14830317632170695,0.1364696128473868,0.09178568667162794,-0.04468392617575885,False,
burnable_tree_shrub,monthly,august,,977,13735,4105,562,13173,0.7702951389029594,0.8622825373695198,0.09198739846656034,0.12139949924181513,0.26018983839783305,0.1387903391560179,0.13625162804753174,0.09095600727023558,-0.04529562077729617,False,
burnable_tree_shrub,monthly,august,,978,13874,4105,664,13210,0.7357484061910018,0.8414665094898899,0.10571810329888809,0.12322833109732198,0.2942699369382022,0.1710416058408802,0.14047013684000212,0.09601741711849085,-0.04445271972151127,False,
burnable_tree_shrub,monthly,august,,979,13753,4105,714,13039,0.7494143297321997,0.8508963520986277,0.101482022366428,0.13677213739048127,0.30458509460981364,0.16781295721933237,0.13740200903583039,0.09356735721207367,-0.04383465182375672,False,
burnable_tree_shrub,monthly,august,,980,13810,4105,615,13195,0.7483555300880784,0.8567530815133844,0.10839755142530594,0.12077390420090572,0.24672152548570556,0.12594762128479983,0.13774765792235633,0.09430483852765352,-0.043442819394702806,False,
burnable_tree_shrub,monthly,august,,981,13877,4105,616,13261,0.7789552559649084,0.8814365212119907,0.10248126524708223,0.13553208444168757,0.2999490263138428,0.16441694187215522,0.13659863791727542,0.09195551258171432,-0.0446431253355611,False,
burnable_tree_shrub,monthly,august,,982,13880,4105,635,13245,0.7169568073526483,0.8281707849938916,0.1112139776412433,0.10299513669724349,0.2156354772348565,0.112640340537613,0.13943431522418484,0.09766961861458523,-0.04176469660959961,False,
burnable_tree_shrub,monthly,august,,983,13903,4105,568,13335,0.7479477917373004,0.8438238354008565,0.09587604366355607,0.10891388684541563,0.23086083966918902,0.1219469528237734,0.13563551906341414,0.09336105095877353,-0.04227446810464061,False,
burnable_tree_shrub,monthly,august,,984,13777,4105,588,13189,0.7453862809814198,0.8559492604381201,0.11056297945670035,0.09901894799975788,0.24807184460721346,0.14905289660745558,0.13600881051112357,0.09019875514789631,-0.045810055363227256,False,
burnable_tree_shrub,monthly,august,,985,13797,4105,660,13137,0.7761288380493678,0.8674289711455732,0.09130013309620533,0.13021979286591198,0.2761607171423149,0.1459409242764029,0.13322145702240118,0.09139622607209605,-0.04182523095030513,False,
burnable_tree_shrub,monthly,august,,986,13932,4105,565,13367,0.7574237439844923,0.8693306922145476,0.11190694823005531,0.09820248295686401,0.26871462866000645,0.17051214570314244,0.1399296856061436,0.09120119397526451,-0.0487284916308791,False,
burnable_tree_shrub,monthly,august,,987,13890,4105,621,13269,0.7706087670109728,0.8707661811234375,0.1001574141124647,0.1200822542197113,0.25154631461795074,0.13146406039823944,0.13701156688029958,0.09346970911612595,-0.04354185776417363,False,
burnable_tree_shrub,monthly,august,,988,13886,4105,668,13218,0.7576593295478946,0.8636686001578322,0.10600927060993759,0.11441821390936117,0.28138555147757316,0.16696733756821197,0.13845072077552253,0.09438931746217877,-0.04406140331334377,False,
burnable_tree_shrub,monthly,august,,989,13832,4105,615,13217,0.7183234698352885,0.8278300734887504,0.10950660365346188,0.10710326368006741,0.24822533993672288,0.14112207625665546,0.1403448663719963,0.09714974968571292,-0.04319511668628338,False,
burnable_tree_shrub,monthly,august,,990,13943,4105,577,13366,0.7727596418238055,0.8668278964370915,0.09406825461328594,0.1400112689099671,0.25284049391389424,0.11282922500392714,0.13355906519975685,0.0922252149232549,-0.04133385027650195,False,
burnable_tree_shrub,monthly,august,,991,13861,4105,748,13113,0.7635338405656141,0.8663647557981201,0.10283091523250598,0.15846651653381197,0.34426292204096076,0.1857964055071488,0.13866793502390407,0.09494407401233605,-0.04372386101156801,False,
burnable_tree_shrub,monthly,august,,992,13907,4105,590,13317,0.7303250719419424,0.8391051071460846,0.10878003520414214,0.09027367483981973,0.228358746183558,0.13808507134373826,0.13876975257914345,0.09450740290412642,-0.044262349675017035,False,
burnable_tree_shrub,monthly,august,,993,13908,4105,621,13287,0.7404303626600018,0.8349597581062792,0.09452939544627736,0.11267652854292697,0.2421168630080572,0.12944033446513026,0.13466841465181717,0.09373214534022084,-0.04093626931159633,False,
burnable_tree_shrub,monthly,august,,994,13952,4105,596,13356,0.7448610432734151,0.8457432976356302,0.1008822543622151,0.10676901226871051,0.26733643754835895,0.16056742527964846,0.1383879591574819,0.09556722578422885,-0.04282073337325304,False,
burnable_tree_shrub,monthly,august,,995,13918,4105,573,13345,0.7375768715462976,0.8381224674483125,0.10054559590201495,0.10608896452390805,0.2392163642654255,0.13312739974151744,0.13698585540286873,0.09246960189427103,-0.0445162535085977,False,
burnable_tree_shrub,monthly,august,,996,13834,4105,563,13271,0.7573734473316396,0.855116051198322,0.09774260386668243,0.11500218417858002,0.2611267110325914,0.14612452685401137,0.13801588172729112,0.0955166946075508,-0.04249918711974032,False,
burnable_tree_shrub,monthly,august,,997,13875,4105,707,13168,0.7645279542708654,0.8667238610252277,0.1021959067543623,0.13969014185680456,0.3047263803018804,0.1650362384450758,0.14017755237903495,0.09399897899778689,-0.04617857338124806,False,
burnable_tree_shrub,monthly,august,,998,13840,4105,593,13247,0.7390049559090728,0.8343933164542265,0.09538836054515376,0.10088874727156362,0.21758672750239502,0.1166979802308314,0.1426185960903552,0.10052182334668125,-0.04209677274367396,False,
burnable_tree_shrub,monthly,august,,999,13947,4105,612,13335,0.7400679081781444,0.8447584370581129,0.10469052887996855,0.1146125802412174,0.245604673103279,0.1309920928620616,0.13808862567941013,0.09378070754342209,-0.04430791813598804,False,
