schema_version,analysis_id,source_experiment,target_experiment,direction,population,source_step8a_sha256,target_step8a_sha256,block_size_cells,block_nominal_scale,n_outer_folds,estimator_random_state,model_family,model_role,metric,metric_orientation,budget_blocks,n_repeats,raw_value,fewshot_value,ceiling_value,raw_oriented,fewshot_oriented,ceiling_oriented,absolute_recovery,ceiling_gap,recovery_fraction,recovery_fraction_status,denominator_near_zero,ceiling_not_above_raw,recovery_negative,recovery_above_ceiling,selection_median,selection_interval_lower,selection_interval_upper,selection_min,selection_max,n_repeats_observed,recovery_fraction_selection_median,recovery_fraction_selection_lower,recovery_fraction_selection_upper,mean_adaptation_row_count,mean_adaptation_positive_count,mean_n_blocks_tier_a,mean_n_blocks_tier_b,mean_n_blocks_tier_c
few_shot_recovery.v1,7348dfe74423acef7b5da3c0b64c45c73978738038797d490717d2c04e42b7c5,bejis_2022,manavgat_2021,bejis_2022_to_manavgat_2021,burnable_tree_shrub_grass,3dec785a7d8e31db2d67ed283546bbfbca1559f56df46663488d0afc24d9e393,e4ab8b85df0d3a0b15f7404050b10ea062dd164f474b7791324ffdec0daa4d49,10,approximately_5_km,5,42,baseline,secondary,brier_score,lower_is_better_oriented_by_negation,0,1,0.2002726335681321,0.2002726335681321,0.1394671052531976,-0.2002726335681321,-0.2002726335681321,-0.1394671052531976,0.0,0.06080552831493449,0.0,interpretable,false,false,false,false,0.2002726335681321,0.2002726335681321,0.2002726335681321,0.2002726335681321,0.2002726335681321,1,0.0,0.0,0.0,0.0,0.0,0.0,0.0,0.0
few_shot_recovery.v1,7348dfe74423acef7b5da3c0b64c45c73978738038797d490717d2c04e42b7c5,bejis_2022,manavgat_2021,bejis_2022_to_manavgat_2021,burnable_tree_shrub_grass,3dec785a7d8e31db2d67ed283546bbfbca1559f56df46663488d0afc24d9e393,e4ab8b85df0d3a0b15f7404050b10ea062dd164f474b7791324ffdec0daa4d49,10,approximately_5_km,5,42,baseline,secondary,brier_score,lower_is_better_oriented_by_negation,1,10,0.2002726335681321,0.19589739860838645,0.1394671052531976,-0.2002726335681321,-0.19589739860838645,-0.1394671052531976,0.00437523495974565,0.06080552831493449,0.0719545587546691,interpretable,false,false,false,false,0.19589739860838645,0.18693744528587916,0.20633829807155402,0.1860926107416464,0.2063915423819511,10,0.0719545587546691,-0.09975514844646309,0.21930881371813832,86.2,53.0,1.0,0.0,0.0
few_shot_recovery.v1,7348dfe74423acef7b5da3c0b64c45c73978738038797d490717d2c04e42b7c5,bejis_2022,manavgat_2021,bejis_2022_to_manavgat_2021,burnable_tree_shrub_grass,3dec785a7d8e31db2d67ed283546bbfbca1559f56df46663488d0afc24d9e393,e4ab8b85df0d3a0b15f7404050b10ea062dd164f474b7791324ffdec0daa4d49,10,approximately_5_km,5,42,baseline,secondary,brier_score,lower_is_better_oriented_by_negation,2,10,0.2002726335681321,0.1982293133106462,0.1394671052531976,-0.2002726335681321,-0.1982293133106462,-0.1394671052531976,0.002043320257485909,0.06080552831493449,0.03360418557508113,interpretable,false,false,false,false,0.1982293133106462,0.18507208325242933,0.2084780381577061,0.1839470616825755,0.2089828585256406,10,0.03360418557508113,-0.13494504228423368,0.2499863209307787,178.7,102.9,2.0,0.0,0.0
few_shot_recovery.v1,7348dfe74423acef7b5da3c0b64c45c73978738038797d490717d2c04e42b7c5,bejis_2022,manavgat_2021,bejis_2022_to_manavgat_2021,burnable_tree_shrub_grass,3dec785a7d8e31db2d67ed283546bbfbca1559f56df46663488d0afc24d9e393,e4ab8b85df0d3a0b15f7404050b10ea062dd164f474b7791324ffdec0daa4d49,10,approximately_5_km,5,42,baseline,secondary,brier_score,lower_is_better_oriented_by_negation,4,10,0.2002726335681321,0.2051571283445252,0.1394671052531976,-0.2002726335681321,-0.2051571283445252,-0.1394671052531976,-0.004884494776393106,0.06080552831493449,-0.08032978105369773,interpretable,false,false,true,false,0.2051571283445252,0.18607588811626832,0.21858410996566494,0.1849017646093984,0.2192823868796705,10,-0.08032978105369773,-0.3011482163709011,0.2334778735632975,361.9,212.3,4.0,0.0,0.0
few_shot_recovery.v1,7348dfe74423acef7b5da3c0b64c45c73978738038797d490717d2c04e42b7c5,bejis_2022,manavgat_2021,bejis_2022_to_manavgat_2021,burnable_tree_shrub_grass,3dec785a7d8e31db2d67ed283546bbfbca1559f56df46663488d0afc24d9e393,e4ab8b85df0d3a0b15f7404050b10ea062dd164f474b7791324ffdec0daa4d49,10,approximately_5_km,5,42,baseline,secondary,brier_score,lower_is_better_oriented_by_negation,8,10,0.2002726335681321,0.21504671162268157,0.1394671052531976,-0.2002726335681321,-0.21504671162268157,-0.1394671052531976,-0.014774078054549472,0.06080552831493449,-0.2429726122603362,interpretable,false,false,true,false,0.21504671162268157,0.20042231022975762,0.22916966264535027,0.19865073249031,0.2302108280325464,10,-0.24297261226033595,-0.4752368720085725,-0.0024615633771042644,731.2,430.5,8.0,0.0,0.0
few_shot_recovery.v1,7348dfe74423acef7b5da3c0b64c45c73978738038797d490717d2c04e42b7c5,bejis_2022,manavgat_2021,bejis_2022_to_manavgat_2021,burnable_tree_shrub_grass,3dec785a7d8e31db2d67ed283546bbfbca1559f56df46663488d0afc24d9e393,e4ab8b85df0d3a0b15f7404050b10ea062dd164f474b7791324ffdec0daa4d49,10,approximately_5_km,5,42,baseline,secondary,brier_score,lower_is_better_oriented_by_negation,16,10,0.2002726335681321,0.2206773853990316,0.1394671052531976,-0.2002726335681321,-0.2206773853990316,-0.1394671052531976,-0.020404751830899487,0.06080552831493449,-0.3355739584271955,interpretable,false,false,true,false,0.2206773853990316,0.21433873618408958,0.23061239076964904,0.2138254542335684,0.231666556538165,10,-0.33557395842719573,-0.49896379560055837,-0.23132933806781325,1460.6,838.0,16.0,0.0,0.0
few_shot_recovery.v1,7348dfe74423acef7b5da3c0b64c45c73978738038797d490717d2c04e42b7c5,bejis_2022,manavgat_2021,bejis_2022_to_manavgat_2021,burnable_tree_shrub_grass,3dec785a7d8e31db2d67ed283546bbfbca1559f56df46663488d0afc24d9e393,e4ab8b85df0d3a0b15f7404050b10ea062dd164f474b7791324ffdec0daa4d49,10,approximately_5_km,5,42,baseline,secondary,brier_score,lower_is_better_oriented_by_negation,32,10,0.2002726335681321,0.22529522090319543,0.1394671052531976,-0.2002726335681321,-0.22529522090319543,-0.1394671052531976,-0.025022587335063323,0.06080552831493449,-0.4115182949395986,interpretable,false,false,true,false,0.22529522090319543,0.22333887121166515,0.2266061260412676,0.2233378468179805,0.2267267191838234,10,-0.4115182949395988,-0.4330772744337407,-0.37934441625216064,2951.3,1795.3,29.0,3.0,0.0
few_shot_recovery.v1,7348dfe74423acef7b5da3c0b64c45c73978738038797d490717d2c04e42b7c5,bejis_2022,manavgat_2021,bejis_2022_to_manavgat_2021,burnable_tree_shrub_grass,3dec785a7d8e31db2d67ed283546bbfbca1559f56df46663488d0afc24d9e393,e4ab8b85df0d3a0b15f7404050b10ea062dd164f474b7791324ffdec0daa4d49,10,approximately_5_km,5,42,baseline,secondary,pr_auc,higher_is_better,0,1,0.0964475165552486,0.0964475165552486,0.4198023605807319,0.0964475165552486,0.0964475165552486,0.4198023605807319,0.0,0.3233548440254833,0.0,interpretable,false,false,false,false,0.0964475165552486,0.0964475165552486,0.0964475165552486,0.0964475165552486,0.0964475165552486,1,0.0,0.0,0.0,0.0,0.0,0.0,0.0,0.0
few_shot_recovery.v1,7348dfe74423acef7b5da3c0b64c45c73978738038797d490717d2c04e42b7c5,bejis_2022,manavgat_2021,bejis_2022_to_manavgat_2021,burnable_tree_shrub_grass,3dec785a7d8e31db2d67ed283546bbfbca1559f56df46663488d0afc24d9e393,e4ab8b85df0d3a0b15f7404050b10ea062dd164f474b7791324ffdec0daa4d49,10,approximately_5_km,5,42,baseline,secondary,pr_auc,higher_is_better,1,10,0.0964475165552486,0.15857133300847925,0.4198023605807319,0.0964475165552486,0.15857133300847925,0.4198023605807319,0.06212381645323066,0.3233548440254833,0.19212273327915488,interpretable,false,false,false,false,0.15857133300847925,0.11172242404613317,0.21821210492179785,0.1069008893171783,0.2224442174040728,10,0.19212273327915486,0.04723883922914346,0.37656645823111,86.2,53.0,1.0,0.0,0.0
few_shot_recovery.v1,7348dfe74423acef7b5da3c0b64c45c73978738038797d490717d2c04e42b7c5,bejis_2022,manavgat_2021,bejis_2022_to_manavgat_2021,burnable_tree_shrub_grass,3dec785a7d8e31db2d67ed283546bbfbca1559f56df46663488d0afc24d9e393,e4ab8b85df0d3a0b15f7404050b10ea062dd164f474b7791324ffdec0daa4d49,10,approximately_5_km,5,42,baseline,secondary,pr_auc,higher_is_better,2,10,0.0964475165552486,0.20500188509046094,0.4198023605807319,0.0964475165552486,0.20500188509046094,0.4198023605807319,0.10855436853521234,0.3233548440254833,0.3357128261442011,interpretable,false,false,false,false,0.20500188509046094,0.13827465517958742,0.23529320814833488,0.1319127183177371,0.2370475037499167,10,0.3357128261442011,0.12935367877477186,0.42939109822688776,178.7,102.9,2.0,0.0,0.0
few_shot_recovery.v1,7348dfe74423acef7b5da3c0b64c45c73978738038797d490717d2c04e42b7c5,bejis_2022,manavgat_2021,bejis_2022_to_manavgat_2021,burnable_tree_shrub_grass,3dec785a7d8e31db2d67ed283546bbfbca1559f56df46663488d0afc24d9e393,e4ab8b85df0d3a0b15f7404050b10ea062dd164f474b7791324ffdec0daa4d49,10,approximately_5_km,5,42,baseline,secondary,pr_auc,higher_is_better,4,10,0.0964475165552486,0.2377459902491712,0.4198023605807319,0.0964475165552486,0.2377459902491712,0.4198023605807319,0.14129847369392262,0.3233548440254833,0.43697651760796574,interpretable,false,false,false,false,0.2377459902491712,0.21304599610881203,0.269248768842424,0.2130451344852784,0.2697702937038866,10,0.43697651760796563,0.360589864997892,0.5344013101395108,361.9,212.3,4.0,0.0,0.0
few_shot_recovery.v1,7348dfe74423acef7b5da3c0b64c45c73978738038797d490717d2c04e42b7c5,bejis_2022,manavgat_2021,bejis_2022_to_manavgat_2021,burnable_tree_shrub_grass,3dec785a7d8e31db2d67ed283546bbfbca1559f56df46663488d0afc24d9e393,e4ab8b85df0d3a0b15f7404050b10ea062dd164f474b7791324ffdec0daa4d49,10,approximately_5_km,5,42,baseline,secondary,pr_auc,higher_is_better,8,10,0.0964475165552486,0.27392275460550775,0.4198023605807319,0.0964475165552486,0.27392275460550775,0.4198023605807319,0.17747523805025917,0.3233548440254833,0.5488559745722335,interpretable,false,false,false,false,0.27392275460550775,0.22818044407490734,0.2899203024149922,0.2241163671803234,0.2906699342377631,10,0.5488559745722335,0.40739432222415384,0.5983296351808982,731.2,430.5,8.0,0.0,0.0
few_shot_recovery.v1,7348dfe74423acef7b5da3c0b64c45c73978738038797d490717d2c04e42b7c5,bejis_2022,manavgat_2021,bejis_2022_to_manavgat_2021,burnable_tree_shrub_grass,3dec785a7d8e31db2d67ed283546bbfbca1559f56df46663488d0afc24d9e393,e4ab8b85df0d3a0b15f7404050b10ea062dd164f474b7791324ffdec0daa4d49,10,approximately_5_km,5,42,baseline,secondary,pr_auc,higher_is_better,16,10,0.0964475165552486,0.2928721858514365,0.4198023605807319,0.0964475165552486,0.2928721858514365,0.4198023605807319,0.1964246692961879,0.3233548440254833,0.6074585642536651,interpretable,false,false,false,false,0.2928721858514365,0.2582449570416797,0.32060082107929927,0.2521388085295256,0.3225319777179479,10,0.607458564253665,0.5003711664628102,0.6932115249412665,1460.6,838.0,16.0,0.0,0.0
few_shot_recovery.v1,7348dfe74423acef7b5da3c0b64c45c73978738038797d490717d2c04e42b7c5,bejis_2022,manavgat_2021,bejis_2022_to_manavgat_2021,burnable_tree_shrub_grass,3dec785a7d8e31db2d67ed283546bbfbca1559f56df46663488d0afc24d9e393,e4ab8b85df0d3a0b15f7404050b10ea062dd164f474b7791324ffdec0daa4d49,10,approximately_5_km,5,42,baseline,secondary,pr_auc,higher_is_better,32,10,0.0964475165552486,0.34549502235037355,0.4198023605807319,0.0964475165552486,0.34549502235037355,0.4198023605807319,0.24904750579512497,0.3233548440254833,0.7701987782050909,interpretable,false,false,false,false,0.34549502235037355,0.3389728758979894,0.35317919872939835,0.338756244304079,0.3536034470384016,10,0.7701987782050909,0.7500285331232819,0.793962691197281,2951.3,1795.3,29.0,3.0,0.0
few_shot_recovery.v1,7348dfe74423acef7b5da3c0b64c45c73978738038797d490717d2c04e42b7c5,bejis_2022,manavgat_2021,bejis_2022_to_manavgat_2021,burnable_tree_shrub_grass,3dec785a7d8e31db2d67ed283546bbfbca1559f56df46663488d0afc24d9e393,e4ab8b85df0d3a0b15f7404050b10ea062dd164f474b7791324ffdec0daa4d49,10,approximately_5_km,5,42,baseline,secondary,roc_auc,higher_is_better,0,1,0.2965551309319895,0.2965551309319895,0.8203196301445599,0.2965551309319895,0.2965551309319895,0.8203196301445599,0.0,0.5237644992125704,0.0,interpretable,false,false,false,false,0.2965551309319895,0.2965551309319895,0.2965551309319895,0.2965551309319895,0.2965551309319895,1,0.0,0.0,0.0,0.0,0.0,0.0,0.0,0.0
few_shot_recovery.v1,7348dfe74423acef7b5da3c0b64c45c73978738038797d490717d2c04e42b7c5,bejis_2022,manavgat_2021,bejis_2022_to_manavgat_2021,burnable_tree_shrub_grass,3dec785a7d8e31db2d67ed283546bbfbca1559f56df46663488d0afc24d9e393,e4ab8b85df0d3a0b15f7404050b10ea062dd164f474b7791324ffdec0daa4d49,10,approximately_5_km,5,42,baseline,secondary,roc_auc,higher_is_better,1,10,0.2965551309319895,0.45273462670561293,0.8203196301445599,0.2965551309319895,0.45273462670561293,0.8203196301445599,0.15617949577362344,0.5237644992125704,0.2981864864999906,interpretable,false,false,false,false,0.45273462670561293,0.34551233596184666,0.4874016008549679,0.327662392343904,0.4886624377054354,10,0.29818648649999063,0.09347178952269512,0.36437458096128655,86.2,53.0,1.0,0.0,0.0
few_shot_recovery.v1,7348dfe74423acef7b5da3c0b64c45c73978738038797d490717d2c04e42b7c5,bejis_2022,manavgat_2021,bejis_2022_to_manavgat_2021,burnable_tree_shrub_grass,3dec785a7d8e31db2d67ed283546bbfbca1559f56df46663488d0afc24d9e393,e4ab8b85df0d3a0b15f7404050b10ea062dd164f474b7791324ffdec0daa4d49,10,approximately_5_km,5,42,baseline,secondary,roc_auc,higher_is_better,2,10,0.2965551309319895,0.506089780744844,0.8203196301445599,0.2965551309319895,0.506089780744844,0.8203196301445599,0.20953464981285452,0.5237644992125704,0.4000550822514121,interpretable,false,false,false,false,0.506089780744844,0.45523221130099195,0.543144349649398,0.4539344440576006,0.5459367989801797,10,0.4000550822514121,0.3029550124293613,0.47080170398744414,178.7,102.9,2.0,0.0,0.0
few_shot_recovery.v1,7348dfe74423acef7b5da3c0b64c45c73978738038797d490717d2c04e42b7c5,bejis_2022,manavgat_2021,bejis_2022_to_manavgat_2021,burnable_tree_shrub_grass,3dec785a7d8e31db2d67ed283546bbfbca1559f56df46663488d0afc24d9e393,e4ab8b85df0d3a0b15f7404050b10ea062dd164f474b7791324ffdec0daa4d49,10,approximately_5_km,5,42,baseline,secondary,roc_auc,higher_is_better,4,10,0.2965551309319895,0.5633421688162346,0.8203196301445599,0.2965551309319895,0.5633421688162346,0.8203196301445599,0.26678703788424507,0.5237644992125704,0.5093644916471692,interpretable,false,false,false,false,0.5633421688162346,0.539327207071126,0.6037500402244349,0.5389942359838683,0.6059255923556902,10,0.5093644916471693,0.46351380535359127,0.586513423025584,361.9,212.3,4.0,0.0,0.0
few_shot_recovery.v1,7348dfe74423acef7b5da3c0b64c45c73978738038797d490717d2c04e42b7c5,bejis_2022,manavgat_2021,bejis_2022_to_manavgat_2021,burnable_tree_shrub_grass,3dec785a7d8e31db2d67ed283546bbfbca1559f56df46663488d0afc24d9e393,e4ab8b85df0d3a0b15f7404050b10ea062dd164f474b7791324ffdec0daa4d49,10,approximately_5_km,5,42,baseline,secondary,roc_auc,higher_is_better,8,10,0.2965551309319895,0.6215186866247067,0.8203196301445599,0.2965551309319895,0.6215186866247067,0.8203196301445599,0.3249635556927172,0.5237644992125704,0.6204383003836049,interpretable,false,false,false,false,0.6215186866247067,0.5764065464734706,0.6504625541042881,0.5712169452071472,0.6535885720732701,10,0.6204383003836049,0.5343077202869052,0.6756995246992961,731.2,430.5,8.0,0.0,0.0
few_shot_recovery.v1,7348dfe74423acef7b5da3c0b64c45c73978738038797d490717d2c04e42b7c5,bejis_2022,manavgat_2021,bejis_2022_to_manavgat_2021,burnable_tree_shrub_grass,3dec785a7d8e31db2d67ed283546bbfbca1559f56df46663488d0afc24d9e393,e4ab8b85df0d3a0b15f7404050b10ea062dd164f474b7791324ffdec0daa4d49,10,approximately_5_km,5,42,baseline,secondary,roc_auc,higher_is_better,16,10,0.2965551309319895,0.6597618112510555,0.8203196301445599,0.2965551309319895,0.6597618112510555,0.8203196301445599,0.363206680319066,0.5237644992125704,0.6934541780993411,interpretable,false,false,false,false,0.6597618112510555,0.6307088628581331,0.6840633439861853,0.6292270259351648,0.6842252366747593,10,0.6934541780993413,0.6379846905021469,0.7398520014945212,1460.6,838.0,16.0,0.0,0.0
few_shot_recovery.v1,7348dfe74423acef7b5da3c0b64c45c73978738038797d490717d2c04e42b7c5,bejis_2022,manavgat_2021,bejis_2022_to_manavgat_2021,burnable_tree_shrub_grass,3dec785a7d8e31db2d67ed283546bbfbca1559f56df46663488d0afc24d9e393,e4ab8b85df0d3a0b15f7404050b10ea062dd164f474b7791324ffdec0daa4d49,10,approximately_5_km,5,42,baseline,secondary,roc_auc,higher_is_better,32,10,0.2965551309319895,0.7259594739303015,0.8203196301445599,0.2965551309319895,0.7259594739303015,0.8203196301445599,0.429404342998312,0.5237644992125704,0.8198423979553409,interpretable,false,false,false,false,0.7259594739303015,0.7212862780785941,0.7300934859483933,0.7208996277252782,0.7306011992503328,10,0.8198423979553409,0.810920075310845,0.8277352811582058,2951.3,1795.3,29.0,3.0,0.0
few_shot_recovery.v1,7348dfe74423acef7b5da3c0b64c45c73978738038797d490717d2c04e42b7c5,bejis_2022,manavgat_2021,bejis_2022_to_manavgat_2021,burnable_tree_shrub_grass,3dec785a7d8e31db2d67ed283546bbfbca1559f56df46663488d0afc24d9e393,e4ab8b85df0d3a0b15f7404050b10ea062dd164f474b7791324ffdec0daa4d49,10,approximately_5_km,5,42,thermal,primary,brier_score,lower_is_better_oriented_by_negation,0,1,0.1742222551579585,0.1742222551579585,0.1043622093575438,-0.1742222551579585,-0.1742222551579585,-0.1043622093575438,0.0,0.0698600458004147,0.0,interpretable,false,false,false,false,0.1742222551579585,0.1742222551579585,0.1742222551579585,0.1742222551579585,0.1742222551579585,1,0.0,0.0,0.0,0.0,0.0,0.0,0.0,0.0
few_shot_recovery.v1,7348dfe74423acef7b5da3c0b64c45c73978738038797d490717d2c04e42b7c5,bejis_2022,manavgat_2021,bejis_2022_to_manavgat_2021,burnable_tree_shrub_grass,3dec785a7d8e31db2d67ed283546bbfbca1559f56df46663488d0afc24d9e393,e4ab8b85df0d3a0b15f7404050b10ea062dd164f474b7791324ffdec0daa4d49,10,approximately_5_km,5,42,thermal,primary,brier_score,lower_is_better_oriented_by_negation,1,10,0.1742222551579585,0.18464144992258055,0.1043622093575438,-0.1742222551579585,-0.18464144992258055,-0.1043622093575438,-0.010419194764622053,0.0698600458004147,-0.1491438295701805,interpretable,false,false,true,false,0.18464144992258055,0.1766813918475001,0.21069604757809415,0.1765545306443418,0.2136700246637344,10,-0.14914382957018046,-0.5220980318899121,-0.035200902910473106,86.2,53.0,1.0,0.0,0.0
few_shot_recovery.v1,7348dfe74423acef7b5da3c0b64c45c73978738038797d490717d2c04e42b7c5,bejis_2022,manavgat_2021,bejis_2022_to_manavgat_2021,burnable_tree_shrub_grass,3dec785a7d8e31db2d67ed283546bbfbca1559f56df46663488d0afc24d9e393,e4ab8b85df0d3a0b15f7404050b10ea062dd164f474b7791324ffdec0daa4d49,10,approximately_5_km,5,42,thermal,primary,brier_score,lower_is_better_oriented_by_negation,2,10,0.1742222551579585,0.19527018229510795,0.1043622093575438,-0.1742222551579585,-0.19527018229510795,-0.1043622093575438,-0.021047927137149453,0.0698600458004147,-0.3012870503589694,interpretable,false,false,true,false,0.19527018229510795,0.18739834631331923,0.2312161648590608,0.1871709186419217,0.2320420162732933,10,-0.3012870503589694,-0.8158298358969007,-0.18860696417239567,178.7,102.9,2.0,0.0,0.0
few_shot_recovery.v1,7348dfe74423acef7b5da3c0b64c45c73978738038797d490717d2c04e42b7c5,bejis_2022,manavgat_2021,bejis_2022_to_manavgat_2021,burnable_tree_shrub_grass,3dec785a7d8e31db2d67ed283546bbfbca1559f56df46663488d0afc24d9e393,e4ab8b85df0d3a0b15f7404050b10ea062dd164f474b7791324ffdec0daa4d49,10,approximately_5_km,5,42,thermal,primary,brier_score,lower_is_better_oriented_by_negation,4,10,0.1742222551579585,0.21932664670237295,0.1043622093575438,-0.1742222551579585,-0.21932664670237295,-0.1043622093575438,-0.04510439154441445,0.0698600458004147,-0.6456393068117156,interpretable,false,false,true,false,0.21932664670237295,0.20397049244400517,0.2560025418213632,0.2016411288781133,0.25691381748044,10,-0.6456393068117157,-1.1706303041518942,-0.4258261921418619,361.9,212.3,4.0,0.0,0.0
few_shot_recovery.v1,7348dfe74423acef7b5da3c0b64c45c73978738038797d490717d2c04e42b7c5,bejis_2022,manavgat_2021,bejis_2022_to_manavgat_2021,burnable_tree_shrub_grass,3dec785a7d8e31db2d67ed283546bbfbca1559f56df46663488d0afc24d9e393,e4ab8b85df0d3a0b15f7404050b10ea062dd164f474b7791324ffdec0daa4d49,10,approximately_5_km,5,42,thermal,primary,brier_score,lower_is_better_oriented_by_negation,8,10,0.1742222551579585,0.2694685201551704,0.1043622093575438,-0.1742222551579585,-0.2694685201551704,-0.1043622093575438,-0.09524626499721192,0.0698600458004147,-1.3633868100992073,interpretable,false,false,true,false,0.2694685201551704,0.22475941713653066,0.3096171982143726,0.2195121235940757,0.3158904037421999,10,-1.363386810099207,-1.9380883809213072,-0.7234057951085991,731.2,430.5,8.0,0.0,0.0
few_shot_recovery.v1,7348dfe74423acef7b5da3c0b64c45c73978738038797d490717d2c04e42b7c5,bejis_2022,manavgat_2021,bejis_2022_to_manavgat_2021,burnable_tree_shrub_grass,3dec785a7d8e31db2d67ed283546bbfbca1559f56df46663488d0afc24d9e393,e4ab8b85df0d3a0b15f7404050b10ea062dd164f474b7791324ffdec0daa4d49,10,approximately_5_km,5,42,thermal,primary,brier_score,lower_is_better_oriented_by_negation,16,10,0.1742222551579585,0.28828539923319224,0.1043622093575438,-0.1742222551579585,-0.28828539923319224,-0.1043622093575438,-0.11406314407523374,0.0698600458004147,-1.632737894290883,interpretable,false,false,true,false,0.28828539923319224,0.2578600093843137,0.31414078850549515,0.2547398120186315,0.3162919901625053,10,-1.6327378942908828,-2.0028405613599825,-1.1972187144752588,1460.6,838.0,16.0,0.0,0.0
few_shot_recovery.v1,7348dfe74423acef7b5da3c0b64c45c73978738038797d490717d2c04e42b7c5,bejis_2022,manavgat_2021,bejis_2022_to_manavgat_2021,burnable_tree_shrub_grass,3dec785a7d8e31db2d67ed283546bbfbca1559f56df46663488d0afc24d9e393,e4ab8b85df0d3a0b15f7404050b10ea062dd164f474b7791324ffdec0daa4d49,10,approximately_5_km,5,42,thermal,primary,brier_score,lower_is_better_oriented_by_negation,32,10,0.1742222551579585,0.2848200235858481,0.1043622093575438,-0.1742222551579585,-0.2848200235858481,-0.1043622093575438,-0.11059776842788963,0.0698600458004147,-1.5831333512700487,interpretable,false,false,true,false,0.2848200235858481,0.28258102175420297,0.2863465146349715,0.2825362313870324,0.2865839186534407,10,-1.5831333512700492,-1.604984053364984,-1.551083532149663,2951.3,1795.3,29.0,3.0,0.0
few_shot_recovery.v1,7348dfe74423acef7b5da3c0b64c45c73978738038797d490717d2c04e42b7c5,bejis_2022,manavgat_2021,bejis_2022_to_manavgat_2021,burnable_tree_shrub_grass,3dec785a7d8e31db2d67ed283546bbfbca1559f56df46663488d0afc24d9e393,e4ab8b85df0d3a0b15f7404050b10ea062dd164f474b7791324ffdec0daa4d49,10,approximately_5_km,5,42,thermal,primary,pr_auc,higher_is_better,0,1,0.0977677246262994,0.0977677246262994,0.5766666640341844,0.0977677246262994,0.0977677246262994,0.5766666640341844,0.0,0.478898939407885,0.0,interpretable,false,false,false,false,0.0977677246262994,0.0977677246262994,0.0977677246262994,0.0977677246262994,0.0977677246262994,1,0.0,0.0,0.0,0.0,0.0,0.0,0.0,0.0
few_shot_recovery.v1,7348dfe74423acef7b5da3c0b64c45c73978738038797d490717d2c04e42b7c5,bejis_2022,manavgat_2021,bejis_2022_to_manavgat_2021,burnable_tree_shrub_grass,3dec785a7d8e31db2d67ed283546bbfbca1559f56df46663488d0afc24d9e393,e4ab8b85df0d3a0b15f7404050b10ea062dd164f474b7791324ffdec0daa4d49,10,approximately_5_km,5,42,thermal,primary,pr_auc,higher_is_better,1,10,0.0977677246262994,0.1741610296455822,0.5766666640341844,0.0977677246262994,0.1741610296455822,0.5766666640341844,0.07639330501928279,0.478898939407885,0.1595186347953415,interpretable,false,false,false,false,0.1741610296455822,0.11157081029291739,0.21711753509963572,0.1000723165494146,0.2172899806799549,10,0.1595186347953415,0.02882254382038151,0.24921711169563565,86.2,53.0,1.0,0.0,0.0
few_shot_recovery.v1,7348dfe74423acef7b5da3c0b64c45c73978738038797d490717d2c04e42b7c5,bejis_2022,manavgat_2021,bejis_2022_to_manavgat_2021,burnable_tree_shrub_grass,3dec785a7d8e31db2d67ed283546bbfbca1559f56df46663488d0afc24d9e393,e4ab8b85df0d3a0b15f7404050b10ea062dd164f474b7791324ffdec0daa4d49,10,approximately_5_km,5,42,thermal,primary,pr_auc,higher_is_better,2,10,0.0977677246262994,0.2064491494989262,0.5766666640341844,0.0977677246262994,0.2064491494989262,0.5766666640341844,0.1086814248726268,0.478898939407885,0.22694020790065123,interpretable,false,false,false,false,0.2064491494989262,0.1809680461796908,0.2582813501525363,0.1787726681834023,0.264327326778805,10,0.22694020790065123,0.1737325241443655,0.3351722301258328,178.7,102.9,2.0,0.0,0.0
few_shot_recovery.v1,7348dfe74423acef7b5da3c0b64c45c73978738038797d490717d2c04e42b7c5,bejis_2022,manavgat_2021,bejis_2022_to_manavgat_2021,burnable_tree_shrub_grass,3dec785a7d8e31db2d67ed283546bbfbca1559f56df46663488d0afc24d9e393,e4ab8b85df0d3a0b15f7404050b10ea062dd164f474b7791324ffdec0daa4d49,10,approximately_5_km,5,42,thermal,primary,pr_auc,higher_is_better,4,10,0.0977677246262994,0.26014023938185715,0.5766666640341844,0.0977677246262994,0.26014023938185715,0.5766666640341844,0.16237251475555775,0.478898939407885,0.3390538199067983,interpretable,false,false,false,false,0.26014023938185715,0.22252872502195364,0.3034414459320099,0.2224725147991477,0.3088434952004707,10,0.3390538199067983,0.26051634307211013,0.4294720751731197,361.9,212.3,4.0,0.0,0.0
few_shot_recovery.v1,7348dfe74423acef7b5da3c0b64c45c73978738038797d490717d2c04e42b7c5,bejis_2022,manavgat_2021,bejis_2022_to_manavgat_2021,burnable_tree_shrub_grass,3dec785a7d8e31db2d67ed283546bbfbca1559f56df46663488d0afc24d9e393,e4ab8b85df0d3a0b15f7404050b10ea062dd164f474b7791324ffdec0daa4d49,10,approximately_5_km,5,42,thermal,primary,pr_auc,higher_is_better,8,10,0.0977677246262994,0.3008260614097652,0.5766666640341844,0.0977677246262994,0.3008260614097652,0.5766666640341844,0.2030583367834658,0.478898939407885,0.42401082999793016,interpretable,false,false,false,false,0.3008260614097652,0.256230027927519,0.33172995986084397,0.2543737675486731,0.3322874182094086,10,0.42401082999793016,0.33088881653641533,0.4885419782382847,731.2,430.5,8.0,0.0,0.0
few_shot_recovery.v1,7348dfe74423acef7b5da3c0b64c45c73978738038797d490717d2c04e42b7c5,bejis_2022,manavgat_2021,bejis_2022_to_manavgat_2021,burnable_tree_shrub_grass,3dec785a7d8e31db2d67ed283546bbfbca1559f56df46663488d0afc24d9e393,e4ab8b85df0d3a0b15f7404050b10ea062dd164f474b7791324ffdec0daa4d49,10,approximately_5_km,5,42,thermal,primary,pr_auc,higher_is_better,16,10,0.0977677246262994,0.3495274877974875,0.5766666640341844,0.0977677246262994,0.3495274877974875,0.5766666640341844,0.2517597631711881,0.478898939407885,0.5257054097519325,interpretable,false,false,false,false,0.3495274877974875,0.33314690160532523,0.38429069972611624,0.3330194555867979,0.389351155813107,10,0.5257054097519325,0.491500727209901,0.5982952801149998,1460.6,838.0,16.0,0.0,0.0
few_shot_recovery.v1,7348dfe74423acef7b5da3c0b64c45c73978738038797d490717d2c04e42b7c5,bejis_2022,manavgat_2021,bejis_2022_to_manavgat_2021,burnable_tree_shrub_grass,3dec785a7d8e31db2d67ed283546bbfbca1559f56df46663488d0afc24d9e393,e4ab8b85df0d3a0b15f7404050b10ea062dd164f474b7791324ffdec0daa4d49,10,approximately_5_km,5,42,thermal,primary,pr_auc,higher_is_better,32,10,0.0977677246262994,0.45506154979850433,0.5766666640341844,0.0977677246262994,0.45506154979850433,0.5766666640341844,0.3572938251722049,0.478898939407885,0.7460735361284496,interpretable,false,false,false,false,0.45506154979850433,0.44284330127542476,0.4614291556964271,0.4413322671015363,0.4614471267972314,10,0.7460735361284496,0.7205603275625958,0.7593698819207284,2951.3,1795.3,29.0,3.0,0.0
few_shot_recovery.v1,7348dfe74423acef7b5da3c0b64c45c73978738038797d490717d2c04e42b7c5,bejis_2022,manavgat_2021,bejis_2022_to_manavgat_2021,burnable_tree_shrub_grass,3dec785a7d8e31db2d67ed283546bbfbca1559f56df46663488d0afc24d9e393,e4ab8b85df0d3a0b15f7404050b10ea062dd164f474b7791324ffdec0daa4d49,10,approximately_5_km,5,42,thermal,primary,roc_auc,higher_is_better,0,1,0.3141548720223256,0.3141548720223256,0.8822236106383259,0.3141548720223256,0.3141548720223256,0.8822236106383259,0.0,0.5680687386160003,0.0,interpretable,false,false,false,false,0.3141548720223256,0.3141548720223256,0.3141548720223256,0.3141548720223256,0.3141548720223256,1,0.0,0.0,0.0,0.0,0.0,0.0,0.0,0.0
few_shot_recovery.v1,7348dfe74423acef7b5da3c0b64c45c73978738038797d490717d2c04e42b7c5,bejis_2022,manavgat_2021,bejis_2022_to_manavgat_2021,burnable_tree_shrub_grass,3dec785a7d8e31db2d67ed283546bbfbca1559f56df46663488d0afc24d9e393,e4ab8b85df0d3a0b15f7404050b10ea062dd164f474b7791324ffdec0daa4d49,10,approximately_5_km,5,42,thermal,primary,roc_auc,higher_is_better,1,10,0.3141548720223256,0.5175715888322237,0.8822236106383259,0.3141548720223256,0.5175715888322237,0.8822236106383259,0.20341671680989803,0.5680687386160003,0.35808468761278284,interpretable,false,false,false,false,0.5175715888322237,0.35269899609503125,0.5818997118573492,0.3235090207414633,0.5958021488959313,10,0.3580846876127827,0.0678511621086765,0.4713247211725413,86.2,53.0,1.0,0.0,0.0
few_shot_recovery.v1,7348dfe74423acef7b5da3c0b64c45c73978738038797d490717d2c04e42b7c5,bejis_2022,manavgat_2021,bejis_2022_to_manavgat_2021,burnable_tree_shrub_grass,3dec785a7d8e31db2d67ed283546bbfbca1559f56df46663488d0afc24d9e393,e4ab8b85df0d3a0b15f7404050b10ea062dd164f474b7791324ffdec0daa4d49,10,approximately_5_km,5,42,thermal,primary,roc_auc,higher_is_better,2,10,0.3141548720223256,0.5646715524654573,0.8822236106383259,0.3141548720223256,0.5646715524654573,0.8822236106383259,0.2505166804431317,0.5680687386160003,0.44099712484350323,interpretable,false,false,false,false,0.5646715524654573,0.5395928543278391,0.609823546308308,0.5370434381249327,0.6110333492551017,10,0.44099712484350334,0.3968498299250783,0.5204804527816954,178.7,102.9,2.0,0.0,0.0
few_shot_recovery.v1,7348dfe74423acef7b5da3c0b64c45c73978738038797d490717d2c04e42b7c5,bejis_2022,manavgat_2021,bejis_2022_to_manavgat_2021,burnable_tree_shrub_grass,3dec785a7d8e31db2d67ed283546bbfbca1559f56df46663488d0afc24d9e393,e4ab8b85df0d3a0b15f7404050b10ea062dd164f474b7791324ffdec0daa4d49,10,approximately_5_km,5,42,thermal,primary,roc_auc,higher_is_better,4,10,0.3141548720223256,0.6591216708706855,0.8822236106383259,0.3141548720223256,0.6591216708706855,0.8822236106383259,0.3449667988483599,0.5680687386160003,0.607262423362375,interpretable,false,false,false,false,0.6591216708706855,0.6068401569160051,0.7075087095594192,0.6047463863918507,0.7075723225646866,10,0.6072624233623751,0.5152286422357193,0.6924405636110715,361.9,212.3,4.0,0.0,0.0
few_shot_recovery.v1,7348dfe74423acef7b5da3c0b64c45c73978738038797d490717d2c04e42b7c5,bejis_2022,manavgat_2021,bejis_2022_to_manavgat_2021,burnable_tree_shrub_grass,3dec785a7d8e31db2d67ed283546bbfbca1559f56df46663488d0afc24d9e393,e4ab8b85df0d3a0b15f7404050b10ea062dd164f474b7791324ffdec0daa4d49,10,approximately_5_km,5,42,thermal,primary,roc_auc,higher_is_better,8,10,0.3141548720223256,0.6977562422507384,0.8822236106383259,0.3141548720223256,0.6977562422507384,0.8822236106383259,0.3836013702284128,0.5680687386160003,0.6752728044197436,interpretable,false,false,false,false,0.6977562422507384,0.6539425000911108,0.739729653996196,0.6478934221126997,0.7400595631800838,10,0.6752728044197435,0.598145268293795,0.7491607142662146,731.2,430.5,8.0,0.0,0.0
few_shot_recovery.v1,7348dfe74423acef7b5da3c0b64c45c73978738038797d490717d2c04e42b7c5,bejis_2022,manavgat_2021,bejis_2022_to_manavgat_2021,burnable_tree_shrub_grass,3dec785a7d8e31db2d67ed283546bbfbca1559f56df46663488d0afc24d9e393,e4ab8b85df0d3a0b15f7404050b10ea062dd164f474b7791324ffdec0daa4d49,10,approximately_5_km,5,42,thermal,primary,roc_auc,higher_is_better,16,10,0.3141548720223256,0.749946322187837,0.8822236106383259,0.3141548720223256,0.749946322187837,0.8822236106383259,0.43579145016551135,0.5680687386160003,0.7671456296420055,interpretable,false,false,false,false,0.749946322187837,0.7264368046988343,0.7770424126441586,0.7260283110234724,0.7775373767387619,10,0.7671456296420054,0.7257606424197206,0.8148442418246377,1460.6,838.0,16.0,0.0,0.0
few_shot_recovery.v1,7348dfe74423acef7b5da3c0b64c45c73978738038797d490717d2c04e42b7c5,bejis_2022,manavgat_2021,bejis_2022_to_manavgat_2021,burnable_tree_shrub_grass,3dec785a7d8e31db2d67ed283546bbfbca1559f56df46663488d0afc24d9e393,e4ab8b85df0d3a0b15f7404050b10ea062dd164f474b7791324ffdec0daa4d49,10,approximately_5_km,5,42,thermal,primary,roc_auc,higher_is_better,32,10,0.3141548720223256,0.8199551870717309,0.8822236106383259,0.3141548720223256,0.8199551870717309,0.8822236106383259,0.5058003150494053,0.5680687386160003,0.8903857590926388,interpretable,false,false,false,false,0.8199551870717309,0.8150595762651408,0.8236348640976274,0.8145192375540752,0.8236545265768174,10,0.890385759092639,0.8817677689203275,0.896863279814623,2951.3,1795.3,29.0,3.0,0.0
few_shot_recovery.v1,7348dfe74423acef7b5da3c0b64c45c73978738038797d490717d2c04e42b7c5,bejis_2022,mugla_2021,bejis_2022_to_mugla_2021,burnable_tree_shrub_grass,3dec785a7d8e31db2d67ed283546bbfbca1559f56df46663488d0afc24d9e393,c4ab107db2207f9f20775ccc0b3bf39381173fd07d4e82f6821ce7f40be7db8e,10,approximately_5_km,5,42,baseline,secondary,brier_score,lower_is_better_oriented_by_negation,0,1,0.0898777465781487,0.0898777465781487,0.1127183407826073,-0.0898777465781487,-0.0898777465781487,-0.1127183407826073,0.0,-0.022840594204458595,-0.0,ceiling_not_above_raw,false,true,false,false,0.0898777465781487,0.0898777465781487,0.0898777465781487,0.0898777465781487,0.0898777465781487,1,0.0,-0.0,-0.0,0.0,0.0,0.0,0.0,0.0
few_shot_recovery.v1,7348dfe74423acef7b5da3c0b64c45c73978738038797d490717d2c04e42b7c5,bejis_2022,mugla_2021,bejis_2022_to_mugla_2021,burnable_tree_shrub_grass,3dec785a7d8e31db2d67ed283546bbfbca1559f56df46663488d0afc24d9e393,c4ab107db2207f9f20775ccc0b3bf39381173fd07d4e82f6821ce7f40be7db8e,10,approximately_5_km,5,42,baseline,secondary,brier_score,lower_is_better_oriented_by_negation,1,10,0.0898777465781487,0.1267001969484707,0.1127183407826073,-0.0898777465781487,-0.1267001969484707,-0.1127183407826073,-0.036822450370322,-0.022840594204458595,1.6121494056023324,ceiling_not_above_raw,false,true,true,true,0.1267001969484707,0.09215107171714937,0.15317121870524428,0.0918978471051502,0.1564533047628949,10,1.6121494056023324,0.09953003493039156,2.7710956886901124,80.0,42.5,1.0,0.0,0.0
few_shot_recovery.v1,7348dfe74423acef7b5da3c0b64c45c73978738038797d490717d2c04e42b7c5,bejis_2022,mugla_2021,bejis_2022_to_mugla_2021,burnable_tree_shrub_grass,3dec785a7d8e31db2d67ed283546bbfbca1559f56df46663488d0afc24d9e393,c4ab107db2207f9f20775ccc0b3bf39381173fd07d4e82f6821ce7f40be7db8e,10,approximately_5_km,5,42,baseline,secondary,brier_score,lower_is_better_oriented_by_negation,2,10,0.0898777465781487,0.13378558335569568,0.1127183407826073,-0.0898777465781487,-0.13378558335569568,-0.1127183407826073,-0.04390783677754698,-0.022840594204458595,1.9223596542412174,ceiling_not_above_raw,false,true,true,true,0.13378558335569568,0.10146551262366957,0.16303845523168825,0.0990050206889386,0.1680674549269218,10,1.9223596542412178,0.5073320747171661,3.203100059422194,166.2,75.7,2.0,0.0,0.0
few_shot_recovery.v1,7348dfe74423acef7b5da3c0b64c45c73978738038797d490717d2c04e42b7c5,bejis_2022,mugla_2021,bejis_2022_to_mugla_2021,burnable_tree_shrub_grass,3dec785a7d8e31db2d67ed283546bbfbca1559f56df46663488d0afc24d9e393,c4ab107db2207f9f20775ccc0b3bf39381173fd07d4e82f6821ce7f40be7db8e,10,approximately_5_km,5,42,baseline,secondary,brier_score,lower_is_better_oriented_by_negation,4,10,0.0898777465781487,0.15348507019613,0.1127183407826073,-0.0898777465781487,-0.15348507019613,-0.1127183407826073,-0.0636073236179813,-0.022840594204458595,2.784836639913897,ceiling_not_above_raw,false,true,true,true,0.15348507019613,0.12466623779779835,0.17844250374091314,0.1240341383145741,0.1788446813256824,10,2.784836639913897,1.5230992201095523,3.87751546084892,334.0,134.0,4.0,0.0,0.0
few_shot_recovery.v1,7348dfe74423acef7b5da3c0b64c45c73978738038797d490717d2c04e42b7c5,bejis_2022,mugla_2021,bejis_2022_to_mugla_2021,burnable_tree_shrub_grass,3dec785a7d8e31db2d67ed283546bbfbca1559f56df46663488d0afc24d9e393,c4ab107db2207f9f20775ccc0b3bf39381173fd07d4e82f6821ce7f40be7db8e,10,approximately_5_km,5,42,baseline,secondary,brier_score,lower_is_better_oriented_by_negation,8,10,0.0898777465781487,0.1655997734326845,0.1127183407826073,-0.0898777465781487,-0.1655997734326845,-0.1127183407826073,-0.0757220268545358,-0.022840594204458595,3.3152389196492313,ceiling_not_above_raw,false,true,true,true,0.1655997734326845,0.1471623437617446,0.19880937831022194,0.14649985112082,0.1993726981327666,10,3.3152389196492313,2.508016939962695,4.76921181458621,681.3,275.9,8.0,0.0,0.0
few_shot_recovery.v1,7348dfe74423acef7b5da3c0b64c45c73978738038797d490717d2c04e42b7c5,bejis_2022,mugla_2021,bejis_2022_to_mugla_2021,burnable_tree_shrub_grass,3dec785a7d8e31db2d67ed283546bbfbca1559f56df46663488d0afc24d9e393,c4ab107db2207f9f20775ccc0b3bf39381173fd07d4e82f6821ce7f40be7db8e,10,approximately_5_km,5,42,baseline,secondary,brier_score,lower_is_better_oriented_by_negation,16,10,0.0898777465781487,0.1920145688394309,0.1127183407826073,-0.0898777465781487,-0.1920145688394309,-0.1127183407826073,-0.1021368222612822,-0.022840594204458595,4.4717235176545715,ceiling_not_above_raw,false,true,true,true,0.1920145688394309,0.16816251627503565,0.21797208610649893,0.1667877552655997,0.2204035580265237,10,4.471723517654571,3.4274401530939764,5.608187702198466,1363.4,556.0,16.0,0.0,0.0
few_shot_recovery.v1,7348dfe74423acef7b5da3c0b64c45c73978738038797d490717d2c04e42b7c5,bejis_2022,mugla_2021,bejis_2022_to_mugla_2021,burnable_tree_shrub_grass,3dec785a7d8e31db2d67ed283546bbfbca1559f56df46663488d0afc24d9e393,c4ab107db2207f9f20775ccc0b3bf39381173fd07d4e82f6821ce7f40be7db8e,10,approximately_5_km,5,42,baseline,secondary,brier_score,lower_is_better_oriented_by_negation,32,10,0.0898777465781487,0.21100188752911125,0.1127183407826073,-0.0898777465781487,-0.21100188752911125,-0.1127183407826073,-0.12112414095096255,-0.022840594204458595,5.303020572350895,ceiling_not_above_raw,false,true,true,true,0.21100188752911125,0.205615617466899,0.22223649475521695,0.2053534628553965,0.2225950857465013,10,5.303020572350895,5.067200522574745,5.794890754253284,2749.3,1121.1,32.0,0.0,0.0
few_shot_recovery.v1,7348dfe74423acef7b5da3c0b64c45c73978738038797d490717d2c04e42b7c5,bejis_2022,mugla_2021,bejis_2022_to_mugla_2021,burnable_tree_shrub_grass,3dec785a7d8e31db2d67ed283546bbfbca1559f56df46663488d0afc24d9e393,c4ab107db2207f9f20775ccc0b3bf39381173fd07d4e82f6821ce7f40be7db8e,10,approximately_5_km,5,42,baseline,secondary,pr_auc,higher_is_better,0,1,0.0936314603412058,0.0936314603412058,0.163687445860183,0.0936314603412058,0.0936314603412058,0.163687445860183,0.0,0.0700559855189772,0.0,interpretable,false,false,false,false,0.0936314603412058,0.0936314603412058,0.0936314603412058,0.0936314603412058,0.0936314603412058,1,0.0,0.0,0.0,0.0,0.0,0.0,0.0,0.0
few_shot_recovery.v1,7348dfe74423acef7b5da3c0b64c45c73978738038797d490717d2c04e42b7c5,bejis_2022,mugla_2021,bejis_2022_to_mugla_2021,burnable_tree_shrub_grass,3dec785a7d8e31db2d67ed283546bbfbca1559f56df46663488d0afc24d9e393,c4ab107db2207f9f20775ccc0b3bf39381173fd07d4e82f6821ce7f40be7db8e,10,approximately_5_km,5,42,baseline,secondary,pr_auc,higher_is_better,1,10,0.0936314603412058,0.0848361621731438,0.163687445860183,0.0936314603412058,0.0848361621731438,0.163687445860183,-0.008795298168062002,0.0700559855189772,-0.12554670529443165,interpretable,false,false,true,false,0.0848361621731438,0.07052409109134598,0.09814709706881083,0.0699906981090654,0.0985292676511968,10,-0.12554670529443165,-0.32984147005683545,0.0644575434083617,80.0,42.5,1.0,0.0,0.0
few_shot_recovery.v1,7348dfe74423acef7b5da3c0b64c45c73978738038797d490717d2c04e42b7c5,bejis_2022,mugla_2021,bejis_2022_to_mugla_2021,burnable_tree_shrub_grass,3dec785a7d8e31db2d67ed283546bbfbca1559f56df46663488d0afc24d9e393,c4ab107db2207f9f20775ccc0b3bf39381173fd07d4e82f6821ce7f40be7db8e,10,approximately_5_km,5,42,baseline,secondary,pr_auc,higher_is_better,2,10,0.0936314603412058,0.0800196989018847,0.163687445860183,0.0936314603412058,0.0800196989018847,0.163687445860183,-0.013611761439321093,0.0700559855189772,-0.19429833637318336,interpretable,false,false,true,false,0.0800196989018847,0.0723089673315212,0.09140237426598903,0.0709918653946386,0.0917697246036014,10,-0.19429833637318344,-0.3043636150676751,-0.031818638460420226,166.2,75.7,2.0,0.0,0.0
few_shot_recovery.v1,7348dfe74423acef7b5da3c0b64c45c73978738038797d490717d2c04e42b7c5,bejis_2022,mugla_2021,bejis_2022_to_mugla_2021,burnable_tree_shrub_grass,3dec785a7d8e31db2d67ed283546bbfbca1559f56df46663488d0afc24d9e393,c4ab107db2207f9f20775ccc0b3bf39381173fd07d4e82f6821ce7f40be7db8e,10,approximately_5_km,5,42,baseline,secondary,pr_auc,higher_is_better,4,10,0.0936314603412058,0.08106388087718085,0.163687445860183,0.0936314603412058,0.08106388087718085,0.163687445860183,-0.012567579464024953,0.0700559855189772,-0.17939337189997234,interpretable,false,false,true,false,0.08106388087718085,0.07672976804881035,0.08997315122697054,0.0763799354663215,0.0910965202188203,10,-0.17939337189997234,-0.24125978911276633,-0.05221979374259564,334.0,134.0,4.0,0.0,0.0
few_shot_recovery.v1,7348dfe74423acef7b5da3c0b64c45c73978738038797d490717d2c04e42b7c5,bejis_2022,mugla_2021,bejis_2022_to_mugla_2021,burnable_tree_shrub_grass,3dec785a7d8e31db2d67ed283546bbfbca1559f56df46663488d0afc24d9e393,c4ab107db2207f9f20775ccc0b3bf39381173fd07d4e82f6821ce7f40be7db8e,10,approximately_5_km,5,42,baseline,secondary,pr_auc,higher_is_better,8,10,0.0936314603412058,0.0866064499516361,0.163687445860183,0.0936314603412058,0.0866064499516361,0.163687445860183,-0.007025010389569694,0.0700559855189772,-0.10027709035178324,interpretable,false,false,true,false,0.0866064499516361,0.07898610713923551,0.10153189081176558,0.078928935465848,0.1040076379216231,10,-0.10027709035178334,-0.20905213299730205,0.1127730972883063,681.3,275.9,8.0,0.0,0.0
few_shot_recovery.v1,7348dfe74423acef7b5da3c0b64c45c73978738038797d490717d2c04e42b7c5,bejis_2022,mugla_2021,bejis_2022_to_mugla_2021,burnable_tree_shrub_grass,3dec785a7d8e31db2d67ed283546bbfbca1559f56df46663488d0afc24d9e393,c4ab107db2207f9f20775ccc0b3bf39381173fd07d4e82f6821ce7f40be7db8e,10,approximately_5_km,5,42,baseline,secondary,pr_auc,higher_is_better,16,10,0.0936314603412058,0.09219005817615636,0.163687445860183,0.0936314603412058,0.09219005817615636,0.163687445860183,-0.0014414021650494407,0.0700559855189772,-0.020575003754090146,interpretable,false,false,true,false,0.09219005817615636,0.08310776444961884,0.0981202696598561,0.0823839786171996,0.0984777834776904,10,-0.020575003754090243,-0.1502183691176001,0.06407460098372808,1363.4,556.0,16.0,0.0,0.0
few_shot_recovery.v1,7348dfe74423acef7b5da3c0b64c45c73978738038797d490717d2c04e42b7c5,bejis_2022,mugla_2021,bejis_2022_to_mugla_2021,burnable_tree_shrub_grass,3dec785a7d8e31db2d67ed283546bbfbca1559f56df46663488d0afc24d9e393,c4ab107db2207f9f20775ccc0b3bf39381173fd07d4e82f6821ce7f40be7db8e,10,approximately_5_km,5,42,baseline,secondary,pr_auc,higher_is_better,32,10,0.0936314603412058,0.0990984669459213,0.163687445860183,0.0936314603412058,0.0990984669459213,0.163687445860183,0.005467006604715496,0.0700559855189772,0.07803768035258829,interpretable,false,false,false,false,0.0990984669459213,0.09409021530523326,0.10644650338472689,0.0940177216860263,0.1075044583922613,10,0.07803768035258829,0.006548404973950215,0.18292574072845888,2749.3,1121.1,32.0,0.0,0.0
few_shot_recovery.v1,7348dfe74423acef7b5da3c0b64c45c73978738038797d490717d2c04e42b7c5,bejis_2022,mugla_2021,bejis_2022_to_mugla_2021,burnable_tree_shrub_grass,3dec785a7d8e31db2d67ed283546bbfbca1559f56df46663488d0afc24d9e393,c4ab107db2207f9f20775ccc0b3bf39381173fd07d4e82f6821ce7f40be7db8e,10,approximately_5_km,5,42,baseline,secondary,roc_auc,higher_is_better,0,1,0.5922389554694063,0.5922389554694063,0.6979859420145867,0.5922389554694063,0.5922389554694063,0.6979859420145867,0.0,0.10574698654518044,0.0,interpretable,false,false,false,false,0.5922389554694063,0.5922389554694063,0.5922389554694063,0.5922389554694063,0.5922389554694063,1,0.0,0.0,0.0,0.0,0.0,0.0,0.0,0.0
few_shot_recovery.v1,7348dfe74423acef7b5da3c0b64c45c73978738038797d490717d2c04e42b7c5,bejis_2022,mugla_2021,bejis_2022_to_mugla_2021,burnable_tree_shrub_grass,3dec785a7d8e31db2d67ed283546bbfbca1559f56df46663488d0afc24d9e393,c4ab107db2207f9f20775ccc0b3bf39381173fd07d4e82f6821ce7f40be7db8e,10,approximately_5_km,5,42,baseline,secondary,roc_auc,higher_is_better,1,10,0.5922389554694063,0.5518068583127064,0.6979859420145867,0.5922389554694063,0.5518068583127064,0.6979859420145867,-0.04043209715669993,0.10574698654518044,-0.3823475115238891,interpretable,false,false,true,false,0.5518068583127064,0.49880087835351805,0.5948906295412593,0.4925591344494286,0.5957945262773813,10,-0.3823475115238891,-0.8836003764132491,0.025075646677837637,80.0,42.5,1.0,0.0,0.0
few_shot_recovery.v1,7348dfe74423acef7b5da3c0b64c45c73978738038797d490717d2c04e42b7c5,bejis_2022,mugla_2021,bejis_2022_to_mugla_2021,burnable_tree_shrub_grass,3dec785a7d8e31db2d67ed283546bbfbca1559f56df46663488d0afc24d9e393,c4ab107db2207f9f20775ccc0b3bf39381173fd07d4e82f6821ce7f40be7db8e,10,approximately_5_km,5,42,baseline,secondary,roc_auc,higher_is_better,2,10,0.5922389554694063,0.5385982021804566,0.6979859420145867,0.5922389554694063,0.5385982021804566,0.6979859420145867,-0.05364075328894968,0.10574698654518044,-0.5072556206226421,interpretable,false,false,true,false,0.5385982021804566,0.5055984874361946,0.5770942056046051,0.5010109634325497,0.5773344593064188,10,-0.507255620622642,-0.8193185533111575,-0.1432168457900269,166.2,75.7,2.0,0.0,0.0
few_shot_recovery.v1,7348dfe74423acef7b5da3c0b64c45c73978738038797d490717d2c04e42b7c5,bejis_2022,mugla_2021,bejis_2022_to_mugla_2021,burnable_tree_shrub_grass,3dec785a7d8e31db2d67ed283546bbfbca1559f56df46663488d0afc24d9e393,c4ab107db2207f9f20775ccc0b3bf39381173fd07d4e82f6821ce7f40be7db8e,10,approximately_5_km,5,42,baseline,secondary,roc_auc,higher_is_better,4,10,0.5922389554694063,0.5350112890370923,0.6979859420145867,0.5922389554694063,0.5350112890370923,0.6979859420145867,-0.05722766643231403,0.10574698654518044,-0.5411753876112912,interpretable,false,false,true,false,0.5350112890370923,0.518282516302417,0.562388654511749,0.5169154099592955,0.5631215166081547,10,-0.5411753876112912,-0.6993715999215865,-0.28228039335100796,334.0,134.0,4.0,0.0,0.0
few_shot_recovery.v1,7348dfe74423acef7b5da3c0b64c45c73978738038797d490717d2c04e42b7c5,bejis_2022,mugla_2021,bejis_2022_to_mugla_2021,burnable_tree_shrub_grass,3dec785a7d8e31db2d67ed283546bbfbca1559f56df46663488d0afc24d9e393,c4ab107db2207f9f20775ccc0b3bf39381173fd07d4e82f6821ce7f40be7db8e,10,approximately_5_km,5,42,baseline,secondary,roc_auc,higher_is_better,8,10,0.5922389554694063,0.5499997836323568,0.6979859420145867,0.5922389554694063,0.5499997836323568,0.6979859420145867,-0.042239171837049505,0.10574698654518044,-0.39943617512923457,interpretable,false,false,true,false,0.5499997836323568,0.5347973361718409,0.5739501160549136,0.5331349258269154,0.5761889895346998,10,-0.39943617512923457,-0.543198640209227,-0.1729490362988142,681.3,275.9,8.0,0.0,0.0
few_shot_recovery.v1,7348dfe74423acef7b5da3c0b64c45c73978738038797d490717d2c04e42b7c5,bejis_2022,mugla_2021,bejis_2022_to_mugla_2021,burnable_tree_shrub_grass,3dec785a7d8e31db2d67ed283546bbfbca1559f56df46663488d0afc24d9e393,c4ab107db2207f9f20775ccc0b3bf39381173fd07d4e82f6821ce7f40be7db8e,10,approximately_5_km,5,42,baseline,secondary,roc_auc,higher_is_better,16,10,0.5922389554694063,0.5694949596029222,0.6979859420145867,0.5922389554694063,0.5694949596029222,0.6979859420145867,-0.022743995866484124,0.10574698654518044,-0.21507937587201828,interpretable,false,false,true,false,0.5694949596029222,0.5572311422523981,0.5810678355348218,0.5561598058315884,0.5813219424072873,10,-0.2150793758720188,-0.331052584671537,-0.10564007826182058,1363.4,556.0,16.0,0.0,0.0
few_shot_recovery.v1,7348dfe74423acef7b5da3c0b64c45c73978738038797d490717d2c04e42b7c5,bejis_2022,mugla_2021,bejis_2022_to_mugla_2021,burnable_tree_shrub_grass,3dec785a7d8e31db2d67ed283546bbfbca1559f56df46663488d0afc24d9e393,c4ab107db2207f9f20775ccc0b3bf39381173fd07d4e82f6821ce7f40be7db8e,10,approximately_5_km,5,42,baseline,secondary,roc_auc,higher_is_better,32,10,0.5922389554694063,0.5936560573396025,0.6979859420145867,0.5922389554694063,0.5936560573396025,0.6979859420145867,0.001417101870196169,0.10574698654518044,0.01340087236992528,interpretable,false,false,false,false,0.5936560573396025,0.5809057352416317,0.6004993259683321,0.579222176286993,0.6009809294798206,10,0.01340087236992528,-0.10717298523615637,0.0781144765330652,2749.3,1121.1,32.0,0.0,0.0
few_shot_recovery.v1,7348dfe74423acef7b5da3c0b64c45c73978738038797d490717d2c04e42b7c5,bejis_2022,mugla_2021,bejis_2022_to_mugla_2021,burnable_tree_shrub_grass,3dec785a7d8e31db2d67ed283546bbfbca1559f56df46663488d0afc24d9e393,c4ab107db2207f9f20775ccc0b3bf39381173fd07d4e82f6821ce7f40be7db8e,10,approximately_5_km,5,42,thermal,primary,brier_score,lower_is_better_oriented_by_negation,0,1,0.078925903541469,0.078925903541469,0.0772666711161345,-0.078925903541469,-0.078925903541469,-0.0772666711161345,0.0,0.0016592324253345003,0.0,interpretable,false,false,false,false,0.078925903541469,0.078925903541469,0.078925903541469,0.078925903541469,0.078925903541469,1,0.0,0.0,0.0,0.0,0.0,0.0,0.0,0.0
few_shot_recovery.v1,7348dfe74423acef7b5da3c0b64c45c73978738038797d490717d2c04e42b7c5,bejis_2022,mugla_2021,bejis_2022_to_mugla_2021,burnable_tree_shrub_grass,3dec785a7d8e31db2d67ed283546bbfbca1559f56df46663488d0afc24d9e393,c4ab107db2207f9f20775ccc0b3bf39381173fd07d4e82f6821ce7f40be7db8e,10,approximately_5_km,5,42,thermal,primary,brier_score,lower_is_better_oriented_by_negation,1,10,0.078925903541469,0.12109602866068225,0.0772666711161345,-0.078925903541469,-0.12109602866068225,-0.0772666711161345,-0.04217012511921325,0.0016592324253345003,-25.415441788218295,interpretable,false,false,true,false,0.12109602866068225,0.10216672862326125,0.15156795678905446,0.101993650555127,0.1538490977813154,10,-25.415441788218295,-43.780516905544964,-14.00697378313765,80.0,42.5,1.0,0.0,0.0
few_shot_recovery.v1,7348dfe74423acef7b5da3c0b64c45c73978738038797d490717d2c04e42b7c5,bejis_2022,mugla_2021,bejis_2022_to_mugla_2021,burnable_tree_shrub_grass,3dec785a7d8e31db2d67ed283546bbfbca1559f56df46663488d0afc24d9e393,c4ab107db2207f9f20775ccc0b3bf39381173fd07d4e82f6821ce7f40be7db8e,10,approximately_5_km,5,42,thermal,primary,brier_score,lower_is_better_oriented_by_negation,2,10,0.078925903541469,0.13599216066240016,0.0772666711161345,-0.078925903541469,-0.13599216066240016,-0.0772666711161345,-0.05706625712093116,0.0016592324253345003,-34.393166532667436,interpretable,false,false,true,false,0.13599216066240016,0.10942968526700025,0.16478730158261046,0.1050268910136571,0.1658115946578831,10,-34.393166532667436,-51.747661587454715,-18.384272908228454,166.2,75.7,2.0,0.0,0.0
few_shot_recovery.v1,7348dfe74423acef7b5da3c0b64c45c73978738038797d490717d2c04e42b7c5,bejis_2022,mugla_2021,bejis_2022_to_mugla_2021,burnable_tree_shrub_grass,3dec785a7d8e31db2d67ed283546bbfbca1559f56df46663488d0afc24d9e393,c4ab107db2207f9f20775ccc0b3bf39381173fd07d4e82f6821ce7f40be7db8e,10,approximately_5_km,5,42,thermal,primary,brier_score,lower_is_better_oriented_by_negation,4,10,0.078925903541469,0.1658707590219512,0.0772666711161345,-0.078925903541469,-0.1658707590219512,-0.0772666711161345,-0.0869448554804822,0.0016592324253345003,-52.40064872945945,interpretable,false,false,true,false,0.1658707590219512,0.13945465032233195,0.18912904958587284,0.1365389038844825,0.1903414271695877,10,-52.40064872945945,-66.41814875464898,-36.47996860274738,334.0,134.0,4.0,0.0,0.0
few_shot_recovery.v1,7348dfe74423acef7b5da3c0b64c45c73978738038797d490717d2c04e42b7c5,bejis_2022,mugla_2021,bejis_2022_to_mugla_2021,burnable_tree_shrub_grass,3dec785a7d8e31db2d67ed283546bbfbca1559f56df46663488d0afc24d9e393,c4ab107db2207f9f20775ccc0b3bf39381173fd07d4e82f6821ce7f40be7db8e,10,approximately_5_km,5,42,thermal,primary,brier_score,lower_is_better_oriented_by_negation,8,10,0.078925903541469,0.20352995538458704,0.0772666711161345,-0.078925903541469,-0.20352995538458704,-0.0772666711161345,-0.12460405184311804,0.0016592324253345003,-75.09740645165968,interpretable,false,false,true,false,0.20352995538458704,0.17693008491669437,0.23274850993335675,0.1757823351036489,0.2350530687017198,10,-75.09740645165968,-92.70708795416483,-59.065975253869446,681.3,275.9,8.0,0.0,0.0
few_shot_recovery.v1,7348dfe74423acef7b5da3c0b64c45c73978738038797d490717d2c04e42b7c5,bejis_2022,mugla_2021,bejis_2022_to_mugla_2021,burnable_tree_shrub_grass,3dec785a7d8e31db2d67ed283546bbfbca1559f56df46663488d0afc24d9e393,c4ab107db2207f9f20775ccc0b3bf39381173fd07d4e82f6821ce7f40be7db8e,10,approximately_5_km,5,42,thermal,primary,brier_score,lower_is_better_oriented_by_negation,16,10,0.078925903541469,0.25121649312147254,0.0772666711161345,-0.078925903541469,-0.25121649312147254,-0.0772666711161345,-0.17229058958000354,0.0016592324253345003,-103.83752568316031,interpretable,false,false,true,false,0.25121649312147254,0.21847068087203253,0.2776199229797369,0.2175042868363017,0.2777906202974857,10,-103.8375256831603,-119.75056442029894,-84.10200716902659,1363.4,556.0,16.0,0.0,0.0
few_shot_recovery.v1,7348dfe74423acef7b5da3c0b64c45c73978738038797d490717d2c04e42b7c5,bejis_2022,mugla_2021,bejis_2022_to_mugla_2021,burnable_tree_shrub_grass,3dec785a7d8e31db2d67ed283546bbfbca1559f56df46663488d0afc24d9e393,c4ab107db2207f9f20775ccc0b3bf39381173fd07d4e82f6821ce7f40be7db8e,10,approximately_5_km,5,42,thermal,primary,brier_score,lower_is_better_oriented_by_negation,32,10,0.078925903541469,0.27323159890246734,0.0772666711161345,-0.078925903541469,-0.27323159890246734,-0.0772666711161345,-0.19430569536099834,0.0016592324253345003,-117.1057727622617,interpretable,false,false,true,false,0.27323159890246734,0.2560492080712398,0.29152095713507686,0.2549943237684772,0.2917607272344447,10,-117.1057727622617,-128.12855531722678,-106.75014652878595,2749.3,1121.1,32.0,0.0,0.0
few_shot_recovery.v1,7348dfe74423acef7b5da3c0b64c45c73978738038797d490717d2c04e42b7c5,bejis_2022,mugla_2021,bejis_2022_to_mugla_2021,burnable_tree_shrub_grass,3dec785a7d8e31db2d67ed283546bbfbca1559f56df46663488d0afc24d9e393,c4ab107db2207f9f20775ccc0b3bf39381173fd07d4e82f6821ce7f40be7db8e,10,approximately_5_km,5,42,thermal,primary,pr_auc,higher_is_better,0,1,0.0925385912286984,0.0925385912286984,0.301925915788068,0.0925385912286984,0.0925385912286984,0.301925915788068,0.0,0.2093873245593696,0.0,interpretable,false,false,false,false,0.0925385912286984,0.0925385912286984,0.0925385912286984,0.0925385912286984,0.0925385912286984,1,0.0,0.0,0.0,0.0,0.0,0.0,0.0,0.0
few_shot_recovery.v1,7348dfe74423acef7b5da3c0b64c45c73978738038797d490717d2c04e42b7c5,bejis_2022,mugla_2021,bejis_2022_to_mugla_2021,burnable_tree_shrub_grass,3dec785a7d8e31db2d67ed283546bbfbca1559f56df46663488d0afc24d9e393,c4ab107db2207f9f20775ccc0b3bf39381173fd07d4e82f6821ce7f40be7db8e,10,approximately_5_km,5,42,thermal,primary,pr_auc,higher_is_better,1,10,0.0925385912286984,0.09522402779222311,0.301925915788068,0.0925385912286984,0.09522402779222311,0.301925915788068,0.0026854365635247124,0.2093873245593696,0.012825210738882547,interpretable,false,false,false,false,0.09522402779222311,0.07168464234335753,0.10743826557801307,0.0697458274291084,0.1081865680697673,10,0.012825210738882514,-0.09959508737802295,0.07115843511859779,80.0,42.5,1.0,0.0,0.0
few_shot_recovery.v1,7348dfe74423acef7b5da3c0b64c45c73978738038797d490717d2c04e42b7c5,bejis_2022,mugla_2021,bejis_2022_to_mugla_2021,burnable_tree_shrub_grass,3dec785a7d8e31db2d67ed283546bbfbca1559f56df46663488d0afc24d9e393,c4ab107db2207f9f20775ccc0b3bf39381173fd07d4e82f6821ce7f40be7db8e,10,approximately_5_km,5,42,thermal,primary,pr_auc,higher_is_better,2,10,0.0925385912286984,0.09457488378779665,0.301925915788068,0.0925385912286984,0.09457488378779665,0.301925915788068,0.002036292559098249,0.2093873245593696,0.009725003953240156,interpretable,false,false,false,false,0.09457488378779665,0.08530657048369418,0.1013458800949978,0.0845430134183791,0.1019025819361556,10,0.009725003953240156,-0.03453896151652513,0.042062187311640194,166.2,75.7,2.0,0.0,0.0
few_shot_recovery.v1,7348dfe74423acef7b5da3c0b64c45c73978738038797d490717d2c04e42b7c5,bejis_2022,mugla_2021,bejis_2022_to_mugla_2021,burnable_tree_shrub_grass,3dec785a7d8e31db2d67ed283546bbfbca1559f56df46663488d0afc24d9e393,c4ab107db2207f9f20775ccc0b3bf39381173fd07d4e82f6821ce7f40be7db8e,10,approximately_5_km,5,42,thermal,primary,pr_auc,higher_is_better,4,10,0.0925385912286984,0.09424888656236036,0.301925915788068,0.0925385912286984,0.09424888656236036,0.301925915788068,0.0017102953336619597,0.2093873245593696,0.008168093924792584,interpretable,false,false,false,false,0.09424888656236036,0.0849745352506126,0.11387874266525677,0.0832803459336011,0.1157086381723041,10,0.008168093924792551,-0.0361247080930206,0.1019171121340136,334.0,134.0,4.0,0.0,0.0
few_shot_recovery.v1,7348dfe74423acef7b5da3c0b64c45c73978738038797d490717d2c04e42b7c5,bejis_2022,mugla_2021,bejis_2022_to_mugla_2021,burnable_tree_shrub_grass,3dec785a7d8e31db2d67ed283546bbfbca1559f56df46663488d0afc24d9e393,c4ab107db2207f9f20775ccc0b3bf39381173fd07d4e82f6821ce7f40be7db8e,10,approximately_5_km,5,42,thermal,primary,pr_auc,higher_is_better,8,10,0.0925385912286984,0.10923433239205775,0.301925915788068,0.0925385912286984,0.10923433239205775,0.301925915788068,0.016695741163359354,0.2093873245593696,0.07973615976274366,interpretable,false,false,false,false,0.10923433239205775,0.0913107839583137,0.12571339129192152,0.0887175303735243,0.1270325330120054,10,0.07973615976274366,-0.005863808962497942,0.1584374800768647,681.3,275.9,8.0,0.0,0.0
few_shot_recovery.v1,7348dfe74423acef7b5da3c0b64c45c73978738038797d490717d2c04e42b7c5,bejis_2022,mugla_2021,bejis_2022_to_mugla_2021,burnable_tree_shrub_grass,3dec785a7d8e31db2d67ed283546bbfbca1559f56df46663488d0afc24d9e393,c4ab107db2207f9f20775ccc0b3bf39381173fd07d4e82f6821ce7f40be7db8e,10,approximately_5_km,5,42,thermal,primary,pr_auc,higher_is_better,16,10,0.0925385912286984,0.12511899376374555,0.301925915788068,0.0925385912286984,0.12511899376374555,0.301925915788068,0.032580402535047154,0.2093873245593696,0.15559873360820042,interpretable,false,false,false,false,0.12511899376374555,0.10409267189985427,0.14538447916536074,0.1037248458832622,0.1462833811381208,10,0.15559873360820048,0.05518042076076024,0.25238341455420077,1363.4,556.0,16.0,0.0,0.0
few_shot_recovery.v1,7348dfe74423acef7b5da3c0b64c45c73978738038797d490717d2c04e42b7c5,bejis_2022,mugla_2021,bejis_2022_to_mugla_2021,burnable_tree_shrub_grass,3dec785a7d8e31db2d67ed283546bbfbca1559f56df46663488d0afc24d9e393,c4ab107db2207f9f20775ccc0b3bf39381173fd07d4e82f6821ce7f40be7db8e,10,approximately_5_km,5,42,thermal,primary,pr_auc,higher_is_better,32,10,0.0925385912286984,0.1333583522684857,0.301925915788068,0.0925385912286984,0.1333583522684857,0.301925915788068,0.040819761039787295,0.2093873245593696,0.1949485773586704,interpretable,false,false,false,false,0.1333583522684857,0.12120326115923426,0.15634150555930912,0.1202880057211191,0.1594040284133863,10,0.1949485773586705,0.13689782794090907,0.3047124006425712,2749.3,1121.1,32.0,0.0,0.0
few_shot_recovery.v1,7348dfe74423acef7b5da3c0b64c45c73978738038797d490717d2c04e42b7c5,bejis_2022,mugla_2021,bejis_2022_to_mugla_2021,burnable_tree_shrub_grass,3dec785a7d8e31db2d67ed283546bbfbca1559f56df46663488d0afc24d9e393,c4ab107db2207f9f20775ccc0b3bf39381173fd07d4e82f6821ce7f40be7db8e,10,approximately_5_km,5,42,thermal,primary,roc_auc,higher_is_better,0,1,0.6184747489978262,0.6184747489978262,0.7773268638729566,0.6184747489978262,0.6184747489978262,0.7773268638729566,0.0,0.1588521148751304,0.0,interpretable,false,false,false,false,0.6184747489978262,0.6184747489978262,0.6184747489978262,0.6184747489978262,0.6184747489978262,1,0.0,0.0,0.0,0.0,0.0,0.0,0.0,0.0
few_shot_recovery.v1,7348dfe74423acef7b5da3c0b64c45c73978738038797d490717d2c04e42b7c5,bejis_2022,mugla_2021,bejis_2022_to_mugla_2021,burnable_tree_shrub_grass,3dec785a7d8e31db2d67ed283546bbfbca1559f56df46663488d0afc24d9e393,c4ab107db2207f9f20775ccc0b3bf39381173fd07d4e82f6821ce7f40be7db8e,10,approximately_5_km,5,42,thermal,primary,roc_auc,higher_is_better,1,10,0.6184747489978262,0.5758796899976442,0.7773268638729566,0.6184747489978262,0.5758796899976442,0.7773268638729566,-0.04259505900018201,0.1588521148751304,-0.26814285119001974,interpretable,false,false,true,false,0.5758796899976442,0.5330428584080674,0.6173138398018748,0.5264181706555583,0.6189826465982152,10,-0.26814285119001974,-0.5378077003061282,-0.007308112938023545,80.0,42.5,1.0,0.0,0.0
few_shot_recovery.v1,7348dfe74423acef7b5da3c0b64c45c73978738038797d490717d2c04e42b7c5,bejis_2022,mugla_2021,bejis_2022_to_mugla_2021,burnable_tree_shrub_grass,3dec785a7d8e31db2d67ed283546bbfbca1559f56df46663488d0afc24d9e393,c4ab107db2207f9f20775ccc0b3bf39381173fd07d4e82f6821ce7f40be7db8e,10,approximately_5_km,5,42,thermal,primary,roc_auc,higher_is_better,2,10,0.6184747489978262,0.577376204102527,0.7773268638729566,0.6184747489978262,0.577376204102527,0.7773268638729566,-0.04109854489529918,0.1588521148751304,-0.2587220505537852,interpretable,false,false,true,false,0.577376204102527,0.5454865783743912,0.6098064510459712,0.5425830105524845,0.6117472329653599,10,-0.25872205055378555,-0.4594724513476518,-0.05456835093866359,166.2,75.7,2.0,0.0,0.0
few_shot_recovery.v1,7348dfe74423acef7b5da3c0b64c45c73978738038797d490717d2c04e42b7c5,bejis_2022,mugla_2021,bejis_2022_to_mugla_2021,burnable_tree_shrub_grass,3dec785a7d8e31db2d67ed283546bbfbca1559f56df46663488d0afc24d9e393,c4ab107db2207f9f20775ccc0b3bf39381173fd07d4e82f6821ce7f40be7db8e,10,approximately_5_km,5,42,thermal,primary,roc_auc,higher_is_better,4,10,0.6184747489978262,0.5784583166496476,0.7773268638729566,0.6184747489978262,0.5784583166496476,0.7773268638729566,-0.04001643234817853,0.1588521148751304,-0.2519099753858136,interpretable,false,false,true,false,0.5784583166496476,0.5377977432261906,0.6010292380914767,0.5356653962980461,0.6049862750791669,10,-0.2519099753858136,-0.507874924013783,-0.10982233960223275,334.0,134.0,4.0,0.0,0.0
few_shot_recovery.v1,7348dfe74423acef7b5da3c0b64c45c73978738038797d490717d2c04e42b7c5,bejis_2022,mugla_2021,bejis_2022_to_mugla_2021,burnable_tree_shrub_grass,3dec785a7d8e31db2d67ed283546bbfbca1559f56df46663488d0afc24d9e393,c4ab107db2207f9f20775ccc0b3bf39381173fd07d4e82f6821ce7f40be7db8e,10,approximately_5_km,5,42,thermal,primary,roc_auc,higher_is_better,8,10,0.6184747489978262,0.5977047516874221,0.7773268638729566,0.6184747489978262,0.5977047516874221,0.7773268638729566,-0.020769997310404076,0.1588521148751304,-0.13075052432717588,interpretable,false,false,true,false,0.5977047516874221,0.5503794170337122,0.6396418206451351,0.5466338243297743,0.6431753986113657,10,-0.13075052432717624,-0.42867123310030836,0.13325017211100876,681.3,275.9,8.0,0.0,0.0
few_shot_recovery.v1,7348dfe74423acef7b5da3c0b64c45c73978738038797d490717d2c04e42b7c5,bejis_2022,mugla_2021,bejis_2022_to_mugla_2021,burnable_tree_shrub_grass,3dec785a7d8e31db2d67ed283546bbfbca1559f56df46663488d0afc24d9e393,c4ab107db2207f9f20775ccc0b3bf39381173fd07d4e82f6821ce7f40be7db8e,10,approximately_5_km,5,42,thermal,primary,roc_auc,higher_is_better,16,10,0.6184747489978262,0.6372394983353806,0.7773268638729566,0.6184747489978262,0.6372394983353806,0.7773268638729566,0.018764749337554454,0.1588521148751304,0.11812716092766498,interpretable,false,false,false,false,0.6372394983353806,0.5743463325538465,0.6522113523120175,0.568383276811232,0.6536415351327647,10,0.11812716092766534,-0.2777955866603848,0.21237742626663048,1363.4,556.0,16.0,0.0,0.0
few_shot_recovery.v1,7348dfe74423acef7b5da3c0b64c45c73978738038797d490717d2c04e42b7c5,bejis_2022,mugla_2021,bejis_2022_to_mugla_2021,burnable_tree_shrub_grass,3dec785a7d8e31db2d67ed283546bbfbca1559f56df46663488d0afc24d9e393,c4ab107db2207f9f20775ccc0b3bf39381173fd07d4e82f6821ce7f40be7db8e,10,approximately_5_km,5,42,thermal,primary,roc_auc,higher_is_better,32,10,0.6184747489978262,0.6661356138937193,0.7773268638729566,0.6184747489978262,0.6661356138937193,0.7773268638729566,0.04766086489589316,0.1588521148751304,0.300032926431972,interpretable,false,false,false,false,0.6661356138937193,0.6298895620611824,0.6948220926566955,0.6239479565819431,0.7009710765663675,10,0.3000329264319723,0.07185811200769454,0.48061899408065184,2749.3,1121.1,32.0,0.0,0.0
few_shot_recovery.v1,7348dfe74423acef7b5da3c0b64c45c73978738038797d490717d2c04e42b7c5,manavgat_2021,bejis_2022,manavgat_2021_to_bejis_2022,burnable_tree_shrub_grass,e4ab8b85df0d3a0b15f7404050b10ea062dd164f474b7791324ffdec0daa4d49,3dec785a7d8e31db2d67ed283546bbfbca1559f56df46663488d0afc24d9e393,10,approximately_5_km,5,42,baseline,secondary,brier_score,lower_is_better_oriented_by_negation,0,1,0.159518193217253,0.159518193217253,0.1053875824204019,-0.159518193217253,-0.159518193217253,-0.1053875824204019,0.0,0.054130610796851095,0.0,interpretable,false,false,false,false,0.159518193217253,0.159518193217253,0.159518193217253,0.159518193217253,0.159518193217253,1,0.0,0.0,0.0,0.0,0.0,0.0,0.0,0.0
few_shot_recovery.v1,7348dfe74423acef7b5da3c0b64c45c73978738038797d490717d2c04e42b7c5,manavgat_2021,bejis_2022,manavgat_2021_to_bejis_2022,burnable_tree_shrub_grass,e4ab8b85df0d3a0b15f7404050b10ea062dd164f474b7791324ffdec0daa4d49,3dec785a7d8e31db2d67ed283546bbfbca1559f56df46663488d0afc24d9e393,10,approximately_5_km,5,42,baseline,secondary,brier_score,lower_is_better_oriented_by_negation,1,10,0.159518193217253,0.1654856455298388,0.1053875824204019,-0.159518193217253,-0.1654856455298388,-0.1053875824204019,-0.0059674523125858026,0.054130610796851095,-0.11024173244564503,interpretable,false,false,true,false,0.1654856455298388,0.1605018203374007,0.1716244498857924,0.159463225699534,0.1719642367766191,10,-0.11024173244564503,-0.22364899435503222,-0.018171365622294756,98.9,47.2,1.0,0.0,0.0
few_shot_recovery.v1,7348dfe74423acef7b5da3c0b64c45c73978738038797d490717d2c04e42b7c5,manavgat_2021,bejis_2022,manavgat_2021_to_bejis_2022,burnable_tree_shrub_grass,e4ab8b85df0d3a0b15f7404050b10ea062dd164f474b7791324ffdec0daa4d49,3dec785a7d8e31db2d67ed283546bbfbca1559f56df46663488d0afc24d9e393,10,approximately_5_km,5,42,baseline,secondary,brier_score,lower_is_better_oriented_by_negation,2,10,0.159518193217253,0.17431329493909775,0.1053875824204019,-0.159518193217253,-0.17431329493909775,-0.1053875824204019,-0.014795101721844756,0.054130610796851095,-0.2733222755858026,interpretable,false,false,true,false,0.17431329493909775,0.16437393945375522,0.18015336061046372,0.1636921418823411,0.1801853636640783,10,-0.27332227558580235,-0.3812106881751853,-0.08970425725890196,197.9,92.1,2.0,0.0,0.0
few_shot_recovery.v1,7348dfe74423acef7b5da3c0b64c45c73978738038797d490717d2c04e42b7c5,manavgat_2021,bejis_2022,manavgat_2021_to_bejis_2022,burnable_tree_shrub_grass,e4ab8b85df0d3a0b15f7404050b10ea062dd164f474b7791324ffdec0daa4d49,3dec785a7d8e31db2d67ed283546bbfbca1559f56df46663488d0afc24d9e393,10,approximately_5_km,5,42,baseline,secondary,brier_score,lower_is_better_oriented_by_negation,4,10,0.159518193217253,0.18021336310884675,0.1053875824204019,-0.159518193217253,-0.18021336310884675,-0.1053875824204019,-0.020695169891593757,0.054130610796851095,-0.3823191644605947,interpretable,false,false,true,false,0.18021336310884675,0.1756753523582176,0.19322167692823466,0.1752520888858884,0.1941397603011407,10,-0.38231916446059466,-0.6226326142424072,-0.29848470030388985,394.4,187.9,4.0,0.0,0.0
few_shot_recovery.v1,7348dfe74423acef7b5da3c0b64c45c73978738038797d490717d2c04e42b7c5,manavgat_2021,bejis_2022,manavgat_2021_to_bejis_2022,burnable_tree_shrub_grass,e4ab8b85df0d3a0b15f7404050b10ea062dd164f474b7791324ffdec0daa4d49,3dec785a7d8e31db2d67ed283546bbfbca1559f56df46663488d0afc24d9e393,10,approximately_5_km,5,42,baseline,secondary,brier_score,lower_is_better_oriented_by_negation,8,10,0.159518193217253,0.1907247449743389,0.1053875824204019,-0.159518193217253,-0.1907247449743389,-0.1053875824204019,-0.031206551757085893,0.054130610796851095,-0.5765047040426385,interpretable,false,false,true,false,0.1907247449743389,0.18744442860601035,0.1985946171548578,0.1872433512456355,0.1990122045312699,10,-0.5765047040426388,-0.7218914282023575,-0.515904679028338,788.3,377.0,8.0,0.0,0.0
few_shot_recovery.v1,7348dfe74423acef7b5da3c0b64c45c73978738038797d490717d2c04e42b7c5,manavgat_2021,bejis_2022,manavgat_2021_to_bejis_2022,burnable_tree_shrub_grass,e4ab8b85df0d3a0b15f7404050b10ea062dd164f474b7791324ffdec0daa4d49,3dec785a7d8e31db2d67ed283546bbfbca1559f56df46663488d0afc24d9e393,10,approximately_5_km,5,42,baseline,secondary,brier_score,lower_is_better_oriented_by_negation,16,10,0.159518193217253,0.20264776129226603,0.1053875824204019,-0.159518193217253,-0.20264776129226603,-0.1053875824204019,-0.04312956807501303,0.054130610796851095,-0.7967685463013837,interpretable,false,false,true,false,0.20264776129226603,0.20159914630528653,0.2040475038119884,0.2015064692411179,0.2043019342461678,10,-0.7967685463013839,-0.8226271593692378,-0.7773966055169931,1569.8,860.0,12.0,3.0,1.0
few_shot_recovery.v1,7348dfe74423acef7b5da3c0b64c45c73978738038797d490717d2c04e42b7c5,manavgat_2021,bejis_2022,manavgat_2021_to_bejis_2022,burnable_tree_shrub_grass,e4ab8b85df0d3a0b15f7404050b10ea062dd164f474b7791324ffdec0daa4d49,3dec785a7d8e31db2d67ed283546bbfbca1559f56df46663488d0afc24d9e393,10,approximately_5_km,5,42,baseline,secondary,brier_score,lower_is_better_oriented_by_negation,32,10,0.159518193217253,0.1752588930410608,0.1053875824204019,-0.159518193217253,-0.1752588930410608,-0.1053875824204019,-0.015740699823807797,0.054130610796851095,-0.2907910993814884,interpretable,false,false,true,false,0.1752588930410608,0.17369709574881204,0.1790254561580175,0.1735817687920164,0.1791067473635386,10,-0.2907910993814884,-0.3603739668479647,-0.2619387131021224,2920.1,880.0,12.0,3.0,17.0
few_shot_recovery.v1,7348dfe74423acef7b5da3c0b64c45c73978738038797d490717d2c04e42b7c5,manavgat_2021,bejis_2022,manavgat_2021_to_bejis_2022,burnable_tree_shrub_grass,e4ab8b85df0d3a0b15f7404050b10ea062dd164f474b7791324ffdec0daa4d49,3dec785a7d8e31db2d67ed283546bbfbca1559f56df46663488d0afc24d9e393,10,approximately_5_km,5,42,baseline,secondary,pr_auc,higher_is_better,0,1,0.0520106759674648,0.0520106759674648,0.1898914005576024,0.0520106759674648,0.0520106759674648,0.1898914005576024,0.0,0.1378807245901376,0.0,interpretable,false,false,false,false,0.0520106759674648,0.0520106759674648,0.0520106759674648,0.0520106759674648,0.0520106759674648,1,0.0,0.0,0.0,0.0,0.0,0.0,0.0,0.0
few_shot_recovery.v1,7348dfe74423acef7b5da3c0b64c45c73978738038797d490717d2c04e42b7c5,manavgat_2021,bejis_2022,manavgat_2021_to_bejis_2022,burnable_tree_shrub_grass,e4ab8b85df0d3a0b15f7404050b10ea062dd164f474b7791324ffdec0daa4d49,3dec785a7d8e31db2d67ed283546bbfbca1559f56df46663488d0afc24d9e393,10,approximately_5_km,5,42,baseline,secondary,pr_auc,higher_is_better,1,10,0.0520106759674648,0.07026222206886171,0.1898914005576024,0.0520106759674648,0.07026222206886171,0.1898914005576024,0.018251546101396905,0.1378807245901376,0.13237199148504047,interpretable,false,false,false,false,0.07026222206886171,0.05515534482964933,0.10802667180393592,0.0547927893445243,0.1111396779836707,10,0.13237199148504042,0.02280716809062564,0.4062641533324076,98.9,47.2,1.0,0.0,0.0
few_shot_recovery.v1,7348dfe74423acef7b5da3c0b64c45c73978738038797d490717d2c04e42b7c5,manavgat_2021,bejis_2022,manavgat_2021_to_bejis_2022,burnable_tree_shrub_grass,e4ab8b85df0d3a0b15f7404050b10ea062dd164f474b7791324ffdec0daa4d49,3dec785a7d8e31db2d67ed283546bbfbca1559f56df46663488d0afc24d9e393,10,approximately_5_km,5,42,baseline,secondary,pr_auc,higher_is_better,2,10,0.0520106759674648,0.07645032307818106,0.1898914005576024,0.0520106759674648,0.07645032307818106,0.1898914005576024,0.024439647110716257,0.1378807245901376,0.17725209367273945,interpretable,false,false,false,false,0.07645032307818106,0.057110558821225246,0.11271528060104066,0.056956807977806,0.1145998168429482,10,0.1772520936727394,0.03698764181084981,0.4402689702569054,197.9,92.1,2.0,0.0,0.0
few_shot_recovery.v1,7348dfe74423acef7b5da3c0b64c45c73978738038797d490717d2c04e42b7c5,manavgat_2021,bejis_2022,manavgat_2021_to_bejis_2022,burnable_tree_shrub_grass,e4ab8b85df0d3a0b15f7404050b10ea062dd164f474b7791324ffdec0daa4d49,3dec785a7d8e31db2d67ed283546bbfbca1559f56df46663488d0afc24d9e393,10,approximately_5_km,5,42,baseline,secondary,pr_auc,higher_is_better,4,10,0.0520106759674648,0.09425131658703456,0.1898914005576024,0.0520106759674648,0.09425131658703456,0.1898914005576024,0.04224064061956976,0.1378807245901376,0.3063563869796429,interpretable,false,false,false,false,0.09425131658703456,0.07510706954737427,0.14166382088613147,0.0738702061232958,0.1431572321442401,10,0.3063563869796429,0.1675099521602131,0.6502224671734822,394.4,187.9,4.0,0.0,0.0
few_shot_recovery.v1,7348dfe74423acef7b5da3c0b64c45c73978738038797d490717d2c04e42b7c5,manavgat_2021,bejis_2022,manavgat_2021_to_bejis_2022,burnable_tree_shrub_grass,e4ab8b85df0d3a0b15f7404050b10ea062dd164f474b7791324ffdec0daa4d49,3dec785a7d8e31db2d67ed283546bbfbca1559f56df46663488d0afc24d9e393,10,approximately_5_km,5,42,baseline,secondary,pr_auc,higher_is_better,8,10,0.0520106759674648,0.1118167784397183,0.1898914005576024,0.0520106759674648,0.1118167784397183,0.1898914005576024,0.05980610247225349,0.1378807245901376,0.43375245270890705,interpretable,false,false,false,false,0.1118167784397183,0.09457670578151864,0.149392205733761,0.0933605391000278,0.1494652237820926,10,0.43375245270890705,0.30871631941727207,0.7062737018228706,788.3,377.0,8.0,0.0,0.0
few_shot_recovery.v1,7348dfe74423acef7b5da3c0b64c45c73978738038797d490717d2c04e42b7c5,manavgat_2021,bejis_2022,manavgat_2021_to_bejis_2022,burnable_tree_shrub_grass,e4ab8b85df0d3a0b15f7404050b10ea062dd164f474b7791324ffdec0daa4d49,3dec785a7d8e31db2d67ed283546bbfbca1559f56df46663488d0afc24d9e393,10,approximately_5_km,5,42,baseline,secondary,pr_auc,higher_is_better,16,10,0.0520106759674648,0.15785086019679115,0.1898914005576024,0.0520106759674648,0.15785086019679115,0.1898914005576024,0.10584018422932634,0.1378807245901376,0.7676213230235442,interpretable,false,false,false,false,0.15785086019679115,0.15003440108548208,0.16088659323175858,0.1486171955525527,0.1612247310325452,10,0.7676213230235442,0.7109313169727045,0.7896384181903371,1569.8,860.0,12.0,3.0,1.0
few_shot_recovery.v1,7348dfe74423acef7b5da3c0b64c45c73978738038797d490717d2c04e42b7c5,manavgat_2021,bejis_2022,manavgat_2021_to_bejis_2022,burnable_tree_shrub_grass,e4ab8b85df0d3a0b15f7404050b10ea062dd164f474b7791324ffdec0daa4d49,3dec785a7d8e31db2d67ed283546bbfbca1559f56df46663488d0afc24d9e393,10,approximately_5_km,5,42,baseline,secondary,pr_auc,higher_is_better,32,10,0.0520106759674648,0.1567510496548434,0.1898914005576024,0.0520106759674648,0.1567510496548434,0.1898914005576024,0.1047403736873786,0.1378807245901376,0.7596447871791249,interpretable,false,false,false,false,0.1567510496548434,0.14221377299657292,0.16101301122569642,0.140539281001051,0.1611057200297956,10,0.7596447871791249,0.6542110748057399,0.7905552830698453,2920.1,880.0,12.0,3.0,17.0
few_shot_recovery.v1,7348dfe74423acef7b5da3c0b64c45c73978738038797d490717d2c04e42b7c5,manavgat_2021,bejis_2022,manavgat_2021_to_bejis_2022,burnable_tree_shrub_grass,e4ab8b85df0d3a0b15f7404050b10ea062dd164f474b7791324ffdec0daa4d49,3dec785a7d8e31db2d67ed283546bbfbca1559f56df46663488d0afc24d9e393,10,approximately_5_km,5,42,baseline,secondary,roc_auc,higher_is_better,0,1,0.3706911736241048,0.3706911736241048,0.7793700238725079,0.3706911736241048,0.3706911736241048,0.7793700238725079,0.0,0.40867885024840306,0.0,interpretable,false,false,false,false,0.3706911736241048,0.3706911736241048,0.3706911736241048,0.3706911736241048,0.3706911736241048,1,0.0,0.0,0.0,0.0,0.0,0.0,0.0,0.0
few_shot_recovery.v1,7348dfe74423acef7b5da3c0b64c45c73978738038797d490717d2c04e42b7c5,manavgat_2021,bejis_2022,manavgat_2021_to_bejis_2022,burnable_tree_shrub_grass,e4ab8b85df0d3a0b15f7404050b10ea062dd164f474b7791324ffdec0daa4d49,3dec785a7d8e31db2d67ed283546bbfbca1559f56df46663488d0afc24d9e393,10,approximately_5_km,5,42,baseline,secondary,roc_auc,higher_is_better,1,10,0.3706911736241048,0.4326782695657784,0.7793700238725079,0.3706911736241048,0.4326782695657784,0.7793700238725079,0.061987095941673565,0.40867885024840306,0.15167678949864077,interpretable,false,false,false,false,0.4326782695657784,0.40301318633460215,0.5014800140331634,0.4001382992451125,0.5060925866184915,10,0.15167678949864083,0.07908902721746283,0.3200284045273265,98.9,47.2,1.0,0.0,0.0
few_shot_recovery.v1,7348dfe74423acef7b5da3c0b64c45c73978738038797d490717d2c04e42b7c5,manavgat_2021,bejis_2022,manavgat_2021_to_bejis_2022,burnable_tree_shrub_grass,e4ab8b85df0d3a0b15f7404050b10ea062dd164f474b7791324ffdec0daa4d49,3dec785a7d8e31db2d67ed283546bbfbca1559f56df46663488d0afc24d9e393,10,approximately_5_km,5,42,baseline,secondary,roc_auc,higher_is_better,2,10,0.3706911736241048,0.4498520711013613,0.7793700238725079,0.3706911736241048,0.4498520711013613,0.7793700238725079,0.07916089747725646,0.40867885024840306,0.19369952085639106,interpretable,false,false,false,false,0.4498520711013613,0.4105219731918188,0.5047497338537971,0.4084329311568488,0.5058581843989935,10,0.19369952085639114,0.09746234615151737,0.32802911172968413,197.9,92.1,2.0,0.0,0.0
few_shot_recovery.v1,7348dfe74423acef7b5da3c0b64c45c73978738038797d490717d2c04e42b7c5,manavgat_2021,bejis_2022,manavgat_2021_to_bejis_2022,burnable_tree_shrub_grass,e4ab8b85df0d3a0b15f7404050b10ea062dd164f474b7791324ffdec0daa4d49,3dec785a7d8e31db2d67ed283546bbfbca1559f56df46663488d0afc24d9e393,10,approximately_5_km,5,42,baseline,secondary,roc_auc,higher_is_better,4,10,0.3706911736241048,0.5246141525259694,0.7793700238725079,0.3706911736241048,0.5246141525259694,0.7793700238725079,0.15392297890186463,0.40867885024840306,0.3766355386590405,interpretable,false,false,false,false,0.5246141525259694,0.4714246669139945,0.5705987362087878,0.4650376153300213,0.5742092393057617,10,0.37663553865904054,0.24648570198497388,0.48915563519662236,394.4,187.9,4.0,0.0,0.0
few_shot_recovery.v1,7348dfe74423acef7b5da3c0b64c45c73978738038797d490717d2c04e42b7c5,manavgat_2021,bejis_2022,manavgat_2021_to_bejis_2022,burnable_tree_shrub_grass,e4ab8b85df0d3a0b15f7404050b10ea062dd164f474b7791324ffdec0daa4d49,3dec785a7d8e31db2d67ed283546bbfbca1559f56df46663488d0afc24d9e393,10,approximately_5_km,5,42,baseline,secondary,roc_auc,higher_is_better,8,10,0.3706911736241048,0.559988079876121,0.7793700238725079,0.3706911736241048,0.559988079876121,0.7793700238725079,0.18929690625201617,0.40867885024840306,0.4631923235982429,interpretable,false,false,false,false,0.559988079876121,0.5383804003484095,0.586806559294148,0.5374098328924446,0.5893933479579327,10,0.4631923235982431,0.4103202958077715,0.5288147050885653,788.3,377.0,8.0,0.0,0.0
few_shot_recovery.v1,7348dfe74423acef7b5da3c0b64c45c73978738038797d490717d2c04e42b7c5,manavgat_2021,bejis_2022,manavgat_2021_to_bejis_2022,burnable_tree_shrub_grass,e4ab8b85df0d3a0b15f7404050b10ea062dd164f474b7791324ffdec0daa4d49,3dec785a7d8e31db2d67ed283546bbfbca1559f56df46663488d0afc24d9e393,10,approximately_5_km,5,42,baseline,secondary,roc_auc,higher_is_better,16,10,0.3706911736241048,0.6412901800116138,0.7793700238725079,0.3706911736241048,0.6412901800116138,0.7793700238725079,0.27059900638750894,0.40867885024840306,0.6621311727363272,interpretable,false,false,false,false,0.6412901800116138,0.638227535647461,0.6444533518291503,0.6381583327956641,0.6444768694754501,10,0.662131172736327,0.6546371603540099,0.6698711666597073,1569.8,860.0,12.0,3.0,1.0
few_shot_recovery.v1,7348dfe74423acef7b5da3c0b64c45c73978738038797d490717d2c04e42b7c5,manavgat_2021,bejis_2022,manavgat_2021_to_bejis_2022,burnable_tree_shrub_grass,e4ab8b85df0d3a0b15f7404050b10ea062dd164f474b7791324ffdec0daa4d49,3dec785a7d8e31db2d67ed283546bbfbca1559f56df46663488d0afc24d9e393,10,approximately_5_km,5,42,baseline,secondary,roc_auc,higher_is_better,32,10,0.3706911736241048,0.6528057777921157,0.7793700238725079,0.3706911736241048,0.6528057777921157,0.7793700238725079,0.2821146041680109,0.40867885024840306,0.6903087938035846,interpretable,false,false,false,false,0.6528057777921157,0.642691732531131,0.6627500677463062,0.6426633008581198,0.6633646041680108,10,0.6903087938035846,0.6655606443585199,0.7146415674427053,2920.1,880.0,12.0,3.0,17.0
few_shot_recovery.v1,7348dfe74423acef7b5da3c0b64c45c73978738038797d490717d2c04e42b7c5,manavgat_2021,bejis_2022,manavgat_2021_to_bejis_2022,burnable_tree_shrub_grass,e4ab8b85df0d3a0b15f7404050b10ea062dd164f474b7791324ffdec0daa4d49,3dec785a7d8e31db2d67ed283546bbfbca1559f56df46663488d0afc24d9e393,10,approximately_5_km,5,42,thermal,primary,brier_score,lower_is_better_oriented_by_negation,0,1,0.1381497524851594,0.1381497524851594,0.0786090110370667,-0.1381497524851594,-0.1381497524851594,-0.0786090110370667,0.0,0.059540741448092696,0.0,interpretable,false,false,false,false,0.1381497524851594,0.1381497524851594,0.1381497524851594,0.1381497524851594,0.1381497524851594,1,0.0,0.0,0.0,0.0,0.0,0.0,0.0,0.0
few_shot_recovery.v1,7348dfe74423acef7b5da3c0b64c45c73978738038797d490717d2c04e42b7c5,manavgat_2021,bejis_2022,manavgat_2021_to_bejis_2022,burnable_tree_shrub_grass,e4ab8b85df0d3a0b15f7404050b10ea062dd164f474b7791324ffdec0daa4d49,3dec785a7d8e31db2d67ed283546bbfbca1559f56df46663488d0afc24d9e393,10,approximately_5_km,5,42,thermal,primary,brier_score,lower_is_better_oriented_by_negation,1,10,0.1381497524851594,0.16746444188052517,0.0786090110370667,-0.1381497524851594,-0.16746444188052517,-0.0786090110370667,-0.029314689395365773,0.059540741448092696,-0.49234673069904855,interpretable,false,false,true,false,0.16746444188052517,0.1438906658644052,0.21376301105573997,0.1406943640225132,0.215423829550037,10,-0.49234673069904833,-1.269941501089633,-0.09641991751565082,98.9,47.2,1.0,0.0,0.0
few_shot_recovery.v1,7348dfe74423acef7b5da3c0b64c45c73978738038797d490717d2c04e42b7c5,manavgat_2021,bejis_2022,manavgat_2021_to_bejis_2022,burnable_tree_shrub_grass,e4ab8b85df0d3a0b15f7404050b10ea062dd164f474b7791324ffdec0daa4d49,3dec785a7d8e31db2d67ed283546bbfbca1559f56df46663488d0afc24d9e393,10,approximately_5_km,5,42,thermal,primary,brier_score,lower_is_better_oriented_by_negation,2,10,0.1381497524851594,0.18610802352943723,0.0786090110370667,-0.1381497524851594,-0.18610802352943723,-0.0786090110370667,-0.04795827104427783,0.059540741448092696,-0.8054698325530191,interpretable,false,false,true,false,0.18610802352943723,0.16852335035021324,0.23531880945101788,0.1676389969257544,0.2373907251620677,10,-0.8054698325530194,-1.631975931145734,-0.5101313340468456,197.9,92.1,2.0,0.0,0.0
few_shot_recovery.v1,7348dfe74423acef7b5da3c0b64c45c73978738038797d490717d2c04e42b7c5,manavgat_2021,bejis_2022,manavgat_2021_to_bejis_2022,burnable_tree_shrub_grass,e4ab8b85df0d3a0b15f7404050b10ea062dd164f474b7791324ffdec0daa4d49,3dec785a7d8e31db2d67ed283546bbfbca1559f56df46663488d0afc24d9e393,10,approximately_5_km,5,42,thermal,primary,brier_score,lower_is_better_oriented_by_negation,4,10,0.1381497524851594,0.22804652066193884,0.0786090110370667,-0.1381497524851594,-0.22804652066193884,-0.0786090110370667,-0.08989676817677944,0.059540741448092696,-1.509836222902111,interpretable,false,false,true,false,0.22804652066193884,0.18861464160212016,0.276870192787409,0.1873481291096859,0.2792122053793123,10,-1.509836222902111,-2.329840659159163,-0.8475690407879078,394.4,187.9,4.0,0.0,0.0
few_shot_recovery.v1,7348dfe74423acef7b5da3c0b64c45c73978738038797d490717d2c04e42b7c5,manavgat_2021,bejis_2022,manavgat_2021_to_bejis_2022,burnable_tree_shrub_grass,e4ab8b85df0d3a0b15f7404050b10ea062dd164f474b7791324ffdec0daa4d49,3dec785a7d8e31db2d67ed283546bbfbca1559f56df46663488d0afc24d9e393,10,approximately_5_km,5,42,thermal,primary,brier_score,lower_is_better_oriented_by_negation,8,10,0.1381497524851594,0.25629788312421203,0.0786090110370667,-0.1381497524851594,-0.25629788312421203,-0.0786090110370667,-0.11814813063905263,0.059540741448092696,-1.984324141177408,interpretable,false,false,true,false,0.25629788312421203,0.23810756728661875,0.28689145453855064,0.2380199935092904,0.2885891606445334,10,-1.984324141177408,-2.498149979926996,-1.6788137394728624,788.3,377.0,8.0,0.0,0.0
few_shot_recovery.v1,7348dfe74423acef7b5da3c0b64c45c73978738038797d490717d2c04e42b7c5,manavgat_2021,bejis_2022,manavgat_2021_to_bejis_2022,burnable_tree_shrub_grass,e4ab8b85df0d3a0b15f7404050b10ea062dd164f474b7791324ffdec0daa4d49,3dec785a7d8e31db2d67ed283546bbfbca1559f56df46663488d0afc24d9e393,10,approximately_5_km,5,42,thermal,primary,brier_score,lower_is_better_oriented_by_negation,16,10,0.1381497524851594,0.29594861481411217,0.0786090110370667,-0.1381497524851594,-0.29594861481411217,-0.0786090110370667,-0.15779886232895277,0.059540741448092696,-2.6502670019069376,interpretable,false,false,true,false,0.29594861481411217,0.2924573870551731,0.30238755225819935,0.2921131183653567,0.3025951837809758,10,-2.650267001906937,-2.7584103888968463,-2.591631054922927,1569.8,860.0,12.0,3.0,1.0
few_shot_recovery.v1,7348dfe74423acef7b5da3c0b64c45c73978738038797d490717d2c04e42b7c5,manavgat_2021,bejis_2022,manavgat_2021_to_bejis_2022,burnable_tree_shrub_grass,e4ab8b85df0d3a0b15f7404050b10ea062dd164f474b7791324ffdec0daa4d49,3dec785a7d8e31db2d67ed283546bbfbca1559f56df46663488d0afc24d9e393,10,approximately_5_km,5,42,thermal,primary,brier_score,lower_is_better_oriented_by_negation,32,10,0.1381497524851594,0.1687770891261953,0.0786090110370667,-0.1381497524851594,-0.1687770891261953,-0.0786090110370667,-0.030627336641035896,0.059540741448092696,-0.5143929332444851,interpretable,false,false,true,false,0.1687770891261953,0.1621905435357766,0.16982400490877816,0.1617127179385618,0.1698502404069307,10,-0.5143929332444851,-0.5319761167440651,-0.40377043459520623,2920.1,880.0,12.0,3.0,17.0
few_shot_recovery.v1,7348dfe74423acef7b5da3c0b64c45c73978738038797d490717d2c04e42b7c5,manavgat_2021,bejis_2022,manavgat_2021_to_bejis_2022,burnable_tree_shrub_grass,e4ab8b85df0d3a0b15f7404050b10ea062dd164f474b7791324ffdec0daa4d49,3dec785a7d8e31db2d67ed283546bbfbca1559f56df46663488d0afc24d9e393,10,approximately_5_km,5,42,thermal,primary,pr_auc,higher_is_better,0,1,0.0541744834189216,0.0541744834189216,0.2977139932662314,0.0541744834189216,0.0541744834189216,0.2977139932662314,0.0,0.24353950984730977,0.0,interpretable,false,false,false,false,0.0541744834189216,0.0541744834189216,0.0541744834189216,0.0541744834189216,0.0541744834189216,1,0.0,0.0,0.0,0.0,0.0,0.0,0.0,0.0
few_shot_recovery.v1,7348dfe74423acef7b5da3c0b64c45c73978738038797d490717d2c04e42b7c5,manavgat_2021,bejis_2022,manavgat_2021_to_bejis_2022,burnable_tree_shrub_grass,e4ab8b85df0d3a0b15f7404050b10ea062dd164f474b7791324ffdec0daa4d49,3dec785a7d8e31db2d67ed283546bbfbca1559f56df46663488d0afc24d9e393,10,approximately_5_km,5,42,thermal,primary,pr_auc,higher_is_better,1,10,0.0541744834189216,0.07288804319126105,0.2977139932662314,0.0541744834189216,0.07288804319126105,0.2977139932662314,0.018713559772339447,0.24353950984730977,0.07683993362749295,interpretable,false,false,false,false,0.07288804319126105,0.05604445996893469,0.10075013851977385,0.0559874579884295,0.1009557542115129,10,0.07683993362749297,0.007678329282938494,0.19124475995723839,98.9,47.2,1.0,0.0,0.0
few_shot_recovery.v1,7348dfe74423acef7b5da3c0b64c45c73978738038797d490717d2c04e42b7c5,manavgat_2021,bejis_2022,manavgat_2021_to_bejis_2022,burnable_tree_shrub_grass,e4ab8b85df0d3a0b15f7404050b10ea062dd164f474b7791324ffdec0daa4d49,3dec785a7d8e31db2d67ed283546bbfbca1559f56df46663488d0afc24d9e393,10,approximately_5_km,5,42,thermal,primary,pr_auc,higher_is_better,2,10,0.0541744834189216,0.08297572588330321,0.2977139932662314,0.0541744834189216,0.08297572588330321,0.2977139932662314,0.028801242464381607,0.24353950984730977,0.1182610677111033,interpretable,false,false,false,false,0.08297572588330321,0.05802560031702993,0.09487112370684826,0.057758091897316,0.0951562892714211,10,0.11826106771110327,0.015813109341161258,0.1671048788487829,197.9,92.1,2.0,0.0,0.0
few_shot_recovery.v1,7348dfe74423acef7b5da3c0b64c45c73978738038797d490717d2c04e42b7c5,manavgat_2021,bejis_2022,manavgat_2021_to_bejis_2022,burnable_tree_shrub_grass,e4ab8b85df0d3a0b15f7404050b10ea062dd164f474b7791324ffdec0daa4d49,3dec785a7d8e31db2d67ed283546bbfbca1559f56df46663488d0afc24d9e393,10,approximately_5_km,5,42,thermal,primary,pr_auc,higher_is_better,4,10,0.0541744834189216,0.10306385761157835,0.2977139932662314,0.0541744834189216,0.10306385761157835,0.2977139932662314,0.04888937419265675,0.24353950984730977,0.2007451448978795,interpretable,false,false,false,false,0.10306385761157835,0.08177436484226303,0.13555946885531972,0.0785528152732618,0.1378006559892595,10,0.2007451448978795,0.11332814720964796,0.33417569694306887,394.4,187.9,4.0,0.0,0.0
few_shot_recovery.v1,7348dfe74423acef7b5da3c0b64c45c73978738038797d490717d2c04e42b7c5,manavgat_2021,bejis_2022,manavgat_2021_to_bejis_2022,burnable_tree_shrub_grass,e4ab8b85df0d3a0b15f7404050b10ea062dd164f474b7791324ffdec0daa4d49,3dec785a7d8e31db2d67ed283546bbfbca1559f56df46663488d0afc24d9e393,10,approximately_5_km,5,42,thermal,primary,pr_auc,higher_is_better,8,10,0.0541744834189216,0.14253938487692394,0.2977139932662314,0.0541744834189216,0.14253938487692394,0.2977139932662314,0.08836490145800234,0.24353950984730977,0.362835999437643,interpretable,false,false,false,false,0.14253938487692394,0.11143950783615938,0.16471095356177023,0.1077452414940312,0.1649904450893035,10,0.362835999437643,0.23513648546447688,0.4538748978026231,788.3,377.0,8.0,0.0,0.0
few_shot_recovery.v1,7348dfe74423acef7b5da3c0b64c45c73978738038797d490717d2c04e42b7c5,manavgat_2021,bejis_2022,manavgat_2021_to_bejis_2022,burnable_tree_shrub_grass,e4ab8b85df0d3a0b15f7404050b10ea062dd164f474b7791324ffdec0daa4d49,3dec785a7d8e31db2d67ed283546bbfbca1559f56df46663488d0afc24d9e393,10,approximately_5_km,5,42,thermal,primary,pr_auc,higher_is_better,16,10,0.0541744834189216,0.19161678067872256,0.2977139932662314,0.0541744834189216,0.19161678067872256,0.2977139932662314,0.13744229725980095,0.24353950984730977,0.5643531817320818,interpretable,false,false,false,false,0.19161678067872256,0.18362364734378334,0.20373971687799247,0.1833573711572357,0.2046816500913544,10,0.5643531817320819,0.5315324975648573,0.6141312904540325,1569.8,860.0,12.0,3.0,1.0
few_shot_recovery.v1,7348dfe74423acef7b5da3c0b64c45c73978738038797d490717d2c04e42b7c5,manavgat_2021,bejis_2022,manavgat_2021_to_bejis_2022,burnable_tree_shrub_grass,e4ab8b85df0d3a0b15f7404050b10ea062dd164f474b7791324ffdec0daa4d49,3dec785a7d8e31db2d67ed283546bbfbca1559f56df46663488d0afc24d9e393,10,approximately_5_km,5,42,thermal,primary,pr_auc,higher_is_better,32,10,0.0541744834189216,0.23752083773443494,0.2977139932662314,0.0541744834189216,0.23752083773443494,0.2977139932662314,0.18334635431551333,0.24353950984730977,0.752840286286462,interpretable,false,false,false,false,0.23752083773443494,0.23111576165191766,0.24921664211964306,0.2308957371184016,0.2498396218885501,10,0.752840286286462,0.7265403397745674,0.8008645448248034,2920.1,880.0,12.0,3.0,17.0
few_shot_recovery.v1,7348dfe74423acef7b5da3c0b64c45c73978738038797d490717d2c04e42b7c5,manavgat_2021,bejis_2022,manavgat_2021_to_bejis_2022,burnable_tree_shrub_grass,e4ab8b85df0d3a0b15f7404050b10ea062dd164f474b7791324ffdec0daa4d49,3dec785a7d8e31db2d67ed283546bbfbca1559f56df46663488d0afc24d9e393,10,approximately_5_km,5,42,thermal,primary,roc_auc,higher_is_better,0,1,0.3964026711400735,0.3964026711400735,0.8244685786179753,0.3964026711400735,0.3964026711400735,0.8244685786179753,0.0,0.4280659074779018,0.0,interpretable,false,false,false,false,0.3964026711400735,0.3964026711400735,0.3964026711400735,0.3964026711400735,0.3964026711400735,1,0.0,0.0,0.0,0.0,0.0,0.0,0.0,0.0
few_shot_recovery.v1,7348dfe74423acef7b5da3c0b64c45c73978738038797d490717d2c04e42b7c5,manavgat_2021,bejis_2022,manavgat_2021_to_bejis_2022,burnable_tree_shrub_grass,e4ab8b85df0d3a0b15f7404050b10ea062dd164f474b7791324ffdec0daa4d49,3dec785a7d8e31db2d67ed283546bbfbca1559f56df46663488d0afc24d9e393,10,approximately_5_km,5,42,thermal,primary,roc_auc,higher_is_better,1,10,0.3964026711400735,0.44688231498806374,0.8244685786179753,0.3964026711400735,0.44688231498806374,0.8244685786179753,0.05047964384799025,0.4280659074779018,0.11792493390891257,interpretable,false,false,false,false,0.44688231498806374,0.40318853877669525,0.5140941496225563,0.402755951996903,0.5161282663397638,10,0.11792493390891264,0.01585238982614394,0.2749377524033689,98.9,47.2,1.0,0.0,0.0
few_shot_recovery.v1,7348dfe74423acef7b5da3c0b64c45c73978738038797d490717d2c04e42b7c5,manavgat_2021,bejis_2022,manavgat_2021_to_bejis_2022,burnable_tree_shrub_grass,e4ab8b85df0d3a0b15f7404050b10ea062dd164f474b7791324ffdec0daa4d49,3dec785a7d8e31db2d67ed283546bbfbca1559f56df46663488d0afc24d9e393,10,approximately_5_km,5,42,thermal,primary,roc_auc,higher_is_better,2,10,0.3964026711400735,0.45585050648428926,0.8244685786179753,0.3964026711400735,0.45585050648428926,0.8244685786179753,0.05944783534421577,0.4280659074779018,0.13887542620357982,interpretable,false,false,false,false,0.45585050648428926,0.408460894251242,0.511292605974579,0.4063062133040841,0.5138581198787019,10,0.13887542620357982,0.028169080743228794,0.26839309748215945,197.9,92.1,2.0,0.0,0.0
few_shot_recovery.v1,7348dfe74423acef7b5da3c0b64c45c73978738038797d490717d2c04e42b7c5,manavgat_2021,bejis_2022,manavgat_2021_to_bejis_2022,burnable_tree_shrub_grass,e4ab8b85df0d3a0b15f7404050b10ea062dd164f474b7791324ffdec0daa4d49,3dec785a7d8e31db2d67ed283546bbfbca1559f56df46663488d0afc24d9e393,10,approximately_5_km,5,42,thermal,primary,roc_auc,higher_is_better,4,10,0.3964026711400735,0.5409035421640106,0.8244685786179753,0.3964026711400735,0.5409035421640106,0.8244685786179753,0.1445008710239371,0.4280659074779018,0.33756687580030353,interpretable,false,false,false,false,0.5409035421640106,0.4663114604168011,0.5917528598619266,0.4534836441060714,0.5978354087360476,10,0.33756687580030353,0.16331314420393675,0.45635540067375674,394.4,187.9,4.0,0.0,0.0
few_shot_recovery.v1,7348dfe74423acef7b5da3c0b64c45c73978738038797d490717d2c04e42b7c5,manavgat_2021,bejis_2022,manavgat_2021_to_bejis_2022,burnable_tree_shrub_grass,e4ab8b85df0d3a0b15f7404050b10ea062dd164f474b7791324ffdec0daa4d49,3dec785a7d8e31db2d67ed283546bbfbca1559f56df46663488d0afc24d9e393,10,approximately_5_km,5,42,thermal,primary,roc_auc,higher_is_better,8,10,0.3964026711400735,0.5977175301632363,0.8244685786179753,0.3964026711400735,0.5977175301632363,0.8244685786179753,0.20131485902316276,0.4280659074779018,0.47028940054880525,interpretable,false,false,false,false,0.5977175301632363,0.5655816455900381,0.6162408284405446,0.5653166655913285,0.61644325440351,10,0.47028940054880536,0.39521711842632135,0.5135614713998683,788.3,377.0,8.0,0.0,0.0
few_shot_recovery.v1,7348dfe74423acef7b5da3c0b64c45c73978738038797d490717d2c04e42b7c5,manavgat_2021,bejis_2022,manavgat_2021_to_bejis_2022,burnable_tree_shrub_grass,e4ab8b85df0d3a0b15f7404050b10ea062dd164f474b7791324ffdec0daa4d49,3dec785a7d8e31db2d67ed283546bbfbca1559f56df46663488d0afc24d9e393,10,approximately_5_km,5,42,thermal,primary,roc_auc,higher_is_better,16,10,0.3964026711400735,0.6898033098909607,0.8244685786179753,0.3964026711400735,0.6898033098909607,0.8244685786179753,0.29340063875088723,0.4280659074779018,0.6854099652073636,interpretable,false,false,false,false,0.6898033098909607,0.6828729692238209,0.7002418156010066,0.6824297051422673,0.7015331956900446,10,0.6854099652073637,0.6692200735433153,0.7097952421651759,1569.8,860.0,12.0,3.0,1.0
few_shot_recovery.v1,7348dfe74423acef7b5da3c0b64c45c73978738038797d490717d2c04e42b7c5,manavgat_2021,bejis_2022,manavgat_2021_to_bejis_2022,burnable_tree_shrub_grass,e4ab8b85df0d3a0b15f7404050b10ea062dd164f474b7791324ffdec0daa4d49,3dec785a7d8e31db2d67ed283546bbfbca1559f56df46663488d0afc24d9e393,10,approximately_5_km,5,42,thermal,primary,roc_auc,higher_is_better,32,10,0.3964026711400735,0.7522844377056584,0.8244685786179753,0.3964026711400735,0.7522844377056584,0.8244685786179753,0.35588176656558496,0.4280659074779018,0.8313714321759127,interpretable,false,false,false,false,0.7522844377056584,0.7358148606361701,0.7619858248919285,0.7343180205174528,0.7632135621653009,10,0.8313714321759127,0.792897036570515,0.8540347347580526,2920.1,880.0,12.0,3.0,17.0
few_shot_recovery.v1,7348dfe74423acef7b5da3c0b64c45c73978738038797d490717d2c04e42b7c5,manavgat_2021,mugla_2021,manavgat_2021_to_mugla_2021,burnable_tree_shrub_grass,e4ab8b85df0d3a0b15f7404050b10ea062dd164f474b7791324ffdec0daa4d49,c4ab107db2207f9f20775ccc0b3bf39381173fd07d4e82f6821ce7f40be7db8e,10,approximately_5_km,5,42,baseline,secondary,brier_score,lower_is_better_oriented_by_negation,0,1,0.2320813380941932,0.2320813380941932,0.1127183407826073,-0.2320813380941932,-0.2320813380941932,-0.1127183407826073,0.0,0.11936299731158591,0.0,interpretable,false,false,false,false,0.2320813380941932,0.2320813380941932,0.2320813380941932,0.2320813380941932,0.2320813380941932,1,0.0,0.0,0.0,0.0,0.0,0.0,0.0,0.0
few_shot_recovery.v1,7348dfe74423acef7b5da3c0b64c45c73978738038797d490717d2c04e42b7c5,manavgat_2021,mugla_2021,manavgat_2021_to_mugla_2021,burnable_tree_shrub_grass,e4ab8b85df0d3a0b15f7404050b10ea062dd164f474b7791324ffdec0daa4d49,c4ab107db2207f9f20775ccc0b3bf39381173fd07d4e82f6821ce7f40be7db8e,10,approximately_5_km,5,42,baseline,secondary,brier_score,lower_is_better_oriented_by_negation,1,10,0.2320813380941932,0.23119214051592374,0.1127183407826073,-0.2320813380941932,-0.23119214051592374,-0.1127183407826073,0.0008891975782694683,0.11936299731158591,0.007449524545268426,interpretable,false,false,false,false,0.23119214051592374,0.22975241574274277,0.23395006362421633,0.2297262985110814,0.2339829854823843,10,0.00744952454526831,-0.015655819408966227,0.01951125896554853,90.0,35.2,1.0,0.0,0.0
few_shot_recovery.v1,7348dfe74423acef7b5da3c0b64c45c73978738038797d490717d2c04e42b7c5,manavgat_2021,mugla_2021,manavgat_2021_to_mugla_2021,burnable_tree_shrub_grass,e4ab8b85df0d3a0b15f7404050b10ea062dd164f474b7791324ffdec0daa4d49,c4ab107db2207f9f20775ccc0b3bf39381173fd07d4e82f6821ce7f40be7db8e,10,approximately_5_km,5,42,baseline,secondary,brier_score,lower_is_better_oriented_by_negation,2,10,0.2320813380941932,0.231847532354708,0.1127183407826073,-0.2320813380941932,-0.231847532354708,-0.1127183407826073,0.0002338057394851989,0.11936299731158591,0.001958779058428559,interpretable,false,false,false,false,0.231847532354708,0.2295039357406865,0.23473282673120643,0.2294671863217546,0.2350171234986946,10,0.0019587790584285596,-0.022213656633401788,0.021592976144681104,175.6,68.8,2.0,0.0,0.0
few_shot_recovery.v1,7348dfe74423acef7b5da3c0b64c45c73978738038797d490717d2c04e42b7c5,manavgat_2021,mugla_2021,manavgat_2021_to_mugla_2021,burnable_tree_shrub_grass,e4ab8b85df0d3a0b15f7404050b10ea062dd164f474b7791324ffdec0daa4d49,c4ab107db2207f9f20775ccc0b3bf39381173fd07d4e82f6821ce7f40be7db8e,10,approximately_5_km,5,42,baseline,secondary,brier_score,lower_is_better_oriented_by_negation,4,10,0.2320813380941932,0.23263315918423155,0.1127183407826073,-0.2320813380941932,-0.23263315918423155,-0.1127183407826073,-0.0005518210900383458,0.11936299731158591,-0.004623049876988835,interpretable,false,false,true,false,0.23263315918423155,0.2300597415140889,0.23515063058772828,0.2299800711578654,0.235410787277468,10,-0.004623049876988835,-0.025713936166691292,0.016936543364666955,349.5,139.5,4.0,0.0,0.0
few_shot_recovery.v1,7348dfe74423acef7b5da3c0b64c45c73978738038797d490717d2c04e42b7c5,manavgat_2021,mugla_2021,manavgat_2021_to_mugla_2021,burnable_tree_shrub_grass,e4ab8b85df0d3a0b15f7404050b10ea062dd164f474b7791324ffdec0daa4d49,c4ab107db2207f9f20775ccc0b3bf39381173fd07d4e82f6821ce7f40be7db8e,10,approximately_5_km,5,42,baseline,secondary,brier_score,lower_is_better_oriented_by_negation,8,10,0.2320813380941932,0.2340647760931348,0.1127183407826073,-0.2320813380941932,-0.2340647760931348,-0.1127183407826073,-0.0019834379989416007,0.11936299731158591,-0.016616858185657165,interpretable,false,false,true,false,0.2340647760931348,0.23232939688893753,0.23891729624252547,0.2321204766062248,0.2391267251620348,10,-0.01661685818565705,-0.05727032918323619,-0.002078188386110889,688.3,277.7,8.0,0.0,0.0
few_shot_recovery.v1,7348dfe74423acef7b5da3c0b64c45c73978738038797d490717d2c04e42b7c5,manavgat_2021,mugla_2021,manavgat_2021_to_mugla_2021,burnable_tree_shrub_grass,e4ab8b85df0d3a0b15f7404050b10ea062dd164f474b7791324ffdec0daa4d49,c4ab107db2207f9f20775ccc0b3bf39381173fd07d4e82f6821ce7f40be7db8e,10,approximately_5_km,5,42,baseline,secondary,brier_score,lower_is_better_oriented_by_negation,16,10,0.2320813380941932,0.23519143030608816,0.1127183407826073,-0.2320813380941932,-0.23519143030608816,-0.1127183407826073,-0.0031100922118949548,0.11936299731158591,-0.026055748279982874,interpretable,false,false,true,false,0.23519143030608816,0.23285502594420646,0.24035328842757897,0.2327355560511554,0.2405429760314779,10,-0.026055748279982874,-0.06930079270540286,-0.006481806484748356,1371.4,550.3,16.0,0.0,0.0
few_shot_recovery.v1,7348dfe74423acef7b5da3c0b64c45c73978738038797d490717d2c04e42b7c5,manavgat_2021,mugla_2021,manavgat_2021_to_mugla_2021,burnable_tree_shrub_grass,e4ab8b85df0d3a0b15f7404050b10ea062dd164f474b7791324ffdec0daa4d49,c4ab107db2207f9f20775ccc0b3bf39381173fd07d4e82f6821ce7f40be7db8e,10,approximately_5_km,5,42,baseline,secondary,brier_score,lower_is_better_oriented_by_negation,32,10,0.2320813380941932,0.23734948286264645,0.1127183407826073,-0.2320813380941932,-0.23734948286264645,-0.1127183407826073,-0.005268144768453248,0.11936299731158591,-0.04413549330284703,interpretable,false,false,true,false,0.23734948286264645,0.2352714312806135,0.2406071636923908,0.2352175765432086,0.2408347294195263,10,-0.04413549330284691,-0.07142771034763573,-0.026725980900872276,2738.8,1065.5,32.0,0.0,0.0
few_shot_recovery.v1,7348dfe74423acef7b5da3c0b64c45c73978738038797d490717d2c04e42b7c5,manavgat_2021,mugla_2021,manavgat_2021_to_mugla_2021,burnable_tree_shrub_grass,e4ab8b85df0d3a0b15f7404050b10ea062dd164f474b7791324ffdec0daa4d49,c4ab107db2207f9f20775ccc0b3bf39381173fd07d4e82f6821ce7f40be7db8e,10,approximately_5_km,5,42,baseline,secondary,pr_auc,higher_is_better,0,1,0.0651977604696889,0.0651977604696889,0.163687445860183,0.0651977604696889,0.0651977604696889,0.163687445860183,0.0,0.09848968539049409,0.0,interpretable,false,false,false,false,0.0651977604696889,0.0651977604696889,0.0651977604696889,0.0651977604696889,0.0651977604696889,1,0.0,0.0,0.0,0.0,0.0,0.0,0.0,0.0
few_shot_recovery.v1,7348dfe74423acef7b5da3c0b64c45c73978738038797d490717d2c04e42b7c5,manavgat_2021,mugla_2021,manavgat_2021_to_mugla_2021,burnable_tree_shrub_grass,e4ab8b85df0d3a0b15f7404050b10ea062dd164f474b7791324ffdec0daa4d49,c4ab107db2207f9f20775ccc0b3bf39381173fd07d4e82f6821ce7f40be7db8e,10,approximately_5_km,5,42,baseline,secondary,pr_auc,higher_is_better,1,10,0.0651977604696889,0.06541282631135045,0.163687445860183,0.0651977604696889,0.06541282631135045,0.163687445860183,0.0002150658416615464,0.09848968539049409,0.002183638223727171,interpretable,false,false,false,false,0.06541282631135045,0.06485120917890867,0.06565337917464115,0.0647654102030784,0.0656882183900861,10,0.002183638223727171,-0.0035186556785740224,0.004626055034553056,90.0,35.2,1.0,0.0,0.0
few_shot_recovery.v1,7348dfe74423acef7b5da3c0b64c45c73978738038797d490717d2c04e42b7c5,manavgat_2021,mugla_2021,manavgat_2021_to_mugla_2021,burnable_tree_shrub_grass,e4ab8b85df0d3a0b15f7404050b10ea062dd164f474b7791324ffdec0daa4d49,c4ab107db2207f9f20775ccc0b3bf39381173fd07d4e82f6821ce7f40be7db8e,10,approximately_5_km,5,42,baseline,secondary,pr_auc,higher_is_better,2,10,0.0651977604696889,0.06523964232702614,0.163687445860183,0.0651977604696889,0.06523964232702614,0.163687445860183,4.188185733723648e-05,0.09848968539049409,0.00042524105109263336,interpretable,false,false,false,false,0.06523964232702614,0.06475499187637843,0.06595522272883707,0.0646622405120253,0.0660403039514622,10,0.0004252410510927038,-0.004495583385762424,0.0076907775280726735,175.6,68.8,2.0,0.0,0.0
few_shot_recovery.v1,7348dfe74423acef7b5da3c0b64c45c73978738038797d490717d2c04e42b7c5,manavgat_2021,mugla_2021,manavgat_2021_to_mugla_2021,burnable_tree_shrub_grass,e4ab8b85df0d3a0b15f7404050b10ea062dd164f474b7791324ffdec0daa4d49,c4ab107db2207f9f20775ccc0b3bf39381173fd07d4e82f6821ce7f40be7db8e,10,approximately_5_km,5,42,baseline,secondary,pr_auc,higher_is_better,4,10,0.0651977604696889,0.06541801659840675,0.163687445860183,0.0651977604696889,0.06541801659840675,0.163687445860183,0.00022025612871784395,0.09848968539049409,0.0022363370117852196,interpretable,false,false,false,false,0.06541801659840675,0.06474069806047641,0.06613199310637208,0.0647237101383471,0.0661781639921865,10,0.002236337011785219,-0.004640713465580852,0.009485588597212996,349.5,139.5,4.0,0.0,0.0
few_shot_recovery.v1,7348dfe74423acef7b5da3c0b64c45c73978738038797d490717d2c04e42b7c5,manavgat_2021,mugla_2021,manavgat_2021_to_mugla_2021,burnable_tree_shrub_grass,e4ab8b85df0d3a0b15f7404050b10ea062dd164f474b7791324ffdec0daa4d49,c4ab107db2207f9f20775ccc0b3bf39381173fd07d4e82f6821ce7f40be7db8e,10,approximately_5_km,5,42,baseline,secondary,pr_auc,higher_is_better,8,10,0.0651977604696889,0.06621767654323825,0.163687445860183,0.0651977604696889,0.06621767654323825,0.163687445860183,0.0010199160735493429,0.09848968539049409,0.010355562305895861,interpretable,false,false,false,false,0.06621767654323825,0.06481104519524129,0.06724599093690826,0.0647353074042846,0.0674171286601643,10,0.010355562305895861,-0.003926454561351777,0.020796395674313344,688.3,277.7,8.0,0.0,0.0
few_shot_recovery.v1,7348dfe74423acef7b5da3c0b64c45c73978738038797d490717d2c04e42b7c5,manavgat_2021,mugla_2021,manavgat_2021_to_mugla_2021,burnable_tree_shrub_grass,e4ab8b85df0d3a0b15f7404050b10ea062dd164f474b7791324ffdec0daa4d49,c4ab107db2207f9f20775ccc0b3bf39381173fd07d4e82f6821ce7f40be7db8e,10,approximately_5_km,5,42,baseline,secondary,pr_auc,higher_is_better,16,10,0.0651977604696889,0.06706296860888661,0.163687445860183,0.0651977604696889,0.06706296860888661,0.163687445860183,0.0018652081391977021,0.09848968539049409,0.0189381063793887,interpretable,false,false,false,false,0.06706296860888661,0.06522953472711705,0.06765219727952024,0.0648737693718362,0.0676556961167844,10,0.018938106379388628,0.00032261507692066694,0.024920749823699122,1371.4,550.3,16.0,0.0,0.0
few_shot_recovery.v1,7348dfe74423acef7b5da3c0b64c45c73978738038797d490717d2c04e42b7c5,manavgat_2021,mugla_2021,manavgat_2021_to_mugla_2021,burnable_tree_shrub_grass,e4ab8b85df0d3a0b15f7404050b10ea062dd164f474b7791324ffdec0daa4d49,c4ab107db2207f9f20775ccc0b3bf39381173fd07d4e82f6821ce7f40be7db8e,10,approximately_5_km,5,42,baseline,secondary,pr_auc,higher_is_better,32,10,0.0651977604696889,0.0685407129944379,0.163687445860183,0.0651977604696889,0.0685407129944379,0.163687445860183,0.0033429525247489905,0.09848968539049409,0.033942158628030725,interpretable,false,false,false,false,0.0685407129944379,0.06730445638335895,0.06917161053228499,0.0671606756213226,0.0692200231923556,10,0.033942158628030725,0.021390015668314673,0.04034788056069496,2738.8,1065.5,32.0,0.0,0.0
few_shot_recovery.v1,7348dfe74423acef7b5da3c0b64c45c73978738038797d490717d2c04e42b7c5,manavgat_2021,mugla_2021,manavgat_2021_to_mugla_2021,burnable_tree_shrub_grass,e4ab8b85df0d3a0b15f7404050b10ea062dd164f474b7791324ffdec0daa4d49,c4ab107db2207f9f20775ccc0b3bf39381173fd07d4e82f6821ce7f40be7db8e,10,approximately_5_km,5,42,baseline,secondary,roc_auc,higher_is_better,0,1,0.4656065622633644,0.4656065622633644,0.6979859420145867,0.4656065622633644,0.4656065622633644,0.6979859420145867,0.0,0.23237937975122236,0.0,interpretable,false,false,false,false,0.4656065622633644,0.4656065622633644,0.4656065622633644,0.4656065622633644,0.4656065622633644,1,0.0,0.0,0.0,0.0,0.0,0.0,0.0,0.0
few_shot_recovery.v1,7348dfe74423acef7b5da3c0b64c45c73978738038797d490717d2c04e42b7c5,manavgat_2021,mugla_2021,manavgat_2021_to_mugla_2021,burnable_tree_shrub_grass,e4ab8b85df0d3a0b15f7404050b10ea062dd164f474b7791324ffdec0daa4d49,c4ab107db2207f9f20775ccc0b3bf39381173fd07d4e82f6821ce7f40be7db8e,10,approximately_5_km,5,42,baseline,secondary,roc_auc,higher_is_better,1,10,0.4656065622633644,0.46703426349325916,0.6979859420145867,0.4656065622633644,0.46703426349325916,0.6979859420145867,0.0014277012298947733,0.23237937975122236,0.00614383785438804,interpretable,false,false,false,false,0.46703426349325916,0.46345824892967263,0.4715635646897528,0.462869192998867,0.4716678562167366,10,0.006143837854388039,-0.00924485354936248,0.02563481507165479,90.0,35.2,1.0,0.0,0.0
few_shot_recovery.v1,7348dfe74423acef7b5da3c0b64c45c73978738038797d490717d2c04e42b7c5,manavgat_2021,mugla_2021,manavgat_2021_to_mugla_2021,burnable_tree_shrub_grass,e4ab8b85df0d3a0b15f7404050b10ea062dd164f474b7791324ffdec0daa4d49,c4ab107db2207f9f20775ccc0b3bf39381173fd07d4e82f6821ce7f40be7db8e,10,approximately_5_km,5,42,baseline,secondary,roc_auc,higher_is_better,2,10,0.4656065622633644,0.4673218134362429,0.6979859420145867,0.4656065622633644,0.4673218134362429,0.6979859420145867,0.001715251172878518,0.23237937975122236,0.007381253770084114,interpretable,false,false,false,false,0.4673218134362429,0.4634228697227234,0.47171295991033224,0.4629657310201174,0.4723604052381004,10,0.007381253770084233,-0.009397101166974313,0.026277708691301117,175.6,68.8,2.0,0.0,0.0
few_shot_recovery.v1,7348dfe74423acef7b5da3c0b64c45c73978738038797d490717d2c04e42b7c5,manavgat_2021,mugla_2021,manavgat_2021_to_mugla_2021,burnable_tree_shrub_grass,e4ab8b85df0d3a0b15f7404050b10ea062dd164f474b7791324ffdec0daa4d49,c4ab107db2207f9f20775ccc0b3bf39381173fd07d4e82f6821ce7f40be7db8e,10,approximately_5_km,5,42,baseline,secondary,roc_auc,higher_is_better,4,10,0.4656065622633644,0.46933434667135276,0.6979859420145867,0.4656065622633644,0.46933434667135276,0.6979859420145867,0.003727784407988377,0.23237937975122236,0.016041803760640117,interpretable,false,false,false,false,0.46933434667135276,0.4629103521864357,0.4732971446134691,0.4625042706061353,0.4733355153575054,10,0.01604180376064024,-0.01160262188415832,0.03309494309838505,349.5,139.5,4.0,0.0,0.0
few_shot_recovery.v1,7348dfe74423acef7b5da3c0b64c45c73978738038797d490717d2c04e42b7c5,manavgat_2021,mugla_2021,manavgat_2021_to_mugla_2021,burnable_tree_shrub_grass,e4ab8b85df0d3a0b15f7404050b10ea062dd164f474b7791324ffdec0daa4d49,c4ab107db2207f9f20775ccc0b3bf39381173fd07d4e82f6821ce7f40be7db8e,10,approximately_5_km,5,42,baseline,secondary,roc_auc,higher_is_better,8,10,0.4656065622633644,0.4733588268693285,0.6979859420145867,0.4656065622633644,0.4733588268693285,0.6979859420145867,0.007752264605964121,0.23237937975122236,0.033360380831825256,interpretable,false,false,false,false,0.4733588268693285,0.4634502312695774,0.4798007504444009,0.4629908455956339,0.4807171563497102,10,0.03336038083182538,-0.009279356008676371,0.06108196087033353,688.3,277.7,8.0,0.0,0.0
few_shot_recovery.v1,7348dfe74423acef7b5da3c0b64c45c73978738038797d490717d2c04e42b7c5,manavgat_2021,mugla_2021,manavgat_2021_to_mugla_2021,burnable_tree_shrub_grass,e4ab8b85df0d3a0b15f7404050b10ea062dd164f474b7791324ffdec0daa4d49,c4ab107db2207f9f20775ccc0b3bf39381173fd07d4e82f6821ce7f40be7db8e,10,approximately_5_km,5,42,baseline,secondary,roc_auc,higher_is_better,16,10,0.4656065622633644,0.4798812206239443,0.6979859420145867,0.4656065622633644,0.4798812206239443,0.6979859420145867,0.014274658360579895,0.23237937975122236,0.06142824882251545,interpretable,false,false,false,false,0.4798812206239443,0.4677419442012361,0.48617805122115015,0.4669652537192912,0.4866067986394837,10,0.06142824882251545,0.009189205772722968,0.08852544911604854,1371.4,550.3,16.0,0.0,0.0
few_shot_recovery.v1,7348dfe74423acef7b5da3c0b64c45c73978738038797d490717d2c04e42b7c5,manavgat_2021,mugla_2021,manavgat_2021_to_mugla_2021,burnable_tree_shrub_grass,e4ab8b85df0d3a0b15f7404050b10ea062dd164f474b7791324ffdec0daa4d49,c4ab107db2207f9f20775ccc0b3bf39381173fd07d4e82f6821ce7f40be7db8e,10,approximately_5_km,5,42,baseline,secondary,roc_auc,higher_is_better,32,10,0.4656065622633644,0.4885016305315151,0.6979859420145867,0.4656065622633644,0.4885016305315151,0.6979859420145867,0.022895068268150687,0.23237937975122236,0.09852452611183224,interpretable,false,false,false,false,0.4885016305315151,0.4773692200514593,0.4929859098912923,0.4770640829367175,0.4930976332485971,10,0.09852452611183213,0.05061833713769108,0.11782176050749156,2738.8,1065.5,32.0,0.0,0.0
few_shot_recovery.v1,7348dfe74423acef7b5da3c0b64c45c73978738038797d490717d2c04e42b7c5,manavgat_2021,mugla_2021,manavgat_2021_to_mugla_2021,burnable_tree_shrub_grass,e4ab8b85df0d3a0b15f7404050b10ea062dd164f474b7791324ffdec0daa4d49,c4ab107db2207f9f20775ccc0b3bf39381173fd07d4e82f6821ce7f40be7db8e,10,approximately_5_km,5,42,thermal,primary,brier_score,lower_is_better_oriented_by_negation,0,1,0.233485003703307,0.233485003703307,0.0772666711161345,-0.233485003703307,-0.233485003703307,-0.0772666711161345,0.0,0.1562183325871725,0.0,interpretable,false,false,false,false,0.233485003703307,0.233485003703307,0.233485003703307,0.233485003703307,0.233485003703307,1,0.0,0.0,0.0,0.0,0.0,0.0,0.0,0.0
few_shot_recovery.v1,7348dfe74423acef7b5da3c0b64c45c73978738038797d490717d2c04e42b7c5,manavgat_2021,mugla_2021,manavgat_2021_to_mugla_2021,burnable_tree_shrub_grass,e4ab8b85df0d3a0b15f7404050b10ea062dd164f474b7791324ffdec0daa4d49,c4ab107db2207f9f20775ccc0b3bf39381173fd07d4e82f6821ce7f40be7db8e,10,approximately_5_km,5,42,thermal,primary,brier_score,lower_is_better_oriented_by_negation,1,10,0.233485003703307,0.2350563145922948,0.0772666711161345,-0.233485003703307,-0.2350563145922948,-0.0772666711161345,-0.0015713108889878202,0.1562183325871725,-0.010058428245679821,interpretable,false,false,true,false,0.2350563145922948,0.2317712854048879,0.24005221217583617,0.2316121991689426,0.2404879674729944,10,-0.010058428245679731,-0.04203865425886917,0.010970020419740587,90.0,35.2,1.0,0.0,0.0
few_shot_recovery.v1,7348dfe74423acef7b5da3c0b64c45c73978738038797d490717d2c04e42b7c5,manavgat_2021,mugla_2021,manavgat_2021_to_mugla_2021,burnable_tree_shrub_grass,e4ab8b85df0d3a0b15f7404050b10ea062dd164f474b7791324ffdec0daa4d49,c4ab107db2207f9f20775ccc0b3bf39381173fd07d4e82f6821ce7f40be7db8e,10,approximately_5_km,5,42,thermal,primary,brier_score,lower_is_better_oriented_by_negation,2,10,0.233485003703307,0.23730488654202295,0.0772666711161345,-0.233485003703307,-0.23730488654202295,-0.0772666711161345,-0.0038198828387159545,0.1562183325871725,-0.0244522059316207,interpretable,false,false,true,false,0.23730488654202295,0.23073748262319982,0.24751913584160226,0.2299149731727721,0.2488130386952497,10,-0.024452205931620702,-0.08983665300910813,0.01758769943709392,175.6,68.8,2.0,0.0,0.0
few_shot_recovery.v1,7348dfe74423acef7b5da3c0b64c45c73978738038797d490717d2c04e42b7c5,manavgat_2021,mugla_2021,manavgat_2021_to_mugla_2021,burnable_tree_shrub_grass,e4ab8b85df0d3a0b15f7404050b10ea062dd164f474b7791324ffdec0daa4d49,c4ab107db2207f9f20775ccc0b3bf39381173fd07d4e82f6821ce7f40be7db8e,10,approximately_5_km,5,42,thermal,primary,brier_score,lower_is_better_oriented_by_negation,4,10,0.233485003703307,0.2410651510930204,0.0772666711161345,-0.233485003703307,-0.2410651510930204,-0.0772666711161345,-0.00758014738971341,0.1562183325871725,-0.04852277747545128,interpretable,false,false,true,false,0.2410651510930204,0.23711701439998806,0.2521557397251146,0.2365795869737686,0.2524396237949519,10,-0.04852277747545128,-0.11951693320877727,-0.023249580484763718,349.5,139.5,4.0,0.0,0.0
few_shot_recovery.v1,7348dfe74423acef7b5da3c0b64c45c73978738038797d490717d2c04e42b7c5,manavgat_2021,mugla_2021,manavgat_2021_to_mugla_2021,burnable_tree_shrub_grass,e4ab8b85df0d3a0b15f7404050b10ea062dd164f474b7791324ffdec0daa4d49,c4ab107db2207f9f20775ccc0b3bf39381173fd07d4e82f6821ce7f40be7db8e,10,approximately_5_km,5,42,thermal,primary,brier_score,lower_is_better_oriented_by_negation,8,10,0.233485003703307,0.2498656693018031,0.0772666711161345,-0.233485003703307,-0.2498656693018031,-0.0772666711161345,-0.016380665598496102,0.1562183325871725,-0.10485751145343593,interpretable,false,false,true,false,0.2498656693018031,0.24150973298196404,0.26336353481053026,0.2411331976887435,0.2642474836866716,10,-0.10485751145343593,-0.19126136230234417,-0.05136867834752436,688.3,277.7,8.0,0.0,0.0
few_shot_recovery.v1,7348dfe74423acef7b5da3c0b64c45c73978738038797d490717d2c04e42b7c5,manavgat_2021,mugla_2021,manavgat_2021_to_mugla_2021,burnable_tree_shrub_grass,e4ab8b85df0d3a0b15f7404050b10ea062dd164f474b7791324ffdec0daa4d49,c4ab107db2207f9f20775ccc0b3bf39381173fd07d4e82f6821ce7f40be7db8e,10,approximately_5_km,5,42,thermal,primary,brier_score,lower_is_better_oriented_by_negation,16,10,0.233485003703307,0.2588306549670755,0.0772666711161345,-0.233485003703307,-0.2588306549670755,-0.0772666711161345,-0.02534565126376853,0.1562183325871725,-0.16224505052648175,interpretable,false,false,true,false,0.2588306549670755,0.24608663410740586,0.27012514877219085,0.2448960328623274,0.2710230432565596,10,-0.16224505052648175,-0.23454446390559205,-0.08066678343956177,1371.4,550.3,16.0,0.0,0.0
few_shot_recovery.v1,7348dfe74423acef7b5da3c0b64c45c73978738038797d490717d2c04e42b7c5,manavgat_2021,mugla_2021,manavgat_2021_to_mugla_2021,burnable_tree_shrub_grass,e4ab8b85df0d3a0b15f7404050b10ea062dd164f474b7791324ffdec0daa4d49,c4ab107db2207f9f20775ccc0b3bf39381173fd07d4e82f6821ce7f40be7db8e,10,approximately_5_km,5,42,thermal,primary,brier_score,lower_is_better_oriented_by_negation,32,10,0.233485003703307,0.2600840869309097,0.0772666711161345,-0.233485003703307,-0.2600840869309097,-0.0772666711161345,-0.026599083227602682,0.1562183325871725,-0.1702686412477226,interpretable,false,false,true,false,0.2600840869309097,0.25378647954486144,0.2688571538674292,0.2531367948934011,0.2699940614550258,10,-0.17026864124772256,-0.2264276514690357,-0.1299557837120422,2738.8,1065.5,32.0,0.0,0.0
few_shot_recovery.v1,7348dfe74423acef7b5da3c0b64c45c73978738038797d490717d2c04e42b7c5,manavgat_2021,mugla_2021,manavgat_2021_to_mugla_2021,burnable_tree_shrub_grass,e4ab8b85df0d3a0b15f7404050b10ea062dd164f474b7791324ffdec0daa4d49,c4ab107db2207f9f20775ccc0b3bf39381173fd07d4e82f6821ce7f40be7db8e,10,approximately_5_km,5,42,thermal,primary,pr_auc,higher_is_better,0,1,0.0595168689240478,0.0595168689240478,0.301925915788068,0.0595168689240478,0.0595168689240478,0.301925915788068,0.0,0.2424090468640202,0.0,interpretable,false,false,false,false,0.0595168689240478,0.0595168689240478,0.0595168689240478,0.0595168689240478,0.0595168689240478,1,0.0,0.0,0.0,0.0,0.0,0.0,0.0,0.0
few_shot_recovery.v1,7348dfe74423acef7b5da3c0b64c45c73978738038797d490717d2c04e42b7c5,manavgat_2021,mugla_2021,manavgat_2021_to_mugla_2021,burnable_tree_shrub_grass,e4ab8b85df0d3a0b15f7404050b10ea062dd164f474b7791324ffdec0daa4d49,c4ab107db2207f9f20775ccc0b3bf39381173fd07d4e82f6821ce7f40be7db8e,10,approximately_5_km,5,42,thermal,primary,pr_auc,higher_is_better,1,10,0.0595168689240478,0.060732892548582745,0.301925915788068,0.0595168689240478,0.060732892548582745,0.301925915788068,0.0012160236245349482,0.2424090468640202,0.005016411888361076,interpretable,false,false,false,false,0.060732892548582745,0.05969655327865889,0.06292719038019066,0.0596911806872874,0.0633151130427452,10,0.0050164118883610906,0.0007412444252210086,0.014068457841245078,90.0,35.2,1.0,0.0,0.0
few_shot_recovery.v1,7348dfe74423acef7b5da3c0b64c45c73978738038797d490717d2c04e42b7c5,manavgat_2021,mugla_2021,manavgat_2021_to_mugla_2021,burnable_tree_shrub_grass,e4ab8b85df0d3a0b15f7404050b10ea062dd164f474b7791324ffdec0daa4d49,c4ab107db2207f9f20775ccc0b3bf39381173fd07d4e82f6821ce7f40be7db8e,10,approximately_5_km,5,42,thermal,primary,pr_auc,higher_is_better,2,10,0.0595168689240478,0.0613567112531575,0.301925915788068,0.0595168689240478,0.0613567112531575,0.301925915788068,0.001839842329109706,0.2424090468640202,0.007589825350626327,interpretable,false,false,false,false,0.0613567112531575,0.060090994062153125,0.06434282890192611,0.0600113494081016,0.0646125981168171,10,0.007589825350626313,0.0023684146509077466,0.01990833279661154,175.6,68.8,2.0,0.0,0.0
few_shot_recovery.v1,7348dfe74423acef7b5da3c0b64c45c73978738038797d490717d2c04e42b7c5,manavgat_2021,mugla_2021,manavgat_2021_to_mugla_2021,burnable_tree_shrub_grass,e4ab8b85df0d3a0b15f7404050b10ea062dd164f474b7791324ffdec0daa4d49,c4ab107db2207f9f20775ccc0b3bf39381173fd07d4e82f6821ce7f40be7db8e,10,approximately_5_km,5,42,thermal,primary,pr_auc,higher_is_better,4,10,0.0595168689240478,0.06394896873615749,0.301925915788068,0.0595168689240478,0.06394896873615749,0.301925915788068,0.004432099812109694,0.2424090468640202,0.018283557769178015,interpretable,false,false,false,false,0.06394896873615749,0.06103656782738994,0.06666165521407427,0.0607135980534598,0.0667394295069411,10,0.018283557769178043,0.006269150937236361,0.02947409093206968,349.5,139.5,4.0,0.0,0.0
few_shot_recovery.v1,7348dfe74423acef7b5da3c0b64c45c73978738038797d490717d2c04e42b7c5,manavgat_2021,mugla_2021,manavgat_2021_to_mugla_2021,burnable_tree_shrub_grass,e4ab8b85df0d3a0b15f7404050b10ea062dd164f474b7791324ffdec0daa4d49,c4ab107db2207f9f20775ccc0b3bf39381173fd07d4e82f6821ce7f40be7db8e,10,approximately_5_km,5,42,thermal,primary,pr_auc,higher_is_better,8,10,0.0595168689240478,0.06875261306248605,0.301925915788068,0.0595168689240478,0.06875261306248605,0.301925915788068,0.009235744138438251,0.2424090468640202,0.03809983273280662,interpretable,false,false,false,false,0.06875261306248605,0.06441017614855149,0.07384936337267665,0.0641823538133188,0.0744372595468844,10,0.03809983273280662,0.020186157603468508,0.059125245670672885,688.3,277.7,8.0,0.0,0.0
few_shot_recovery.v1,7348dfe74423acef7b5da3c0b64c45c73978738038797d490717d2c04e42b7c5,manavgat_2021,mugla_2021,manavgat_2021_to_mugla_2021,burnable_tree_shrub_grass,e4ab8b85df0d3a0b15f7404050b10ea062dd164f474b7791324ffdec0daa4d49,c4ab107db2207f9f20775ccc0b3bf39381173fd07d4e82f6821ce7f40be7db8e,10,approximately_5_km,5,42,thermal,primary,pr_auc,higher_is_better,16,10,0.0595168689240478,0.0781054389337868,0.301925915788068,0.0595168689240478,0.0781054389337868,0.301925915788068,0.018588570009739,0.2424090468640202,0.0766826578884504,interpretable,false,false,false,false,0.0781054389337868,0.06993136111738811,0.0835604977768489,0.069345902998627,0.0841992075110775,10,0.07668265788845038,0.042962473257783726,0.09918618617517364,1371.4,550.3,16.0,0.0,0.0
few_shot_recovery.v1,7348dfe74423acef7b5da3c0b64c45c73978738038797d490717d2c04e42b7c5,manavgat_2021,mugla_2021,manavgat_2021_to_mugla_2021,burnable_tree_shrub_grass,e4ab8b85df0d3a0b15f7404050b10ea062dd164f474b7791324ffdec0daa4d49,c4ab107db2207f9f20775ccc0b3bf39381173fd07d4e82f6821ce7f40be7db8e,10,approximately_5_km,5,42,thermal,primary,pr_auc,higher_is_better,32,10,0.0595168689240478,0.090958558642548,0.301925915788068,0.0595168689240478,0.090958558642548,0.301925915788068,0.0314416897185002,0.2424090468640202,0.1297051002231673,interpretable,false,false,false,false,0.090958558642548,0.08201223750142773,0.09619049408180112,0.0813178661717695,0.0970544065731325,10,0.12970510022316728,0.0927992121927642,0.15128818677433875,2738.8,1065.5,32.0,0.0,0.0
few_shot_recovery.v1,7348dfe74423acef7b5da3c0b64c45c73978738038797d490717d2c04e42b7c5,manavgat_2021,mugla_2021,manavgat_2021_to_mugla_2021,burnable_tree_shrub_grass,e4ab8b85df0d3a0b15f7404050b10ea062dd164f474b7791324ffdec0daa4d49,c4ab107db2207f9f20775ccc0b3bf39381173fd07d4e82f6821ce7f40be7db8e,10,approximately_5_km,5,42,thermal,primary,roc_auc,higher_is_better,0,1,0.4376617829318566,0.4376617829318566,0.7773268638729566,0.4376617829318566,0.4376617829318566,0.7773268638729566,0.0,0.3396650809411,0.0,interpretable,false,false,false,false,0.4376617829318566,0.4376617829318566,0.4376617829318566,0.4376617829318566,0.4376617829318566,1,0.0,0.0,0.0,0.0,0.0,0.0,0.0,0.0
few_shot_recovery.v1,7348dfe74423acef7b5da3c0b64c45c73978738038797d490717d2c04e42b7c5,manavgat_2021,mugla_2021,manavgat_2021_to_mugla_2021,burnable_tree_shrub_grass,e4ab8b85df0d3a0b15f7404050b10ea062dd164f474b7791324ffdec0daa4d49,c4ab107db2207f9f20775ccc0b3bf39381173fd07d4e82f6821ce7f40be7db8e,10,approximately_5_km,5,42,thermal,primary,roc_auc,higher_is_better,1,10,0.4376617829318566,0.4465364226078294,0.7773268638729566,0.4376617829318566,0.4465364226078294,0.7773268638729566,0.008874639675972795,0.3396650809411,0.026127618568809293,interpretable,false,false,false,false,0.4465364226078294,0.44040937103218136,0.4594066477776977,0.4399343511367562,0.4597581360185057,10,0.026127618568809293,0.008089109698035822,0.06401854669780377,90.0,35.2,1.0,0.0,0.0
few_shot_recovery.v1,7348dfe74423acef7b5da3c0b64c45c73978738038797d490717d2c04e42b7c5,manavgat_2021,mugla_2021,manavgat_2021_to_mugla_2021,burnable_tree_shrub_grass,e4ab8b85df0d3a0b15f7404050b10ea062dd164f474b7791324ffdec0daa4d49,c4ab107db2207f9f20775ccc0b3bf39381173fd07d4e82f6821ce7f40be7db8e,10,approximately_5_km,5,42,thermal,primary,roc_auc,higher_is_better,2,10,0.4376617829318566,0.4531039814487002,0.7773268638729566,0.4376617829318566,0.4531039814487002,0.7773268638729566,0.015442198516843586,0.3396650809411,0.04546301454968036,interpretable,false,false,false,false,0.4531039814487002,0.4427574941322555,0.4681176693790733,0.4422294100723377,0.4688130378168429,10,0.04546301454968036,0.01500216385587942,0.08966446112986792,175.6,68.8,2.0,0.0,0.0
few_shot_recovery.v1,7348dfe74423acef7b5da3c0b64c45c73978738038797d490717d2c04e42b7c5,manavgat_2021,mugla_2021,manavgat_2021_to_mugla_2021,burnable_tree_shrub_grass,e4ab8b85df0d3a0b15f7404050b10ea062dd164f474b7791324ffdec0daa4d49,c4ab107db2207f9f20775ccc0b3bf39381173fd07d4e82f6821ce7f40be7db8e,10,approximately_5_km,5,42,thermal,primary,roc_auc,higher_is_better,4,10,0.4376617829318566,0.46793426439501234,0.7773268638729566,0.4376617829318566,0.46793426439501234,0.7773268638729566,0.030272481463155754,0.3396650809411,0.08912450281695335,interpretable,false,false,false,false,0.46793426439501234,0.4451129836877646,0.4813356806464559,0.4415125650442506,0.4824054301499806,10,0.08912450281695336,0.021936905422433137,0.1285792981533259,349.5,139.5,4.0,0.0,0.0
few_shot_recovery.v1,7348dfe74423acef7b5da3c0b64c45c73978738038797d490717d2c04e42b7c5,manavgat_2021,mugla_2021,manavgat_2021_to_mugla_2021,burnable_tree_shrub_grass,e4ab8b85df0d3a0b15f7404050b10ea062dd164f474b7791324ffdec0daa4d49,c4ab107db2207f9f20775ccc0b3bf39381173fd07d4e82f6821ce7f40be7db8e,10,approximately_5_km,5,42,thermal,primary,roc_auc,higher_is_better,8,10,0.4376617829318566,0.4898759389526084,0.7773268638729566,0.4376617829318566,0.4898759389526084,0.7773268638729566,0.0522141560207518,0.3396650809411,0.15372247237214842,interpretable,false,false,false,false,0.4898759389526084,0.4669091882833798,0.5046259930865539,0.4666597903938236,0.5046749923932836,10,0.15372247237214842,0.08610660027368214,0.19714776087421615,688.3,277.7,8.0,0.0,0.0
few_shot_recovery.v1,7348dfe74423acef7b5da3c0b64c45c73978738038797d490717d2c04e42b7c5,manavgat_2021,mugla_2021,manavgat_2021_to_mugla_2021,burnable_tree_shrub_grass,e4ab8b85df0d3a0b15f7404050b10ea062dd164f474b7791324ffdec0daa4d49,c4ab107db2207f9f20775ccc0b3bf39381173fd07d4e82f6821ce7f40be7db8e,10,approximately_5_km,5,42,thermal,primary,roc_auc,higher_is_better,16,10,0.4376617829318566,0.532127517637746,0.7773268638729566,0.4376617829318566,0.532127517637746,0.7773268638729566,0.09446573470588943,0.3396650809411,0.2781143544227626,interpretable,false,false,false,false,0.532127517637746,0.4983891957715586,0.5682189639487171,0.4972621440189227,0.5728574056967379,10,0.2781143544227628,0.17878615214565582,0.38437033519939584,1371.4,550.3,16.0,0.0,0.0
few_shot_recovery.v1,7348dfe74423acef7b5da3c0b64c45c73978738038797d490717d2c04e42b7c5,manavgat_2021,mugla_2021,manavgat_2021_to_mugla_2021,burnable_tree_shrub_grass,e4ab8b85df0d3a0b15f7404050b10ea062dd164f474b7791324ffdec0daa4d49,c4ab107db2207f9f20775ccc0b3bf39381173fd07d4e82f6821ce7f40be7db8e,10,approximately_5_km,5,42,thermal,primary,roc_auc,higher_is_better,32,10,0.4376617829318566,0.5706466504974699,0.7773268638729566,0.4376617829318566,0.5706466504974699,0.7773268638729566,0.13298486756561329,0.3396650809411,0.39151763024081265,interpretable,false,false,false,false,0.5706466504974699,0.5568440012477996,0.590963931920952,0.5551723640839304,0.5919858628479225,10,0.3915176302408128,0.35088157424286437,0.45133326206022023,2738.8,1065.5,32.0,0.0,0.0
few_shot_recovery.v1,7348dfe74423acef7b5da3c0b64c45c73978738038797d490717d2c04e42b7c5,mugla_2021,bejis_2022,mugla_2021_to_bejis_2022,burnable_tree_shrub_grass,c4ab107db2207f9f20775ccc0b3bf39381173fd07d4e82f6821ce7f40be7db8e,3dec785a7d8e31db2d67ed283546bbfbca1559f56df46663488d0afc24d9e393,10,approximately_5_km,5,42,baseline,secondary,brier_score,lower_is_better_oriented_by_negation,0,1,0.1309666514126394,0.1309666514126394,0.1053875824204019,-0.1309666514126394,-0.1309666514126394,-0.1053875824204019,0.0,0.02557906899223751,0.0,interpretable,false,false,false,false,0.1309666514126394,0.1309666514126394,0.1309666514126394,0.1309666514126394,0.1309666514126394,1,0.0,0.0,0.0,0.0,0.0,0.0,0.0,0.0
few_shot_recovery.v1,7348dfe74423acef7b5da3c0b64c45c73978738038797d490717d2c04e42b7c5,mugla_2021,bejis_2022,mugla_2021_to_bejis_2022,burnable_tree_shrub_grass,c4ab107db2207f9f20775ccc0b3bf39381173fd07d4e82f6821ce7f40be7db8e,3dec785a7d8e31db2d67ed283546bbfbca1559f56df46663488d0afc24d9e393,10,approximately_5_km,5,42,baseline,secondary,brier_score,lower_is_better_oriented_by_negation,1,10,0.1309666514126394,0.14520548246837295,0.1053875824204019,-0.1309666514126394,-0.14520548246837295,-0.1053875824204019,-0.014238831055733536,0.02557906899223751,-0.5566594726357945,interpretable,false,false,true,false,0.14520548246837295,0.142888965821752,0.15847731064918685,0.142659575135837,0.1604776136126988,10,-0.5566594726357945,-1.0755144858828176,-0.46609649525284397,98.3,53.0,1.0,0.0,0.0
few_shot_recovery.v1,7348dfe74423acef7b5da3c0b64c45c73978738038797d490717d2c04e42b7c5,mugla_2021,bejis_2022,mugla_2021_to_bejis_2022,burnable_tree_shrub_grass,c4ab107db2207f9f20775ccc0b3bf39381173fd07d4e82f6821ce7f40be7db8e,3dec785a7d8e31db2d67ed283546bbfbca1559f56df46663488d0afc24d9e393,10,approximately_5_km,5,42,baseline,secondary,brier_score,lower_is_better_oriented_by_negation,2,10,0.1309666514126394,0.16006771524482766,0.1053875824204019,-0.1309666514126394,-0.16006771524482766,-0.1053875824204019,-0.029101063832188245,0.02557906899223751,-1.1376905015979883,interpretable,false,false,true,false,0.16006771524482766,0.15067021132925523,0.16358157973044915,0.1499398127660864,0.1636675455220939,10,-1.1376905015979883,-1.2750631513487614,-0.7703001200941002,197.2,102.8,2.0,0.0,0.0
few_shot_recovery.v1,7348dfe74423acef7b5da3c0b64c45c73978738038797d490717d2c04e42b7c5,mugla_2021,bejis_2022,mugla_2021_to_bejis_2022,burnable_tree_shrub_grass,c4ab107db2207f9f20775ccc0b3bf39381173fd07d4e82f6821ce7f40be7db8e,3dec785a7d8e31db2d67ed283546bbfbca1559f56df46663488d0afc24d9e393,10,approximately_5_km,5,42,baseline,secondary,brier_score,lower_is_better_oriented_by_negation,4,10,0.1309666514126394,0.1696137093495253,0.1053875824204019,-0.1309666514126394,-0.1696137093495253,-0.1053875824204019,-0.03864705793688589,0.02557906899223751,-1.5108860275021785,interpretable,false,false,true,false,0.1696137093495253,0.16240946808901635,0.1799498526189388,0.1615262480400451,0.1806488067881782,10,-1.5108860275021785,-1.9149720117321054,-1.2292400746062693,394.4,191.6,4.0,0.0,0.0
few_shot_recovery.v1,7348dfe74423acef7b5da3c0b64c45c73978738038797d490717d2c04e42b7c5,mugla_2021,bejis_2022,mugla_2021_to_bejis_2022,burnable_tree_shrub_grass,c4ab107db2207f9f20775ccc0b3bf39381173fd07d4e82f6821ce7f40be7db8e,3dec785a7d8e31db2d67ed283546bbfbca1559f56df46663488d0afc24d9e393,10,approximately_5_km,5,42,baseline,secondary,brier_score,lower_is_better_oriented_by_negation,8,10,0.1309666514126394,0.1871697132827854,0.1053875824204019,-0.1309666514126394,-0.1871697132827854,-0.1053875824204019,-0.05620306187014598,0.02557906899223751,-2.1972285968344645,interpretable,false,false,true,false,0.1871697132827854,0.18215420921755981,0.19045709412268846,0.1817507117166611,0.1908163002480759,10,-2.1972285968344645,-2.3257469897791294,-2.0011501521206383,787.9,383.6,8.0,0.0,0.0
few_shot_recovery.v1,7348dfe74423acef7b5da3c0b64c45c73978738038797d490717d2c04e42b7c5,mugla_2021,bejis_2022,mugla_2021_to_bejis_2022,burnable_tree_shrub_grass,c4ab107db2207f9f20775ccc0b3bf39381173fd07d4e82f6821ce7f40be7db8e,3dec785a7d8e31db2d67ed283546bbfbca1559f56df46663488d0afc24d9e393,10,approximately_5_km,5,42,baseline,secondary,brier_score,lower_is_better_oriented_by_negation,16,10,0.1309666514126394,0.20049373660492195,0.1053875824204019,-0.1309666514126394,-0.20049373660492195,-0.1053875824204019,-0.06952708519228254,0.02557906899223751,-2.718124151171489,interpretable,false,false,true,false,0.20049373660492195,0.19760320806905654,0.2033397683354495,0.1972143196557047,0.2035457350231215,10,-2.718124151171489,-2.829388237107973,-2.6051204864664674,1572.6,860.0,12.0,3.0,1.0
few_shot_recovery.v1,7348dfe74423acef7b5da3c0b64c45c73978738038797d490717d2c04e42b7c5,mugla_2021,bejis_2022,mugla_2021_to_bejis_2022,burnable_tree_shrub_grass,c4ab107db2207f9f20775ccc0b3bf39381173fd07d4e82f6821ce7f40be7db8e,3dec785a7d8e31db2d67ed283546bbfbca1559f56df46663488d0afc24d9e393,10,approximately_5_km,5,42,baseline,secondary,brier_score,lower_is_better_oriented_by_negation,32,10,0.1309666514126394,0.17628972884574678,0.1053875824204019,-0.1309666514126394,-0.17628972884574678,-0.1053875824204019,-0.04532307743310737,0.02557906899223751,-1.771881433482258,interpretable,false,false,true,false,0.17628972884574678,0.17345560725143444,0.18012698180846695,0.1731910010646327,0.1805463788243136,10,-1.7718814334822584,-1.9218967825117577,-1.66108296794106,2965.7,880.0,12.0,3.0,17.0
few_shot_recovery.v1,7348dfe74423acef7b5da3c0b64c45c73978738038797d490717d2c04e42b7c5,mugla_2021,bejis_2022,mugla_2021_to_bejis_2022,burnable_tree_shrub_grass,c4ab107db2207f9f20775ccc0b3bf39381173fd07d4e82f6821ce7f40be7db8e,3dec785a7d8e31db2d67ed283546bbfbca1559f56df46663488d0afc24d9e393,10,approximately_5_km,5,42,baseline,secondary,pr_auc,higher_is_better,0,1,0.0641658658878618,0.0641658658878618,0.1898914005576024,0.0641658658878618,0.0641658658878618,0.1898914005576024,0.0,0.1257255346697406,0.0,interpretable,false,false,false,false,0.0641658658878618,0.0641658658878618,0.0641658658878618,0.0641658658878618,0.0641658658878618,1,0.0,0.0,0.0,0.0,0.0,0.0,0.0,0.0
few_shot_recovery.v1,7348dfe74423acef7b5da3c0b64c45c73978738038797d490717d2c04e42b7c5,mugla_2021,bejis_2022,mugla_2021_to_bejis_2022,burnable_tree_shrub_grass,c4ab107db2207f9f20775ccc0b3bf39381173fd07d4e82f6821ce7f40be7db8e,3dec785a7d8e31db2d67ed283546bbfbca1559f56df46663488d0afc24d9e393,10,approximately_5_km,5,42,baseline,secondary,pr_auc,higher_is_better,1,10,0.0641658658878618,0.09878635509378081,0.1898914005576024,0.0641658658878618,0.09878635509378081,0.1898914005576024,0.03462048920591901,0.1257255346697406,0.2753656152416539,interpretable,false,false,false,false,0.09878635509378081,0.07576399665898514,0.15286213207816185,0.0738627185970978,0.1556932570648837,10,0.2753656152416538,0.0922496038818975,0.7054753548934187,98.3,53.0,1.0,0.0,0.0
few_shot_recovery.v1,7348dfe74423acef7b5da3c0b64c45c73978738038797d490717d2c04e42b7c5,mugla_2021,bejis_2022,mugla_2021_to_bejis_2022,burnable_tree_shrub_grass,c4ab107db2207f9f20775ccc0b3bf39381173fd07d4e82f6821ce7f40be7db8e,3dec785a7d8e31db2d67ed283546bbfbca1559f56df46663488d0afc24d9e393,10,approximately_5_km,5,42,baseline,secondary,pr_auc,higher_is_better,2,10,0.0641658658878618,0.13376609519500685,0.1898914005576024,0.0641658658878618,0.13376609519500685,0.1898914005576024,0.06960022930714505,0.1257255346697406,0.553588652376567,interpretable,false,false,false,false,0.13376609519500685,0.10298850074949231,0.1691706689306265,0.1008251004936944,0.1699773720266533,10,0.553588652376567,0.3087887831506218,0.8351907456078377,197.2,102.8,2.0,0.0,0.0
few_shot_recovery.v1,7348dfe74423acef7b5da3c0b64c45c73978738038797d490717d2c04e42b7c5,mugla_2021,bejis_2022,mugla_2021_to_bejis_2022,burnable_tree_shrub_grass,c4ab107db2207f9f20775ccc0b3bf39381173fd07d4e82f6821ce7f40be7db8e,3dec785a7d8e31db2d67ed283546bbfbca1559f56df46663488d0afc24d9e393,10,approximately_5_km,5,42,baseline,secondary,pr_auc,higher_is_better,4,10,0.0641658658878618,0.15646572484752147,0.1898914005576024,0.0641658658878618,0.15646572484752147,0.1898914005576024,0.09229985895965967,0.1257255346697406,0.7341377326580122,interpretable,false,false,false,false,0.15646572484752147,0.131772387786771,0.18586964453364135,0.1307759196226925,0.1890443074967298,10,0.7341377326580121,0.5377310351194762,0.9680116212309177,394.4,191.6,4.0,0.0,0.0
few_shot_recovery.v1,7348dfe74423acef7b5da3c0b64c45c73978738038797d490717d2c04e42b7c5,mugla_2021,bejis_2022,mugla_2021_to_bejis_2022,burnable_tree_shrub_grass,c4ab107db2207f9f20775ccc0b3bf39381173fd07d4e82f6821ce7f40be7db8e,3dec785a7d8e31db2d67ed283546bbfbca1559f56df46663488d0afc24d9e393,10,approximately_5_km,5,42,baseline,secondary,pr_auc,higher_is_better,8,10,0.0641658658878618,0.1699133906242356,0.1898914005576024,0.0641658658878618,0.1699133906242356,0.1898914005576024,0.1057475247363738,0.1257255346697406,0.8410982304760477,interpretable,false,false,false,false,0.1699133906242356,0.1509493543381531,0.1884845049174108,0.1491323537195873,0.1893360516255477,10,0.8410982304760477,0.690261438762274,0.988809785984309,787.9,383.6,8.0,0.0,0.0
few_shot_recovery.v1,7348dfe74423acef7b5da3c0b64c45c73978738038797d490717d2c04e42b7c5,mugla_2021,bejis_2022,mugla_2021_to_bejis_2022,burnable_tree_shrub_grass,c4ab107db2207f9f20775ccc0b3bf39381173fd07d4e82f6821ce7f40be7db8e,3dec785a7d8e31db2d67ed283546bbfbca1559f56df46663488d0afc24d9e393,10,approximately_5_km,5,42,baseline,secondary,pr_auc,higher_is_better,16,10,0.0641658658878618,0.19683360594475696,0.1898914005576024,0.0641658658878618,0.19683360594475696,0.1898914005576024,0.13266774005689516,0.1257255346697406,1.0552171474584742,interpretable,false,false,false,true,0.19683360594475696,0.19241243707696246,0.2004208465837876,0.192110201347087,0.2010585591873973,10,1.055217147458474,1.0200519053347628,1.083749463097089,1572.6,860.0,12.0,3.0,1.0
few_shot_recovery.v1,7348dfe74423acef7b5da3c0b64c45c73978738038797d490717d2c04e42b7c5,mugla_2021,bejis_2022,mugla_2021_to_bejis_2022,burnable_tree_shrub_grass,c4ab107db2207f9f20775ccc0b3bf39381173fd07d4e82f6821ce7f40be7db8e,3dec785a7d8e31db2d67ed283546bbfbca1559f56df46663488d0afc24d9e393,10,approximately_5_km,5,42,baseline,secondary,pr_auc,higher_is_better,32,10,0.0641658658878618,0.19505269843844575,0.1898914005576024,0.0641658658878618,0.19505269843844575,0.1898914005576024,0.13088683255058395,0.1257255346697406,1.0410521052417967,interpretable,false,false,false,true,0.19505269843844575,0.18068929461939837,0.20048182124577804,0.1806440599321884,0.2014955806327045,10,1.0410521052417967,0.9268079792829962,1.0842344454210904,2965.7,880.0,12.0,3.0,17.0
few_shot_recovery.v1,7348dfe74423acef7b5da3c0b64c45c73978738038797d490717d2c04e42b7c5,mugla_2021,bejis_2022,mugla_2021_to_bejis_2022,burnable_tree_shrub_grass,c4ab107db2207f9f20775ccc0b3bf39381173fd07d4e82f6821ce7f40be7db8e,3dec785a7d8e31db2d67ed283546bbfbca1559f56df46663488d0afc24d9e393,10,approximately_5_km,5,42,baseline,secondary,roc_auc,higher_is_better,0,1,0.4507383379572875,0.4507383379572875,0.7793700238725079,0.4507383379572875,0.4507383379572875,0.7793700238725079,0.0,0.32863168591522035,0.0,interpretable,false,false,false,false,0.4507383379572875,0.4507383379572875,0.4507383379572875,0.4507383379572875,0.4507383379572875,1,0.0,0.0,0.0,0.0,0.0,0.0,0.0,0.0
few_shot_recovery.v1,7348dfe74423acef7b5da3c0b64c45c73978738038797d490717d2c04e42b7c5,mugla_2021,bejis_2022,mugla_2021_to_bejis_2022,burnable_tree_shrub_grass,c4ab107db2207f9f20775ccc0b3bf39381173fd07d4e82f6821ce7f40be7db8e,3dec785a7d8e31db2d67ed283546bbfbca1559f56df46663488d0afc24d9e393,10,approximately_5_km,5,42,baseline,secondary,roc_auc,higher_is_better,1,10,0.4507383379572875,0.5669143654429318,0.7793700238725079,0.4507383379572875,0.5669143654429318,0.7793700238725079,0.11617602748564432,0.32863168591522035,0.35351438240686,interpretable,false,false,false,false,0.5669143654429318,0.5341989805793922,0.6273066310729725,0.526790631653655,0.6301030389057358,10,0.35351438240685984,0.25396407650002334,0.537283228255828,98.3,53.0,1.0,0.0,0.0
few_shot_recovery.v1,7348dfe74423acef7b5da3c0b64c45c73978738038797d490717d2c04e42b7c5,mugla_2021,bejis_2022,mugla_2021_to_bejis_2022,burnable_tree_shrub_grass,c4ab107db2207f9f20775ccc0b3bf39381173fd07d4e82f6821ce7f40be7db8e,3dec785a7d8e31db2d67ed283546bbfbca1559f56df46663488d0afc24d9e393,10,approximately_5_km,5,42,baseline,secondary,roc_auc,higher_is_better,2,10,0.4507383379572875,0.6597027872765986,0.7793700238725079,0.4507383379572875,0.6597027872765986,0.7793700238725079,0.20896444931931107,0.32863168591522035,0.6358621468205572,interpretable,false,false,false,false,0.6597027872765986,0.6024920333569909,0.6905477304987419,0.5989816762371767,0.6950721336860443,10,0.635862146820557,0.4617743872660301,0.7297208480478654,197.2,102.8,2.0,0.0,0.0
few_shot_recovery.v1,7348dfe74423acef7b5da3c0b64c45c73978738038797d490717d2c04e42b7c5,mugla_2021,bejis_2022,mugla_2021_to_bejis_2022,burnable_tree_shrub_grass,c4ab107db2207f9f20775ccc0b3bf39381173fd07d4e82f6821ce7f40be7db8e,3dec785a7d8e31db2d67ed283546bbfbca1559f56df46663488d0afc24d9e393,10,approximately_5_km,5,42,baseline,secondary,roc_auc,higher_is_better,4,10,0.4507383379572875,0.6798490225175817,0.7793700238725079,0.4507383379572875,0.6798490225175817,0.7793700238725079,0.2291106845602942,0.32863168591522035,0.6971655332693624,interpretable,false,false,false,false,0.6798490225175817,0.6630083376346861,0.7249673543454417,0.6624078972836958,0.730254919672237,10,0.6971655332693624,0.6459206728232516,0.8344570172058795,394.4,191.6,4.0,0.0,0.0
few_shot_recovery.v1,7348dfe74423acef7b5da3c0b64c45c73978738038797d490717d2c04e42b7c5,mugla_2021,bejis_2022,mugla_2021_to_bejis_2022,burnable_tree_shrub_grass,c4ab107db2207f9f20775ccc0b3bf39381173fd07d4e82f6821ce7f40be7db8e,3dec785a7d8e31db2d67ed283546bbfbca1559f56df46663488d0afc24d9e393,10,approximately_5_km,5,42,baseline,secondary,roc_auc,higher_is_better,8,10,0.4507383379572875,0.7112724046712691,0.7793700238725079,0.4507383379572875,0.7112724046712691,0.7793700238725079,0.26053406671398155,0.32863168591522035,0.7927843780139737,interpretable,false,false,false,false,0.7112724046712691,0.694604926124266,0.7233919591586554,0.6934878379250273,0.7240860055487451,10,0.7927843780139738,0.7420665706285262,0.8296632153471242,787.9,383.6,8.0,0.0,0.0
few_shot_recovery.v1,7348dfe74423acef7b5da3c0b64c45c73978738038797d490717d2c04e42b7c5,mugla_2021,bejis_2022,mugla_2021_to_bejis_2022,burnable_tree_shrub_grass,c4ab107db2207f9f20775ccc0b3bf39381173fd07d4e82f6821ce7f40be7db8e,3dec785a7d8e31db2d67ed283546bbfbca1559f56df46663488d0afc24d9e393,10,approximately_5_km,5,42,baseline,secondary,roc_auc,higher_is_better,16,10,0.4507383379572875,0.7354169301245241,0.7793700238725079,0.4507383379572875,0.7354169301245241,0.7793700238725079,0.2846785921672366,0.32863168591522035,0.8662542425707463,interpretable,false,false,false,false,0.7354169301245241,0.7335040228401832,0.7375209190915544,0.7334008645719078,0.7376390734886122,10,0.8662542425707466,0.8604334183279057,0.8726565131283486,1572.6,860.0,12.0,3.0,1.0
few_shot_recovery.v1,7348dfe74423acef7b5da3c0b64c45c73978738038797d490717d2c04e42b7c5,mugla_2021,bejis_2022,mugla_2021_to_bejis_2022,burnable_tree_shrub_grass,c4ab107db2207f9f20775ccc0b3bf39381173fd07d4e82f6821ce7f40be7db8e,3dec785a7d8e31db2d67ed283546bbfbca1559f56df46663488d0afc24d9e393,10,approximately_5_km,5,42,baseline,secondary,roc_auc,higher_is_better,32,10,0.4507383379572875,0.7388826375895219,0.7793700238725079,0.4507383379572875,0.7388826375895219,0.7793700238725079,0.28814429963223437,0.32863168591522035,0.8768001138714578,interpretable,false,false,false,false,0.7388826375895219,0.7355902735660365,0.7448681818181818,0.7349359313504097,0.7460931027808245,10,0.8768001138714581,0.8667817128328716,0.8950136473960494,2965.7,880.0,12.0,3.0,17.0
few_shot_recovery.v1,7348dfe74423acef7b5da3c0b64c45c73978738038797d490717d2c04e42b7c5,mugla_2021,bejis_2022,mugla_2021_to_bejis_2022,burnable_tree_shrub_grass,c4ab107db2207f9f20775ccc0b3bf39381173fd07d4e82f6821ce7f40be7db8e,3dec785a7d8e31db2d67ed283546bbfbca1559f56df46663488d0afc24d9e393,10,approximately_5_km,5,42,thermal,primary,brier_score,lower_is_better_oriented_by_negation,0,1,0.1107930339544987,0.1107930339544987,0.0786090110370667,-0.1107930339544987,-0.1107930339544987,-0.0786090110370667,0.0,0.032184022917432,0.0,interpretable,false,false,false,false,0.1107930339544987,0.1107930339544987,0.1107930339544987,0.1107930339544987,0.1107930339544987,1,0.0,0.0,0.0,0.0,0.0,0.0,0.0,0.0
few_shot_recovery.v1,7348dfe74423acef7b5da3c0b64c45c73978738038797d490717d2c04e42b7c5,mugla_2021,bejis_2022,mugla_2021_to_bejis_2022,burnable_tree_shrub_grass,c4ab107db2207f9f20775ccc0b3bf39381173fd07d4e82f6821ce7f40be7db8e,3dec785a7d8e31db2d67ed283546bbfbca1559f56df46663488d0afc24d9e393,10,approximately_5_km,5,42,thermal,primary,brier_score,lower_is_better_oriented_by_negation,1,10,0.1107930339544987,0.18036845649509442,0.0786090110370667,-0.1107930339544987,-0.18036845649509442,-0.0786090110370667,-0.06957542254059572,0.032184022917432,-2.1618000558566353,interpretable,false,false,true,false,0.18036845649509442,0.1520153003162605,0.2433433295848908,0.1497027996860873,0.2484261174853615,10,-2.161800055856635,-4.118512342923984,-1.2808301332470895,98.3,53.0,1.0,0.0,0.0
few_shot_recovery.v1,7348dfe74423acef7b5da3c0b64c45c73978738038797d490717d2c04e42b7c5,mugla_2021,bejis_2022,mugla_2021_to_bejis_2022,burnable_tree_shrub_grass,c4ab107db2207f9f20775ccc0b3bf39381173fd07d4e82f6821ce7f40be7db8e,3dec785a7d8e31db2d67ed283546bbfbca1559f56df46663488d0afc24d9e393,10,approximately_5_km,5,42,thermal,primary,brier_score,lower_is_better_oriented_by_negation,2,10,0.1107930339544987,0.23100908457094843,0.0786090110370667,-0.1107930339544987,-0.23100908457094843,-0.0786090110370667,-0.12021605061644973,0.032184022917432,-3.7352710978631727,interpretable,false,false,true,false,0.23100908457094843,0.1625402782794492,0.2912205549054215,0.1509436781796025,0.2962849588925487,10,-3.735271097863173,-5.606120820066807,-1.6078550670221632,197.2,102.8,2.0,0.0,0.0
few_shot_recovery.v1,7348dfe74423acef7b5da3c0b64c45c73978738038797d490717d2c04e42b7c5,mugla_2021,bejis_2022,mugla_2021_to_bejis_2022,burnable_tree_shrub_grass,c4ab107db2207f9f20775ccc0b3bf39381173fd07d4e82f6821ce7f40be7db8e,3dec785a7d8e31db2d67ed283546bbfbca1559f56df46663488d0afc24d9e393,10,approximately_5_km,5,42,thermal,primary,brier_score,lower_is_better_oriented_by_negation,4,10,0.1107930339544987,0.2631078301105122,0.0786090110370667,-0.1107930339544987,-0.2631078301105122,-0.0786090110370667,-0.1523147961560135,0.032184022917432,-4.732621417365275,interpretable,false,false,true,false,0.2631078301105122,0.1976699845506585,0.34445912962581715,0.1918458625075022,0.3535407520964119,10,-4.732621417365275,-7.260313487558346,-2.699381330265714,394.4,191.6,4.0,0.0,0.0
few_shot_recovery.v1,7348dfe74423acef7b5da3c0b64c45c73978738038797d490717d2c04e42b7c5,mugla_2021,bejis_2022,mugla_2021_to_bejis_2022,burnable_tree_shrub_grass,c4ab107db2207f9f20775ccc0b3bf39381173fd07d4e82f6821ce7f40be7db8e,3dec785a7d8e31db2d67ed283546bbfbca1559f56df46663488d0afc24d9e393,10,approximately_5_km,5,42,thermal,primary,brier_score,lower_is_better_oriented_by_negation,8,10,0.1107930339544987,0.3083291091977185,0.0786090110370667,-0.1107930339544987,-0.3083291091977185,-0.0786090110370667,-0.1975360752432198,0.032184022917432,-6.137706145375236,interpretable,false,false,true,false,0.3083291091977185,0.27024397000234535,0.33096074823403404,0.2681487900806063,0.3336954477745898,10,-6.137706145375236,-6.840900991289215,-4.9543506868895015,787.9,383.6,8.0,0.0,0.0
few_shot_recovery.v1,7348dfe74423acef7b5da3c0b64c45c73978738038797d490717d2c04e42b7c5,mugla_2021,bejis_2022,mugla_2021_to_bejis_2022,burnable_tree_shrub_grass,c4ab107db2207f9f20775ccc0b3bf39381173fd07d4e82f6821ce7f40be7db8e,3dec785a7d8e31db2d67ed283546bbfbca1559f56df46663488d0afc24d9e393,10,approximately_5_km,5,42,thermal,primary,brier_score,lower_is_better_oriented_by_negation,16,10,0.1107930339544987,0.33107693272092087,0.0786090110370667,-0.1107930339544987,-0.33107693272092087,-0.0786090110370667,-0.22028389876642218,0.032184022917432,-6.844510996389723,interpretable,false,false,true,false,0.33107693272092087,0.32633779038645994,0.340992076397508,0.3260512540754799,0.3421912497661701,10,-6.844510996389724,-7.1525875753191,-6.6972595994273485,1572.6,860.0,12.0,3.0,1.0
few_shot_recovery.v1,7348dfe74423acef7b5da3c0b64c45c73978738038797d490717d2c04e42b7c5,mugla_2021,bejis_2022,mugla_2021_to_bejis_2022,burnable_tree_shrub_grass,c4ab107db2207f9f20775ccc0b3bf39381173fd07d4e82f6821ce7f40be7db8e,3dec785a7d8e31db2d67ed283546bbfbca1559f56df46663488d0afc24d9e393,10,approximately_5_km,5,42,thermal,primary,brier_score,lower_is_better_oriented_by_negation,32,10,0.1107930339544987,0.1854364722275647,0.0786090110370667,-0.1107930339544987,-0.1854364722275647,-0.0786090110370667,-0.074643438273066,0.032184022917432,-2.319269982642117,interpretable,false,false,true,false,0.1854364722275647,0.18086187325839528,0.19526344887648367,0.1805750761317303,0.197170649175614,10,-2.3192699826421164,-2.624607095846704,-2.177131164853379,2965.7,880.0,12.0,3.0,17.0
few_shot_recovery.v1,7348dfe74423acef7b5da3c0b64c45c73978738038797d490717d2c04e42b7c5,mugla_2021,bejis_2022,mugla_2021_to_bejis_2022,burnable_tree_shrub_grass,c4ab107db2207f9f20775ccc0b3bf39381173fd07d4e82f6821ce7f40be7db8e,3dec785a7d8e31db2d67ed283546bbfbca1559f56df46663488d0afc24d9e393,10,approximately_5_km,5,42,thermal,primary,pr_auc,higher_is_better,0,1,0.0882719168819328,0.0882719168819328,0.2977139932662314,0.0882719168819328,0.0882719168819328,0.2977139932662314,0.0,0.20944207638429857,0.0,interpretable,false,false,false,false,0.0882719168819328,0.0882719168819328,0.0882719168819328,0.0882719168819328,0.0882719168819328,1,0.0,0.0,0.0,0.0,0.0,0.0,0.0,0.0
few_shot_recovery.v1,7348dfe74423acef7b5da3c0b64c45c73978738038797d490717d2c04e42b7c5,mugla_2021,bejis_2022,mugla_2021_to_bejis_2022,burnable_tree_shrub_grass,c4ab107db2207f9f20775ccc0b3bf39381173fd07d4e82f6821ce7f40be7db8e,3dec785a7d8e31db2d67ed283546bbfbca1559f56df46663488d0afc24d9e393,10,approximately_5_km,5,42,thermal,primary,pr_auc,higher_is_better,1,10,0.0882719168819328,0.10101723561083084,0.2977139932662314,0.0882719168819328,0.10101723561083084,0.2977139932662314,0.012745318728898045,0.20944207638429857,0.060853668703666146,interpretable,false,false,false,false,0.10101723561083084,0.08546282171420104,0.12168541013370641,0.0851304268996487,0.1247178884874809,10,0.06085366870366618,-0.013412277113684817,0.15953572380778092,98.3,53.0,1.0,0.0,0.0
few_shot_recovery.v1,7348dfe74423acef7b5da3c0b64c45c73978738038797d490717d2c04e42b7c5,mugla_2021,bejis_2022,mugla_2021_to_bejis_2022,burnable_tree_shrub_grass,c4ab107db2207f9f20775ccc0b3bf39381173fd07d4e82f6821ce7f40be7db8e,3dec785a7d8e31db2d67ed283546bbfbca1559f56df46663488d0afc24d9e393,10,approximately_5_km,5,42,thermal,primary,pr_auc,higher_is_better,2,10,0.0882719168819328,0.12035171853230994,0.2977139932662314,0.0882719168819328,0.12035171853230994,0.2977139932662314,0.032079801650377146,0.20944207638429857,0.15316789350156623,interpretable,false,false,false,false,0.12035171853230994,0.10411147712086709,0.13558692072639109,0.1014819235232549,0.1370345575978486,10,0.1531678935015663,0.07562740263265337,0.22590973438231918,197.2,102.8,2.0,0.0,0.0
few_shot_recovery.v1,7348dfe74423acef7b5da3c0b64c45c73978738038797d490717d2c04e42b7c5,mugla_2021,bejis_2022,mugla_2021_to_bejis_2022,burnable_tree_shrub_grass,c4ab107db2207f9f20775ccc0b3bf39381173fd07d4e82f6821ce7f40be7db8e,3dec785a7d8e31db2d67ed283546bbfbca1559f56df46663488d0afc24d9e393,10,approximately_5_km,5,42,thermal,primary,pr_auc,higher_is_better,4,10,0.0882719168819328,0.13528207192553027,0.2977139932662314,0.0882719168819328,0.13528207192553027,0.2977139932662314,0.04701015504359747,0.20944207638429857,0.22445420640950886,interpretable,false,false,false,false,0.13528207192553027,0.11322429923836948,0.15933628106341266,0.1130241802688477,0.1594992713407369,10,0.2244542064095088,0.11913739009468349,0.33930318782309116,394.4,191.6,4.0,0.0,0.0
few_shot_recovery.v1,7348dfe74423acef7b5da3c0b64c45c73978738038797d490717d2c04e42b7c5,mugla_2021,bejis_2022,mugla_2021_to_bejis_2022,burnable_tree_shrub_grass,c4ab107db2207f9f20775ccc0b3bf39381173fd07d4e82f6821ce7f40be7db8e,3dec785a7d8e31db2d67ed283546bbfbca1559f56df46663488d0afc24d9e393,10,approximately_5_km,5,42,thermal,primary,pr_auc,higher_is_better,8,10,0.0882719168819328,0.15491524519046146,0.2977139932662314,0.0882719168819328,0.15491524519046146,0.2977139932662314,0.06664332830852866,0.20944207638429857,0.31819455507233874,interpretable,false,false,false,false,0.15491524519046146,0.12983053091925773,0.1685597586752495,0.1293906453612088,0.1692108437538849,10,0.31819455507233874,0.19842533436820198,0.3833415098788417,787.9,383.6,8.0,0.0,0.0
few_shot_recovery.v1,7348dfe74423acef7b5da3c0b64c45c73978738038797d490717d2c04e42b7c5,mugla_2021,bejis_2022,mugla_2021_to_bejis_2022,burnable_tree_shrub_grass,c4ab107db2207f9f20775ccc0b3bf39381173fd07d4e82f6821ce7f40be7db8e,3dec785a7d8e31db2d67ed283546bbfbca1559f56df46663488d0afc24d9e393,10,approximately_5_km,5,42,thermal,primary,pr_auc,higher_is_better,16,10,0.0882719168819328,0.2124949196096804,0.2977139932662314,0.0882719168819328,0.2124949196096804,0.2977139932662314,0.1242230027277476,0.20944207638429857,0.5931138808030856,interpretable,false,false,false,false,0.2124949196096804,0.19949828866152328,0.22081016209799867,0.1994161328714845,0.2215834977449535,10,0.5931138808030856,0.5310602993426438,0.6328157527090005,1572.6,860.0,12.0,3.0,1.0
few_shot_recovery.v1,7348dfe74423acef7b5da3c0b64c45c73978738038797d490717d2c04e42b7c5,mugla_2021,bejis_2022,mugla_2021_to_bejis_2022,burnable_tree_shrub_grass,c4ab107db2207f9f20775ccc0b3bf39381173fd07d4e82f6821ce7f40be7db8e,3dec785a7d8e31db2d67ed283546bbfbca1559f56df46663488d0afc24d9e393,10,approximately_5_km,5,42,thermal,primary,pr_auc,higher_is_better,32,10,0.0882719168819328,0.24872427251260504,0.2977139932662314,0.0882719168819328,0.24872427251260504,0.2977139932662314,0.16045235563067223,0.20944207638429857,0.7660941793580356,interpretable,false,false,false,false,0.24872427251260504,0.2310964079043909,0.266424150231309,0.2276769668550066,0.2703373203060558,10,0.7660941793580358,0.6819283569381445,0.8506038348401891,2965.7,880.0,12.0,3.0,17.0
few_shot_recovery.v1,7348dfe74423acef7b5da3c0b64c45c73978738038797d490717d2c04e42b7c5,mugla_2021,bejis_2022,mugla_2021_to_bejis_2022,burnable_tree_shrub_grass,c4ab107db2207f9f20775ccc0b3bf39381173fd07d4e82f6821ce7f40be7db8e,3dec785a7d8e31db2d67ed283546bbfbca1559f56df46663488d0afc24d9e393,10,approximately_5_km,5,42,thermal,primary,roc_auc,higher_is_better,0,1,0.5831912381443964,0.5831912381443964,0.8244685786179753,0.5831912381443964,0.5831912381443964,0.8244685786179753,0.0,0.24127734047357885,0.0,interpretable,false,false,false,false,0.5831912381443964,0.5831912381443964,0.5831912381443964,0.5831912381443964,0.5831912381443964,1,0.0,0.0,0.0,0.0,0.0,0.0,0.0,0.0
few_shot_recovery.v1,7348dfe74423acef7b5da3c0b64c45c73978738038797d490717d2c04e42b7c5,mugla_2021,bejis_2022,mugla_2021_to_bejis_2022,burnable_tree_shrub_grass,c4ab107db2207f9f20775ccc0b3bf39381173fd07d4e82f6821ce7f40be7db8e,3dec785a7d8e31db2d67ed283546bbfbca1559f56df46663488d0afc24d9e393,10,approximately_5_km,5,42,thermal,primary,roc_auc,higher_is_better,1,10,0.5831912381443964,0.5776048454739016,0.8244685786179753,0.5831912381443964,0.5776048454739016,0.8244685786179753,-0.005586392670494877,0.24127734047357885,-0.023153407856410856,interpretable,false,false,true,false,0.5776048454739016,0.5539309052196916,0.606996586070069,0.5523927350151623,0.6071302664688044,10,-0.02315340785641109,-0.1212726104626016,0.09866383589502216,98.3,53.0,1.0,0.0,0.0
few_shot_recovery.v1,7348dfe74423acef7b5da3c0b64c45c73978738038797d490717d2c04e42b7c5,mugla_2021,bejis_2022,mugla_2021_to_bejis_2022,burnable_tree_shrub_grass,c4ab107db2207f9f20775ccc0b3bf39381173fd07d4e82f6821ce7f40be7db8e,3dec785a7d8e31db2d67ed283546bbfbca1559f56df46663488d0afc24d9e393,10,approximately_5_km,5,42,thermal,primary,roc_auc,higher_is_better,2,10,0.5831912381443964,0.6026361378153429,0.8244685786179753,0.5831912381443964,0.6026361378153429,0.8244685786179753,0.019444899670946425,0.24127734047357885,0.08059148709439519,interpretable,false,false,false,false,0.6026361378153429,0.574560111942706,0.6743722949867732,0.57043693141493,0.6812947286921736,10,0.08059148709439543,-0.03577263486388434,0.3779097393207615,197.2,102.8,2.0,0.0,0.0
few_shot_recovery.v1,7348dfe74423acef7b5da3c0b64c45c73978738038797d490717d2c04e42b7c5,mugla_2021,bejis_2022,mugla_2021_to_bejis_2022,burnable_tree_shrub_grass,c4ab107db2207f9f20775ccc0b3bf39381173fd07d4e82f6821ce7f40be7db8e,3dec785a7d8e31db2d67ed283546bbfbca1559f56df46663488d0afc24d9e393,10,approximately_5_km,5,42,thermal,primary,roc_auc,higher_is_better,4,10,0.5831912381443964,0.6250342280147108,0.8244685786179753,0.5831912381443964,0.6250342280147108,0.8244685786179753,0.04184298987031432,0.24127734047357885,0.17342279133293226,interpretable,false,false,false,false,0.6250342280147108,0.6044761129750307,0.6885099764500936,0.6010544551261372,0.6891573649912898,10,0.17342279133293226,0.0882174628950084,0.4365048872761016,394.4,191.6,4.0,0.0,0.0
few_shot_recovery.v1,7348dfe74423acef7b5da3c0b64c45c73978738038797d490717d2c04e42b7c5,mugla_2021,bejis_2022,mugla_2021_to_bejis_2022,burnable_tree_shrub_grass,c4ab107db2207f9f20775ccc0b3bf39381173fd07d4e82f6821ce7f40be7db8e,3dec785a7d8e31db2d67ed283546bbfbca1559f56df46663488d0afc24d9e393,10,approximately_5_km,5,42,thermal,primary,roc_auc,higher_is_better,8,10,0.5831912381443964,0.666243693141493,0.8244685786179753,0.5831912381443964,0.666243693141493,0.8244685786179753,0.08305245499709657,0.24127734047357885,0.3442198709339274,interpretable,false,false,false,false,0.666243693141493,0.6334842151106523,0.6994840263887993,0.6319467707594039,0.7008385702303375,10,0.3442198709339274,0.20844467560667285,0.48198802264706464,787.9,383.6,8.0,0.0,0.0
few_shot_recovery.v1,7348dfe74423acef7b5da3c0b64c45c73978738038797d490717d2c04e42b7c5,mugla_2021,bejis_2022,mugla_2021_to_bejis_2022,burnable_tree_shrub_grass,c4ab107db2207f9f20775ccc0b3bf39381173fd07d4e82f6821ce7f40be7db8e,3dec785a7d8e31db2d67ed283546bbfbca1559f56df46663488d0afc24d9e393,10,approximately_5_km,5,42,thermal,primary,roc_auc,higher_is_better,16,10,0.5831912381443964,0.7431052003355054,0.8244685786179753,0.5831912381443964,0.7431052003355054,0.8244685786179753,0.15991396219110898,0.24127734047357885,0.662780689961312,interpretable,false,false,false,false,0.7431052003355054,0.7355433511839473,0.7485813423446674,0.7354547390154204,0.7486579779340603,10,0.6627806899613122,0.6314397893333638,0.685477152042722,1572.6,860.0,12.0,3.0,1.0
few_shot_recovery.v1,7348dfe74423acef7b5da3c0b64c45c73978738038797d490717d2c04e42b7c5,mugla_2021,bejis_2022,mugla_2021_to_bejis_2022,burnable_tree_shrub_grass,c4ab107db2207f9f20775ccc0b3bf39381173fd07d4e82f6821ce7f40be7db8e,3dec785a7d8e31db2d67ed283546bbfbca1559f56df46663488d0afc24d9e393,10,approximately_5_km,5,42,thermal,primary,roc_auc,higher_is_better,32,10,0.5831912381443964,0.7888256016517194,0.8244685786179753,0.5831912381443964,0.7888256016517194,0.8244685786179753,0.205634363507323,0.24127734047357885,0.8522738318637968,interpretable,false,false,false,false,0.7888256016517194,0.7733260081295568,0.797340142912446,0.77180624556423,0.7985352603393768,10,0.852273831863797,0.7880340922689386,0.8875632678465305,2965.7,880.0,12.0,3.0,17.0
few_shot_recovery.v1,7348dfe74423acef7b5da3c0b64c45c73978738038797d490717d2c04e42b7c5,mugla_2021,manavgat_2021,mugla_2021_to_manavgat_2021,burnable_tree_shrub_grass,c4ab107db2207f9f20775ccc0b3bf39381173fd07d4e82f6821ce7f40be7db8e,e4ab8b85df0d3a0b15f7404050b10ea062dd164f474b7791324ffdec0daa4d49,10,approximately_5_km,5,42,baseline,secondary,brier_score,lower_is_better_oriented_by_negation,0,1,0.2449638822344167,0.2449638822344167,0.1394671052531976,-0.2449638822344167,-0.2449638822344167,-0.1394671052531976,0.0,0.10549677698121909,0.0,interpretable,false,false,false,false,0.2449638822344167,0.2449638822344167,0.2449638822344167,0.2449638822344167,0.2449638822344167,1,0.0,0.0,0.0,0.0,0.0,0.0,0.0,0.0
few_shot_recovery.v1,7348dfe74423acef7b5da3c0b64c45c73978738038797d490717d2c04e42b7c5,mugla_2021,manavgat_2021,mugla_2021_to_manavgat_2021,burnable_tree_shrub_grass,c4ab107db2207f9f20775ccc0b3bf39381173fd07d4e82f6821ce7f40be7db8e,e4ab8b85df0d3a0b15f7404050b10ea062dd164f474b7791324ffdec0daa4d49,10,approximately_5_km,5,42,baseline,secondary,brier_score,lower_is_better_oriented_by_negation,1,10,0.2449638822344167,0.2460522165983145,0.1394671052531976,-0.2449638822344167,-0.2460522165983145,-0.1394671052531976,-0.0010883343638977971,0.10549677698121909,-0.010316280696343418,interpretable,false,false,true,false,0.2460522165983145,0.24281959454152047,0.24738788276719706,0.2426295450766739,0.2473989663179474,10,-0.010316280696343418,-0.02297701031389702,0.02032562277497793,92.4,52.1,1.0,0.0,0.0
few_shot_recovery.v1,7348dfe74423acef7b5da3c0b64c45c73978738038797d490717d2c04e42b7c5,mugla_2021,manavgat_2021,mugla_2021_to_manavgat_2021,burnable_tree_shrub_grass,c4ab107db2207f9f20775ccc0b3bf39381173fd07d4e82f6821ce7f40be7db8e,e4ab8b85df0d3a0b15f7404050b10ea062dd164f474b7791324ffdec0daa4d49,10,approximately_5_km,5,42,baseline,secondary,brier_score,lower_is_better_oriented_by_negation,2,10,0.2449638822344167,0.2457664936092558,0.1394671052531976,-0.2449638822344167,-0.2457664936092558,-0.1394671052531976,-0.0008026113748390851,0.10549677698121909,-0.007607923178373201,interpretable,false,false,true,false,0.2457664936092558,0.24227661159696198,0.2480641233245887,0.2422468825965061,0.2483436077822081,10,-0.0076079231783733325,-0.02938706924405768,0.025472537781254783,184.1,109.3,2.0,0.0,0.0
few_shot_recovery.v1,7348dfe74423acef7b5da3c0b64c45c73978738038797d490717d2c04e42b7c5,mugla_2021,manavgat_2021,mugla_2021_to_manavgat_2021,burnable_tree_shrub_grass,c4ab107db2207f9f20775ccc0b3bf39381173fd07d4e82f6821ce7f40be7db8e,e4ab8b85df0d3a0b15f7404050b10ea062dd164f474b7791324ffdec0daa4d49,10,approximately_5_km,5,42,baseline,secondary,brier_score,lower_is_better_oriented_by_negation,4,10,0.2449638822344167,0.2448432896988893,0.1394671052531976,-0.2449638822344167,-0.2448432896988893,-0.1394671052531976,0.0001205925355274029,0.10549677698121909,0.0011430921301877422,interpretable,false,false,false,false,0.2448432896988893,0.24022117827316414,0.2461637034412518,0.2400805053986887,0.2462557596897165,10,0.001143092130187742,-0.011373060307318222,0.04495591331758769,365.8,210.2,4.0,0.0,0.0
few_shot_recovery.v1,7348dfe74423acef7b5da3c0b64c45c73978738038797d490717d2c04e42b7c5,mugla_2021,manavgat_2021,mugla_2021_to_manavgat_2021,burnable_tree_shrub_grass,c4ab107db2207f9f20775ccc0b3bf39381173fd07d4e82f6821ce7f40be7db8e,e4ab8b85df0d3a0b15f7404050b10ea062dd164f474b7791324ffdec0daa4d49,10,approximately_5_km,5,42,baseline,secondary,brier_score,lower_is_better_oriented_by_negation,8,10,0.2449638822344167,0.2442254691188773,0.1394671052531976,-0.2449638822344167,-0.2442254691188773,-0.1394671052531976,0.0007384131155394047,0.10549677698121909,0.006999390281570967,interpretable,false,false,false,false,0.2442254691188773,0.239910626737088,0.24912668123271176,0.2388962252487196,0.249573291802388,10,0.006999390281570967,-0.039459015880988824,0.04789961970334233,729.7,417.0,8.0,0.0,0.0
few_shot_recovery.v1,7348dfe74423acef7b5da3c0b64c45c73978738038797d490717d2c04e42b7c5,mugla_2021,manavgat_2021,mugla_2021_to_manavgat_2021,burnable_tree_shrub_grass,c4ab107db2207f9f20775ccc0b3bf39381173fd07d4e82f6821ce7f40be7db8e,e4ab8b85df0d3a0b15f7404050b10ea062dd164f474b7791324ffdec0daa4d49,10,approximately_5_km,5,42,baseline,secondary,brier_score,lower_is_better_oriented_by_negation,16,10,0.2449638822344167,0.24280694599748665,0.1394671052531976,-0.2449638822344167,-0.24280694599748665,-0.1394671052531976,0.002156936236930057,0.10549677698121909,0.02044551785040829,interpretable,false,false,false,false,0.24280694599748665,0.2384046240917508,0.2460218618082314,0.2374555030098781,0.2462256848055382,10,0.020445517850408157,-0.010028548777400503,0.06217496240509398,1460.0,838.2,16.0,0.0,0.0
few_shot_recovery.v1,7348dfe74423acef7b5da3c0b64c45c73978738038797d490717d2c04e42b7c5,mugla_2021,manavgat_2021,mugla_2021_to_manavgat_2021,burnable_tree_shrub_grass,c4ab107db2207f9f20775ccc0b3bf39381173fd07d4e82f6821ce7f40be7db8e,e4ab8b85df0d3a0b15f7404050b10ea062dd164f474b7791324ffdec0daa4d49,10,approximately_5_km,5,42,baseline,secondary,brier_score,lower_is_better_oriented_by_negation,32,10,0.2449638822344167,0.23768165013094616,0.1394671052531976,-0.2449638822344167,-0.23768165013094616,-0.1394671052531976,0.007282232103470537,0.10549677698121909,0.06902800551685997,interpretable,false,false,false,false,0.23768165013094616,0.23731571892535433,0.2380473518677331,0.2373068848750733,0.2380615972567364,10,0.0690280055168601,0.06556153244297615,0.07249665371695597,2952.0,1796.0,29.0,3.0,0.0
few_shot_recovery.v1,7348dfe74423acef7b5da3c0b64c45c73978738038797d490717d2c04e42b7c5,mugla_2021,manavgat_2021,mugla_2021_to_manavgat_2021,burnable_tree_shrub_grass,c4ab107db2207f9f20775ccc0b3bf39381173fd07d4e82f6821ce7f40be7db8e,e4ab8b85df0d3a0b15f7404050b10ea062dd164f474b7791324ffdec0daa4d49,10,approximately_5_km,5,42,baseline,secondary,pr_auc,higher_is_better,0,1,0.1137405663779786,0.1137405663779786,0.4198023605807319,0.1137405663779786,0.1137405663779786,0.4198023605807319,0.0,0.3060617942027533,0.0,interpretable,false,false,false,false,0.1137405663779786,0.1137405663779786,0.1137405663779786,0.1137405663779786,0.1137405663779786,1,0.0,0.0,0.0,0.0,0.0,0.0,0.0,0.0
few_shot_recovery.v1,7348dfe74423acef7b5da3c0b64c45c73978738038797d490717d2c04e42b7c5,mugla_2021,manavgat_2021,mugla_2021_to_manavgat_2021,burnable_tree_shrub_grass,c4ab107db2207f9f20775ccc0b3bf39381173fd07d4e82f6821ce7f40be7db8e,e4ab8b85df0d3a0b15f7404050b10ea062dd164f474b7791324ffdec0daa4d49,10,approximately_5_km,5,42,baseline,secondary,pr_auc,higher_is_better,1,10,0.1137405663779786,0.1144501564325434,0.4198023605807319,0.1137405663779786,0.1144501564325434,0.4198023605807319,0.0007095900545648071,0.3060617942027533,0.0023184535541693027,interpretable,false,false,false,false,0.1144501564325434,0.11307874448395966,0.11696754845148222,0.1129805297880142,0.1172585083735663,10,0.0023184535541693027,-0.002162379972132362,0.010543563863988458,92.4,52.1,1.0,0.0,0.0
few_shot_recovery.v1,7348dfe74423acef7b5da3c0b64c45c73978738038797d490717d2c04e42b7c5,mugla_2021,manavgat_2021,mugla_2021_to_manavgat_2021,burnable_tree_shrub_grass,c4ab107db2207f9f20775ccc0b3bf39381173fd07d4e82f6821ce7f40be7db8e,e4ab8b85df0d3a0b15f7404050b10ea062dd164f474b7791324ffdec0daa4d49,10,approximately_5_km,5,42,baseline,secondary,pr_auc,higher_is_better,2,10,0.1137405663779786,0.1159600769773321,0.4198023605807319,0.1137405663779786,0.1159600769773321,0.4198023605807319,0.0022195105993535053,0.3060617942027533,0.007251838162731187,interpretable,false,false,false,false,0.1159600769773321,0.11412496081731735,0.11799235085845312,0.1140687364836925,0.1180544907930018,10,0.007251838162731187,0.0012559373519326112,0.013891915165529943,184.1,109.3,2.0,0.0,0.0
few_shot_recovery.v1,7348dfe74423acef7b5da3c0b64c45c73978738038797d490717d2c04e42b7c5,mugla_2021,manavgat_2021,mugla_2021_to_manavgat_2021,burnable_tree_shrub_grass,c4ab107db2207f9f20775ccc0b3bf39381173fd07d4e82f6821ce7f40be7db8e,e4ab8b85df0d3a0b15f7404050b10ea062dd164f474b7791324ffdec0daa4d49,10,approximately_5_km,5,42,baseline,secondary,pr_auc,higher_is_better,4,10,0.1137405663779786,0.1182352458836764,0.4198023605807319,0.1137405663779786,0.1182352458836764,0.4198023605807319,0.0044946795056978045,0.3060617942027533,0.014685529493825893,interpretable,false,false,false,false,0.1182352458836764,0.11711566738721013,0.12229996342485706,0.1169280782596269,0.1223398251690025,10,0.014685529493825893,0.011027514943585786,0.027966238220534696,365.8,210.2,4.0,0.0,0.0
few_shot_recovery.v1,7348dfe74423acef7b5da3c0b64c45c73978738038797d490717d2c04e42b7c5,mugla_2021,manavgat_2021,mugla_2021_to_manavgat_2021,burnable_tree_shrub_grass,c4ab107db2207f9f20775ccc0b3bf39381173fd07d4e82f6821ce7f40be7db8e,e4ab8b85df0d3a0b15f7404050b10ea062dd164f474b7791324ffdec0daa4d49,10,approximately_5_km,5,42,baseline,secondary,pr_auc,higher_is_better,8,10,0.1137405663779786,0.1229633850830319,0.4198023605807319,0.1137405663779786,0.1229633850830319,0.4198023605807319,0.009222818705053301,0.3060617942027533,0.03013384512456842,interpretable,false,false,false,false,0.1229633850830319,0.11982331344334617,0.12601207285613228,0.119382094730721,0.1263554469670869,10,0.03013384512456842,0.019874244941980566,0.040094865516028165,729.7,417.0,8.0,0.0,0.0
few_shot_recovery.v1,7348dfe74423acef7b5da3c0b64c45c73978738038797d490717d2c04e42b7c5,mugla_2021,manavgat_2021,mugla_2021_to_manavgat_2021,burnable_tree_shrub_grass,c4ab107db2207f9f20775ccc0b3bf39381173fd07d4e82f6821ce7f40be7db8e,e4ab8b85df0d3a0b15f7404050b10ea062dd164f474b7791324ffdec0daa4d49,10,approximately_5_km,5,42,baseline,secondary,pr_auc,higher_is_better,16,10,0.1137405663779786,0.13346537758416566,0.4198023605807319,0.1137405663779786,0.13346537758416566,0.4198023605807319,0.019724811206187062,0.3060617942027533,0.06444715276392907,interpretable,false,false,false,false,0.13346537758416566,0.1298593371308099,0.13804157120573163,0.1294377999622026,0.1390538097497099,10,0.06444715276392907,0.052665086130133855,0.07939901447370665,1460.0,838.2,16.0,0.0,0.0
few_shot_recovery.v1,7348dfe74423acef7b5da3c0b64c45c73978738038797d490717d2c04e42b7c5,mugla_2021,manavgat_2021,mugla_2021_to_manavgat_2021,burnable_tree_shrub_grass,c4ab107db2207f9f20775ccc0b3bf39381173fd07d4e82f6821ce7f40be7db8e,e4ab8b85df0d3a0b15f7404050b10ea062dd164f474b7791324ffdec0daa4d49,10,approximately_5_km,5,42,baseline,secondary,pr_auc,higher_is_better,32,10,0.1137405663779786,0.1612649821732196,0.4198023605807319,0.1137405663779786,0.1612649821732196,0.4198023605807319,0.04752441579524101,0.3060617942027533,0.1552771913888672,interpretable,false,false,false,false,0.1612649821732196,0.1586662802318258,0.1628784618285049,0.1585195417312521,0.1629923049827165,10,0.15527719138886714,0.1467864160271039,0.160548936134036,2952.0,1796.0,29.0,3.0,0.0
few_shot_recovery.v1,7348dfe74423acef7b5da3c0b64c45c73978738038797d490717d2c04e42b7c5,mugla_2021,manavgat_2021,mugla_2021_to_manavgat_2021,burnable_tree_shrub_grass,c4ab107db2207f9f20775ccc0b3bf39381173fd07d4e82f6821ce7f40be7db8e,e4ab8b85df0d3a0b15f7404050b10ea062dd164f474b7791324ffdec0daa4d49,10,approximately_5_km,5,42,baseline,secondary,roc_auc,higher_is_better,0,1,0.4222591457764537,0.4222591457764537,0.8203196301445599,0.4222591457764537,0.4222591457764537,0.8203196301445599,0.0,0.3980604843681062,0.0,interpretable,false,false,false,false,0.4222591457764537,0.4222591457764537,0.4222591457764537,0.4222591457764537,0.4222591457764537,1,0.0,0.0,0.0,0.0,0.0,0.0,0.0,0.0
few_shot_recovery.v1,7348dfe74423acef7b5da3c0b64c45c73978738038797d490717d2c04e42b7c5,mugla_2021,manavgat_2021,mugla_2021_to_manavgat_2021,burnable_tree_shrub_grass,c4ab107db2207f9f20775ccc0b3bf39381173fd07d4e82f6821ce7f40be7db8e,e4ab8b85df0d3a0b15f7404050b10ea062dd164f474b7791324ffdec0daa4d49,10,approximately_5_km,5,42,baseline,secondary,roc_auc,higher_is_better,1,10,0.4222591457764537,0.42539731564414535,0.8203196301445599,0.4222591457764537,0.42539731564414535,0.8203196301445599,0.0031381698676916647,0.3980604843681062,0.007883650829278608,interpretable,false,false,false,false,0.42539731564414535,0.41836307413353657,0.4375709975814937,0.4181107658809946,0.4387768204900751,10,0.007883650829278607,-0.009787637296130615,0.03846614373025886,92.4,52.1,1.0,0.0,0.0
few_shot_recovery.v1,7348dfe74423acef7b5da3c0b64c45c73978738038797d490717d2c04e42b7c5,mugla_2021,manavgat_2021,mugla_2021_to_manavgat_2021,burnable_tree_shrub_grass,c4ab107db2207f9f20775ccc0b3bf39381173fd07d4e82f6821ce7f40be7db8e,e4ab8b85df0d3a0b15f7404050b10ea062dd164f474b7791324ffdec0daa4d49,10,approximately_5_km,5,42,baseline,secondary,roc_auc,higher_is_better,2,10,0.4222591457764537,0.4323119880834869,0.8203196301445599,0.4222591457764537,0.4323119880834869,0.8203196301445599,0.010052842307033238,0.3980604843681062,0.02525455980136144,interpretable,false,false,false,false,0.4323119880834869,0.42227303629155133,0.4410680433148346,0.4219988694510634,0.4411880572780445,10,0.02525455980136137,3.489548860818317e-05,0.04725135570349009,184.1,109.3,2.0,0.0,0.0
few_shot_recovery.v1,7348dfe74423acef7b5da3c0b64c45c73978738038797d490717d2c04e42b7c5,mugla_2021,manavgat_2021,mugla_2021_to_manavgat_2021,burnable_tree_shrub_grass,c4ab107db2207f9f20775ccc0b3bf39381173fd07d4e82f6821ce7f40be7db8e,e4ab8b85df0d3a0b15f7404050b10ea062dd164f474b7791324ffdec0daa4d49,10,approximately_5_km,5,42,baseline,secondary,roc_auc,higher_is_better,4,10,0.4222591457764537,0.44151569256978107,0.8203196301445599,0.4222591457764537,0.44151569256978107,0.8203196301445599,0.01925654679332739,0.3980604843681062,0.04837593167253424,interpretable,false,false,false,false,0.44151569256978107,0.43675267119325634,0.4594842813085677,0.4362562895507967,0.4605231192605062,10,0.0483759316725343,0.03641035969649217,0.09351627954532188,365.8,210.2,4.0,0.0,0.0
few_shot_recovery.v1,7348dfe74423acef7b5da3c0b64c45c73978738038797d490717d2c04e42b7c5,mugla_2021,manavgat_2021,mugla_2021_to_manavgat_2021,burnable_tree_shrub_grass,c4ab107db2207f9f20775ccc0b3bf39381173fd07d4e82f6821ce7f40be7db8e,e4ab8b85df0d3a0b15f7404050b10ea062dd164f474b7791324ffdec0daa4d49,10,approximately_5_km,5,42,baseline,secondary,roc_auc,higher_is_better,8,10,0.4222591457764537,0.45991538135865917,0.8203196301445599,0.4222591457764537,0.45991538135865917,0.8203196301445599,0.03765623558220549,0.3980604843681062,0.09459928091576883,interpretable,false,false,false,false,0.45991538135865917,0.4483513882082505,0.47216173188776084,0.447378743198678,0.4750531544098775,10,0.09459928091576891,0.06554843662318412,0.12536433047486262,729.7,417.0,8.0,0.0,0.0
few_shot_recovery.v1,7348dfe74423acef7b5da3c0b64c45c73978738038797d490717d2c04e42b7c5,mugla_2021,manavgat_2021,mugla_2021_to_manavgat_2021,burnable_tree_shrub_grass,c4ab107db2207f9f20775ccc0b3bf39381173fd07d4e82f6821ce7f40be7db8e,e4ab8b85df0d3a0b15f7404050b10ea062dd164f474b7791324ffdec0daa4d49,10,approximately_5_km,5,42,baseline,secondary,roc_auc,higher_is_better,16,10,0.4222591457764537,0.4823268420464951,0.8203196301445599,0.4222591457764537,0.4823268420464951,0.8203196301445599,0.06006769627004144,0.3980604843681062,0.15090092744421693,interpretable,false,false,false,false,0.4823268420464951,0.47501999493656755,0.4979758843850876,0.4739152584560486,0.500665428464865,10,0.150900927444217,0.13254480470189878,0.190214154838376,1460.0,838.2,16.0,0.0,0.0
few_shot_recovery.v1,7348dfe74423acef7b5da3c0b64c45c73978738038797d490717d2c04e42b7c5,mugla_2021,manavgat_2021,mugla_2021_to_manavgat_2021,burnable_tree_shrub_grass,c4ab107db2207f9f20775ccc0b3bf39381173fd07d4e82f6821ce7f40be7db8e,e4ab8b85df0d3a0b15f7404050b10ea062dd164f474b7791324ffdec0daa4d49,10,approximately_5_km,5,42,baseline,secondary,roc_auc,higher_is_better,32,10,0.4222591457764537,0.5300222823984075,0.8203196301445599,0.4222591457764537,0.5300222823984075,0.8203196301445599,0.10776313662195386,0.3980604843681062,0.2707205081986987,interpretable,false,false,false,false,0.5300222823984075,0.5270946433459286,0.5326705334302856,0.5264640046555664,0.532999254054817,10,0.2707205081986988,0.2633657488908855,0.2773733942194801,2952.0,1796.0,29.0,3.0,0.0
few_shot_recovery.v1,7348dfe74423acef7b5da3c0b64c45c73978738038797d490717d2c04e42b7c5,mugla_2021,manavgat_2021,mugla_2021_to_manavgat_2021,burnable_tree_shrub_grass,c4ab107db2207f9f20775ccc0b3bf39381173fd07d4e82f6821ce7f40be7db8e,e4ab8b85df0d3a0b15f7404050b10ea062dd164f474b7791324ffdec0daa4d49,10,approximately_5_km,5,42,thermal,primary,brier_score,lower_is_better_oriented_by_negation,0,1,0.2457775976327831,0.2457775976327831,0.1043622093575438,-0.2457775976327831,-0.2457775976327831,-0.1043622093575438,0.0,0.1414153882752393,0.0,interpretable,false,false,false,false,0.2457775976327831,0.2457775976327831,0.2457775976327831,0.2457775976327831,0.2457775976327831,1,0.0,0.0,0.0,0.0,0.0,0.0,0.0,0.0
few_shot_recovery.v1,7348dfe74423acef7b5da3c0b64c45c73978738038797d490717d2c04e42b7c5,mugla_2021,manavgat_2021,mugla_2021_to_manavgat_2021,burnable_tree_shrub_grass,c4ab107db2207f9f20775ccc0b3bf39381173fd07d4e82f6821ce7f40be7db8e,e4ab8b85df0d3a0b15f7404050b10ea062dd164f474b7791324ffdec0daa4d49,10,approximately_5_km,5,42,thermal,primary,brier_score,lower_is_better_oriented_by_negation,1,10,0.2457775976327831,0.24791811455988624,0.1043622093575438,-0.2457775976327831,-0.24791811455988624,-0.1043622093575438,-0.0021405169271031532,0.1414153882752393,-0.015136379097139179,interpretable,false,false,true,false,0.24791811455988624,0.24073106781265868,0.2522559085951599,0.2402796596709999,0.2527634006161075,10,-0.01513637909713918,-0.04581050931860372,0.035685860511178946,92.4,52.1,1.0,0.0,0.0
few_shot_recovery.v1,7348dfe74423acef7b5da3c0b64c45c73978738038797d490717d2c04e42b7c5,mugla_2021,manavgat_2021,mugla_2021_to_manavgat_2021,burnable_tree_shrub_grass,c4ab107db2207f9f20775ccc0b3bf39381173fd07d4e82f6821ce7f40be7db8e,e4ab8b85df0d3a0b15f7404050b10ea062dd164f474b7791324ffdec0daa4d49,10,approximately_5_km,5,42,thermal,primary,brier_score,lower_is_better_oriented_by_negation,2,10,0.2457775976327831,0.24777773323804209,0.1043622093575438,-0.2457775976327831,-0.24777773323804209,-0.1043622093575438,-0.002000135605258996,0.1414153882752393,-0.014143691359571817,interpretable,false,false,true,false,0.24777773323804209,0.24113070284515759,0.26137505526298854,0.2410925886191889,0.2625849673542663,10,-0.014143691359571916,-0.11029533504407474,0.03285989484101379,184.1,109.3,2.0,0.0,0.0
few_shot_recovery.v1,7348dfe74423acef7b5da3c0b64c45c73978738038797d490717d2c04e42b7c5,mugla_2021,manavgat_2021,mugla_2021_to_manavgat_2021,burnable_tree_shrub_grass,c4ab107db2207f9f20775ccc0b3bf39381173fd07d4e82f6821ce7f40be7db8e,e4ab8b85df0d3a0b15f7404050b10ea062dd164f474b7791324ffdec0daa4d49,10,approximately_5_km,5,42,thermal,primary,brier_score,lower_is_better_oriented_by_negation,4,10,0.2457775976327831,0.2496703611491961,0.1043622093575438,-0.2457775976327831,-0.2496703611491961,-0.1043622093575438,-0.003892763516413017,0.1414153882752393,-0.027527156442384203,interpretable,false,false,true,false,0.2496703611491961,0.23904011367327888,0.2643445154920948,0.2385503326495641,0.2654520038676385,10,-0.027527156442384203,-0.1312934758074179,0.04764321649629063,365.8,210.2,4.0,0.0,0.0
few_shot_recovery.v1,7348dfe74423acef7b5da3c0b64c45c73978738038797d490717d2c04e42b7c5,mugla_2021,manavgat_2021,mugla_2021_to_manavgat_2021,burnable_tree_shrub_grass,c4ab107db2207f9f20775ccc0b3bf39381173fd07d4e82f6821ce7f40be7db8e,e4ab8b85df0d3a0b15f7404050b10ea062dd164f474b7791324ffdec0daa4d49,10,approximately_5_km,5,42,thermal,primary,brier_score,lower_is_better_oriented_by_negation,8,10,0.2457775976327831,0.25959344169267906,0.1043622093575438,-0.2457775976327831,-0.25959344169267906,-0.1043622093575438,-0.01381584405989597,0.1414153882752393,-0.0976968930213305,interpretable,false,false,true,false,0.25959344169267906,0.23994294127970778,0.28024239853040667,0.2386792366071026,0.2829678396075188,10,-0.0976968930213307,-0.24371322893477565,0.04125899185539291,729.7,417.0,8.0,0.0,0.0
few_shot_recovery.v1,7348dfe74423acef7b5da3c0b64c45c73978738038797d490717d2c04e42b7c5,mugla_2021,manavgat_2021,mugla_2021_to_manavgat_2021,burnable_tree_shrub_grass,c4ab107db2207f9f20775ccc0b3bf39381173fd07d4e82f6821ce7f40be7db8e,e4ab8b85df0d3a0b15f7404050b10ea062dd164f474b7791324ffdec0daa4d49,10,approximately_5_km,5,42,thermal,primary,brier_score,lower_is_better_oriented_by_negation,16,10,0.2457775976327831,0.2658630838507743,0.1043622093575438,-0.2457775976327831,-0.2658630838507743,-0.1043622093575438,-0.020085486217991194,0.1414153882752393,-0.142031828805635,interpretable,false,false,true,false,0.2658630838507743,0.25265858811578,0.27823948924410213,0.2500739563834109,0.2790329415902461,10,-0.1420318288056348,-0.22954992386074619,-0.048658003679234285,1460.0,838.2,16.0,0.0,0.0
few_shot_recovery.v1,7348dfe74423acef7b5da3c0b64c45c73978738038797d490717d2c04e42b7c5,mugla_2021,manavgat_2021,mugla_2021_to_manavgat_2021,burnable_tree_shrub_grass,c4ab107db2207f9f20775ccc0b3bf39381173fd07d4e82f6821ce7f40be7db8e,e4ab8b85df0d3a0b15f7404050b10ea062dd164f474b7791324ffdec0daa4d49,10,approximately_5_km,5,42,thermal,primary,brier_score,lower_is_better_oriented_by_negation,32,10,0.2457775976327831,0.26912828520224724,0.1043622093575438,-0.2457775976327831,-0.26912828520224724,-0.1043622093575438,-0.02335068756946415,0.1414153882752393,-0.16512126335230426,interpretable,false,false,true,false,0.26912828520224724,0.26744877497588593,0.2717892369847948,0.2673721659355364,0.2720807321297546,10,-0.16512126335230426,-0.1839378279072767,-0.15324483146716575,2952.0,1796.0,29.0,3.0,0.0
few_shot_recovery.v1,7348dfe74423acef7b5da3c0b64c45c73978738038797d490717d2c04e42b7c5,mugla_2021,manavgat_2021,mugla_2021_to_manavgat_2021,burnable_tree_shrub_grass,c4ab107db2207f9f20775ccc0b3bf39381173fd07d4e82f6821ce7f40be7db8e,e4ab8b85df0d3a0b15f7404050b10ea062dd164f474b7791324ffdec0daa4d49,10,approximately_5_km,5,42,thermal,primary,pr_auc,higher_is_better,0,1,0.1007227330135432,0.1007227330135432,0.5766666640341844,0.1007227330135432,0.1007227330135432,0.5766666640341844,0.0,0.47594393102064125,0.0,interpretable,false,false,false,false,0.1007227330135432,0.1007227330135432,0.1007227330135432,0.1007227330135432,0.1007227330135432,1,0.0,0.0,0.0,0.0,0.0,0.0,0.0,0.0
few_shot_recovery.v1,7348dfe74423acef7b5da3c0b64c45c73978738038797d490717d2c04e42b7c5,mugla_2021,manavgat_2021,mugla_2021_to_manavgat_2021,burnable_tree_shrub_grass,c4ab107db2207f9f20775ccc0b3bf39381173fd07d4e82f6821ce7f40be7db8e,e4ab8b85df0d3a0b15f7404050b10ea062dd164f474b7791324ffdec0daa4d49,10,approximately_5_km,5,42,thermal,primary,pr_auc,higher_is_better,1,10,0.1007227330135432,0.1025000011215985,0.5766666640341844,0.1007227330135432,0.1025000011215985,0.5766666640341844,0.0017772681080552993,0.47594393102064125,0.003734196387889692,interpretable,false,false,false,false,0.1025000011215985,0.10134148979483762,0.10650804782883182,0.1013010684900708,0.1068471053973053,10,0.003734196387889692,0.0013000623413088183,0.01215545453617248,92.4,52.1,1.0,0.0,0.0
few_shot_recovery.v1,7348dfe74423acef7b5da3c0b64c45c73978738038797d490717d2c04e42b7c5,mugla_2021,manavgat_2021,mugla_2021_to_manavgat_2021,burnable_tree_shrub_grass,c4ab107db2207f9f20775ccc0b3bf39381173fd07d4e82f6821ce7f40be7db8e,e4ab8b85df0d3a0b15f7404050b10ea062dd164f474b7791324ffdec0daa4d49,10,approximately_5_km,5,42,thermal,primary,pr_auc,higher_is_better,2,10,0.1007227330135432,0.1058438067763862,0.5766666640341844,0.1007227330135432,0.1058438067763862,0.5766666640341844,0.005121073762843001,0.47594393102064125,0.01075982574640899,interpretable,false,false,false,false,0.1058438067763862,0.10118268924790506,0.10932864215044759,0.1007180399961698,0.1094085795213399,10,0.01075982574640899,0.0009664084451618236,0.018081770931398133,184.1,109.3,2.0,0.0,0.0
few_shot_recovery.v1,7348dfe74423acef7b5da3c0b64c45c73978738038797d490717d2c04e42b7c5,mugla_2021,manavgat_2021,mugla_2021_to_manavgat_2021,burnable_tree_shrub_grass,c4ab107db2207f9f20775ccc0b3bf39381173fd07d4e82f6821ce7f40be7db8e,e4ab8b85df0d3a0b15f7404050b10ea062dd164f474b7791324ffdec0daa4d49,10,approximately_5_km,5,42,thermal,primary,pr_auc,higher_is_better,4,10,0.1007227330135432,0.1105100397197884,0.5766666640341844,0.1007227330135432,0.1105100397197884,0.5766666640341844,0.009787306706245197,0.47594393102064125,0.02056399098367898,interpretable,false,false,false,false,0.1105100397197884,0.10533100836452022,0.11650273029762184,0.1053065782065311,0.1171140464041413,10,0.02056399098367898,0.009682391245319123,0.03315516021023552,365.8,210.2,4.0,0.0,0.0
few_shot_recovery.v1,7348dfe74423acef7b5da3c0b64c45c73978738038797d490717d2c04e42b7c5,mugla_2021,manavgat_2021,mugla_2021_to_manavgat_2021,burnable_tree_shrub_grass,c4ab107db2207f9f20775ccc0b3bf39381173fd07d4e82f6821ce7f40be7db8e,e4ab8b85df0d3a0b15f7404050b10ea062dd164f474b7791324ffdec0daa4d49,10,approximately_5_km,5,42,thermal,primary,pr_auc,higher_is_better,8,10,0.1007227330135432,0.11708561809616849,0.5766666640341844,0.1007227330135432,0.11708561809616849,0.5766666640341844,0.01636288508262529,0.47594393102064125,0.0343798586685112,interpretable,false,false,false,false,0.11708561809616849,0.11311740756001609,0.12694829890940365,0.1129791450184317,0.1274620642466502,10,0.03437985866851121,0.026042299814377383,0.055102217270889146,729.7,417.0,8.0,0.0,0.0
few_shot_recovery.v1,7348dfe74423acef7b5da3c0b64c45c73978738038797d490717d2c04e42b7c5,mugla_2021,manavgat_2021,mugla_2021_to_manavgat_2021,burnable_tree_shrub_grass,c4ab107db2207f9f20775ccc0b3bf39381173fd07d4e82f6821ce7f40be7db8e,e4ab8b85df0d3a0b15f7404050b10ea062dd164f474b7791324ffdec0daa4d49,10,approximately_5_km,5,42,thermal,primary,pr_auc,higher_is_better,16,10,0.1007227330135432,0.13955046842086954,0.5766666640341844,0.1007227330135432,0.13955046842086954,0.5766666640341844,0.03882773540732634,0.47594393102064125,0.08158048223046344,interpretable,false,false,false,false,0.13955046842086954,0.13217541703157218,0.15012709262387103,0.1312347008421434,0.151637188630451,10,0.08158048223046344,0.06608485152984311,0.10380289859854355,1460.0,838.2,16.0,0.0,0.0
few_shot_recovery.v1,7348dfe74423acef7b5da3c0b64c45c73978738038797d490717d2c04e42b7c5,mugla_2021,manavgat_2021,mugla_2021_to_manavgat_2021,burnable_tree_shrub_grass,c4ab107db2207f9f20775ccc0b3bf39381173fd07d4e82f6821ce7f40be7db8e,e4ab8b85df0d3a0b15f7404050b10ea062dd164f474b7791324ffdec0daa4d49,10,approximately_5_km,5,42,thermal,primary,pr_auc,higher_is_better,32,10,0.1007227330135432,0.22213684789770616,0.5766666640341844,0.1007227330135432,0.22213684789770616,0.5766666640341844,0.12141411488416295,0.47594393102064125,0.2551017188596052,interpretable,false,false,false,false,0.22213684789770616,0.2129933115170376,0.23268559219244367,0.2115483142905692,0.2345511821532975,10,0.2551017188596052,0.23589034587064692,0.2772655570918024,2952.0,1796.0,29.0,3.0,0.0
few_shot_recovery.v1,7348dfe74423acef7b5da3c0b64c45c73978738038797d490717d2c04e42b7c5,mugla_2021,manavgat_2021,mugla_2021_to_manavgat_2021,burnable_tree_shrub_grass,c4ab107db2207f9f20775ccc0b3bf39381173fd07d4e82f6821ce7f40be7db8e,e4ab8b85df0d3a0b15f7404050b10ea062dd164f474b7791324ffdec0daa4d49,10,approximately_5_km,5,42,thermal,primary,roc_auc,higher_is_better,0,1,0.3449553227686198,0.3449553227686198,0.8822236106383259,0.3449553227686198,0.3449553227686198,0.8822236106383259,0.0,0.5372682878697062,0.0,interpretable,false,false,false,false,0.3449553227686198,0.3449553227686198,0.3449553227686198,0.3449553227686198,0.3449553227686198,1,0.0,0.0,0.0,0.0,0.0,0.0,0.0,0.0
few_shot_recovery.v1,7348dfe74423acef7b5da3c0b64c45c73978738038797d490717d2c04e42b7c5,mugla_2021,manavgat_2021,mugla_2021_to_manavgat_2021,burnable_tree_shrub_grass,c4ab107db2207f9f20775ccc0b3bf39381173fd07d4e82f6821ce7f40be7db8e,e4ab8b85df0d3a0b15f7404050b10ea062dd164f474b7791324ffdec0daa4d49,10,approximately_5_km,5,42,thermal,primary,roc_auc,higher_is_better,1,10,0.3449553227686198,0.3580618927079594,0.8822236106383259,0.3449553227686198,0.3580618927079594,0.8822236106383259,0.013106569939339618,0.5372682878697062,0.024394832591567578,interpretable,false,false,false,false,0.3580618927079594,0.35013424808221516,0.3846432788070925,0.3498901921390404,0.3868270112799007,10,0.024394832591567522,0.009639365342276345,0.07386990249478015,92.4,52.1,1.0,0.0,0.0
few_shot_recovery.v1,7348dfe74423acef7b5da3c0b64c45c73978738038797d490717d2c04e42b7c5,mugla_2021,manavgat_2021,mugla_2021_to_manavgat_2021,burnable_tree_shrub_grass,c4ab107db2207f9f20775ccc0b3bf39381173fd07d4e82f6821ce7f40be7db8e,e4ab8b85df0d3a0b15f7404050b10ea062dd164f474b7791324ffdec0daa4d49,10,approximately_5_km,5,42,thermal,primary,roc_auc,higher_is_better,2,10,0.3449553227686198,0.3804602295681194,0.8822236106383259,0.3449553227686198,0.3804602295681194,0.8822236106383259,0.035504906799499636,0.5372682878697062,0.06608412891867907,interpretable,false,false,false,false,0.3804602295681194,0.3488477216298514,0.40180367529207783,0.3455800033962992,0.4024948454567518,10,0.06608412891867911,0.0072447954757671315,0.10580999066381605,184.1,109.3,2.0,0.0,0.0
few_shot_recovery.v1,7348dfe74423acef7b5da3c0b64c45c73978738038797d490717d2c04e42b7c5,mugla_2021,manavgat_2021,mugla_2021_to_manavgat_2021,burnable_tree_shrub_grass,c4ab107db2207f9f20775ccc0b3bf39381173fd07d4e82f6821ce7f40be7db8e,e4ab8b85df0d3a0b15f7404050b10ea062dd164f474b7791324ffdec0daa4d49,10,approximately_5_km,5,42,thermal,primary,roc_auc,higher_is_better,4,10,0.3449553227686198,0.4072329543383846,0.8822236106383259,0.3449553227686198,0.4072329543383846,0.8822236106383259,0.06227763156976479,0.5372682878697062,0.11591533127089727,interpretable,false,false,false,false,0.4072329543383846,0.3767408224317037,0.43849336277438883,0.3766730069422528,0.4427337805385848,10,0.11591533127089734,0.05916131731711717,0.17409931335544057,365.8,210.2,4.0,0.0,0.0
few_shot_recovery.v1,7348dfe74423acef7b5da3c0b64c45c73978738038797d490717d2c04e42b7c5,mugla_2021,manavgat_2021,mugla_2021_to_manavgat_2021,burnable_tree_shrub_grass,c4ab107db2207f9f20775ccc0b3bf39381173fd07d4e82f6821ce7f40be7db8e,e4ab8b85df0d3a0b15f7404050b10ea062dd164f474b7791324ffdec0daa4d49,10,approximately_5_km,5,42,thermal,primary,roc_auc,higher_is_better,8,10,0.3449553227686198,0.43664861833427804,0.8822236106383259,0.3449553227686198,0.43664861833427804,0.8822236106383259,0.09169329556565825,0.5372682878697062,0.17066575049353172,interpretable,false,false,false,false,0.43664861833427804,0.42007929665782434,0.4802703663583374,0.4196736838758753,0.4860471224893167,10,0.17066575049353166,0.13982581065239236,0.2518574921409341,729.7,417.0,8.0,0.0,0.0
few_shot_recovery.v1,7348dfe74423acef7b5da3c0b64c45c73978738038797d490717d2c04e42b7c5,mugla_2021,manavgat_2021,mugla_2021_to_manavgat_2021,burnable_tree_shrub_grass,c4ab107db2207f9f20775ccc0b3bf39381173fd07d4e82f6821ce7f40be7db8e,e4ab8b85df0d3a0b15f7404050b10ea062dd164f474b7791324ffdec0daa4d49,10,approximately_5_km,5,42,thermal,primary,roc_auc,higher_is_better,16,10,0.3449553227686198,0.5050180709485368,0.8822236106383259,0.3449553227686198,0.5050180709485368,0.8822236106383259,0.160062748179917,0.5372682878697062,0.2979195902564309,interpretable,false,false,false,false,0.5050180709485368,0.4864381984997352,0.5325600764051025,0.4831420071818548,0.5372556971369508,10,0.2979195902564309,0.263337477616819,0.34918262974415326,1460.0,838.2,16.0,0.0,0.0
few_shot_recovery.v1,7348dfe74423acef7b5da3c0b64c45c73978738038797d490717d2c04e42b7c5,mugla_2021,manavgat_2021,mugla_2021_to_manavgat_2021,burnable_tree_shrub_grass,c4ab107db2207f9f20775ccc0b3bf39381173fd07d4e82f6821ce7f40be7db8e,e4ab8b85df0d3a0b15f7404050b10ea062dd164f474b7791324ffdec0daa4d49,10,approximately_5_km,5,42,thermal,primary,roc_auc,higher_is_better,32,10,0.3449553227686198,0.6241590669947171,0.8822236106383259,0.3449553227686198,0.6241590669947171,0.8822236106383259,0.27920374422609734,0.5372682878697062,0.519672853451212,interpretable,false,false,false,false,0.6241590669947171,0.6204114518675381,0.626119558457832,0.6203778538024982,0.6263019728776813,10,0.5196728534512118,0.512697539233359,0.5233218524846154,2952.0,1796.0,29.0,3.0,0.0
