block,direction,source_region,target_region,metric,value,ci_low,ci_high,source_file,source_column
aoa,manavgat_2021_to_bejis_2022,manavgat_2021,bejis_2022,fraction_inside_weighted_aoa,0.1976300197498354,,,"drive_new/diagnostics/marginal_aoa_completion/4f3ac830327d7ec6f581abbb5161686710894a68db9d2a59b9b4948d166d033f/comparison/marginal_diagnostics_with_transfer.csv",fraction_inside_weighted_aoa
aoa,manavgat_2021_to_bejis_2022,manavgat_2021,bejis_2022,unweighted_fraction_target_cells_inside_support,0.91560236998025,,,"drive_new/diagnostics/marginal_aoa_completion/4f3ac830327d7ec6f581abbb5161686710894a68db9d2a59b9b4948d166d033f/comparison/marginal_diagnostics_with_transfer.csv",unweighted_fraction_target_cells_inside_support
aoa,manavgat_2021_to_bejis_2022,manavgat_2021,bejis_2022,target_mean_dissimilarity,0.2786658752944363,,,"drive_new/diagnostics/marginal_aoa_completion/4f3ac830327d7ec6f581abbb5161686710894a68db9d2a59b9b4948d166d033f/comparison/marginal_diagnostics_with_transfer.csv",target_mean_dissimilarity
aoa,manavgat_2021_to_bejis_2022,manavgat_2021,bejis_2022,target_p95_dissimilarity,0.4574153023356973,,,"drive_new/diagnostics/marginal_aoa_completion/4f3ac830327d7ec6f581abbb5161686710894a68db9d2a59b9b4948d166d033f/comparison/marginal_diagnostics_with_transfer.csv",target_p95_dissimilarity
aoa,manavgat_2021_to_bejis_2022,manavgat_2021,bejis_2022,raw_thermal_roc_auc,0.3964026711400735,,,"drive_new/diagnostics/marginal_aoa_completion/4f3ac830327d7ec6f581abbb5161686710894a68db9d2a59b9b4948d166d033f/comparison/marginal_diagnostics_with_transfer.csv",raw_thermal_roc_auc
aoa,manavgat_2021_to_bejis_2022,manavgat_2021,bejis_2022,raw_thermal_pr_auc,0.0541744834189216,,,"drive_new/diagnostics/marginal_aoa_completion/4f3ac830327d7ec6f581abbb5161686710894a68db9d2a59b9b4948d166d033f/comparison/marginal_diagnostics_with_transfer.csv",raw_thermal_pr_auc
aoa,manavgat_2021_to_mugla_2021,manavgat_2021,mugla_2021,fraction_inside_weighted_aoa,0.8757758021614627,,,"drive_new/diagnostics/marginal_aoa_completion/4f3ac830327d7ec6f581abbb5161686710894a68db9d2a59b9b4948d166d033f/comparison/marginal_diagnostics_with_transfer.csv",fraction_inside_weighted_aoa
aoa,manavgat_2021_to_mugla_2021,manavgat_2021,mugla_2021,unweighted_fraction_target_cells_inside_support,0.9639596463061034,,,"drive_new/diagnostics/marginal_aoa_completion/4f3ac830327d7ec6f581abbb5161686710894a68db9d2a59b9b4948d166d033f/comparison/marginal_diagnostics_with_transfer.csv",unweighted_fraction_target_cells_inside_support
aoa,manavgat_2021_to_mugla_2021,manavgat_2021,mugla_2021,target_mean_dissimilarity,0.1377878262886473,,,"drive_new/diagnostics/marginal_aoa_completion/4f3ac830327d7ec6f581abbb5161686710894a68db9d2a59b9b4948d166d033f/comparison/marginal_diagnostics_with_transfer.csv",target_mean_dissimilarity
aoa,manavgat_2021_to_mugla_2021,manavgat_2021,mugla_2021,target_p95_dissimilarity,0.2346943467864302,,,"drive_new/diagnostics/marginal_aoa_completion/4f3ac830327d7ec6f581abbb5161686710894a68db9d2a59b9b4948d166d033f/comparison/marginal_diagnostics_with_transfer.csv",target_p95_dissimilarity
aoa,manavgat_2021_to_mugla_2021,manavgat_2021,mugla_2021,raw_thermal_roc_auc,0.4376617829318566,,,"drive_new/diagnostics/marginal_aoa_completion/4f3ac830327d7ec6f581abbb5161686710894a68db9d2a59b9b4948d166d033f/comparison/marginal_diagnostics_with_transfer.csv",raw_thermal_roc_auc
aoa,manavgat_2021_to_mugla_2021,manavgat_2021,mugla_2021,raw_thermal_pr_auc,0.0595168689240478,,,"drive_new/diagnostics/marginal_aoa_completion/4f3ac830327d7ec6f581abbb5161686710894a68db9d2a59b9b4948d166d033f/comparison/marginal_diagnostics_with_transfer.csv",raw_thermal_pr_auc
aoa,manavgat_2021_to_evia_2021_extended,manavgat_2021,evia_2021_extended,fraction_inside_weighted_aoa,0.7348892234889224,,,"drive_new/diagnostics/marginal_aoa_completion/4f3ac830327d7ec6f581abbb5161686710894a68db9d2a59b9b4948d166d033f/comparison/marginal_diagnostics_with_transfer.csv",fraction_inside_weighted_aoa
aoa,manavgat_2021_to_evia_2021_extended,manavgat_2021,evia_2021_extended,unweighted_fraction_target_cells_inside_support,0.9424607442460744,,,"drive_new/diagnostics/marginal_aoa_completion/4f3ac830327d7ec6f581abbb5161686710894a68db9d2a59b9b4948d166d033f/comparison/marginal_diagnostics_with_transfer.csv",unweighted_fraction_target_cells_inside_support
aoa,manavgat_2021_to_evia_2021_extended,manavgat_2021,evia_2021_extended,target_mean_dissimilarity,0.1642688164945299,,,"drive_new/diagnostics/marginal_aoa_completion/4f3ac830327d7ec6f581abbb5161686710894a68db9d2a59b9b4948d166d033f/comparison/marginal_diagnostics_with_transfer.csv",target_mean_dissimilarity
aoa,manavgat_2021_to_evia_2021_extended,manavgat_2021,evia_2021_extended,target_p95_dissimilarity,0.2923401266056869,,,"drive_new/diagnostics/marginal_aoa_completion/4f3ac830327d7ec6f581abbb5161686710894a68db9d2a59b9b4948d166d033f/comparison/marginal_diagnostics_with_transfer.csv",target_p95_dissimilarity
aoa,manavgat_2021_to_evia_2021_extended,manavgat_2021,evia_2021_extended,raw_thermal_roc_auc,0.6540092625033838,,,"drive_new/diagnostics/marginal_aoa_completion/4f3ac830327d7ec6f581abbb5161686710894a68db9d2a59b9b4948d166d033f/comparison/marginal_diagnostics_with_transfer.csv",raw_thermal_roc_auc
aoa,manavgat_2021_to_evia_2021_extended,manavgat_2021,evia_2021_extended,raw_thermal_pr_auc,0.4065333593047762,,,"drive_new/diagnostics/marginal_aoa_completion/4f3ac830327d7ec6f581abbb5161686710894a68db9d2a59b9b4948d166d033f/comparison/marginal_diagnostics_with_transfer.csv",raw_thermal_pr_auc
aoa,bejis_2022_to_manavgat_2021,bejis_2022,manavgat_2021,fraction_inside_weighted_aoa,0.2207248844563366,,,"drive_new/diagnostics/marginal_aoa_completion/4f3ac830327d7ec6f581abbb5161686710894a68db9d2a59b9b4948d166d033f/comparison/marginal_diagnostics_with_transfer.csv",fraction_inside_weighted_aoa
aoa,bejis_2022_to_manavgat_2021,bejis_2022,manavgat_2021,unweighted_fraction_target_cells_inside_support,0.7485769885672586,,,"drive_new/diagnostics/marginal_aoa_completion/4f3ac830327d7ec6f581abbb5161686710894a68db9d2a59b9b4948d166d033f/comparison/marginal_diagnostics_with_transfer.csv",unweighted_fraction_target_cells_inside_support
aoa,bejis_2022_to_manavgat_2021,bejis_2022,manavgat_2021,target_mean_dissimilarity,0.365092481069614,,,"drive_new/diagnostics/marginal_aoa_completion/4f3ac830327d7ec6f581abbb5161686710894a68db9d2a59b9b4948d166d033f/comparison/marginal_diagnostics_with_transfer.csv",target_mean_dissimilarity
aoa,bejis_2022_to_manavgat_2021,bejis_2022,manavgat_2021,target_p95_dissimilarity,0.687146340764711,,,"drive_new/diagnostics/marginal_aoa_completion/4f3ac830327d7ec6f581abbb5161686710894a68db9d2a59b9b4948d166d033f/comparison/marginal_diagnostics_with_transfer.csv",target_p95_dissimilarity
aoa,bejis_2022_to_manavgat_2021,bejis_2022,manavgat_2021,raw_thermal_roc_auc,0.3141548720223256,,,"drive_new/diagnostics/marginal_aoa_completion/4f3ac830327d7ec6f581abbb5161686710894a68db9d2a59b9b4948d166d033f/comparison/marginal_diagnostics_with_transfer.csv",raw_thermal_roc_auc
aoa,bejis_2022_to_manavgat_2021,bejis_2022,manavgat_2021,raw_thermal_pr_auc,0.0977677246262994,,,"drive_new/diagnostics/marginal_aoa_completion/4f3ac830327d7ec6f581abbb5161686710894a68db9d2a59b9b4948d166d033f/comparison/marginal_diagnostics_with_transfer.csv",raw_thermal_pr_auc
aoa,bejis_2022_to_mugla_2021,bejis_2022,mugla_2021,fraction_inside_weighted_aoa,0.1997795403896384,,,"drive_new/diagnostics/marginal_aoa_completion/4f3ac830327d7ec6f581abbb5161686710894a68db9d2a59b9b4948d166d033f/comparison/marginal_diagnostics_with_transfer.csv",fraction_inside_weighted_aoa
aoa,bejis_2022_to_mugla_2021,bejis_2022,mugla_2021,unweighted_fraction_target_cells_inside_support,0.7637966978984448,,,"drive_new/diagnostics/marginal_aoa_completion/4f3ac830327d7ec6f581abbb5161686710894a68db9d2a59b9b4948d166d033f/comparison/marginal_diagnostics_with_transfer.csv",unweighted_fraction_target_cells_inside_support
aoa,bejis_2022_to_mugla_2021,bejis_2022,mugla_2021,target_mean_dissimilarity,0.3199361972811828,,,"drive_new/diagnostics/marginal_aoa_completion/4f3ac830327d7ec6f581abbb5161686710894a68db9d2a59b9b4948d166d033f/comparison/marginal_diagnostics_with_transfer.csv",target_mean_dissimilarity
aoa,bejis_2022_to_mugla_2021,bejis_2022,mugla_2021,target_p95_dissimilarity,0.4932931773800146,,,"drive_new/diagnostics/marginal_aoa_completion/4f3ac830327d7ec6f581abbb5161686710894a68db9d2a59b9b4948d166d033f/comparison/marginal_diagnostics_with_transfer.csv",target_p95_dissimilarity
aoa,bejis_2022_to_mugla_2021,bejis_2022,mugla_2021,raw_thermal_roc_auc,0.6184747489978262,,,"drive_new/diagnostics/marginal_aoa_completion/4f3ac830327d7ec6f581abbb5161686710894a68db9d2a59b9b4948d166d033f/comparison/marginal_diagnostics_with_transfer.csv",raw_thermal_roc_auc
aoa,bejis_2022_to_mugla_2021,bejis_2022,mugla_2021,raw_thermal_pr_auc,0.0925385912286984,,,"drive_new/diagnostics/marginal_aoa_completion/4f3ac830327d7ec6f581abbb5161686710894a68db9d2a59b9b4948d166d033f/comparison/marginal_diagnostics_with_transfer.csv",raw_thermal_pr_auc
aoa,bejis_2022_to_evia_2021_extended,bejis_2022,evia_2021_extended,fraction_inside_weighted_aoa,0.1704667670466767,,,"drive_new/diagnostics/marginal_aoa_completion/4f3ac830327d7ec6f581abbb5161686710894a68db9d2a59b9b4948d166d033f/comparison/marginal_diagnostics_with_transfer.csv",fraction_inside_weighted_aoa
aoa,bejis_2022_to_evia_2021_extended,bejis_2022,evia_2021_extended,unweighted_fraction_target_cells_inside_support,0.6533663153366316,,,"drive_new/diagnostics/marginal_aoa_completion/4f3ac830327d7ec6f581abbb5161686710894a68db9d2a59b9b4948d166d033f/comparison/marginal_diagnostics_with_transfer.csv",unweighted_fraction_target_cells_inside_support
aoa,bejis_2022_to_evia_2021_extended,bejis_2022,evia_2021_extended,target_mean_dissimilarity,0.3377786514882156,,,"drive_new/diagnostics/marginal_aoa_completion/4f3ac830327d7ec6f581abbb5161686710894a68db9d2a59b9b4948d166d033f/comparison/marginal_diagnostics_with_transfer.csv",target_mean_dissimilarity
aoa,bejis_2022_to_evia_2021_extended,bejis_2022,evia_2021_extended,target_p95_dissimilarity,0.5257321618973324,,,"drive_new/diagnostics/marginal_aoa_completion/4f3ac830327d7ec6f581abbb5161686710894a68db9d2a59b9b4948d166d033f/comparison/marginal_diagnostics_with_transfer.csv",target_p95_dissimilarity
aoa,bejis_2022_to_evia_2021_extended,bejis_2022,evia_2021_extended,raw_thermal_roc_auc,0.3828214331304473,,,"drive_new/diagnostics/marginal_aoa_completion/4f3ac830327d7ec6f581abbb5161686710894a68db9d2a59b9b4948d166d033f/comparison/marginal_diagnostics_with_transfer.csv",raw_thermal_roc_auc
aoa,bejis_2022_to_evia_2021_extended,bejis_2022,evia_2021_extended,raw_thermal_pr_auc,0.2257835213181088,,,"drive_new/diagnostics/marginal_aoa_completion/4f3ac830327d7ec6f581abbb5161686710894a68db9d2a59b9b4948d166d033f/comparison/marginal_diagnostics_with_transfer.csv",raw_thermal_pr_auc
aoa,mugla_2021_to_manavgat_2021,mugla_2021,manavgat_2021,fraction_inside_weighted_aoa,0.5305278521041109,,,"drive_new/diagnostics/marginal_aoa_completion/4f3ac830327d7ec6f581abbb5161686710894a68db9d2a59b9b4948d166d033f/comparison/marginal_diagnostics_with_transfer.csv",fraction_inside_weighted_aoa
aoa,mugla_2021_to_manavgat_2021,mugla_2021,manavgat_2021,unweighted_fraction_target_cells_inside_support,0.9702262223303332,,,"drive_new/diagnostics/marginal_aoa_completion/4f3ac830327d7ec6f581abbb5161686710894a68db9d2a59b9b4948d166d033f/comparison/marginal_diagnostics_with_transfer.csv",unweighted_fraction_target_cells_inside_support
aoa,mugla_2021_to_manavgat_2021,mugla_2021,manavgat_2021,target_mean_dissimilarity,0.2321812455590105,,,"drive_new/diagnostics/marginal_aoa_completion/4f3ac830327d7ec6f581abbb5161686710894a68db9d2a59b9b4948d166d033f/comparison/marginal_diagnostics_with_transfer.csv",target_mean_dissimilarity
aoa,mugla_2021_to_manavgat_2021,mugla_2021,manavgat_2021,target_p95_dissimilarity,0.5501617268303004,,,"drive_new/diagnostics/marginal_aoa_completion/4f3ac830327d7ec6f581abbb5161686710894a68db9d2a59b9b4948d166d033f/comparison/marginal_diagnostics_with_transfer.csv",target_p95_dissimilarity
aoa,mugla_2021_to_manavgat_2021,mugla_2021,manavgat_2021,raw_thermal_roc_auc,0.3449553227686198,,,"drive_new/diagnostics/marginal_aoa_completion/4f3ac830327d7ec6f581abbb5161686710894a68db9d2a59b9b4948d166d033f/comparison/marginal_diagnostics_with_transfer.csv",raw_thermal_roc_auc
aoa,mugla_2021_to_manavgat_2021,mugla_2021,manavgat_2021,raw_thermal_pr_auc,0.1007227330135432,,,"drive_new/diagnostics/marginal_aoa_completion/4f3ac830327d7ec6f581abbb5161686710894a68db9d2a59b9b4948d166d033f/comparison/marginal_diagnostics_with_transfer.csv",raw_thermal_pr_auc
aoa,mugla_2021_to_bejis_2022,mugla_2021,bejis_2022,fraction_inside_weighted_aoa,0.0050032916392363,,,"drive_new/diagnostics/marginal_aoa_completion/4f3ac830327d7ec6f581abbb5161686710894a68db9d2a59b9b4948d166d033f/comparison/marginal_diagnostics_with_transfer.csv",fraction_inside_weighted_aoa
aoa,mugla_2021_to_bejis_2022,mugla_2021,bejis_2022,unweighted_fraction_target_cells_inside_support,0.9075707702435812,,,"drive_new/diagnostics/marginal_aoa_completion/4f3ac830327d7ec6f581abbb5161686710894a68db9d2a59b9b4948d166d033f/comparison/marginal_diagnostics_with_transfer.csv",unweighted_fraction_target_cells_inside_support
aoa,mugla_2021_to_bejis_2022,mugla_2021,bejis_2022,target_mean_dissimilarity,0.4663418199185415,,,"drive_new/diagnostics/marginal_aoa_completion/4f3ac830327d7ec6f581abbb5161686710894a68db9d2a59b9b4948d166d033f/comparison/marginal_diagnostics_with_transfer.csv",target_mean_dissimilarity
aoa,mugla_2021_to_bejis_2022,mugla_2021,bejis_2022,target_p95_dissimilarity,0.8549570643567039,,,"drive_new/diagnostics/marginal_aoa_completion/4f3ac830327d7ec6f581abbb5161686710894a68db9d2a59b9b4948d166d033f/comparison/marginal_diagnostics_with_transfer.csv",target_p95_dissimilarity
aoa,mugla_2021_to_bejis_2022,mugla_2021,bejis_2022,raw_thermal_roc_auc,0.5831912381443964,,,"drive_new/diagnostics/marginal_aoa_completion/4f3ac830327d7ec6f581abbb5161686710894a68db9d2a59b9b4948d166d033f/comparison/marginal_diagnostics_with_transfer.csv",raw_thermal_roc_auc
aoa,mugla_2021_to_bejis_2022,mugla_2021,bejis_2022,raw_thermal_pr_auc,0.0882719168819328,,,"drive_new/diagnostics/marginal_aoa_completion/4f3ac830327d7ec6f581abbb5161686710894a68db9d2a59b9b4948d166d033f/comparison/marginal_diagnostics_with_transfer.csv",raw_thermal_pr_auc
aoa,mugla_2021_to_evia_2021_extended,mugla_2021,evia_2021_extended,fraction_inside_weighted_aoa,0.5809851580985158,,,"drive_new/diagnostics/marginal_aoa_completion/4f3ac830327d7ec6f581abbb5161686710894a68db9d2a59b9b4948d166d033f/comparison/marginal_diagnostics_with_transfer.csv",fraction_inside_weighted_aoa
aoa,mugla_2021_to_evia_2021_extended,mugla_2021,evia_2021_extended,unweighted_fraction_target_cells_inside_support,0.9509571950957196,,,"drive_new/diagnostics/marginal_aoa_completion/4f3ac830327d7ec6f581abbb5161686710894a68db9d2a59b9b4948d166d033f/comparison/marginal_diagnostics_with_transfer.csv",unweighted_fraction_target_cells_inside_support
aoa,mugla_2021_to_evia_2021_extended,mugla_2021,evia_2021_extended,target_mean_dissimilarity,0.2012591791587566,,,"drive_new/diagnostics/marginal_aoa_completion/4f3ac830327d7ec6f581abbb5161686710894a68db9d2a59b9b4948d166d033f/comparison/marginal_diagnostics_with_transfer.csv",target_mean_dissimilarity
aoa,mugla_2021_to_evia_2021_extended,mugla_2021,evia_2021_extended,target_p95_dissimilarity,0.4325624797191889,,,"drive_new/diagnostics/marginal_aoa_completion/4f3ac830327d7ec6f581abbb5161686710894a68db9d2a59b9b4948d166d033f/comparison/marginal_diagnostics_with_transfer.csv",target_p95_dissimilarity
aoa,mugla_2021_to_evia_2021_extended,mugla_2021,evia_2021_extended,raw_thermal_roc_auc,0.6534051763551312,,,"drive_new/diagnostics/marginal_aoa_completion/4f3ac830327d7ec6f581abbb5161686710894a68db9d2a59b9b4948d166d033f/comparison/marginal_diagnostics_with_transfer.csv",raw_thermal_roc_auc
aoa,mugla_2021_to_evia_2021_extended,mugla_2021,evia_2021_extended,raw_thermal_pr_auc,0.3787524641133996,,,"drive_new/diagnostics/marginal_aoa_completion/4f3ac830327d7ec6f581abbb5161686710894a68db9d2a59b9b4948d166d033f/comparison/marginal_diagnostics_with_transfer.csv",raw_thermal_pr_auc
aoa,evia_2021_extended_to_manavgat_2021,evia_2021_extended,manavgat_2021,fraction_inside_weighted_aoa,0.4067136949647287,,,"drive_new/diagnostics/marginal_aoa_completion/4f3ac830327d7ec6f581abbb5161686710894a68db9d2a59b9b4948d166d033f/comparison/marginal_diagnostics_with_transfer.csv",fraction_inside_weighted_aoa
aoa,evia_2021_extended_to_manavgat_2021,evia_2021_extended,manavgat_2021,unweighted_fraction_target_cells_inside_support,0.8994891753831185,,,"drive_new/diagnostics/marginal_aoa_completion/4f3ac830327d7ec6f581abbb5161686710894a68db9d2a59b9b4948d166d033f/comparison/marginal_diagnostics_with_transfer.csv",unweighted_fraction_target_cells_inside_support
aoa,evia_2021_extended_to_manavgat_2021,evia_2021_extended,manavgat_2021,target_mean_dissimilarity,0.3494944693248878,,,"drive_new/diagnostics/marginal_aoa_completion/4f3ac830327d7ec6f581abbb5161686710894a68db9d2a59b9b4948d166d033f/comparison/marginal_diagnostics_with_transfer.csv",target_mean_dissimilarity
aoa,evia_2021_extended_to_manavgat_2021,evia_2021_extended,manavgat_2021,target_p95_dissimilarity,0.7555216197703724,,,"drive_new/diagnostics/marginal_aoa_completion/4f3ac830327d7ec6f581abbb5161686710894a68db9d2a59b9b4948d166d033f/comparison/marginal_diagnostics_with_transfer.csv",target_p95_dissimilarity
aoa,evia_2021_extended_to_manavgat_2021,evia_2021_extended,manavgat_2021,raw_thermal_roc_auc,0.6768829881850658,,,"drive_new/diagnostics/marginal_aoa_completion/4f3ac830327d7ec6f581abbb5161686710894a68db9d2a59b9b4948d166d033f/comparison/marginal_diagnostics_with_transfer.csv",raw_thermal_roc_auc
aoa,evia_2021_extended_to_manavgat_2021,evia_2021_extended,manavgat_2021,raw_thermal_pr_auc,0.3208883386590513,,,"drive_new/diagnostics/marginal_aoa_completion/4f3ac830327d7ec6f581abbb5161686710894a68db9d2a59b9b4948d166d033f/comparison/marginal_diagnostics_with_transfer.csv",raw_thermal_pr_auc
aoa,evia_2021_extended_to_bejis_2022,evia_2021_extended,bejis_2022,fraction_inside_weighted_aoa,0.0728768926925609,,,"drive_new/diagnostics/marginal_aoa_completion/4f3ac830327d7ec6f581abbb5161686710894a68db9d2a59b9b4948d166d033f/comparison/marginal_diagnostics_with_transfer.csv",fraction_inside_weighted_aoa
aoa,evia_2021_extended_to_bejis_2022,evia_2021_extended,bejis_2022,unweighted_fraction_target_cells_inside_support,0.8562211981566821,,,"drive_new/diagnostics/marginal_aoa_completion/4f3ac830327d7ec6f581abbb5161686710894a68db9d2a59b9b4948d166d033f/comparison/marginal_diagnostics_with_transfer.csv",unweighted_fraction_target_cells_inside_support
aoa,evia_2021_extended_to_bejis_2022,evia_2021_extended,bejis_2022,target_mean_dissimilarity,0.4862588199588097,,,"drive_new/diagnostics/marginal_aoa_completion/4f3ac830327d7ec6f581abbb5161686710894a68db9d2a59b9b4948d166d033f/comparison/marginal_diagnostics_with_transfer.csv",target_mean_dissimilarity
aoa,evia_2021_extended_to_bejis_2022,evia_2021_extended,bejis_2022,target_p95_dissimilarity,0.8844110397496701,,,"drive_new/diagnostics/marginal_aoa_completion/4f3ac830327d7ec6f581abbb5161686710894a68db9d2a59b9b4948d166d033f/comparison/marginal_diagnostics_with_transfer.csv",target_p95_dissimilarity
aoa,evia_2021_extended_to_bejis_2022,evia_2021_extended,bejis_2022,raw_thermal_roc_auc,0.4480079359958707,,,"drive_new/diagnostics/marginal_aoa_completion/4f3ac830327d7ec6f581abbb5161686710894a68db9d2a59b9b4948d166d033f/comparison/marginal_diagnostics_with_transfer.csv",raw_thermal_roc_auc
aoa,evia_2021_extended_to_bejis_2022,evia_2021_extended,bejis_2022,raw_thermal_pr_auc,0.0591842483213908,,,"drive_new/diagnostics/marginal_aoa_completion/4f3ac830327d7ec6f581abbb5161686710894a68db9d2a59b9b4948d166d033f/comparison/marginal_diagnostics_with_transfer.csv",raw_thermal_pr_auc
aoa,evia_2021_extended_to_mugla_2021,evia_2021_extended,mugla_2021,fraction_inside_weighted_aoa,0.6309697826555798,,,"drive_new/diagnostics/marginal_aoa_completion/4f3ac830327d7ec6f581abbb5161686710894a68db9d2a59b9b4948d166d033f/comparison/marginal_diagnostics_with_transfer.csv",fraction_inside_weighted_aoa
aoa,evia_2021_extended_to_mugla_2021,evia_2021_extended,mugla_2021,unweighted_fraction_target_cells_inside_support,0.9590232680740935,,,"drive_new/diagnostics/marginal_aoa_completion/4f3ac830327d7ec6f581abbb5161686710894a68db9d2a59b9b4948d166d033f/comparison/marginal_diagnostics_with_transfer.csv",unweighted_fraction_target_cells_inside_support
aoa,evia_2021_extended_to_mugla_2021,evia_2021_extended,mugla_2021,target_mean_dissimilarity,0.2468574381461607,,,"drive_new/diagnostics/marginal_aoa_completion/4f3ac830327d7ec6f581abbb5161686710894a68db9d2a59b9b4948d166d033f/comparison/marginal_diagnostics_with_transfer.csv",target_mean_dissimilarity
aoa,evia_2021_extended_to_mugla_2021,evia_2021_extended,mugla_2021,target_p95_dissimilarity,0.5115908787629446,,,"drive_new/diagnostics/marginal_aoa_completion/4f3ac830327d7ec6f581abbb5161686710894a68db9d2a59b9b4948d166d033f/comparison/marginal_diagnostics_with_transfer.csv",target_p95_dissimilarity
aoa,evia_2021_extended_to_mugla_2021,evia_2021_extended,mugla_2021,raw_thermal_roc_auc,0.576836486299561,,,"drive_new/diagnostics/marginal_aoa_completion/4f3ac830327d7ec6f581abbb5161686710894a68db9d2a59b9b4948d166d033f/comparison/marginal_diagnostics_with_transfer.csv",raw_thermal_roc_auc
aoa,evia_2021_extended_to_mugla_2021,evia_2021_extended,mugla_2021,raw_thermal_pr_auc,0.0856193943900276,,,"drive_new/diagnostics/marginal_aoa_completion/4f3ac830327d7ec6f581abbb5161686710894a68db9d2a59b9b4948d166d033f/comparison/marginal_diagnostics_with_transfer.csv",raw_thermal_pr_auc
transfer_matrix,manavgat_2021_to_bejis_2022,manavgat_2021,bejis_2022,thermal_raw_source_only_pr_auc,0.05417448341892161,0.04817102254559621,0.06106302118813285,"drive_new/diagnostics/multi_aoi_transfer_synthesis/bejis_2022__evia_2021_extended__manavgat_2021__montiferru_2021__mugla_2021/multi_aoi_transfer_matrix.csv",pr_auc
transfer_matrix,manavgat_2021_to_bejis_2022,manavgat_2021,bejis_2022,thermal_raw_source_only_roc_auc,0.3964026711400735,0.3725380745561713,0.4219023718773863,"drive_new/diagnostics/multi_aoi_transfer_synthesis/bejis_2022__evia_2021_extended__manavgat_2021__montiferru_2021__mugla_2021/multi_aoi_transfer_matrix.csv",roc_auc
transfer_matrix,manavgat_2021_to_bejis_2022,manavgat_2021,bejis_2022,thermal_regionwise_zscore_pr_auc,0.059628522204261555,0.052704940513290825,0.06746729225260818,"drive_new/diagnostics/multi_aoi_transfer_synthesis/bejis_2022__evia_2021_extended__manavgat_2021__montiferru_2021__mugla_2021/multi_aoi_transfer_matrix.csv",pr_auc
transfer_matrix,manavgat_2021_to_bejis_2022,manavgat_2021,bejis_2022,thermal_regionwise_zscore_roc_auc,0.45040221949803216,0.42252294293059467,0.47650311008000257,"drive_new/diagnostics/multi_aoi_transfer_synthesis/bejis_2022__evia_2021_extended__manavgat_2021__montiferru_2021__mugla_2021/multi_aoi_transfer_matrix.csv",roc_auc
transfer_matrix,manavgat_2021_to_bejis_2022,manavgat_2021,bejis_2022,thermal_coral_after_regionwise_zscore_pr_auc,0.061554744732753935,0.05445276181309215,0.06982386217683322,"drive_new/diagnostics/multi_aoi_transfer_synthesis/bejis_2022__evia_2021_extended__manavgat_2021__montiferru_2021__mugla_2021/multi_aoi_transfer_matrix.csv",pr_auc
transfer_matrix,manavgat_2021_to_bejis_2022,manavgat_2021,bejis_2022,thermal_coral_after_regionwise_zscore_roc_auc,0.46684737725014513,0.4407173741413762,0.49146908817589513,"drive_new/diagnostics/multi_aoi_transfer_synthesis/bejis_2022__evia_2021_extended__manavgat_2021__montiferru_2021__mugla_2021/multi_aoi_transfer_matrix.csv",roc_auc
transfer_matrix,manavgat_2021_to_bejis_2022,manavgat_2021,bejis_2022,baseline_raw_source_only_pr_auc,0.052010675967464864,0.04629209433258033,0.05861556618247069,"drive_new/diagnostics/multi_aoi_transfer_synthesis/bejis_2022__evia_2021_extended__manavgat_2021__montiferru_2021__mugla_2021/multi_aoi_transfer_matrix.csv",pr_auc
transfer_matrix,manavgat_2021_to_bejis_2022,manavgat_2021,bejis_2022,baseline_raw_source_only_roc_auc,0.37069117362410486,0.3478759510962382,0.3928717868755974,"drive_new/diagnostics/multi_aoi_transfer_synthesis/bejis_2022__evia_2021_extended__manavgat_2021__montiferru_2021__mugla_2021/multi_aoi_transfer_matrix.csv",roc_auc
transfer_matrix,manavgat_2021_to_bejis_2022,manavgat_2021,bejis_2022,baseline_regionwise_zscore_pr_auc,0.053222400830550534,0.0468432791210631,0.05988862787759578,"drive_new/diagnostics/multi_aoi_transfer_synthesis/bejis_2022__evia_2021_extended__manavgat_2021__montiferru_2021__mugla_2021/multi_aoi_transfer_matrix.csv",pr_auc
transfer_matrix,manavgat_2021_to_bejis_2022,manavgat_2021,bejis_2022,baseline_regionwise_zscore_roc_auc,0.38499890315504226,0.35867800696723945,0.408906810346338,"drive_new/diagnostics/multi_aoi_transfer_synthesis/bejis_2022__evia_2021_extended__manavgat_2021__montiferru_2021__mugla_2021/multi_aoi_transfer_matrix.csv",roc_auc
transfer_matrix,manavgat_2021_to_bejis_2022,manavgat_2021,bejis_2022,baseline_coral_after_regionwise_zscore_pr_auc,0.05329149935166093,0.04690323487443879,0.06015210263193764,"drive_new/diagnostics/multi_aoi_transfer_synthesis/bejis_2022__evia_2021_extended__manavgat_2021__montiferru_2021__mugla_2021/multi_aoi_transfer_matrix.csv",pr_auc
transfer_matrix,manavgat_2021_to_bejis_2022,manavgat_2021,bejis_2022,baseline_coral_after_regionwise_zscore_roc_auc,0.38537118523775726,0.3583843318579822,0.4094411093977446,"drive_new/diagnostics/multi_aoi_transfer_synthesis/bejis_2022__evia_2021_extended__manavgat_2021__montiferru_2021__mugla_2021/multi_aoi_transfer_matrix.csv",roc_auc
transfer_matrix,manavgat_2021_to_mugla_2021,manavgat_2021,mugla_2021,thermal_raw_source_only_pr_auc,0.05951686892404788,0.05474683243460814,0.06464152167247685,"drive_new/diagnostics/multi_aoi_transfer_synthesis/bejis_2022__evia_2021_extended__manavgat_2021__montiferru_2021__mugla_2021/multi_aoi_transfer_matrix.csv",pr_auc
transfer_matrix,manavgat_2021_to_mugla_2021,manavgat_2021,mugla_2021,thermal_raw_source_only_roc_auc,0.4376617829318566,0.4177023457506474,0.4561897693947969,"drive_new/diagnostics/multi_aoi_transfer_synthesis/bejis_2022__evia_2021_extended__manavgat_2021__montiferru_2021__mugla_2021/multi_aoi_transfer_matrix.csv",roc_auc
transfer_matrix,manavgat_2021_to_mugla_2021,manavgat_2021,mugla_2021,thermal_regionwise_zscore_pr_auc,0.05742824987998013,0.05284759571559151,0.06206933840010737,"drive_new/diagnostics/multi_aoi_transfer_synthesis/bejis_2022__evia_2021_extended__manavgat_2021__montiferru_2021__mugla_2021/multi_aoi_transfer_matrix.csv",pr_auc
transfer_matrix,manavgat_2021_to_mugla_2021,manavgat_2021,mugla_2021,thermal_regionwise_zscore_roc_auc,0.4267463273627929,0.4082574008576067,0.4438949066036892,"drive_new/diagnostics/multi_aoi_transfer_synthesis/bejis_2022__evia_2021_extended__manavgat_2021__montiferru_2021__mugla_2021/multi_aoi_transfer_matrix.csv",roc_auc
transfer_matrix,manavgat_2021_to_mugla_2021,manavgat_2021,mugla_2021,thermal_coral_after_regionwise_zscore_pr_auc,0.057108657720288655,0.05264575765901956,0.06183990649316968,"drive_new/diagnostics/multi_aoi_transfer_synthesis/bejis_2022__evia_2021_extended__manavgat_2021__montiferru_2021__mugla_2021/multi_aoi_transfer_matrix.csv",pr_auc
transfer_matrix,manavgat_2021_to_mugla_2021,manavgat_2021,mugla_2021,thermal_coral_after_regionwise_zscore_roc_auc,0.41742050141736736,0.39802033550840654,0.43624211627761816,"drive_new/diagnostics/multi_aoi_transfer_synthesis/bejis_2022__evia_2021_extended__manavgat_2021__montiferru_2021__mugla_2021/multi_aoi_transfer_matrix.csv",roc_auc
transfer_matrix,manavgat_2021_to_mugla_2021,manavgat_2021,mugla_2021,baseline_raw_source_only_pr_auc,0.06519776046968895,0.059588523869591695,0.07096724548834095,"drive_new/diagnostics/multi_aoi_transfer_synthesis/bejis_2022__evia_2021_extended__manavgat_2021__montiferru_2021__mugla_2021/multi_aoi_transfer_matrix.csv",pr_auc
transfer_matrix,manavgat_2021_to_mugla_2021,manavgat_2021,mugla_2021,baseline_raw_source_only_roc_auc,0.4656065622633644,0.44622655535383887,0.4849614239882339,"drive_new/diagnostics/multi_aoi_transfer_synthesis/bejis_2022__evia_2021_extended__manavgat_2021__montiferru_2021__mugla_2021/multi_aoi_transfer_matrix.csv",roc_auc
transfer_matrix,manavgat_2021_to_mugla_2021,manavgat_2021,mugla_2021,baseline_regionwise_zscore_pr_auc,0.060960667912937874,0.05623872550710885,0.06578024215551068,"drive_new/diagnostics/multi_aoi_transfer_synthesis/bejis_2022__evia_2021_extended__manavgat_2021__montiferru_2021__mugla_2021/multi_aoi_transfer_matrix.csv",pr_auc
transfer_matrix,manavgat_2021_to_mugla_2021,manavgat_2021,mugla_2021,baseline_regionwise_zscore_roc_auc,0.4612404844585688,0.44384152963115997,0.4784474083980121,"drive_new/diagnostics/multi_aoi_transfer_synthesis/bejis_2022__evia_2021_extended__manavgat_2021__montiferru_2021__mugla_2021/multi_aoi_transfer_matrix.csv",roc_auc
transfer_matrix,manavgat_2021_to_mugla_2021,manavgat_2021,mugla_2021,baseline_coral_after_regionwise_zscore_pr_auc,0.06408822149528663,0.058882242982284436,0.06920700891345392,"drive_new/diagnostics/multi_aoi_transfer_synthesis/bejis_2022__evia_2021_extended__manavgat_2021__montiferru_2021__mugla_2021/multi_aoi_transfer_matrix.csv",pr_auc
transfer_matrix,manavgat_2021_to_mugla_2021,manavgat_2021,mugla_2021,baseline_coral_after_regionwise_zscore_roc_auc,0.4753198942508232,0.45745356303987267,0.4940045607331551,"drive_new/diagnostics/multi_aoi_transfer_synthesis/bejis_2022__evia_2021_extended__manavgat_2021__montiferru_2021__mugla_2021/multi_aoi_transfer_matrix.csv",roc_auc
transfer_matrix,manavgat_2021_to_evia_2021_extended,manavgat_2021,evia_2021_extended,thermal_raw_source_only_pr_auc,0.4065333593047762,0.37605883977183263,0.4386122480965639,"drive_new/diagnostics/multi_aoi_transfer_synthesis/bejis_2022__evia_2021_extended__manavgat_2021__montiferru_2021__mugla_2021/multi_aoi_transfer_matrix.csv",pr_auc
transfer_matrix,manavgat_2021_to_evia_2021_extended,manavgat_2021,evia_2021_extended,thermal_raw_source_only_roc_auc,0.6540092625033838,0.6331866094363996,0.6762614442736252,"drive_new/diagnostics/multi_aoi_transfer_synthesis/bejis_2022__evia_2021_extended__manavgat_2021__montiferru_2021__mugla_2021/multi_aoi_transfer_matrix.csv",roc_auc
transfer_matrix,manavgat_2021_to_evia_2021_extended,manavgat_2021,evia_2021_extended,thermal_regionwise_zscore_pr_auc,0.3199569292475066,0.2923723194398674,0.3488359459899897,"drive_new/diagnostics/multi_aoi_transfer_synthesis/bejis_2022__evia_2021_extended__manavgat_2021__montiferru_2021__mugla_2021/multi_aoi_transfer_matrix.csv",pr_auc
transfer_matrix,manavgat_2021_to_evia_2021_extended,manavgat_2021,evia_2021_extended,thermal_regionwise_zscore_roc_auc,0.5291373959880894,0.5044222163870348,0.5531388080036106,"drive_new/diagnostics/multi_aoi_transfer_synthesis/bejis_2022__evia_2021_extended__manavgat_2021__montiferru_2021__mugla_2021/multi_aoi_transfer_matrix.csv",roc_auc
transfer_matrix,manavgat_2021_to_evia_2021_extended,manavgat_2021,evia_2021_extended,thermal_coral_after_regionwise_zscore_pr_auc,0.30305612865277487,0.27801251350312306,0.3297302565186961,"drive_new/diagnostics/multi_aoi_transfer_synthesis/bejis_2022__evia_2021_extended__manavgat_2021__montiferru_2021__mugla_2021/multi_aoi_transfer_matrix.csv",pr_auc
transfer_matrix,manavgat_2021_to_evia_2021_extended,manavgat_2021,evia_2021_extended,thermal_coral_after_regionwise_zscore_roc_auc,0.5043160812304617,0.4805021698125317,0.5281874378330395,"drive_new/diagnostics/multi_aoi_transfer_synthesis/bejis_2022__evia_2021_extended__manavgat_2021__montiferru_2021__mugla_2021/multi_aoi_transfer_matrix.csv",roc_auc
transfer_matrix,manavgat_2021_to_evia_2021_extended,manavgat_2021,evia_2021_extended,baseline_raw_source_only_pr_auc,0.36835056989917536,0.342405218110682,0.39595141906526526,"drive_new/diagnostics/multi_aoi_transfer_synthesis/bejis_2022__evia_2021_extended__manavgat_2021__montiferru_2021__mugla_2021/multi_aoi_transfer_matrix.csv",pr_auc
transfer_matrix,manavgat_2021_to_evia_2021_extended,manavgat_2021,evia_2021_extended,baseline_raw_source_only_roc_auc,0.6225921429418566,0.6030000337861765,0.643320635046776,"drive_new/diagnostics/multi_aoi_transfer_synthesis/bejis_2022__evia_2021_extended__manavgat_2021__montiferru_2021__mugla_2021/multi_aoi_transfer_matrix.csv",roc_auc
transfer_matrix,manavgat_2021_to_evia_2021_extended,manavgat_2021,evia_2021_extended,baseline_regionwise_zscore_pr_auc,0.30660590911623903,0.28283088487584285,0.33326515884953706,"drive_new/diagnostics/multi_aoi_transfer_synthesis/bejis_2022__evia_2021_extended__manavgat_2021__montiferru_2021__mugla_2021/multi_aoi_transfer_matrix.csv",pr_auc
transfer_matrix,manavgat_2021_to_evia_2021_extended,manavgat_2021,evia_2021_extended,baseline_regionwise_zscore_roc_auc,0.5297370403264283,0.5071537827865383,0.5538009835747506,"drive_new/diagnostics/multi_aoi_transfer_synthesis/bejis_2022__evia_2021_extended__manavgat_2021__montiferru_2021__mugla_2021/multi_aoi_transfer_matrix.csv",roc_auc
transfer_matrix,manavgat_2021_to_evia_2021_extended,manavgat_2021,evia_2021_extended,baseline_coral_after_regionwise_zscore_pr_auc,0.324167149363051,0.2982254178956961,0.3517198948953824,"drive_new/diagnostics/multi_aoi_transfer_synthesis/bejis_2022__evia_2021_extended__manavgat_2021__montiferru_2021__mugla_2021/multi_aoi_transfer_matrix.csv",pr_auc
transfer_matrix,manavgat_2021_to_evia_2021_extended,manavgat_2021,evia_2021_extended,baseline_coral_after_regionwise_zscore_roc_auc,0.5519671106892241,0.5284597212493386,0.5758530138552554,"drive_new/diagnostics/multi_aoi_transfer_synthesis/bejis_2022__evia_2021_extended__manavgat_2021__montiferru_2021__mugla_2021/multi_aoi_transfer_matrix.csv",roc_auc
transfer_matrix,manavgat_2021_to_montiferru_2021,manavgat_2021,montiferru_2021,thermal_raw_source_only_pr_auc,0.24319094268194025,0.20527875785137242,0.29220153179054725,"drive_new/diagnostics/multi_aoi_transfer_synthesis/bejis_2022__evia_2021_extended__manavgat_2021__montiferru_2021__mugla_2021/multi_aoi_transfer_matrix.csv",pr_auc
transfer_matrix,manavgat_2021_to_montiferru_2021,manavgat_2021,montiferru_2021,thermal_raw_source_only_roc_auc,0.5178084473417569,0.4743159873464208,0.5631970473576339,"drive_new/diagnostics/multi_aoi_transfer_synthesis/bejis_2022__evia_2021_extended__manavgat_2021__montiferru_2021__mugla_2021/multi_aoi_transfer_matrix.csv",roc_auc
transfer_matrix,manavgat_2021_to_montiferru_2021,manavgat_2021,montiferru_2021,thermal_regionwise_zscore_pr_auc,0.2091878478679505,0.17694843599870494,0.2462689461168592,"drive_new/diagnostics/multi_aoi_transfer_synthesis/bejis_2022__evia_2021_extended__manavgat_2021__montiferru_2021__mugla_2021/multi_aoi_transfer_matrix.csv",pr_auc
transfer_matrix,manavgat_2021_to_montiferru_2021,manavgat_2021,montiferru_2021,thermal_regionwise_zscore_roc_auc,0.5267545422158888,0.48387540177926647,0.5677190502349229,"drive_new/diagnostics/multi_aoi_transfer_synthesis/bejis_2022__evia_2021_extended__manavgat_2021__montiferru_2021__mugla_2021/multi_aoi_transfer_matrix.csv",roc_auc
transfer_matrix,manavgat_2021_to_montiferru_2021,manavgat_2021,montiferru_2021,thermal_coral_after_regionwise_zscore_pr_auc,0.20279149626507642,0.17199260501476446,0.23983539823596314,"drive_new/diagnostics/multi_aoi_transfer_synthesis/bejis_2022__evia_2021_extended__manavgat_2021__montiferru_2021__mugla_2021/multi_aoi_transfer_matrix.csv",pr_auc
transfer_matrix,manavgat_2021_to_montiferru_2021,manavgat_2021,montiferru_2021,thermal_coral_after_regionwise_zscore_roc_auc,0.5050120524292238,0.46055136367797755,0.5470284607368491,"drive_new/diagnostics/multi_aoi_transfer_synthesis/bejis_2022__evia_2021_extended__manavgat_2021__montiferru_2021__mugla_2021/multi_aoi_transfer_matrix.csv",roc_auc
transfer_matrix,manavgat_2021_to_montiferru_2021,manavgat_2021,montiferru_2021,baseline_raw_source_only_pr_auc,0.22516683861700296,0.19066205705603845,0.26505382099896474,"drive_new/diagnostics/multi_aoi_transfer_synthesis/bejis_2022__evia_2021_extended__manavgat_2021__montiferru_2021__mugla_2021/multi_aoi_transfer_matrix.csv",pr_auc
transfer_matrix,manavgat_2021_to_montiferru_2021,manavgat_2021,montiferru_2021,baseline_raw_source_only_roc_auc,0.5339859997501608,0.4940821208761321,0.5742148142526914,"drive_new/diagnostics/multi_aoi_transfer_synthesis/bejis_2022__evia_2021_extended__manavgat_2021__montiferru_2021__mugla_2021/multi_aoi_transfer_matrix.csv",roc_auc
transfer_matrix,manavgat_2021_to_montiferru_2021,manavgat_2021,montiferru_2021,baseline_regionwise_zscore_pr_auc,0.21385156149778944,0.1814961249879473,0.25126215091612314,"drive_new/diagnostics/multi_aoi_transfer_synthesis/bejis_2022__evia_2021_extended__manavgat_2021__montiferru_2021__mugla_2021/multi_aoi_transfer_matrix.csv",pr_auc
transfer_matrix,manavgat_2021_to_montiferru_2021,manavgat_2021,montiferru_2021,baseline_regionwise_zscore_roc_auc,0.5389258764036107,0.49527156192810434,0.5781470261905801,"drive_new/diagnostics/multi_aoi_transfer_synthesis/bejis_2022__evia_2021_extended__manavgat_2021__montiferru_2021__mugla_2021/multi_aoi_transfer_matrix.csv",roc_auc
transfer_matrix,manavgat_2021_to_montiferru_2021,manavgat_2021,montiferru_2021,baseline_coral_after_regionwise_zscore_pr_auc,0.2084478791158746,0.174788581649339,0.24415072994309006,"drive_new/diagnostics/multi_aoi_transfer_synthesis/bejis_2022__evia_2021_extended__manavgat_2021__montiferru_2021__mugla_2021/multi_aoi_transfer_matrix.csv",pr_auc
transfer_matrix,manavgat_2021_to_montiferru_2021,manavgat_2021,montiferru_2021,baseline_coral_after_regionwise_zscore_roc_auc,0.5223013893836836,0.4795032523583147,0.5628548089056619,"drive_new/diagnostics/multi_aoi_transfer_synthesis/bejis_2022__evia_2021_extended__manavgat_2021__montiferru_2021__mugla_2021/multi_aoi_transfer_matrix.csv",roc_auc
transfer_matrix,bejis_2022_to_manavgat_2021,bejis_2022,manavgat_2021,thermal_raw_source_only_pr_auc,0.09776772462629946,0.09026923804764307,0.10537272792103963,"drive_new/diagnostics/multi_aoi_transfer_synthesis/bejis_2022__evia_2021_extended__manavgat_2021__montiferru_2021__mugla_2021/multi_aoi_transfer_matrix.csv",pr_auc
transfer_matrix,bejis_2022_to_manavgat_2021,bejis_2022,manavgat_2021,thermal_raw_source_only_roc_auc,0.3141548720223256,0.2957115634276732,0.3316060274032394,"drive_new/diagnostics/multi_aoi_transfer_synthesis/bejis_2022__evia_2021_extended__manavgat_2021__montiferru_2021__mugla_2021/multi_aoi_transfer_matrix.csv",roc_auc
transfer_matrix,bejis_2022_to_manavgat_2021,bejis_2022,manavgat_2021,thermal_regionwise_zscore_pr_auc,0.10221813820008911,0.0936562415701978,0.11128978357546337,"drive_new/diagnostics/multi_aoi_transfer_synthesis/bejis_2022__evia_2021_extended__manavgat_2021__montiferru_2021__mugla_2021/multi_aoi_transfer_matrix.csv",pr_auc
transfer_matrix,bejis_2022_to_manavgat_2021,bejis_2022,manavgat_2021,thermal_regionwise_zscore_roc_auc,0.30211173436907535,0.2824061971697872,0.32252761803717045,"drive_new/diagnostics/multi_aoi_transfer_synthesis/bejis_2022__evia_2021_extended__manavgat_2021__montiferru_2021__mugla_2021/multi_aoi_transfer_matrix.csv",roc_auc
transfer_matrix,bejis_2022_to_manavgat_2021,bejis_2022,manavgat_2021,thermal_coral_after_regionwise_zscore_pr_auc,0.11596047477410229,0.10708486312298865,0.12511905323646258,"drive_new/diagnostics/multi_aoi_transfer_synthesis/bejis_2022__evia_2021_extended__manavgat_2021__montiferru_2021__mugla_2021/multi_aoi_transfer_matrix.csv",pr_auc
transfer_matrix,bejis_2022_to_manavgat_2021,bejis_2022,manavgat_2021,thermal_coral_after_regionwise_zscore_roc_auc,0.40574850791578104,0.38755614205659855,0.42311087922659296,"drive_new/diagnostics/multi_aoi_transfer_synthesis/bejis_2022__evia_2021_extended__manavgat_2021__montiferru_2021__mugla_2021/multi_aoi_transfer_matrix.csv",roc_auc
transfer_matrix,bejis_2022_to_manavgat_2021,bejis_2022,manavgat_2021,baseline_raw_source_only_pr_auc,0.09644753386308019,0.08921798965005809,0.10425919473320285,"drive_new/diagnostics/multi_aoi_transfer_synthesis/bejis_2022__evia_2021_extended__manavgat_2021__montiferru_2021__mugla_2021/multi_aoi_transfer_matrix.csv",pr_auc
transfer_matrix,bejis_2022_to_manavgat_2021,bejis_2022,manavgat_2021,baseline_raw_source_only_roc_auc,0.2965551309319895,0.2778560515403547,0.31511369146476814,"drive_new/diagnostics/multi_aoi_transfer_synthesis/bejis_2022__evia_2021_extended__manavgat_2021__montiferru_2021__mugla_2021/multi_aoi_transfer_matrix.csv",roc_auc
transfer_matrix,bejis_2022_to_manavgat_2021,bejis_2022,manavgat_2021,baseline_regionwise_zscore_pr_auc,0.09622356084674427,0.08865751658825614,0.10361260721783899,"drive_new/diagnostics/multi_aoi_transfer_synthesis/bejis_2022__evia_2021_extended__manavgat_2021__montiferru_2021__mugla_2021/multi_aoi_transfer_matrix.csv",pr_auc
transfer_matrix,bejis_2022_to_manavgat_2021,bejis_2022,manavgat_2021,baseline_regionwise_zscore_roc_auc,0.2939418899397428,0.2764482967638535,0.31165514558897983,"drive_new/diagnostics/multi_aoi_transfer_synthesis/bejis_2022__evia_2021_extended__manavgat_2021__montiferru_2021__mugla_2021/multi_aoi_transfer_matrix.csv",roc_auc
transfer_matrix,bejis_2022_to_manavgat_2021,bejis_2022,manavgat_2021,baseline_coral_after_regionwise_zscore_pr_auc,0.09769011149852169,0.09025378321515216,0.10512618105872565,"drive_new/diagnostics/multi_aoi_transfer_synthesis/bejis_2022__evia_2021_extended__manavgat_2021__montiferru_2021__mugla_2021/multi_aoi_transfer_matrix.csv",pr_auc
transfer_matrix,bejis_2022_to_manavgat_2021,bejis_2022,manavgat_2021,baseline_coral_after_regionwise_zscore_roc_auc,0.308760513601093,0.29105391490401167,0.32648889729502956,"drive_new/diagnostics/multi_aoi_transfer_synthesis/bejis_2022__evia_2021_extended__manavgat_2021__montiferru_2021__mugla_2021/multi_aoi_transfer_matrix.csv",roc_auc
transfer_matrix,bejis_2022_to_mugla_2021,bejis_2022,mugla_2021,thermal_raw_source_only_pr_auc,0.09253859122869844,0.0845728668968239,0.10156456114018891,"drive_new/diagnostics/multi_aoi_transfer_synthesis/bejis_2022__evia_2021_extended__manavgat_2021__montiferru_2021__mugla_2021/multi_aoi_transfer_matrix.csv",pr_auc
transfer_matrix,bejis_2022_to_mugla_2021,bejis_2022,mugla_2021,thermal_raw_source_only_roc_auc,0.6184747489978262,0.6007719815536623,0.6345509090127365,"drive_new/diagnostics/multi_aoi_transfer_synthesis/bejis_2022__evia_2021_extended__manavgat_2021__montiferru_2021__mugla_2021/multi_aoi_transfer_matrix.csv",roc_auc
transfer_matrix,bejis_2022_to_mugla_2021,bejis_2022,mugla_2021,thermal_regionwise_zscore_pr_auc,0.06882390345452313,0.06352915499477547,0.07465714936827637,"drive_new/diagnostics/multi_aoi_transfer_synthesis/bejis_2022__evia_2021_extended__manavgat_2021__montiferru_2021__mugla_2021/multi_aoi_transfer_matrix.csv",pr_auc
transfer_matrix,bejis_2022_to_mugla_2021,bejis_2022,mugla_2021,thermal_regionwise_zscore_roc_auc,0.5177332840752557,0.5012550025897887,0.5352596621204385,"drive_new/diagnostics/multi_aoi_transfer_synthesis/bejis_2022__evia_2021_extended__manavgat_2021__montiferru_2021__mugla_2021/multi_aoi_transfer_matrix.csv",roc_auc
transfer_matrix,bejis_2022_to_mugla_2021,bejis_2022,mugla_2021,thermal_coral_after_regionwise_zscore_pr_auc,0.06907238999142255,0.06351290420530657,0.0749279641038294,"drive_new/diagnostics/multi_aoi_transfer_synthesis/bejis_2022__evia_2021_extended__manavgat_2021__montiferru_2021__mugla_2021/multi_aoi_transfer_matrix.csv",pr_auc
transfer_matrix,bejis_2022_to_mugla_2021,bejis_2022,mugla_2021,thermal_coral_after_regionwise_zscore_roc_auc,0.5066377964680288,0.4893203960731929,0.5241975570805645,"drive_new/diagnostics/multi_aoi_transfer_synthesis/bejis_2022__evia_2021_extended__manavgat_2021__montiferru_2021__mugla_2021/multi_aoi_transfer_matrix.csv",roc_auc
transfer_matrix,bejis_2022_to_mugla_2021,bejis_2022,mugla_2021,baseline_raw_source_only_pr_auc,0.09363146544008288,0.08466576674663197,0.10398344291106094,"drive_new/diagnostics/multi_aoi_transfer_synthesis/bejis_2022__evia_2021_extended__manavgat_2021__montiferru_2021__mugla_2021/multi_aoi_transfer_matrix.csv",pr_auc
transfer_matrix,bejis_2022_to_mugla_2021,bejis_2022,mugla_2021,baseline_raw_source_only_roc_auc,0.5922389997163681,0.5744073247287705,0.6089843455527543,"drive_new/diagnostics/multi_aoi_transfer_synthesis/bejis_2022__evia_2021_extended__manavgat_2021__montiferru_2021__mugla_2021/multi_aoi_transfer_matrix.csv",roc_auc
transfer_matrix,bejis_2022_to_mugla_2021,bejis_2022,mugla_2021,baseline_regionwise_zscore_pr_auc,0.08194563197847066,0.07466463459587834,0.09003583260054931,"drive_new/diagnostics/multi_aoi_transfer_synthesis/bejis_2022__evia_2021_extended__manavgat_2021__montiferru_2021__mugla_2021/multi_aoi_transfer_matrix.csv",pr_auc
transfer_matrix,bejis_2022_to_mugla_2021,bejis_2022,mugla_2021,baseline_regionwise_zscore_roc_auc,0.5649705351959404,0.5478618587706711,0.5812175006640783,"drive_new/diagnostics/multi_aoi_transfer_synthesis/bejis_2022__evia_2021_extended__manavgat_2021__montiferru_2021__mugla_2021/multi_aoi_transfer_matrix.csv",roc_auc
transfer_matrix,bejis_2022_to_mugla_2021,bejis_2022,mugla_2021,baseline_coral_after_regionwise_zscore_pr_auc,0.0835876596838193,0.07599486018353271,0.09219397191954122,"drive_new/diagnostics/multi_aoi_transfer_synthesis/bejis_2022__evia_2021_extended__manavgat_2021__montiferru_2021__mugla_2021/multi_aoi_transfer_matrix.csv",pr_auc
transfer_matrix,bejis_2022_to_mugla_2021,bejis_2022,mugla_2021,baseline_coral_after_regionwise_zscore_roc_auc,0.5701682656206,0.5533610367253833,0.5864502743013172,"drive_new/diagnostics/multi_aoi_transfer_synthesis/bejis_2022__evia_2021_extended__manavgat_2021__montiferru_2021__mugla_2021/multi_aoi_transfer_matrix.csv",roc_auc
transfer_matrix,bejis_2022_to_evia_2021_extended,bejis_2022,evia_2021_extended,thermal_raw_source_only_pr_auc,0.2257835213181088,0.208885527139773,0.24270655536705144,"drive_new/diagnostics/multi_aoi_transfer_synthesis/bejis_2022__evia_2021_extended__manavgat_2021__montiferru_2021__mugla_2021/multi_aoi_transfer_matrix.csv",pr_auc
transfer_matrix,bejis_2022_to_evia_2021_extended,bejis_2022,evia_2021_extended,thermal_raw_source_only_roc_auc,0.38282143313044736,0.3630438786042756,0.40191746614026674,"drive_new/diagnostics/multi_aoi_transfer_synthesis/bejis_2022__evia_2021_extended__manavgat_2021__montiferru_2021__mugla_2021/multi_aoi_transfer_matrix.csv",roc_auc
transfer_matrix,bejis_2022_to_evia_2021_extended,bejis_2022,evia_2021_extended,thermal_regionwise_zscore_pr_auc,0.29092854202330454,0.2699746024728818,0.3133874540278703,"drive_new/diagnostics/multi_aoi_transfer_synthesis/bejis_2022__evia_2021_extended__manavgat_2021__montiferru_2021__mugla_2021/multi_aoi_transfer_matrix.csv",pr_auc
transfer_matrix,bejis_2022_to_evia_2021_extended,bejis_2022,evia_2021_extended,thermal_regionwise_zscore_roc_auc,0.5315998278954264,0.5092765451292832,0.5508467833166735,"drive_new/diagnostics/multi_aoi_transfer_synthesis/bejis_2022__evia_2021_extended__manavgat_2021__montiferru_2021__mugla_2021/multi_aoi_transfer_matrix.csv",roc_auc
transfer_matrix,bejis_2022_to_evia_2021_extended,bejis_2022,evia_2021_extended,thermal_coral_after_regionwise_zscore_pr_auc,0.2748417434786117,0.2558501076535456,0.29640353777717726,"drive_new/diagnostics/multi_aoi_transfer_synthesis/bejis_2022__evia_2021_extended__manavgat_2021__montiferru_2021__mugla_2021/multi_aoi_transfer_matrix.csv",pr_auc
transfer_matrix,bejis_2022_to_evia_2021_extended,bejis_2022,evia_2021_extended,thermal_coral_after_regionwise_zscore_roc_auc,0.49909737895869943,0.4789378316382308,0.5178399231307814,"drive_new/diagnostics/multi_aoi_transfer_synthesis/bejis_2022__evia_2021_extended__manavgat_2021__montiferru_2021__mugla_2021/multi_aoi_transfer_matrix.csv",roc_auc
transfer_matrix,bejis_2022_to_evia_2021_extended,bejis_2022,evia_2021_extended,baseline_raw_source_only_pr_auc,0.28226185761164624,0.26246884572242596,0.3037897143467472,"drive_new/diagnostics/multi_aoi_transfer_synthesis/bejis_2022__evia_2021_extended__manavgat_2021__montiferru_2021__mugla_2021/multi_aoi_transfer_matrix.csv",pr_auc
transfer_matrix,bejis_2022_to_evia_2021_extended,bejis_2022,evia_2021_extended,baseline_raw_source_only_roc_auc,0.5304610270505659,0.5124590543904082,0.5489162227051457,"drive_new/diagnostics/multi_aoi_transfer_synthesis/bejis_2022__evia_2021_extended__manavgat_2021__montiferru_2021__mugla_2021/multi_aoi_transfer_matrix.csv",roc_auc
transfer_matrix,bejis_2022_to_evia_2021_extended,bejis_2022,evia_2021_extended,baseline_regionwise_zscore_pr_auc,0.3280115979933249,0.30322895254420135,0.35276463896058025,"drive_new/diagnostics/multi_aoi_transfer_synthesis/bejis_2022__evia_2021_extended__manavgat_2021__montiferru_2021__mugla_2021/multi_aoi_transfer_matrix.csv",pr_auc
transfer_matrix,bejis_2022_to_evia_2021_extended,bejis_2022,evia_2021_extended,baseline_regionwise_zscore_roc_auc,0.5842327856949503,0.5626402508723732,0.6055160420776279,"drive_new/diagnostics/multi_aoi_transfer_synthesis/bejis_2022__evia_2021_extended__manavgat_2021__montiferru_2021__mugla_2021/multi_aoi_transfer_matrix.csv",roc_auc
transfer_matrix,bejis_2022_to_evia_2021_extended,bejis_2022,evia_2021_extended,baseline_coral_after_regionwise_zscore_pr_auc,0.3359096391753359,0.31081972456991963,0.36145894989952043,"drive_new/diagnostics/multi_aoi_transfer_synthesis/bejis_2022__evia_2021_extended__manavgat_2021__montiferru_2021__mugla_2021/multi_aoi_transfer_matrix.csv",pr_auc
transfer_matrix,bejis_2022_to_evia_2021_extended,bejis_2022,evia_2021_extended,baseline_coral_after_regionwise_zscore_roc_auc,0.5985424016871861,0.5781425895087429,0.6194897599294047,"drive_new/diagnostics/multi_aoi_transfer_synthesis/bejis_2022__evia_2021_extended__manavgat_2021__montiferru_2021__mugla_2021/multi_aoi_transfer_matrix.csv",roc_auc
transfer_matrix,bejis_2022_to_montiferru_2021,bejis_2022,montiferru_2021,thermal_raw_source_only_pr_auc,0.28874094281489027,0.235999998884532,0.3487982103417781,"drive_new/diagnostics/multi_aoi_transfer_synthesis/bejis_2022__evia_2021_extended__manavgat_2021__montiferru_2021__mugla_2021/multi_aoi_transfer_matrix.csv",pr_auc
transfer_matrix,bejis_2022_to_montiferru_2021,bejis_2022,montiferru_2021,thermal_raw_source_only_roc_auc,0.5937253341599618,0.5599207417498522,0.6305896470126982,"drive_new/diagnostics/multi_aoi_transfer_synthesis/bejis_2022__evia_2021_extended__manavgat_2021__montiferru_2021__mugla_2021/multi_aoi_transfer_matrix.csv",roc_auc
transfer_matrix,bejis_2022_to_montiferru_2021,bejis_2022,montiferru_2021,thermal_regionwise_zscore_pr_auc,0.2540425162902778,0.20843099232188864,0.30977937836768643,"drive_new/diagnostics/multi_aoi_transfer_synthesis/bejis_2022__evia_2021_extended__manavgat_2021__montiferru_2021__mugla_2021/multi_aoi_transfer_matrix.csv",pr_auc
transfer_matrix,bejis_2022_to_montiferru_2021,bejis_2022,montiferru_2021,thermal_regionwise_zscore_roc_auc,0.5495051795372422,0.49977035550202475,0.6008547538204455,"drive_new/diagnostics/multi_aoi_transfer_synthesis/bejis_2022__evia_2021_extended__manavgat_2021__montiferru_2021__mugla_2021/multi_aoi_transfer_matrix.csv",roc_auc
transfer_matrix,bejis_2022_to_montiferru_2021,bejis_2022,montiferru_2021,thermal_coral_after_regionwise_zscore_pr_auc,0.2972916197493216,0.24082560318826687,0.3565887531560864,"drive_new/diagnostics/multi_aoi_transfer_synthesis/bejis_2022__evia_2021_extended__manavgat_2021__montiferru_2021__mugla_2021/multi_aoi_transfer_matrix.csv",pr_auc
transfer_matrix,bejis_2022_to_montiferru_2021,bejis_2022,montiferru_2021,thermal_coral_after_regionwise_zscore_roc_auc,0.5739649022157038,0.5299856732461299,0.6206741289102083,"drive_new/diagnostics/multi_aoi_transfer_synthesis/bejis_2022__evia_2021_extended__manavgat_2021__montiferru_2021__mugla_2021/multi_aoi_transfer_matrix.csv",roc_auc
transfer_matrix,bejis_2022_to_montiferru_2021,bejis_2022,montiferru_2021,baseline_raw_source_only_pr_auc,0.22698718507235782,0.19132273847675765,0.2678417488560292,"drive_new/diagnostics/multi_aoi_transfer_synthesis/bejis_2022__evia_2021_extended__manavgat_2021__montiferru_2021__mugla_2021/multi_aoi_transfer_matrix.csv",pr_auc
transfer_matrix,bejis_2022_to_montiferru_2021,bejis_2022,montiferru_2021,baseline_raw_source_only_roc_auc,0.5530357779021833,0.5156477602808358,0.5956459653532006,"drive_new/diagnostics/multi_aoi_transfer_synthesis/bejis_2022__evia_2021_extended__manavgat_2021__montiferru_2021__mugla_2021/multi_aoi_transfer_matrix.csv",roc_auc
transfer_matrix,bejis_2022_to_montiferru_2021,bejis_2022,montiferru_2021,baseline_regionwise_zscore_pr_auc,0.23929814515687087,0.19707170144420338,0.28885928468393357,"drive_new/diagnostics/multi_aoi_transfer_synthesis/bejis_2022__evia_2021_extended__manavgat_2021__montiferru_2021__mugla_2021/multi_aoi_transfer_matrix.csv",pr_auc
transfer_matrix,bejis_2022_to_montiferru_2021,bejis_2022,montiferru_2021,baseline_regionwise_zscore_roc_auc,0.536642160831687,0.4912044107232755,0.5842645864865014,"drive_new/diagnostics/multi_aoi_transfer_synthesis/bejis_2022__evia_2021_extended__manavgat_2021__montiferru_2021__mugla_2021/multi_aoi_transfer_matrix.csv",roc_auc
transfer_matrix,bejis_2022_to_montiferru_2021,bejis_2022,montiferru_2021,baseline_coral_after_regionwise_zscore_pr_auc,0.24700288632105782,0.20446879418602765,0.29738646123288404,"drive_new/diagnostics/multi_aoi_transfer_synthesis/bejis_2022__evia_2021_extended__manavgat_2021__montiferru_2021__mugla_2021/multi_aoi_transfer_matrix.csv",pr_auc
transfer_matrix,bejis_2022_to_montiferru_2021,bejis_2022,montiferru_2021,baseline_coral_after_regionwise_zscore_roc_auc,0.557180333026432,0.511688263422548,0.6032333181397066,"drive_new/diagnostics/multi_aoi_transfer_synthesis/bejis_2022__evia_2021_extended__manavgat_2021__montiferru_2021__mugla_2021/multi_aoi_transfer_matrix.csv",roc_auc
transfer_matrix,mugla_2021_to_manavgat_2021,mugla_2021,manavgat_2021,thermal_raw_source_only_pr_auc,0.1007227330135432,0.0935933948991621,0.10798807525938878,"drive_new/diagnostics/multi_aoi_transfer_synthesis/bejis_2022__evia_2021_extended__manavgat_2021__montiferru_2021__mugla_2021/multi_aoi_transfer_matrix.csv",pr_auc
transfer_matrix,mugla_2021_to_manavgat_2021,mugla_2021,manavgat_2021,thermal_raw_source_only_roc_auc,0.3449553227686198,0.3307362995658431,0.3588812370205733,"drive_new/diagnostics/multi_aoi_transfer_synthesis/bejis_2022__evia_2021_extended__manavgat_2021__montiferru_2021__mugla_2021/multi_aoi_transfer_matrix.csv",roc_auc
transfer_matrix,mugla_2021_to_manavgat_2021,mugla_2021,manavgat_2021,thermal_regionwise_zscore_pr_auc,0.13515389825055135,0.12469481191115032,0.14640959152052407,"drive_new/diagnostics/multi_aoi_transfer_synthesis/bejis_2022__evia_2021_extended__manavgat_2021__montiferru_2021__mugla_2021/multi_aoi_transfer_matrix.csv",pr_auc
transfer_matrix,mugla_2021_to_manavgat_2021,mugla_2021,manavgat_2021,thermal_regionwise_zscore_roc_auc,0.4848188621001691,0.4679376343414603,0.5022423156481952,"drive_new/diagnostics/multi_aoi_transfer_synthesis/bejis_2022__evia_2021_extended__manavgat_2021__montiferru_2021__mugla_2021/multi_aoi_transfer_matrix.csv",roc_auc
transfer_matrix,mugla_2021_to_manavgat_2021,mugla_2021,manavgat_2021,thermal_coral_after_regionwise_zscore_pr_auc,0.13380908190988589,0.12325390160681615,0.14495378870884276,"drive_new/diagnostics/multi_aoi_transfer_synthesis/bejis_2022__evia_2021_extended__manavgat_2021__montiferru_2021__mugla_2021/multi_aoi_transfer_matrix.csv",pr_auc
transfer_matrix,mugla_2021_to_manavgat_2021,mugla_2021,manavgat_2021,thermal_coral_after_regionwise_zscore_roc_auc,0.4761153896555548,0.4595307002838855,0.49261486017373785,"drive_new/diagnostics/multi_aoi_transfer_synthesis/bejis_2022__evia_2021_extended__manavgat_2021__montiferru_2021__mugla_2021/multi_aoi_transfer_matrix.csv",roc_auc
transfer_matrix,mugla_2021_to_manavgat_2021,mugla_2021,manavgat_2021,baseline_raw_source_only_pr_auc,0.11374056637797869,0.10520208257938735,0.12228962090184087,"drive_new/diagnostics/multi_aoi_transfer_synthesis/bejis_2022__evia_2021_extended__manavgat_2021__montiferru_2021__mugla_2021/multi_aoi_transfer_matrix.csv",pr_auc
transfer_matrix,mugla_2021_to_manavgat_2021,mugla_2021,manavgat_2021,baseline_raw_source_only_roc_auc,0.4222591457764537,0.40769257367130446,0.4374351255743125,"drive_new/diagnostics/multi_aoi_transfer_synthesis/bejis_2022__evia_2021_extended__manavgat_2021__montiferru_2021__mugla_2021/multi_aoi_transfer_matrix.csv",roc_auc
transfer_matrix,mugla_2021_to_manavgat_2021,mugla_2021,manavgat_2021,baseline_regionwise_zscore_pr_auc,0.14387269504148395,0.13264115089248335,0.15688803602683862,"drive_new/diagnostics/multi_aoi_transfer_synthesis/bejis_2022__evia_2021_extended__manavgat_2021__montiferru_2021__mugla_2021/multi_aoi_transfer_matrix.csv",pr_auc
transfer_matrix,mugla_2021_to_manavgat_2021,mugla_2021,manavgat_2021,baseline_regionwise_zscore_roc_auc,0.5040034846961049,0.48720886443408445,0.5218849187860792,"drive_new/diagnostics/multi_aoi_transfer_synthesis/bejis_2022__evia_2021_extended__manavgat_2021__montiferru_2021__mugla_2021/multi_aoi_transfer_matrix.csv",roc_auc
transfer_matrix,mugla_2021_to_manavgat_2021,mugla_2021,manavgat_2021,baseline_coral_after_regionwise_zscore_pr_auc,0.143924054924037,0.13284297994620664,0.15553953478621488,"drive_new/diagnostics/multi_aoi_transfer_synthesis/bejis_2022__evia_2021_extended__manavgat_2021__montiferru_2021__mugla_2021/multi_aoi_transfer_matrix.csv",pr_auc
transfer_matrix,mugla_2021_to_manavgat_2021,mugla_2021,manavgat_2021,baseline_coral_after_regionwise_zscore_roc_auc,0.5169926816729333,0.5015540942096405,0.5339962639802747,"drive_new/diagnostics/multi_aoi_transfer_synthesis/bejis_2022__evia_2021_extended__manavgat_2021__montiferru_2021__mugla_2021/multi_aoi_transfer_matrix.csv",roc_auc
transfer_matrix,mugla_2021_to_bejis_2022,mugla_2021,bejis_2022,thermal_raw_source_only_pr_auc,0.08827191688193281,0.07678634027602643,0.1023369929900934,"drive_new/diagnostics/multi_aoi_transfer_synthesis/bejis_2022__evia_2021_extended__manavgat_2021__montiferru_2021__mugla_2021/multi_aoi_transfer_matrix.csv",pr_auc
transfer_matrix,mugla_2021_to_bejis_2022,mugla_2021,bejis_2022,thermal_raw_source_only_roc_auc,0.5831912381443964,0.5606654572640564,0.6073082468046294,"drive_new/diagnostics/multi_aoi_transfer_synthesis/bejis_2022__evia_2021_extended__manavgat_2021__montiferru_2021__mugla_2021/multi_aoi_transfer_matrix.csv",roc_auc
transfer_matrix,mugla_2021_to_bejis_2022,mugla_2021,bejis_2022,thermal_regionwise_zscore_pr_auc,0.07218470691293462,0.06389721562413271,0.08188584294288359,"drive_new/diagnostics/multi_aoi_transfer_synthesis/bejis_2022__evia_2021_extended__manavgat_2021__montiferru_2021__mugla_2021/multi_aoi_transfer_matrix.csv",pr_auc
transfer_matrix,mugla_2021_to_bejis_2022,mugla_2021,bejis_2022,thermal_regionwise_zscore_roc_auc,0.5352625975869411,0.5124544199791791,0.5566333055543582,"drive_new/diagnostics/multi_aoi_transfer_synthesis/bejis_2022__evia_2021_extended__manavgat_2021__montiferru_2021__mugla_2021/multi_aoi_transfer_matrix.csv",roc_auc
transfer_matrix,mugla_2021_to_bejis_2022,mugla_2021,bejis_2022,thermal_coral_after_regionwise_zscore_pr_auc,0.0779051864706781,0.06866797021174889,0.08865025604564898,"drive_new/diagnostics/multi_aoi_transfer_synthesis/bejis_2022__evia_2021_extended__manavgat_2021__montiferru_2021__mugla_2021/multi_aoi_transfer_matrix.csv",pr_auc
transfer_matrix,mugla_2021_to_bejis_2022,mugla_2021,bejis_2022,thermal_coral_after_regionwise_zscore_roc_auc,0.560332344022195,0.537746956824107,0.5809565791531939,"drive_new/diagnostics/multi_aoi_transfer_synthesis/bejis_2022__evia_2021_extended__manavgat_2021__montiferru_2021__mugla_2021/multi_aoi_transfer_matrix.csv",roc_auc
transfer_matrix,mugla_2021_to_bejis_2022,mugla_2021,bejis_2022,baseline_raw_source_only_pr_auc,0.06416586588786181,0.05581853791463857,0.07391345771851175,"drive_new/diagnostics/multi_aoi_transfer_synthesis/bejis_2022__evia_2021_extended__manavgat_2021__montiferru_2021__mugla_2021/multi_aoi_transfer_matrix.csv",pr_auc
transfer_matrix,mugla_2021_to_bejis_2022,mugla_2021,bejis_2022,baseline_raw_source_only_roc_auc,0.4507383379572875,0.42501350278665395,0.4751079247909861,"drive_new/diagnostics/multi_aoi_transfer_synthesis/bejis_2022__evia_2021_extended__manavgat_2021__montiferru_2021__mugla_2021/multi_aoi_transfer_matrix.csv",roc_auc
transfer_matrix,mugla_2021_to_bejis_2022,mugla_2021,bejis_2022,baseline_regionwise_zscore_pr_auc,0.08524074242544247,0.07429035104465181,0.09728905992715318,"drive_new/diagnostics/multi_aoi_transfer_synthesis/bejis_2022__evia_2021_extended__manavgat_2021__montiferru_2021__mugla_2021/multi_aoi_transfer_matrix.csv",pr_auc
transfer_matrix,mugla_2021_to_bejis_2022,mugla_2021,bejis_2022,baseline_regionwise_zscore_roc_auc,0.573885605522937,0.5460276410544633,0.5993454157941586,"drive_new/diagnostics/multi_aoi_transfer_synthesis/bejis_2022__evia_2021_extended__manavgat_2021__montiferru_2021__mugla_2021/multi_aoi_transfer_matrix.csv",roc_auc
transfer_matrix,mugla_2021_to_bejis_2022,mugla_2021,bejis_2022,baseline_coral_after_regionwise_zscore_pr_auc,0.09560302736750559,0.08277576900755991,0.1097935349033282,"drive_new/diagnostics/multi_aoi_transfer_synthesis/bejis_2022__evia_2021_extended__manavgat_2021__montiferru_2021__mugla_2021/multi_aoi_transfer_matrix.csv",pr_auc
transfer_matrix,mugla_2021_to_bejis_2022,mugla_2021,bejis_2022,baseline_coral_after_regionwise_zscore_roc_auc,0.6087499838699271,0.5811961217370522,0.6318741920473697,"drive_new/diagnostics/multi_aoi_transfer_synthesis/bejis_2022__evia_2021_extended__manavgat_2021__montiferru_2021__mugla_2021/multi_aoi_transfer_matrix.csv",roc_auc
transfer_matrix,mugla_2021_to_evia_2021_extended,mugla_2021,evia_2021_extended,thermal_raw_source_only_pr_auc,0.37875246411339963,0.3498527753000058,0.4090331122089243,"drive_new/diagnostics/multi_aoi_transfer_synthesis/bejis_2022__evia_2021_extended__manavgat_2021__montiferru_2021__mugla_2021/multi_aoi_transfer_matrix.csv",pr_auc
transfer_matrix,mugla_2021_to_evia_2021_extended,mugla_2021,evia_2021_extended,thermal_raw_source_only_roc_auc,0.6534051763551312,0.6363728508589772,0.6713614397467457,"drive_new/diagnostics/multi_aoi_transfer_synthesis/bejis_2022__evia_2021_extended__manavgat_2021__montiferru_2021__mugla_2021/multi_aoi_transfer_matrix.csv",roc_auc
transfer_matrix,mugla_2021_to_evia_2021_extended,mugla_2021,evia_2021_extended,thermal_regionwise_zscore_pr_auc,0.2928117862149897,0.27317027791716647,0.3149321885082713,"drive_new/diagnostics/multi_aoi_transfer_synthesis/bejis_2022__evia_2021_extended__manavgat_2021__montiferru_2021__mugla_2021/multi_aoi_transfer_matrix.csv",pr_auc
transfer_matrix,mugla_2021_to_evia_2021_extended,mugla_2021,evia_2021_extended,thermal_regionwise_zscore_roc_auc,0.5613249007976924,0.5425937242083649,0.5799223988953973,"drive_new/diagnostics/multi_aoi_transfer_synthesis/bejis_2022__evia_2021_extended__manavgat_2021__montiferru_2021__mugla_2021/multi_aoi_transfer_matrix.csv",roc_auc
transfer_matrix,mugla_2021_to_evia_2021_extended,mugla_2021,evia_2021_extended,thermal_coral_after_regionwise_zscore_pr_auc,0.2940616170972712,0.27393476556741025,0.3157776271942127,"drive_new/diagnostics/multi_aoi_transfer_synthesis/bejis_2022__evia_2021_extended__manavgat_2021__montiferru_2021__mugla_2021/multi_aoi_transfer_matrix.csv",pr_auc
transfer_matrix,mugla_2021_to_evia_2021_extended,mugla_2021,evia_2021_extended,thermal_coral_after_regionwise_zscore_roc_auc,0.5632802590803043,0.5453443768848242,0.5824200701235744,"drive_new/diagnostics/multi_aoi_transfer_synthesis/bejis_2022__evia_2021_extended__manavgat_2021__montiferru_2021__mugla_2021/multi_aoi_transfer_matrix.csv",roc_auc
transfer_matrix,mugla_2021_to_evia_2021_extended,mugla_2021,evia_2021_extended,baseline_raw_source_only_pr_auc,0.34369850447793965,0.31816449442014416,0.37173034483406675,"drive_new/diagnostics/multi_aoi_transfer_synthesis/bejis_2022__evia_2021_extended__manavgat_2021__montiferru_2021__mugla_2021/multi_aoi_transfer_matrix.csv",pr_auc
transfer_matrix,mugla_2021_to_evia_2021_extended,mugla_2021,evia_2021_extended,baseline_raw_source_only_roc_auc,0.5997551855443022,0.5815470194523314,0.6200975692432298,"drive_new/diagnostics/multi_aoi_transfer_synthesis/bejis_2022__evia_2021_extended__manavgat_2021__montiferru_2021__mugla_2021/multi_aoi_transfer_matrix.csv",roc_auc
transfer_matrix,mugla_2021_to_evia_2021_extended,mugla_2021,evia_2021_extended,baseline_regionwise_zscore_pr_auc,0.2893900438523016,0.268787198681515,0.31136452166553913,"drive_new/diagnostics/multi_aoi_transfer_synthesis/bejis_2022__evia_2021_extended__manavgat_2021__montiferru_2021__mugla_2021/multi_aoi_transfer_matrix.csv",pr_auc
transfer_matrix,mugla_2021_to_evia_2021_extended,mugla_2021,evia_2021_extended,baseline_regionwise_zscore_roc_auc,0.544376397048239,0.5266899778437787,0.5629652180537331,"drive_new/diagnostics/multi_aoi_transfer_synthesis/bejis_2022__evia_2021_extended__manavgat_2021__montiferru_2021__mugla_2021/multi_aoi_transfer_matrix.csv",roc_auc
transfer_matrix,mugla_2021_to_evia_2021_extended,mugla_2021,evia_2021_extended,baseline_coral_after_regionwise_zscore_pr_auc,0.29705407170870424,0.2757052532885047,0.31967781444956783,"drive_new/diagnostics/multi_aoi_transfer_synthesis/bejis_2022__evia_2021_extended__manavgat_2021__montiferru_2021__mugla_2021/multi_aoi_transfer_matrix.csv",pr_auc
transfer_matrix,mugla_2021_to_evia_2021_extended,mugla_2021,evia_2021_extended,baseline_coral_after_regionwise_zscore_roc_auc,0.5526286291567419,0.5344509104335459,0.5711512676778622,"drive_new/diagnostics/multi_aoi_transfer_synthesis/bejis_2022__evia_2021_extended__manavgat_2021__montiferru_2021__mugla_2021/multi_aoi_transfer_matrix.csv",roc_auc
transfer_matrix,mugla_2021_to_montiferru_2021,mugla_2021,montiferru_2021,thermal_raw_source_only_pr_auc,0.21430398922752314,0.18151383206293814,0.24969667886363422,"drive_new/diagnostics/multi_aoi_transfer_synthesis/bejis_2022__evia_2021_extended__manavgat_2021__montiferru_2021__mugla_2021/multi_aoi_transfer_matrix.csv",pr_auc
transfer_matrix,mugla_2021_to_montiferru_2021,mugla_2021,montiferru_2021,thermal_raw_source_only_roc_auc,0.5312433202707516,0.4945820166635634,0.567525836738845,"drive_new/diagnostics/multi_aoi_transfer_synthesis/bejis_2022__evia_2021_extended__manavgat_2021__montiferru_2021__mugla_2021/multi_aoi_transfer_matrix.csv",roc_auc
transfer_matrix,mugla_2021_to_montiferru_2021,mugla_2021,montiferru_2021,thermal_regionwise_zscore_pr_auc,0.27610255992602845,0.22589968062370858,0.33014711744847913,"drive_new/diagnostics/multi_aoi_transfer_synthesis/bejis_2022__evia_2021_extended__manavgat_2021__montiferru_2021__mugla_2021/multi_aoi_transfer_matrix.csv",pr_auc
transfer_matrix,mugla_2021_to_montiferru_2021,mugla_2021,montiferru_2021,thermal_regionwise_zscore_roc_auc,0.5870111363520698,0.5494272968236976,0.6241094993220929,"drive_new/diagnostics/multi_aoi_transfer_synthesis/bejis_2022__evia_2021_extended__manavgat_2021__montiferru_2021__mugla_2021/multi_aoi_transfer_matrix.csv",roc_auc
transfer_matrix,mugla_2021_to_montiferru_2021,mugla_2021,montiferru_2021,thermal_coral_after_regionwise_zscore_pr_auc,0.2744481546270525,0.22908329862796212,0.32685545377944986,"drive_new/diagnostics/multi_aoi_transfer_synthesis/bejis_2022__evia_2021_extended__manavgat_2021__montiferru_2021__mugla_2021/multi_aoi_transfer_matrix.csv",pr_auc
transfer_matrix,mugla_2021_to_montiferru_2021,mugla_2021,montiferru_2021,thermal_coral_after_regionwise_zscore_roc_auc,0.583848356844438,0.546609250527778,0.6228974652038468,"drive_new/diagnostics/multi_aoi_transfer_synthesis/bejis_2022__evia_2021_extended__manavgat_2021__montiferru_2021__mugla_2021/multi_aoi_transfer_matrix.csv",roc_auc
transfer_matrix,mugla_2021_to_montiferru_2021,mugla_2021,montiferru_2021,baseline_raw_source_only_pr_auc,0.2825954007520012,0.23422978839277364,0.33848199351949143,"drive_new/diagnostics/multi_aoi_transfer_synthesis/bejis_2022__evia_2021_extended__manavgat_2021__montiferru_2021__mugla_2021/multi_aoi_transfer_matrix.csv",pr_auc
transfer_matrix,mugla_2021_to_montiferru_2021,mugla_2021,montiferru_2021,baseline_raw_source_only_roc_auc,0.6105251713018012,0.5707068969179695,0.6533693535767473,"drive_new/diagnostics/multi_aoi_transfer_synthesis/bejis_2022__evia_2021_extended__manavgat_2021__montiferru_2021__mugla_2021/multi_aoi_transfer_matrix.csv",roc_auc
transfer_matrix,mugla_2021_to_montiferru_2021,mugla_2021,montiferru_2021,baseline_regionwise_zscore_pr_auc,0.36967446378660795,0.30775833752862475,0.43408769895466986,"drive_new/diagnostics/multi_aoi_transfer_synthesis/bejis_2022__evia_2021_extended__manavgat_2021__montiferru_2021__mugla_2021/multi_aoi_transfer_matrix.csv",pr_auc
transfer_matrix,mugla_2021_to_montiferru_2021,mugla_2021,montiferru_2021,baseline_regionwise_zscore_roc_auc,0.651472432092311,0.6143168306351452,0.6888286947958028,"drive_new/diagnostics/multi_aoi_transfer_synthesis/bejis_2022__evia_2021_extended__manavgat_2021__montiferru_2021__mugla_2021/multi_aoi_transfer_matrix.csv",roc_auc
transfer_matrix,mugla_2021_to_montiferru_2021,mugla_2021,montiferru_2021,baseline_coral_after_regionwise_zscore_pr_auc,0.3427788269281981,0.2804632452775137,0.40597702827839166,"drive_new/diagnostics/multi_aoi_transfer_synthesis/bejis_2022__evia_2021_extended__manavgat_2021__montiferru_2021__mugla_2021/multi_aoi_transfer_matrix.csv",pr_auc
transfer_matrix,mugla_2021_to_montiferru_2021,mugla_2021,montiferru_2021,baseline_coral_after_regionwise_zscore_roc_auc,0.6170547656831946,0.5773693763133949,0.6558631749909002,"drive_new/diagnostics/multi_aoi_transfer_synthesis/bejis_2022__evia_2021_extended__manavgat_2021__montiferru_2021__mugla_2021/multi_aoi_transfer_matrix.csv",roc_auc
transfer_matrix,evia_2021_extended_to_manavgat_2021,evia_2021_extended,manavgat_2021,thermal_raw_source_only_pr_auc,0.32088833865905136,0.2950486854214439,0.35110721933986216,"drive_new/diagnostics/multi_aoi_transfer_synthesis/bejis_2022__evia_2021_extended__manavgat_2021__montiferru_2021__mugla_2021/multi_aoi_transfer_matrix.csv",pr_auc
transfer_matrix,evia_2021_extended_to_manavgat_2021,evia_2021_extended,manavgat_2021,thermal_raw_source_only_roc_auc,0.6768829881850658,0.658331739396282,0.6972678207893488,"drive_new/diagnostics/multi_aoi_transfer_synthesis/bejis_2022__evia_2021_extended__manavgat_2021__montiferru_2021__mugla_2021/multi_aoi_transfer_matrix.csv",roc_auc
transfer_matrix,evia_2021_extended_to_manavgat_2021,evia_2021_extended,manavgat_2021,thermal_regionwise_zscore_pr_auc,0.11090947091428728,0.1023971568854748,0.11907196665504557,"drive_new/diagnostics/multi_aoi_transfer_synthesis/bejis_2022__evia_2021_extended__manavgat_2021__montiferru_2021__mugla_2021/multi_aoi_transfer_matrix.csv",pr_auc
transfer_matrix,evia_2021_extended_to_manavgat_2021,evia_2021_extended,manavgat_2021,thermal_regionwise_zscore_roc_auc,0.4035196186684801,0.3855432301066274,0.42117686321018744,"drive_new/diagnostics/multi_aoi_transfer_synthesis/bejis_2022__evia_2021_extended__manavgat_2021__montiferru_2021__mugla_2021/multi_aoi_transfer_matrix.csv",roc_auc
transfer_matrix,evia_2021_extended_to_manavgat_2021,evia_2021_extended,manavgat_2021,thermal_coral_after_regionwise_zscore_pr_auc,0.11377590411774852,0.10483479776142211,0.1219652082667231,"drive_new/diagnostics/multi_aoi_transfer_synthesis/bejis_2022__evia_2021_extended__manavgat_2021__montiferru_2021__mugla_2021/multi_aoi_transfer_matrix.csv",pr_auc
transfer_matrix,evia_2021_extended_to_manavgat_2021,evia_2021_extended,manavgat_2021,thermal_coral_after_regionwise_zscore_roc_auc,0.4165194290805412,0.3992731300474425,0.4347980832759316,"drive_new/diagnostics/multi_aoi_transfer_synthesis/bejis_2022__evia_2021_extended__manavgat_2021__montiferru_2021__mugla_2021/multi_aoi_transfer_matrix.csv",roc_auc
transfer_matrix,evia_2021_extended_to_manavgat_2021,evia_2021_extended,manavgat_2021,baseline_raw_source_only_pr_auc,0.29184880895484727,0.2686766393049238,0.31831733736490514,"drive_new/diagnostics/multi_aoi_transfer_synthesis/bejis_2022__evia_2021_extended__manavgat_2021__montiferru_2021__mugla_2021/multi_aoi_transfer_matrix.csv",pr_auc
transfer_matrix,evia_2021_extended_to_manavgat_2021,evia_2021_extended,manavgat_2021,baseline_raw_source_only_roc_auc,0.7273654778585326,0.711462335803398,0.7432359984950387,"drive_new/diagnostics/multi_aoi_transfer_synthesis/bejis_2022__evia_2021_extended__manavgat_2021__montiferru_2021__mugla_2021/multi_aoi_transfer_matrix.csv",roc_auc
transfer_matrix,evia_2021_extended_to_manavgat_2021,evia_2021_extended,manavgat_2021,baseline_regionwise_zscore_pr_auc,0.14949233841660908,0.13862090047114461,0.1604979594154272,"drive_new/diagnostics/multi_aoi_transfer_synthesis/bejis_2022__evia_2021_extended__manavgat_2021__montiferru_2021__mugla_2021/multi_aoi_transfer_matrix.csv",pr_auc
transfer_matrix,evia_2021_extended_to_manavgat_2021,evia_2021_extended,manavgat_2021,baseline_regionwise_zscore_roc_auc,0.562074532097742,0.5488717007917147,0.5756027706138565,"drive_new/diagnostics/multi_aoi_transfer_synthesis/bejis_2022__evia_2021_extended__manavgat_2021__montiferru_2021__mugla_2021/multi_aoi_transfer_matrix.csv",roc_auc
transfer_matrix,evia_2021_extended_to_manavgat_2021,evia_2021_extended,manavgat_2021,baseline_coral_after_regionwise_zscore_pr_auc,0.14385415117680045,0.13315031747296835,0.15463268305218286,"drive_new/diagnostics/multi_aoi_transfer_synthesis/bejis_2022__evia_2021_extended__manavgat_2021__montiferru_2021__mugla_2021/multi_aoi_transfer_matrix.csv",pr_auc
transfer_matrix,evia_2021_extended_to_manavgat_2021,evia_2021_extended,manavgat_2021,baseline_coral_after_regionwise_zscore_roc_auc,0.5355900081340592,0.5213807886912132,0.551115332470705,"drive_new/diagnostics/multi_aoi_transfer_synthesis/bejis_2022__evia_2021_extended__manavgat_2021__montiferru_2021__mugla_2021/multi_aoi_transfer_matrix.csv",roc_auc
transfer_matrix,evia_2021_extended_to_bejis_2022,evia_2021_extended,bejis_2022,thermal_raw_source_only_pr_auc,0.059184248321390825,0.052661060795988035,0.06688558240740061,"drive_new/diagnostics/multi_aoi_transfer_synthesis/bejis_2022__evia_2021_extended__manavgat_2021__montiferru_2021__mugla_2021/multi_aoi_transfer_matrix.csv",pr_auc
transfer_matrix,evia_2021_extended_to_bejis_2022,evia_2021_extended,bejis_2022,thermal_raw_source_only_roc_auc,0.4480079359958707,0.4257771326040634,0.46987676554785857,"drive_new/diagnostics/multi_aoi_transfer_synthesis/bejis_2022__evia_2021_extended__manavgat_2021__montiferru_2021__mugla_2021/multi_aoi_transfer_matrix.csv",roc_auc
transfer_matrix,evia_2021_extended_to_bejis_2022,evia_2021_extended,bejis_2022,thermal_regionwise_zscore_pr_auc,0.07655262154444524,0.06740686004261968,0.08726406217839498,"drive_new/diagnostics/multi_aoi_transfer_synthesis/bejis_2022__evia_2021_extended__manavgat_2021__montiferru_2021__mugla_2021/multi_aoi_transfer_matrix.csv",pr_auc
transfer_matrix,evia_2021_extended_to_bejis_2022,evia_2021_extended,bejis_2022,thermal_regionwise_zscore_roc_auc,0.5494716433318279,0.5239327513919875,0.5752930612358387,"drive_new/diagnostics/multi_aoi_transfer_synthesis/bejis_2022__evia_2021_extended__manavgat_2021__montiferru_2021__mugla_2021/multi_aoi_transfer_matrix.csv",roc_auc
transfer_matrix,evia_2021_extended_to_bejis_2022,evia_2021_extended,bejis_2022,thermal_coral_after_regionwise_zscore_pr_auc,0.0745688917143,0.06614137264545077,0.08443458702133318,"drive_new/diagnostics/multi_aoi_transfer_synthesis/bejis_2022__evia_2021_extended__manavgat_2021__montiferru_2021__mugla_2021/multi_aoi_transfer_matrix.csv",pr_auc
transfer_matrix,evia_2021_extended_to_bejis_2022,evia_2021_extended,bejis_2022,thermal_coral_after_regionwise_zscore_roc_auc,0.5489253500225821,0.525074567158925,0.5734955434916881,"drive_new/diagnostics/multi_aoi_transfer_synthesis/bejis_2022__evia_2021_extended__manavgat_2021__montiferru_2021__mugla_2021/multi_aoi_transfer_matrix.csv",roc_auc
transfer_matrix,evia_2021_extended_to_bejis_2022,evia_2021_extended,bejis_2022,baseline_raw_source_only_pr_auc,0.053976090011806165,0.0480451860125357,0.06094136796691142,"drive_new/diagnostics/multi_aoi_transfer_synthesis/bejis_2022__evia_2021_extended__manavgat_2021__montiferru_2021__mugla_2021/multi_aoi_transfer_matrix.csv",pr_auc
transfer_matrix,evia_2021_extended_to_bejis_2022,evia_2021_extended,bejis_2022,baseline_raw_source_only_roc_auc,0.3917341441383315,0.3691127263898981,0.415099646274749,"drive_new/diagnostics/multi_aoi_transfer_synthesis/bejis_2022__evia_2021_extended__manavgat_2021__montiferru_2021__mugla_2021/multi_aoi_transfer_matrix.csv",roc_auc
transfer_matrix,evia_2021_extended_to_bejis_2022,evia_2021_extended,bejis_2022,baseline_regionwise_zscore_pr_auc,0.06921134093051388,0.06038254860999912,0.08078432399448801,"drive_new/diagnostics/multi_aoi_transfer_synthesis/bejis_2022__evia_2021_extended__manavgat_2021__montiferru_2021__mugla_2021/multi_aoi_transfer_matrix.csv",pr_auc
transfer_matrix,evia_2021_extended_to_bejis_2022,evia_2021_extended,bejis_2022,baseline_regionwise_zscore_roc_auc,0.48099683850571007,0.4561244106101535,0.5082139470784642,"drive_new/diagnostics/multi_aoi_transfer_synthesis/bejis_2022__evia_2021_extended__manavgat_2021__montiferru_2021__mugla_2021/multi_aoi_transfer_matrix.csv",roc_auc
transfer_matrix,evia_2021_extended_to_bejis_2022,evia_2021_extended,bejis_2022,baseline_coral_after_regionwise_zscore_pr_auc,0.070481275873518,0.06144552334525187,0.08197908810143405,"drive_new/diagnostics/multi_aoi_transfer_synthesis/bejis_2022__evia_2021_extended__manavgat_2021__montiferru_2021__mugla_2021/multi_aoi_transfer_matrix.csv",pr_auc
transfer_matrix,evia_2021_extended_to_bejis_2022,evia_2021_extended,bejis_2022,baseline_coral_after_regionwise_zscore_roc_auc,0.4862510807148849,0.4602416359377028,0.5132165721221006,"drive_new/diagnostics/multi_aoi_transfer_synthesis/bejis_2022__evia_2021_extended__manavgat_2021__montiferru_2021__mugla_2021/multi_aoi_transfer_matrix.csv",roc_auc
transfer_matrix,evia_2021_extended_to_mugla_2021,evia_2021_extended,mugla_2021,thermal_raw_source_only_pr_auc,0.08561939439002765,0.07825126199944411,0.09349599579072404,"drive_new/diagnostics/multi_aoi_transfer_synthesis/bejis_2022__evia_2021_extended__manavgat_2021__montiferru_2021__mugla_2021/multi_aoi_transfer_matrix.csv",pr_auc
transfer_matrix,evia_2021_extended_to_mugla_2021,evia_2021_extended,mugla_2021,thermal_raw_source_only_roc_auc,0.576836486299561,0.5597352372977346,0.5925311618284088,"drive_new/diagnostics/multi_aoi_transfer_synthesis/bejis_2022__evia_2021_extended__manavgat_2021__montiferru_2021__mugla_2021/multi_aoi_transfer_matrix.csv",roc_auc
transfer_matrix,evia_2021_extended_to_mugla_2021,evia_2021_extended,mugla_2021,thermal_regionwise_zscore_pr_auc,0.0664215647014893,0.061116173022769116,0.07212028308524354,"drive_new/diagnostics/multi_aoi_transfer_synthesis/bejis_2022__evia_2021_extended__manavgat_2021__montiferru_2021__mugla_2021/multi_aoi_transfer_matrix.csv",pr_auc
transfer_matrix,evia_2021_extended_to_mugla_2021,evia_2021_extended,mugla_2021,thermal_regionwise_zscore_roc_auc,0.5013427713990719,0.48529203907811,0.5178266905607353,"drive_new/diagnostics/multi_aoi_transfer_synthesis/bejis_2022__evia_2021_extended__manavgat_2021__montiferru_2021__mugla_2021/multi_aoi_transfer_matrix.csv",roc_auc
transfer_matrix,evia_2021_extended_to_mugla_2021,evia_2021_extended,mugla_2021,thermal_coral_after_regionwise_zscore_pr_auc,0.0717027194431094,0.06594484613956664,0.07770733807594371,"drive_new/diagnostics/multi_aoi_transfer_synthesis/bejis_2022__evia_2021_extended__manavgat_2021__montiferru_2021__mugla_2021/multi_aoi_transfer_matrix.csv",pr_auc
transfer_matrix,evia_2021_extended_to_mugla_2021,evia_2021_extended,mugla_2021,thermal_coral_after_regionwise_zscore_roc_auc,0.5302390241229922,0.514515120199803,0.5463484994608052,"drive_new/diagnostics/multi_aoi_transfer_synthesis/bejis_2022__evia_2021_extended__manavgat_2021__montiferru_2021__mugla_2021/multi_aoi_transfer_matrix.csv",roc_auc
transfer_matrix,evia_2021_extended_to_mugla_2021,evia_2021_extended,mugla_2021,baseline_raw_source_only_pr_auc,0.0816148991849096,0.07371398144139037,0.09085573943815818,"drive_new/diagnostics/multi_aoi_transfer_synthesis/bejis_2022__evia_2021_extended__manavgat_2021__montiferru_2021__mugla_2021/multi_aoi_transfer_matrix.csv",pr_auc
transfer_matrix,evia_2021_extended_to_mugla_2021,evia_2021_extended,mugla_2021,baseline_raw_source_only_roc_auc,0.5125008330596732,0.49120462540866555,0.5320623140941606,"drive_new/diagnostics/multi_aoi_transfer_synthesis/bejis_2022__evia_2021_extended__manavgat_2021__montiferru_2021__mugla_2021/multi_aoi_transfer_matrix.csv",roc_auc
transfer_matrix,evia_2021_extended_to_mugla_2021,evia_2021_extended,mugla_2021,baseline_regionwise_zscore_pr_auc,0.06735732015256826,0.061469181151865,0.07338675540524184,"drive_new/diagnostics/multi_aoi_transfer_synthesis/bejis_2022__evia_2021_extended__manavgat_2021__montiferru_2021__mugla_2021/multi_aoi_transfer_matrix.csv",pr_auc
transfer_matrix,evia_2021_extended_to_mugla_2021,evia_2021_extended,mugla_2021,baseline_regionwise_zscore_roc_auc,0.49020030679250415,0.47171621760745563,0.5062106062434975,"drive_new/diagnostics/multi_aoi_transfer_synthesis/bejis_2022__evia_2021_extended__manavgat_2021__montiferru_2021__mugla_2021/multi_aoi_transfer_matrix.csv",roc_auc
transfer_matrix,evia_2021_extended_to_mugla_2021,evia_2021_extended,mugla_2021,baseline_coral_after_regionwise_zscore_pr_auc,0.06940963928638907,0.06353241781331655,0.07542794087399385,"drive_new/diagnostics/multi_aoi_transfer_synthesis/bejis_2022__evia_2021_extended__manavgat_2021__montiferru_2021__mugla_2021/multi_aoi_transfer_matrix.csv",pr_auc
transfer_matrix,evia_2021_extended_to_mugla_2021,evia_2021_extended,mugla_2021,baseline_coral_after_regionwise_zscore_roc_auc,0.49769089265404776,0.4800665317584893,0.5138536914379345,"drive_new/diagnostics/multi_aoi_transfer_synthesis/bejis_2022__evia_2021_extended__manavgat_2021__montiferru_2021__mugla_2021/multi_aoi_transfer_matrix.csv",roc_auc
transfer_matrix,evia_2021_extended_to_montiferru_2021,evia_2021_extended,montiferru_2021,thermal_raw_source_only_pr_auc,0.2829027511086257,0.23928644932833287,0.3313673566232759,"drive_new/diagnostics/multi_aoi_transfer_synthesis/bejis_2022__evia_2021_extended__manavgat_2021__montiferru_2021__mugla_2021/multi_aoi_transfer_matrix.csv",pr_auc
transfer_matrix,evia_2021_extended_to_montiferru_2021,evia_2021_extended,montiferru_2021,thermal_raw_source_only_roc_auc,0.6467042042389389,0.6076923033613082,0.6823574673192492,"drive_new/diagnostics/multi_aoi_transfer_synthesis/bejis_2022__evia_2021_extended__manavgat_2021__montiferru_2021__mugla_2021/multi_aoi_transfer_matrix.csv",roc_auc
transfer_matrix,evia_2021_extended_to_montiferru_2021,evia_2021_extended,montiferru_2021,thermal_regionwise_zscore_pr_auc,0.23633483418520781,0.2007858422391352,0.27662065874574876,"drive_new/diagnostics/multi_aoi_transfer_synthesis/bejis_2022__evia_2021_extended__manavgat_2021__montiferru_2021__mugla_2021/multi_aoi_transfer_matrix.csv",pr_auc
transfer_matrix,evia_2021_extended_to_montiferru_2021,evia_2021_extended,montiferru_2021,thermal_regionwise_zscore_roc_auc,0.5676115832866812,0.527835991770352,0.6085431314591581,"drive_new/diagnostics/multi_aoi_transfer_synthesis/bejis_2022__evia_2021_extended__manavgat_2021__montiferru_2021__mugla_2021/multi_aoi_transfer_matrix.csv",roc_auc
transfer_matrix,evia_2021_extended_to_montiferru_2021,evia_2021_extended,montiferru_2021,thermal_coral_after_regionwise_zscore_pr_auc,0.23809602559935178,0.20172639261025435,0.2787344606435681,"drive_new/diagnostics/multi_aoi_transfer_synthesis/bejis_2022__evia_2021_extended__manavgat_2021__montiferru_2021__mugla_2021/multi_aoi_transfer_matrix.csv",pr_auc
transfer_matrix,evia_2021_extended_to_montiferru_2021,evia_2021_extended,montiferru_2021,thermal_coral_after_regionwise_zscore_roc_auc,0.5814674815743572,0.5392032021202131,0.6234716065110919,"drive_new/diagnostics/multi_aoi_transfer_synthesis/bejis_2022__evia_2021_extended__manavgat_2021__montiferru_2021__mugla_2021/multi_aoi_transfer_matrix.csv",roc_auc
transfer_matrix,evia_2021_extended_to_montiferru_2021,evia_2021_extended,montiferru_2021,baseline_raw_source_only_pr_auc,0.25786601392099906,0.21592833638881095,0.3034415538831641,"drive_new/diagnostics/multi_aoi_transfer_synthesis/bejis_2022__evia_2021_extended__manavgat_2021__montiferru_2021__mugla_2021/multi_aoi_transfer_matrix.csv",pr_auc
transfer_matrix,evia_2021_extended_to_montiferru_2021,evia_2021_extended,montiferru_2021,baseline_raw_source_only_roc_auc,0.5494242131221113,0.5124112445618861,0.5899330148393352,"drive_new/diagnostics/multi_aoi_transfer_synthesis/bejis_2022__evia_2021_extended__manavgat_2021__montiferru_2021__mugla_2021/multi_aoi_transfer_matrix.csv",roc_auc
transfer_matrix,evia_2021_extended_to_montiferru_2021,evia_2021_extended,montiferru_2021,baseline_regionwise_zscore_pr_auc,0.22451495571798052,0.19073422876948162,0.2618904159156886,"drive_new/diagnostics/multi_aoi_transfer_synthesis/bejis_2022__evia_2021_extended__manavgat_2021__montiferru_2021__mugla_2021/multi_aoi_transfer_matrix.csv",pr_auc
transfer_matrix,evia_2021_extended_to_montiferru_2021,evia_2021_extended,montiferru_2021,baseline_regionwise_zscore_roc_auc,0.5194629382018053,0.4791979563478967,0.5603657912433049,"drive_new/diagnostics/multi_aoi_transfer_synthesis/bejis_2022__evia_2021_extended__manavgat_2021__montiferru_2021__mugla_2021/multi_aoi_transfer_matrix.csv",roc_auc
transfer_matrix,evia_2021_extended_to_montiferru_2021,evia_2021_extended,montiferru_2021,baseline_coral_after_regionwise_zscore_pr_auc,0.23133401221207267,0.1971437123376982,0.2700954979751015,"drive_new/diagnostics/multi_aoi_transfer_synthesis/bejis_2022__evia_2021_extended__manavgat_2021__montiferru_2021__mugla_2021/multi_aoi_transfer_matrix.csv",pr_auc
transfer_matrix,evia_2021_extended_to_montiferru_2021,evia_2021_extended,montiferru_2021,baseline_coral_after_regionwise_zscore_roc_auc,0.5188013269238777,0.4782035190605931,0.5597801279343003,"drive_new/diagnostics/multi_aoi_transfer_synthesis/bejis_2022__evia_2021_extended__manavgat_2021__montiferru_2021__mugla_2021/multi_aoi_transfer_matrix.csv",roc_auc
transfer_matrix,montiferru_2021_to_manavgat_2021,montiferru_2021,manavgat_2021,thermal_raw_source_only_pr_auc,0.11309560200174143,0.10420867754610579,0.12206682238719879,"drive_new/diagnostics/multi_aoi_transfer_synthesis/bejis_2022__evia_2021_extended__manavgat_2021__montiferru_2021__mugla_2021/multi_aoi_transfer_matrix.csv",pr_auc
transfer_matrix,montiferru_2021_to_manavgat_2021,montiferru_2021,manavgat_2021,thermal_raw_source_only_roc_auc,0.40410656586843297,0.38485502567963764,0.42157178810788676,"drive_new/diagnostics/multi_aoi_transfer_synthesis/bejis_2022__evia_2021_extended__manavgat_2021__montiferru_2021__mugla_2021/multi_aoi_transfer_matrix.csv",roc_auc
transfer_matrix,montiferru_2021_to_manavgat_2021,montiferru_2021,manavgat_2021,thermal_regionwise_zscore_pr_auc,0.11903533750412558,0.108668217958559,0.12989895117150568,"drive_new/diagnostics/multi_aoi_transfer_synthesis/bejis_2022__evia_2021_extended__manavgat_2021__montiferru_2021__mugla_2021/multi_aoi_transfer_matrix.csv",pr_auc
transfer_matrix,montiferru_2021_to_manavgat_2021,montiferru_2021,manavgat_2021,thermal_regionwise_zscore_roc_auc,0.3879846123605133,0.366832593807202,0.4080869683565486,"drive_new/diagnostics/multi_aoi_transfer_synthesis/bejis_2022__evia_2021_extended__manavgat_2021__montiferru_2021__mugla_2021/multi_aoi_transfer_matrix.csv",roc_auc
transfer_matrix,montiferru_2021_to_manavgat_2021,montiferru_2021,manavgat_2021,thermal_coral_after_regionwise_zscore_pr_auc,0.12515209110497844,0.11484952763475426,0.13634032554319325,"drive_new/diagnostics/multi_aoi_transfer_synthesis/bejis_2022__evia_2021_extended__manavgat_2021__montiferru_2021__mugla_2021/multi_aoi_transfer_matrix.csv",pr_auc
transfer_matrix,montiferru_2021_to_manavgat_2021,montiferru_2021,manavgat_2021,thermal_coral_after_regionwise_zscore_roc_auc,0.4360785072411737,0.41566814833793114,0.45644376512412277,"drive_new/diagnostics/multi_aoi_transfer_synthesis/bejis_2022__evia_2021_extended__manavgat_2021__montiferru_2021__mugla_2021/multi_aoi_transfer_matrix.csv",roc_auc
transfer_matrix,montiferru_2021_to_manavgat_2021,montiferru_2021,manavgat_2021,baseline_raw_source_only_pr_auc,0.10149748008899191,0.0935037411193163,0.10955578425487279,"drive_new/diagnostics/multi_aoi_transfer_synthesis/bejis_2022__evia_2021_extended__manavgat_2021__montiferru_2021__mugla_2021/multi_aoi_transfer_matrix.csv",pr_auc
transfer_matrix,montiferru_2021_to_manavgat_2021,montiferru_2021,manavgat_2021,baseline_raw_source_only_roc_auc,0.3379486623776111,0.3185648301353469,0.35589165825867347,"drive_new/diagnostics/multi_aoi_transfer_synthesis/bejis_2022__evia_2021_extended__manavgat_2021__montiferru_2021__mugla_2021/multi_aoi_transfer_matrix.csv",roc_auc
transfer_matrix,montiferru_2021_to_manavgat_2021,montiferru_2021,manavgat_2021,baseline_regionwise_zscore_pr_auc,0.14633739464730725,0.13341359328298583,0.15980908878615785,"drive_new/diagnostics/multi_aoi_transfer_synthesis/bejis_2022__evia_2021_extended__manavgat_2021__montiferru_2021__mugla_2021/multi_aoi_transfer_matrix.csv",pr_auc
transfer_matrix,montiferru_2021_to_manavgat_2021,montiferru_2021,manavgat_2021,baseline_regionwise_zscore_roc_auc,0.4796763183340454,0.45770756756753733,0.5017426912376145,"drive_new/diagnostics/multi_aoi_transfer_synthesis/bejis_2022__evia_2021_extended__manavgat_2021__montiferru_2021__mugla_2021/multi_aoi_transfer_matrix.csv",roc_auc
transfer_matrix,montiferru_2021_to_manavgat_2021,montiferru_2021,manavgat_2021,baseline_coral_after_regionwise_zscore_pr_auc,0.16599706400692318,0.15181291048047374,0.18049813755364003,"drive_new/diagnostics/multi_aoi_transfer_synthesis/bejis_2022__evia_2021_extended__manavgat_2021__montiferru_2021__mugla_2021/multi_aoi_transfer_matrix.csv",pr_auc
transfer_matrix,montiferru_2021_to_manavgat_2021,montiferru_2021,manavgat_2021,baseline_coral_after_regionwise_zscore_roc_auc,0.5337376777532317,0.5141287003638353,0.5551630436280014,"drive_new/diagnostics/multi_aoi_transfer_synthesis/bejis_2022__evia_2021_extended__manavgat_2021__montiferru_2021__mugla_2021/multi_aoi_transfer_matrix.csv",roc_auc
transfer_matrix,montiferru_2021_to_bejis_2022,montiferru_2021,bejis_2022,thermal_raw_source_only_pr_auc,0.09285102514616964,0.0771592840133878,0.11471143462088851,"drive_new/diagnostics/multi_aoi_transfer_synthesis/bejis_2022__evia_2021_extended__manavgat_2021__montiferru_2021__mugla_2021/multi_aoi_transfer_matrix.csv",pr_auc
transfer_matrix,montiferru_2021_to_bejis_2022,montiferru_2021,bejis_2022,thermal_raw_source_only_roc_auc,0.5483011162010453,0.5209528316649221,0.5781810365217555,"drive_new/diagnostics/multi_aoi_transfer_synthesis/bejis_2022__evia_2021_extended__manavgat_2021__montiferru_2021__mugla_2021/multi_aoi_transfer_matrix.csv",roc_auc
transfer_matrix,montiferru_2021_to_bejis_2022,montiferru_2021,bejis_2022,thermal_regionwise_zscore_pr_auc,0.08169870349416208,0.07203500943078613,0.09268438300897164,"drive_new/diagnostics/multi_aoi_transfer_synthesis/bejis_2022__evia_2021_extended__manavgat_2021__montiferru_2021__mugla_2021/multi_aoi_transfer_matrix.csv",pr_auc
transfer_matrix,montiferru_2021_to_bejis_2022,montiferru_2021,bejis_2022,thermal_regionwise_zscore_roc_auc,0.5737406929479322,0.5516607198105777,0.5963573577951428,"drive_new/diagnostics/multi_aoi_transfer_synthesis/bejis_2022__evia_2021_extended__manavgat_2021__montiferru_2021__mugla_2021/multi_aoi_transfer_matrix.csv",roc_auc
transfer_matrix,montiferru_2021_to_bejis_2022,montiferru_2021,bejis_2022,thermal_coral_after_regionwise_zscore_pr_auc,0.0804576841011413,0.07054149428217713,0.09184742060632142,"drive_new/diagnostics/multi_aoi_transfer_synthesis/bejis_2022__evia_2021_extended__manavgat_2021__montiferru_2021__mugla_2021/multi_aoi_transfer_matrix.csv",pr_auc
transfer_matrix,montiferru_2021_to_bejis_2022,montiferru_2021,bejis_2022,thermal_coral_after_regionwise_zscore_roc_auc,0.5689084457061746,0.5475899914764071,0.5909137420178239,"drive_new/diagnostics/multi_aoi_transfer_synthesis/bejis_2022__evia_2021_extended__manavgat_2021__montiferru_2021__mugla_2021/multi_aoi_transfer_matrix.csv",roc_auc
transfer_matrix,montiferru_2021_to_bejis_2022,montiferru_2021,bejis_2022,baseline_raw_source_only_pr_auc,0.11367518379586421,0.0943277675126874,0.1395413693376682,"drive_new/diagnostics/multi_aoi_transfer_synthesis/bejis_2022__evia_2021_extended__manavgat_2021__montiferru_2021__mugla_2021/multi_aoi_transfer_matrix.csv",pr_auc
transfer_matrix,montiferru_2021_to_bejis_2022,montiferru_2021,bejis_2022,baseline_raw_source_only_roc_auc,0.6126267823730563,0.5872554258748676,0.6394773192550581,"drive_new/diagnostics/multi_aoi_transfer_synthesis/bejis_2022__evia_2021_extended__manavgat_2021__montiferru_2021__mugla_2021/multi_aoi_transfer_matrix.csv",roc_auc
transfer_matrix,montiferru_2021_to_bejis_2022,montiferru_2021,bejis_2022,baseline_regionwise_zscore_pr_auc,0.08413477771595762,0.07419429388586102,0.09527124744257696,"drive_new/diagnostics/multi_aoi_transfer_synthesis/bejis_2022__evia_2021_extended__manavgat_2021__montiferru_2021__mugla_2021/multi_aoi_transfer_matrix.csv",pr_auc
transfer_matrix,montiferru_2021_to_bejis_2022,montiferru_2021,bejis_2022,baseline_regionwise_zscore_roc_auc,0.590360184528034,0.5689359657748891,0.6095504563608694,"drive_new/diagnostics/multi_aoi_transfer_synthesis/bejis_2022__evia_2021_extended__manavgat_2021__montiferru_2021__mugla_2021/multi_aoi_transfer_matrix.csv",roc_auc
transfer_matrix,montiferru_2021_to_bejis_2022,montiferru_2021,bejis_2022,baseline_coral_after_regionwise_zscore_pr_auc,0.08214538759373048,0.07234960109917475,0.09323975575282589,"drive_new/diagnostics/multi_aoi_transfer_synthesis/bejis_2022__evia_2021_extended__manavgat_2021__montiferru_2021__mugla_2021/multi_aoi_transfer_matrix.csv",pr_auc
transfer_matrix,montiferru_2021_to_bejis_2022,montiferru_2021,bejis_2022,baseline_coral_after_regionwise_zscore_roc_auc,0.5852029485773276,0.5612138324237973,0.6066705166312283,"drive_new/diagnostics/multi_aoi_transfer_synthesis/bejis_2022__evia_2021_extended__manavgat_2021__montiferru_2021__mugla_2021/multi_aoi_transfer_matrix.csv",roc_auc
transfer_matrix,montiferru_2021_to_mugla_2021,montiferru_2021,mugla_2021,thermal_raw_source_only_pr_auc,0.0886887632396203,0.08163679533721871,0.09628926354284895,"drive_new/diagnostics/multi_aoi_transfer_synthesis/bejis_2022__evia_2021_extended__manavgat_2021__montiferru_2021__mugla_2021/multi_aoi_transfer_matrix.csv",pr_auc
transfer_matrix,montiferru_2021_to_mugla_2021,montiferru_2021,mugla_2021,thermal_raw_source_only_roc_auc,0.6193519007685069,0.6042787356947583,0.6343128764211556,"drive_new/diagnostics/multi_aoi_transfer_synthesis/bejis_2022__evia_2021_extended__manavgat_2021__montiferru_2021__mugla_2021/multi_aoi_transfer_matrix.csv",roc_auc
transfer_matrix,montiferru_2021_to_mugla_2021,montiferru_2021,mugla_2021,thermal_regionwise_zscore_pr_auc,0.08032653268842897,0.07372908852727195,0.08737684430965972,"drive_new/diagnostics/multi_aoi_transfer_synthesis/bejis_2022__evia_2021_extended__manavgat_2021__montiferru_2021__mugla_2021/multi_aoi_transfer_matrix.csv",pr_auc
transfer_matrix,montiferru_2021_to_mugla_2021,montiferru_2021,mugla_2021,thermal_regionwise_zscore_roc_auc,0.5759383216467225,0.5618336621699772,0.5894226282488194,"drive_new/diagnostics/multi_aoi_transfer_synthesis/bejis_2022__evia_2021_extended__manavgat_2021__montiferru_2021__mugla_2021/multi_aoi_transfer_matrix.csv",roc_auc
transfer_matrix,montiferru_2021_to_mugla_2021,montiferru_2021,mugla_2021,thermal_coral_after_regionwise_zscore_pr_auc,0.08507846863101934,0.07675938898248126,0.0943977278543194,"drive_new/diagnostics/multi_aoi_transfer_synthesis/bejis_2022__evia_2021_extended__manavgat_2021__montiferru_2021__mugla_2021/multi_aoi_transfer_matrix.csv",pr_auc
transfer_matrix,montiferru_2021_to_mugla_2021,montiferru_2021,mugla_2021,thermal_coral_after_regionwise_zscore_roc_auc,0.5649497745214649,0.5499669328507472,0.579170354844776,"drive_new/diagnostics/multi_aoi_transfer_synthesis/bejis_2022__evia_2021_extended__manavgat_2021__montiferru_2021__mugla_2021/multi_aoi_transfer_matrix.csv",roc_auc
transfer_matrix,montiferru_2021_to_mugla_2021,montiferru_2021,mugla_2021,baseline_raw_source_only_pr_auc,0.12418946741262851,0.11158625767644284,0.13918815513220548,"drive_new/diagnostics/multi_aoi_transfer_synthesis/bejis_2022__evia_2021_extended__manavgat_2021__montiferru_2021__mugla_2021/multi_aoi_transfer_matrix.csv",pr_auc
transfer_matrix,montiferru_2021_to_mugla_2021,montiferru_2021,mugla_2021,baseline_raw_source_only_roc_auc,0.6512032487818435,0.6347654907335513,0.667565377332467,"drive_new/diagnostics/multi_aoi_transfer_synthesis/bejis_2022__evia_2021_extended__manavgat_2021__montiferru_2021__mugla_2021/multi_aoi_transfer_matrix.csv",roc_auc
transfer_matrix,montiferru_2021_to_mugla_2021,montiferru_2021,mugla_2021,baseline_regionwise_zscore_pr_auc,0.14086409715529885,0.1246375832519991,0.1606547068699503,"drive_new/diagnostics/multi_aoi_transfer_synthesis/bejis_2022__evia_2021_extended__manavgat_2021__montiferru_2021__mugla_2021/multi_aoi_transfer_matrix.csv",pr_auc
transfer_matrix,montiferru_2021_to_mugla_2021,montiferru_2021,mugla_2021,baseline_regionwise_zscore_roc_auc,0.6299301590911015,0.6132605729541819,0.6458010350289975,"drive_new/diagnostics/multi_aoi_transfer_synthesis/bejis_2022__evia_2021_extended__manavgat_2021__montiferru_2021__mugla_2021/multi_aoi_transfer_matrix.csv",roc_auc
transfer_matrix,montiferru_2021_to_mugla_2021,montiferru_2021,mugla_2021,baseline_coral_after_regionwise_zscore_pr_auc,0.12733869436981224,0.11365336956792872,0.1425536511417853,"drive_new/diagnostics/multi_aoi_transfer_synthesis/bejis_2022__evia_2021_extended__manavgat_2021__montiferru_2021__mugla_2021/multi_aoi_transfer_matrix.csv",pr_auc
transfer_matrix,montiferru_2021_to_mugla_2021,montiferru_2021,mugla_2021,baseline_coral_after_regionwise_zscore_roc_auc,0.6322589209374845,0.6155970266759292,0.6494384910334697,"drive_new/diagnostics/multi_aoi_transfer_synthesis/bejis_2022__evia_2021_extended__manavgat_2021__montiferru_2021__mugla_2021/multi_aoi_transfer_matrix.csv",roc_auc
transfer_matrix,montiferru_2021_to_evia_2021_extended,montiferru_2021,evia_2021_extended,thermal_raw_source_only_pr_auc,0.31707825794461764,0.2930494602497059,0.34128462148847116,"drive_new/diagnostics/multi_aoi_transfer_synthesis/bejis_2022__evia_2021_extended__manavgat_2021__montiferru_2021__mugla_2021/multi_aoi_transfer_matrix.csv",pr_auc
transfer_matrix,montiferru_2021_to_evia_2021_extended,montiferru_2021,evia_2021_extended,thermal_raw_source_only_roc_auc,0.5861929535806533,0.5651484545459279,0.6060253882475715,"drive_new/diagnostics/multi_aoi_transfer_synthesis/bejis_2022__evia_2021_extended__manavgat_2021__montiferru_2021__mugla_2021/multi_aoi_transfer_matrix.csv",roc_auc
transfer_matrix,montiferru_2021_to_evia_2021_extended,montiferru_2021,evia_2021_extended,thermal_regionwise_zscore_pr_auc,0.32985840635424135,0.3083015419437573,0.35462857538496,"drive_new/diagnostics/multi_aoi_transfer_synthesis/bejis_2022__evia_2021_extended__manavgat_2021__montiferru_2021__mugla_2021/multi_aoi_transfer_matrix.csv",pr_auc
transfer_matrix,montiferru_2021_to_evia_2021_extended,montiferru_2021,evia_2021_extended,thermal_regionwise_zscore_roc_auc,0.6304455740787516,0.6112140564678675,0.6490369448062729,"drive_new/diagnostics/multi_aoi_transfer_synthesis/bejis_2022__evia_2021_extended__manavgat_2021__montiferru_2021__mugla_2021/multi_aoi_transfer_matrix.csv",roc_auc
transfer_matrix,montiferru_2021_to_evia_2021_extended,montiferru_2021,evia_2021_extended,thermal_coral_after_regionwise_zscore_pr_auc,0.3255290121904344,0.30331183030898695,0.35030695413668517,"drive_new/diagnostics/multi_aoi_transfer_synthesis/bejis_2022__evia_2021_extended__manavgat_2021__montiferru_2021__mugla_2021/multi_aoi_transfer_matrix.csv",pr_auc
transfer_matrix,montiferru_2021_to_evia_2021_extended,montiferru_2021,evia_2021_extended,thermal_coral_after_regionwise_zscore_roc_auc,0.6238898304394234,0.6048135928730249,0.641359628323993,"drive_new/diagnostics/multi_aoi_transfer_synthesis/bejis_2022__evia_2021_extended__manavgat_2021__montiferru_2021__mugla_2021/multi_aoi_transfer_matrix.csv",roc_auc
transfer_matrix,montiferru_2021_to_evia_2021_extended,montiferru_2021,evia_2021_extended,baseline_raw_source_only_pr_auc,0.29606068088557547,0.27457391102672335,0.3182573257287597,"drive_new/diagnostics/multi_aoi_transfer_synthesis/bejis_2022__evia_2021_extended__manavgat_2021__montiferru_2021__mugla_2021/multi_aoi_transfer_matrix.csv",pr_auc
transfer_matrix,montiferru_2021_to_evia_2021_extended,montiferru_2021,evia_2021_extended,baseline_raw_source_only_roc_auc,0.5564241132902574,0.5376255794735346,0.576027684629921,"drive_new/diagnostics/multi_aoi_transfer_synthesis/bejis_2022__evia_2021_extended__manavgat_2021__montiferru_2021__mugla_2021/multi_aoi_transfer_matrix.csv",roc_auc
transfer_matrix,montiferru_2021_to_evia_2021_extended,montiferru_2021,evia_2021_extended,baseline_regionwise_zscore_pr_auc,0.3109524269698739,0.2890394782144066,0.3344929369341824,"drive_new/diagnostics/multi_aoi_transfer_synthesis/bejis_2022__evia_2021_extended__manavgat_2021__montiferru_2021__mugla_2021/multi_aoi_transfer_matrix.csv",pr_auc
transfer_matrix,montiferru_2021_to_evia_2021_extended,montiferru_2021,evia_2021_extended,baseline_regionwise_zscore_roc_auc,0.5769329398738503,0.5580556631232996,0.5951330195476806,"drive_new/diagnostics/multi_aoi_transfer_synthesis/bejis_2022__evia_2021_extended__manavgat_2021__montiferru_2021__mugla_2021/multi_aoi_transfer_matrix.csv",roc_auc
transfer_matrix,montiferru_2021_to_evia_2021_extended,montiferru_2021,evia_2021_extended,baseline_coral_after_regionwise_zscore_pr_auc,0.29375175306068646,0.27358770622193634,0.31611496525238003,"drive_new/diagnostics/multi_aoi_transfer_synthesis/bejis_2022__evia_2021_extended__manavgat_2021__montiferru_2021__mugla_2021/multi_aoi_transfer_matrix.csv",pr_auc
transfer_matrix,montiferru_2021_to_evia_2021_extended,montiferru_2021,evia_2021_extended,baseline_coral_after_regionwise_zscore_roc_auc,0.5502879650829606,0.53138782639047,0.5701573798934413,"drive_new/diagnostics/multi_aoi_transfer_synthesis/bejis_2022__evia_2021_extended__manavgat_2021__montiferru_2021__mugla_2021/multi_aoi_transfer_matrix.csv",roc_auc
prevalence,,,manavgat_2021,target_row_count,20511,,,"drive_new/diagnostics/multi_aoi_transfer_synthesis/bejis_2022__evia_2021_extended__manavgat_2021__montiferru_2021__mugla_2021/multi_aoi_transfer_matrix.csv",target_row_count
prevalence,,,manavgat_2021,target_burned_count,2935,,,"drive_new/diagnostics/multi_aoi_transfer_synthesis/bejis_2022__evia_2021_extended__manavgat_2021__montiferru_2021__mugla_2021/multi_aoi_transfer_matrix.csv",target_burned_count
prevalence,,,manavgat_2021,burned_prevalence_modelled,0.143094,,,"drive_new/diagnostics/multi_aoi_transfer_synthesis/bejis_2022__evia_2021_extended__manavgat_2021__montiferru_2021__mugla_2021/multi_aoi_transfer_matrix.csv",target_burned_count/target_row_count
prevalence,,,manavgat_2021,tsg_count_legacy_all_rows,20555,,,"drive_new/experiments/manavgat_2021/step8a/step8a_dataset_stats.json",burnable_tree_shrub_grass_count
prevalence,,,manavgat_2021,burned_tsg_legacy_all_rows,784,,,"drive_new/experiments/manavgat_2021/step8a/step8a_dataset_stats.json",burned_count_within_each_burnable_mask.burnable_tree_shrub_grass
prevalence,,,manavgat_2021,burned_tsg_modelled,784,,,"drive_new/experiments/manavgat_2021/step8a/step8a_dataset_stats.json",burned_count_within_primary_burnable_mask
prevalence,,,bejis_2022,target_row_count,15190,,,"drive_new/diagnostics/multi_aoi_transfer_synthesis/bejis_2022__evia_2021_extended__manavgat_2021__montiferru_2021__mugla_2021/multi_aoi_transfer_matrix.csv",target_row_count
prevalence,,,bejis_2022,target_burned_count,1100,,,"drive_new/diagnostics/multi_aoi_transfer_synthesis/bejis_2022__evia_2021_extended__manavgat_2021__montiferru_2021__mugla_2021/multi_aoi_transfer_matrix.csv",target_burned_count
prevalence,,,bejis_2022,burned_prevalence_modelled,0.072416,,,"drive_new/diagnostics/multi_aoi_transfer_synthesis/bejis_2022__evia_2021_extended__manavgat_2021__montiferru_2021__mugla_2021/multi_aoi_transfer_matrix.csv",target_burned_count/target_row_count
prevalence,,,bejis_2022,tsg_count_legacy_all_rows,15190,,,"drive_new/experiments/bejis_2022/step8a/step8a_dataset_stats.json",burnable_tree_shrub_grass_count
prevalence,,,bejis_2022,burned_tsg_legacy_all_rows,1100,,,"drive_new/experiments/bejis_2022/step8a/step8a_dataset_stats.json",burned_count_within_each_burnable_mask.burnable_tree_shrub_grass
prevalence,,,bejis_2022,burned_tsg_modelled,1100,,,"drive_new/experiments/bejis_2022/step8a/step8a_dataset_stats.json",burned_count_within_primary_burnable_mask
prevalence,,,mugla_2021,target_row_count,41730,,,"drive_new/diagnostics/multi_aoi_transfer_synthesis/bejis_2022__evia_2021_extended__manavgat_2021__montiferru_2021__mugla_2021/multi_aoi_transfer_matrix.csv",target_row_count
prevalence,,,mugla_2021,target_burned_count,2911,,,"drive_new/diagnostics/multi_aoi_transfer_synthesis/bejis_2022__evia_2021_extended__manavgat_2021__montiferru_2021__mugla_2021/multi_aoi_transfer_matrix.csv",target_burned_count
prevalence,,,mugla_2021,burned_prevalence_modelled,0.069758,,,"drive_new/diagnostics/multi_aoi_transfer_synthesis/bejis_2022__evia_2021_extended__manavgat_2021__montiferru_2021__mugla_2021/multi_aoi_transfer_matrix.csv",target_burned_count/target_row_count
prevalence,,,mugla_2021,tsg_count_legacy_all_rows,41772,,,"drive_new/experiments/mugla_2021/step8a/step8a_dataset_stats.json",burnable_tree_shrub_grass_count
prevalence,,,mugla_2021,burned_tsg_legacy_all_rows,2952,,,"drive_new/experiments/mugla_2021/step8a/step8a_dataset_stats.json",burned_count_within_each_burnable_mask.burnable_tree_shrub_grass
prevalence,,,mugla_2021,burned_tsg_modelled,2911,,,"drive_new/experiments/mugla_2021/step8a/step8a_dataset_stats.json",burned_count_within_primary_burnable_mask
prevalence,,,evia_2021_extended,target_row_count,9298,,,"drive_new/diagnostics/multi_aoi_transfer_synthesis/bejis_2022__evia_2021_extended__manavgat_2021__montiferru_2021__mugla_2021/multi_aoi_transfer_matrix.csv",target_row_count
prevalence,,,evia_2021_extended,target_burned_count,2664,,,"drive_new/diagnostics/multi_aoi_transfer_synthesis/bejis_2022__evia_2021_extended__manavgat_2021__montiferru_2021__mugla_2021/multi_aoi_transfer_matrix.csv",target_burned_count
prevalence,,,evia_2021_extended,burned_prevalence_modelled,0.286513,,,"drive_new/diagnostics/multi_aoi_transfer_synthesis/bejis_2022__evia_2021_extended__manavgat_2021__montiferru_2021__mugla_2021/multi_aoi_transfer_matrix.csv",target_burned_count/target_row_count
prevalence,,,evia_2021_extended,tsg_count_legacy_all_rows,9309,,,"drive_new/experiments/evia_2021_extended/step8a/step8a_dataset_stats.json",burnable_tree_shrub_grass_count
prevalence,,,evia_2021_extended,burned_tsg_legacy_all_rows,2675,,,"drive_new/experiments/evia_2021_extended/step8a/step8a_dataset_stats.json",burned_count_within_each_burnable_mask.burnable_tree_shrub_grass
prevalence,,,evia_2021_extended,burned_tsg_modelled,2664,,,"drive_new/experiments/evia_2021_extended/step8a/step8a_dataset_stats.json",burned_count_within_primary_burnable_mask
prevalence,,,montiferru_2021,target_row_count,2544,,,"drive_new/diagnostics/multi_aoi_transfer_synthesis/bejis_2022__evia_2021_extended__manavgat_2021__montiferru_2021__mugla_2021/multi_aoi_transfer_matrix.csv",target_row_count
prevalence,,,montiferru_2021,target_burned_count,539,,,"drive_new/diagnostics/multi_aoi_transfer_synthesis/bejis_2022__evia_2021_extended__manavgat_2021__montiferru_2021__mugla_2021/multi_aoi_transfer_matrix.csv",target_burned_count
prevalence,,,montiferru_2021,burned_prevalence_modelled,0.211871,,,"drive_new/diagnostics/multi_aoi_transfer_synthesis/bejis_2022__evia_2021_extended__manavgat_2021__montiferru_2021__mugla_2021/multi_aoi_transfer_matrix.csv",target_burned_count/target_row_count
prevalence,,,montiferru_2021,tsg_count_legacy_all_rows,2591,,,"drive_new/experiments/montiferru_2021/step8a/step8a_dataset_stats.json",burnable_tree_shrub_grass_count
prevalence,,,montiferru_2021,burned_tsg_legacy_all_rows,582,,,"drive_new/experiments/montiferru_2021/step8a/step8a_dataset_stats.json",burned_count_within_each_burnable_mask.burnable_tree_shrub_grass
prevalence,,,montiferru_2021,burned_tsg_modelled,539,,,"drive_new/experiments/montiferru_2021/step8a/step8a_dataset_stats.json",burned_count_within_primary_burnable_mask
baseline_vs_thermal,manavgat_2021_to_bejis_2022,manavgat_2021,bejis_2022,baseline_roc_auc_raw,0.3707,0.3490,0.3941,"paper/baseline_vs_thermal_transfer.csv",baseline_roc
baseline_vs_thermal,manavgat_2021_to_bejis_2022,manavgat_2021,bejis_2022,thermal_roc_auc_raw,0.3964,0.3723,0.4226,"paper/baseline_vs_thermal_transfer.csv",thermal_roc
baseline_vs_thermal,manavgat_2021_to_bejis_2022,manavgat_2021,bejis_2022,delta_roc_auc,0.0257,0.0101,0.0420,"paper/baseline_vs_thermal_transfer.csv",delta_roc
baseline_vs_thermal,manavgat_2021_to_mugla_2021,manavgat_2021,mugla_2021,baseline_roc_auc_raw,0.4656,0.4452,0.4832,"paper/baseline_vs_thermal_transfer.csv",baseline_roc
baseline_vs_thermal,manavgat_2021_to_mugla_2021,manavgat_2021,mugla_2021,thermal_roc_auc_raw,0.4377,0.4191,0.4553,"paper/baseline_vs_thermal_transfer.csv",thermal_roc
baseline_vs_thermal,manavgat_2021_to_mugla_2021,manavgat_2021,mugla_2021,delta_roc_auc,-0.0279,-0.0396,-0.0161,"paper/baseline_vs_thermal_transfer.csv",delta_roc
baseline_vs_thermal,manavgat_2021_to_evia_2021_extended,manavgat_2021,evia_2021_extended,baseline_roc_auc_raw,0.6226,0.6037,0.6423,"paper/baseline_vs_thermal_transfer.csv",baseline_roc
baseline_vs_thermal,manavgat_2021_to_evia_2021_extended,manavgat_2021,evia_2021_extended,thermal_roc_auc_raw,0.6540,0.6323,0.6746,"paper/baseline_vs_thermal_transfer.csv",thermal_roc
baseline_vs_thermal,manavgat_2021_to_evia_2021_extended,manavgat_2021,evia_2021_extended,delta_roc_auc,0.0314,0.0162,0.0454,"paper/baseline_vs_thermal_transfer.csv",delta_roc
baseline_vs_thermal,manavgat_2021_to_montiferru_2021,manavgat_2021,montiferru_2021,baseline_roc_auc_raw,0.5340,0.4954,0.5734,"paper/baseline_vs_thermal_transfer.csv",baseline_roc
baseline_vs_thermal,manavgat_2021_to_montiferru_2021,manavgat_2021,montiferru_2021,thermal_roc_auc_raw,0.5178,0.4731,0.5613,"paper/baseline_vs_thermal_transfer.csv",thermal_roc
baseline_vs_thermal,manavgat_2021_to_montiferru_2021,manavgat_2021,montiferru_2021,delta_roc_auc,-0.0162,-0.0466,0.0126,"paper/baseline_vs_thermal_transfer.csv",delta_roc
baseline_vs_thermal,bejis_2022_to_manavgat_2021,bejis_2022,manavgat_2021,baseline_roc_auc_raw,0.2966,0.2788,0.3149,"paper/baseline_vs_thermal_transfer.csv",baseline_roc
baseline_vs_thermal,bejis_2022_to_manavgat_2021,bejis_2022,manavgat_2021,thermal_roc_auc_raw,0.3142,0.2977,0.3313,"paper/baseline_vs_thermal_transfer.csv",thermal_roc
baseline_vs_thermal,bejis_2022_to_manavgat_2021,bejis_2022,manavgat_2021,delta_roc_auc,0.0176,0.0065,0.0291,"paper/baseline_vs_thermal_transfer.csv",delta_roc
baseline_vs_thermal,bejis_2022_to_mugla_2021,bejis_2022,mugla_2021,baseline_roc_auc_raw,0.5922,0.5749,0.6088,"paper/baseline_vs_thermal_transfer.csv",baseline_roc
baseline_vs_thermal,bejis_2022_to_mugla_2021,bejis_2022,mugla_2021,thermal_roc_auc_raw,0.6185,0.6019,0.6339,"paper/baseline_vs_thermal_transfer.csv",thermal_roc
baseline_vs_thermal,bejis_2022_to_mugla_2021,bejis_2022,mugla_2021,delta_roc_auc,0.0262,0.0140,0.0384,"paper/baseline_vs_thermal_transfer.csv",delta_roc
baseline_vs_thermal,bejis_2022_to_evia_2021_extended,bejis_2022,evia_2021_extended,baseline_roc_auc_raw,0.5305,0.5129,0.5491,"paper/baseline_vs_thermal_transfer.csv",baseline_roc
baseline_vs_thermal,bejis_2022_to_evia_2021_extended,bejis_2022,evia_2021_extended,thermal_roc_auc_raw,0.3828,0.3640,0.4029,"paper/baseline_vs_thermal_transfer.csv",thermal_roc
baseline_vs_thermal,bejis_2022_to_evia_2021_extended,bejis_2022,evia_2021_extended,delta_roc_auc,-0.1476,-0.1682,-0.1263,"paper/baseline_vs_thermal_transfer.csv",delta_roc
baseline_vs_thermal,bejis_2022_to_montiferru_2021,bejis_2022,montiferru_2021,baseline_roc_auc_raw,0.5530,0.5156,0.5908,"paper/baseline_vs_thermal_transfer.csv",baseline_roc
baseline_vs_thermal,bejis_2022_to_montiferru_2021,bejis_2022,montiferru_2021,thermal_roc_auc_raw,0.5937,0.5582,0.6301,"paper/baseline_vs_thermal_transfer.csv",thermal_roc
baseline_vs_thermal,bejis_2022_to_montiferru_2021,bejis_2022,montiferru_2021,delta_roc_auc,0.0407,0.0054,0.0730,"paper/baseline_vs_thermal_transfer.csv",delta_roc
baseline_vs_thermal,mugla_2021_to_manavgat_2021,mugla_2021,manavgat_2021,baseline_roc_auc_raw,0.4223,0.4078,0.4378,"paper/baseline_vs_thermal_transfer.csv",baseline_roc
baseline_vs_thermal,mugla_2021_to_manavgat_2021,mugla_2021,manavgat_2021,thermal_roc_auc_raw,0.3450,0.3316,0.3591,"paper/baseline_vs_thermal_transfer.csv",thermal_roc
baseline_vs_thermal,mugla_2021_to_manavgat_2021,mugla_2021,manavgat_2021,delta_roc_auc,-0.0773,-0.0894,-0.0652,"paper/baseline_vs_thermal_transfer.csv",delta_roc
baseline_vs_thermal,mugla_2021_to_bejis_2022,mugla_2021,bejis_2022,baseline_roc_auc_raw,0.4507,0.4267,0.4771,"paper/baseline_vs_thermal_transfer.csv",baseline_roc
baseline_vs_thermal,mugla_2021_to_bejis_2022,mugla_2021,bejis_2022,thermal_roc_auc_raw,0.5832,0.5587,0.6053,"paper/baseline_vs_thermal_transfer.csv",thermal_roc
baseline_vs_thermal,mugla_2021_to_bejis_2022,mugla_2021,bejis_2022,delta_roc_auc,0.1325,0.1048,0.1583,"paper/baseline_vs_thermal_transfer.csv",delta_roc
baseline_vs_thermal,mugla_2021_to_evia_2021_extended,mugla_2021,evia_2021_extended,baseline_roc_auc_raw,0.5998,0.5819,0.6189,"paper/baseline_vs_thermal_transfer.csv",baseline_roc
baseline_vs_thermal,mugla_2021_to_evia_2021_extended,mugla_2021,evia_2021_extended,thermal_roc_auc_raw,0.6534,0.6336,0.6722,"paper/baseline_vs_thermal_transfer.csv",thermal_roc
baseline_vs_thermal,mugla_2021_to_evia_2021_extended,mugla_2021,evia_2021_extended,delta_roc_auc,0.0536,0.0388,0.0674,"paper/baseline_vs_thermal_transfer.csv",delta_roc
baseline_vs_thermal,mugla_2021_to_montiferru_2021,mugla_2021,montiferru_2021,baseline_roc_auc_raw,0.6105,0.5716,0.6512,"paper/baseline_vs_thermal_transfer.csv",baseline_roc
baseline_vs_thermal,mugla_2021_to_montiferru_2021,mugla_2021,montiferru_2021,thermal_roc_auc_raw,0.5312,0.4979,0.5669,"paper/baseline_vs_thermal_transfer.csv",thermal_roc
baseline_vs_thermal,mugla_2021_to_montiferru_2021,mugla_2021,montiferru_2021,delta_roc_auc,-0.0793,-0.1168,-0.0374,"paper/baseline_vs_thermal_transfer.csv",delta_roc
baseline_vs_thermal,evia_2021_extended_to_manavgat_2021,evia_2021_extended,manavgat_2021,baseline_roc_auc_raw,0.7274,0.7110,0.7422,"paper/baseline_vs_thermal_transfer.csv",baseline_roc
baseline_vs_thermal,evia_2021_extended_to_manavgat_2021,evia_2021_extended,manavgat_2021,thermal_roc_auc_raw,0.6769,0.6579,0.6948,"paper/baseline_vs_thermal_transfer.csv",thermal_roc
baseline_vs_thermal,evia_2021_extended_to_manavgat_2021,evia_2021_extended,manavgat_2021,delta_roc_auc,-0.0505,-0.0662,-0.0344,"paper/baseline_vs_thermal_transfer.csv",delta_roc
baseline_vs_thermal,evia_2021_extended_to_bejis_2022,evia_2021_extended,bejis_2022,baseline_roc_auc_raw,0.3917,0.3678,0.4145,"paper/baseline_vs_thermal_transfer.csv",baseline_roc
baseline_vs_thermal,evia_2021_extended_to_bejis_2022,evia_2021_extended,bejis_2022,thermal_roc_auc_raw,0.4480,0.4266,0.4685,"paper/baseline_vs_thermal_transfer.csv",thermal_roc
baseline_vs_thermal,evia_2021_extended_to_bejis_2022,evia_2021_extended,bejis_2022,delta_roc_auc,0.0563,0.0371,0.0772,"paper/baseline_vs_thermal_transfer.csv",delta_roc
baseline_vs_thermal,evia_2021_extended_to_mugla_2021,evia_2021_extended,mugla_2021,baseline_roc_auc_raw,0.5125,0.4927,0.5305,"paper/baseline_vs_thermal_transfer.csv",baseline_roc
baseline_vs_thermal,evia_2021_extended_to_mugla_2021,evia_2021_extended,mugla_2021,thermal_roc_auc_raw,0.5768,0.5598,0.5941,"paper/baseline_vs_thermal_transfer.csv",thermal_roc
baseline_vs_thermal,evia_2021_extended_to_mugla_2021,evia_2021_extended,mugla_2021,delta_roc_auc,0.0643,0.0444,0.0829,"paper/baseline_vs_thermal_transfer.csv",delta_roc
baseline_vs_thermal,evia_2021_extended_to_montiferru_2021,evia_2021_extended,montiferru_2021,baseline_roc_auc_raw,0.5494,0.5074,0.5884,"paper/baseline_vs_thermal_transfer.csv",baseline_roc
baseline_vs_thermal,evia_2021_extended_to_montiferru_2021,evia_2021_extended,montiferru_2021,thermal_roc_auc_raw,0.6467,0.6090,0.6828,"paper/baseline_vs_thermal_transfer.csv",thermal_roc
baseline_vs_thermal,evia_2021_extended_to_montiferru_2021,evia_2021_extended,montiferru_2021,delta_roc_auc,0.0973,0.0543,0.1385,"paper/baseline_vs_thermal_transfer.csv",delta_roc
baseline_vs_thermal,montiferru_2021_to_manavgat_2021,montiferru_2021,manavgat_2021,baseline_roc_auc_raw,0.3379,0.3193,0.3571,"paper/baseline_vs_thermal_transfer.csv",baseline_roc
baseline_vs_thermal,montiferru_2021_to_manavgat_2021,montiferru_2021,manavgat_2021,thermal_roc_auc_raw,0.4041,0.3854,0.4233,"paper/baseline_vs_thermal_transfer.csv",thermal_roc
baseline_vs_thermal,montiferru_2021_to_manavgat_2021,montiferru_2021,manavgat_2021,delta_roc_auc,0.0662,0.0533,0.0796,"paper/baseline_vs_thermal_transfer.csv",delta_roc
baseline_vs_thermal,montiferru_2021_to_bejis_2022,montiferru_2021,bejis_2022,baseline_roc_auc_raw,0.6126,0.5866,0.6373,"paper/baseline_vs_thermal_transfer.csv",baseline_roc
baseline_vs_thermal,montiferru_2021_to_bejis_2022,montiferru_2021,bejis_2022,thermal_roc_auc_raw,0.5483,0.5210,0.5781,"paper/baseline_vs_thermal_transfer.csv",thermal_roc
baseline_vs_thermal,montiferru_2021_to_bejis_2022,montiferru_2021,bejis_2022,delta_roc_auc,-0.0643,-0.0823,-0.0440,"paper/baseline_vs_thermal_transfer.csv",delta_roc
baseline_vs_thermal,montiferru_2021_to_mugla_2021,montiferru_2021,mugla_2021,baseline_roc_auc_raw,0.6512,0.6341,0.6680,"paper/baseline_vs_thermal_transfer.csv",baseline_roc
baseline_vs_thermal,montiferru_2021_to_mugla_2021,montiferru_2021,mugla_2021,thermal_roc_auc_raw,0.6194,0.6031,0.6346,"paper/baseline_vs_thermal_transfer.csv",thermal_roc
baseline_vs_thermal,montiferru_2021_to_mugla_2021,montiferru_2021,mugla_2021,delta_roc_auc,-0.0319,-0.0476,-0.0170,"paper/baseline_vs_thermal_transfer.csv",delta_roc
baseline_vs_thermal,montiferru_2021_to_evia_2021_extended,montiferru_2021,evia_2021_extended,baseline_roc_auc_raw,0.5564,0.5349,0.5757,"paper/baseline_vs_thermal_transfer.csv",baseline_roc
baseline_vs_thermal,montiferru_2021_to_evia_2021_extended,montiferru_2021,evia_2021_extended,thermal_roc_auc_raw,0.5862,0.5646,0.6065,"paper/baseline_vs_thermal_transfer.csv",thermal_roc
baseline_vs_thermal,montiferru_2021_to_evia_2021_extended,montiferru_2021,evia_2021_extended,delta_roc_auc,0.0298,0.0132,0.0457,"paper/baseline_vs_thermal_transfer.csv",delta_roc
summary,all_20,,,baseline_mean_roc_auc,0.519380,,,"paper/baseline_vs_thermal_transfer.csv",baseline_roc
summary,all_20,,,baseline_min_roc_auc,0.2966,,,"paper/baseline_vs_thermal_transfer.csv",baseline_roc
summary,all_20,,,baseline_max_roc_auc,0.7274,,,"paper/baseline_vs_thermal_transfer.csv",baseline_roc
summary,all_20,,,baseline_n_below_half_point,7,,,"paper/baseline_vs_thermal_transfer.csv",baseline_roc
summary,all_20,,,baseline_n_ci_entirely_below_half,7,,,"paper/baseline_vs_thermal_transfer.csv",baseline_ci_high
summary,all_20,,,baseline_n_ci_entirely_above_half,11,,,"paper/baseline_vs_thermal_transfer.csv",baseline_ci_low
summary,all_20,,,thermal_mean_roc_auc,0.526715,,,"paper/baseline_vs_thermal_transfer.csv",thermal_roc
summary,all_20,,,thermal_min_roc_auc,0.3142,,,"paper/baseline_vs_thermal_transfer.csv",thermal_roc
summary,all_20,,,thermal_max_roc_auc,0.6769,,,"paper/baseline_vs_thermal_transfer.csv",thermal_roc
summary,all_20,,,thermal_n_below_half_point,7,,,"paper/baseline_vs_thermal_transfer.csv",thermal_roc
summary,all_20,,,thermal_n_ci_entirely_below_half,7,,,"paper/baseline_vs_thermal_transfer.csv",thermal_ci_high
summary,all_20,,,thermal_n_ci_entirely_above_half,11,,,"paper/baseline_vs_thermal_transfer.csv",thermal_ci_low
summary,all_20,,,mean_thermal_minus_baseline_delta,0.007330,,,"paper/baseline_vs_thermal_transfer.csv",delta_roc
