./.git/FETCH_HEAD	120	1789392041.7291455000
./.git/HEAD	21	1784810582.2915731000
./.git/ORIG_HEAD	41	1786431639.3521416000
./.git/config	323	1784810582.2940716000
./.git/description	73	1784810580.2439731000
./.git/hooks/applypatch-msg.sample	478	1784810580.2449763000
./.git/hooks/commit-msg.sample	896	1784810580.2454797000
./.git/hooks/fsmonitor-watchman.sample	4726	1784810580.2454797000
./.git/hooks/post-update.sample	189	1784810580.2459818000
./.git/hooks/pre-applypatch.sample	424	1784810580.2459818000
./.git/hooks/pre-commit.sample	1649	1784810580.2459818000
./.git/hooks/pre-merge-commit.sample	416	1784810580.2469844000
./.git/hooks/pre-push.sample	1374	1784810580.2469844000
./.git/hooks/pre-rebase.sample	4898	1784810580.2474872000
./.git/hooks/pre-receive.sample	544	1784810580.2479876000
./.git/hooks/prepare-commit-msg.sample	1492	1784810580.2479876000
./.git/hooks/push-to-checkout.sample	2783	1784810580.2484876000
./.git/hooks/sendemail-validate.sample	2308	1784810580.2489892000
./.git/hooks/update.sample	3650	1784810580.2489892000
./.git/index	37805	1789394666.8898904000
./.git/info/exclude	240	1784810580.2494880000
./.git/logs/HEAD	549	1789392057.2555639000
./.git/logs/refs/heads/main	549	1789392057.2560688000
./.git/logs/refs/remotes/origin/HEAD	214	1784810582.2910719000
./.git/logs/refs/remotes/origin/main	330	1789392041.7281458000
./.git/objects/12/bc2a6a6e93bb906d2c3f3e7363ac679193d5ec	8260	1789392041.7044849000
./.git/objects/15/af655916074ada7d2054268222e27070e7651b	170	1789392041.6870639000
./.git/objects/20/55997743765498ab610082dca851cef9408fb3	1861	1789392041.7000983000
./.git/objects/25/976d3f7bce188fd8120d46bb1db7ba469f0791	311	1789392041.7024776000
./.git/objects/29/155303fbec0c6ec16e2bde33373d3b2a8a9b9d	2541	1789392041.6910632000
./.git/objects/2b/aec62b13731886a3d874e012485c9d06def9a9	458	1789392041.6932074000
./.git/objects/30/bc88c19c0664f5c7b355869e06cd9ae4cf7193	458	1789392041.6922955000
./.git/objects/3b/ddb31924a66316956dc980389fc29abfcc6191	1311	1789392041.6950983000
./.git/objects/4c/7fd55a070df74a14a5ba650cd29f5e86d3ce61	10938	1789392041.7111144000
./.git/objects/61/8f1aed8e9a6b6ddcefd34b2d8307cabc003f60	1352	1789392041.6940986000
./.git/objects/63/81f4cd752d77a3069fcaa2364d10109b5adaf7	189	1789392041.6855606000
./.git/objects/6d/7a6a71ffd18ac30d1ee80459cf50025b69db49	191	1789392041.6860633000
./.git/objects/9c/6960cfa0bada7fc4339857a94ba2962e30fdfb	2540	1789392041.6880636000
./.git/objects/9d/87ed879d146bf2e5afd72956ee3ccc19da05b6	34044	1789392041.7094959000
./.git/objects/a8/65c12c9db9b283473f0e70dde3e9f57ec4f4a5	1889	1789392041.7000983000
./.git/objects/b0/3531638f85910ff33a5742a789ca372710fea3	161	1789392041.6900658000
./.git/objects/b8/7045bf6a3af80fe7af93ea5022cf38908698e0	459	1789392041.6885648000
./.git/objects/bd/131af95344932f6eff541b011c250d73fcdd59	5176	1789392041.7074935000
./.git/objects/bf/25adc44dcda4718311d0029048cc122e5b51a7	783	1789392041.6955983000
./.git/objects/cc/6b93942d9c93e1f8b47f4a14cea3933ab21137	6751	1789392041.6975982000
./.git/objects/de/bb7015d55081991de1fcf9d2e21cedf56b760b	11569	1789392041.7064888000
./.git/objects/de/dc192f3e6649120a6b53c27e8d376ab5e89f52	6015	1789392041.6985984000
./.git/objects/ed/9e1b0280cf6f977ee234a4cca1d58928960718	6319	1789392041.7034807000
./.git/objects/f7/e0ef7121669296d5472dcd6d143ff26010aa41	690	1789392041.7011015000
./.git/objects/f7/f4651d4fb0845d909d1c57bb96706e38f6ce4b	3073	1789392041.6965980000
./.git/objects/pack/pack-0d9e526589e6d02ed5efcfac872202427642b9c2.idx	21680	1784810582.2711922000
./.git/objects/pack/pack-0d9e526589e6d02ed5efcfac872202427642b9c2.pack	10993452	1784810582.2701850000
./.git/objects/pack/pack-0d9e526589e6d02ed5efcfac872202427642b9c2.rev	2996	1784810582.2716973000
./.git/objects/pack/pack-7a9598dbcde943f2377a72b96bf3d2883d9e9ac4.idx	12524	1786427107.0720059000
./.git/objects/pack/pack-7a9598dbcde943f2377a72b96bf3d2883d9e9ac4.pack	7875042	1786427107.0703693000
./.git/objects/pack/pack-7a9598dbcde943f2377a72b96bf3d2883d9e9ac4.rev	1688	1786427107.0725076000
./.git/packed-refs	112	1784810582.2895733000
./.git/refs/heads/main	41	1789392057.2545601000
./.git/refs/remotes/origin/HEAD	30	1784810582.2900733000
./.git/refs/remotes/origin/main	41	1789392041.7281458000
./.gitignore	5545	1786427107.1164394000
./LICENSE	1088	1784810582.2956480000
./README.md	30327	1786427107.1169392000
./SETUP_ENV.md	4577	1786427107.1174393000
./assets/readme_study_areas.png	576368	1786427107.1199378000
./config/legacy_modis_compatibility_attestation.json	7065	1786427107.1204388000
./core/__pycache__/config.cpython-312.pyc	11869	1786836139.0926711000
./core/__pycache__/io_utils.cpython-312.pyc	1874	1789373636.3509904000
./core/__pycache__/paths.cpython-312.pyc	776	1786836139.5883883000
./core/__pycache__/pipeline_orchestrator.cpython-312.pyc	54174	1789392097.7294060000
./core/__pycache__/regions.cpython-312.pyc	27250	1786836139.1237406000
./core/config.py	34610	1786427107.1209391000
./core/cross_region_experiment.py	15412	1784810582.2976642000
./core/experiment_context.py	13473	1786427107.1209391000
./core/gee_utils.py	267	1784810582.2981678000
./core/io_utils.py	1103	1784810582.2981678000
./core/paths.py	331	1784810582.2986681000
./core/pipeline_orchestrator.py	52896	1786427107.1214393000
./core/regions.py	57289	1786427107.1214393000
./core/seam_audit_config.py	8655	1784810582.2991681000
./core/seam_audit_v2_config.py	26846	1784810582.2991681000
./core/seam_localization_config.py	2052	1784810582.2996679000
./core/source_scene_provenance_config.py	2999	1784810582.2996679000
./core/step10_shared.py	13752	1784810582.2996679000
./core/utils/__init__.py	434	1784810582.3001678000
./core/utils/__pycache__/__init__.cpython-312.pyc	602	1786734033.9563895000
./core/utils/__pycache__/tiling.cpython-312.pyc	14717	1786734033.9578898000
./core/utils/geotiff_validation.py	22773	1784810582.3001678000
./core/utils/tiling.py	12839	1784810582.3006679000
./core/validation_burned_area.py	10749	1784810582.3006679000
./docs/PROJECT_REONBOARDING.md	80333	1784810582.3011683000
./docs/advisor_final_numerical_package/00_signed_univariate_auc.md	3297	1786427107.1214393000
./docs/advisor_final_numerical_package/02_evia_decision.md	1278	1786427107.1224422000
./docs/advisor_final_numerical_package/03_marginal_aoa.md	3390	1786427107.1229467000
./docs/advisor_final_numerical_package/04_window_closure.md	3879	1786427107.1229467000
./docs/advisor_final_numerical_package/05_evia_signed_auc.md	2165	1786427107.1234464000
./docs/advisor_final_numerical_package/06_few_shot_recovery.md	723	1786427107.1234464000
./docs/advisor_final_numerical_package/07_transfer_decomposition.md	4644	1786427107.1234464000
./docs/advisor_final_numerical_package/08_mugla_subsampling.md	8978	1786427107.1239462000
./docs/advisor_final_numerical_package/09_coral_lambda_sensitivity.md	1909	1786427107.1239462000
./docs/advisor_final_numerical_package/ADVISOR_NUMERICAL_SUMMARY.md	1437	1786427107.1239462000
./docs/advisor_final_numerical_package/ALL_NUMBERS.json	1702423	1786427107.1274610000
./docs/advisor_final_numerical_package/EMAIL_READY_NUMBERS.md	1970	1786427107.1279641000
./docs/advisor_final_numerical_package/GIT_AND_EXPORT_PROVENANCE.md	4379	1786427107.1279641000
./docs/advisor_final_numerical_package/README.md	333	1786427107.1279641000
./docs/advisor_final_numerical_package/SHORT_CONFIRMATIONS.md	702	1786427107.1284643000
./docs/advisor_final_numerical_package/SOURCE_INDEX.csv	7292	1786427107.1284643000
./docs/advisor_final_numerical_package/VALIDATION_STATUS.md	2250	1786427107.1284643000
./docs/advisor_final_numerical_package/tables/canonical_inputs.csv	1804	1786427107.1289642000
./docs/advisor_final_numerical_package/tables/coral_lambda_grid_results.csv	271646	1786427107.1294641000
./docs/advisor_final_numerical_package/tables/coral_lambda_sensitivity_summary.csv	4428	1786427107.1302094000
./docs/advisor_final_numerical_package/tables/evia_decision.csv	777	1786427107.1302094000
./docs/advisor_final_numerical_package/tables/evia_signed_auc.csv	3450	1786427107.1302094000
./docs/advisor_final_numerical_package/tables/few_shot_budget_summary.csv	196	1786427107.1307127000
./docs/advisor_final_numerical_package/tables/few_shot_recovery.csv	192461	1786427107.1312127000
./docs/advisor_final_numerical_package/tables/marginal_aoa_pairs.csv	7561	1786427107.1312127000
./docs/advisor_final_numerical_package/tables/marginal_aoa_rank_correlations.csv	1465	1786427107.1312127000
./docs/advisor_final_numerical_package/tables/mugla_subsampling.csv	13402	1786427107.1317135000
./docs/advisor_final_numerical_package/tables/short_confirmations.csv	592	1786427107.1317135000
./docs/advisor_final_numerical_package/tables/signed_univariate_auc.csv	4839	1786427107.1317135000
./docs/advisor_final_numerical_package/tables/transfer_decomposition.csv	71584	1786427107.1322128000
./docs/advisor_final_numerical_package/tables/validation_matrix.csv	2062	1786427107.1322128000
./docs/advisor_final_numerical_package/tables/window_closure_metrics.csv	5389	1786427107.1327144000
./docs/aoi_refinement.md	4982	1784810582.3016677000
./docs/coral_lambda_sensitivity_design/CORAL_FORMULA_AUDIT.md	13157	1786427107.1327144000
./docs/coral_lambda_sensitivity_design/IMPLEMENTATION_PLAN.md	13473	1786427107.1332129000
./docs/coral_lambda_sensitivity_design/NUMERICAL_FEASIBILITY.md	14652	1786427107.1336372000
./docs/coral_lambda_sensitivity_design/OUTPUT_SCHEMA.md	15617	1786427107.1336372000
./docs/coral_lambda_sensitivity_design/README.md	6150	1786427107.1341406000
./docs/coral_lambda_sensitivity_design/REFERENCE_ARTIFACTS.md	12774	1786427107.1341406000
./docs/coral_lambda_sensitivity_design/REPOSITORY_INVENTORY.md	14163	1786427107.1341406000
./docs/coral_lambda_sensitivity_design/SCIENTIFIC_CONTRACT.md	17923	1786427107.1346400000
./docs/coral_lambda_sensitivity_design/VALIDATOR_CHECKLIST.md	18646	1786427107.1346400000
./docs/evia_2021_prevalence_audit.json	14431	1786427107.1351398000
./docs/experiments.md	20213	1784810582.3016677000
./docs/few_shot_recovery_design/BLOCK_BUDGET_FEASIBILITY.md	8039	1786427107.1351398000
./docs/few_shot_recovery_design/IMPLEMENTATION_PLAN.md	13413	1789392057.2490494000
./docs/few_shot_recovery_design/OUTPUT_SCHEMA.md	21844	1789392057.2495530000
./docs/few_shot_recovery_design/README.md	3775	1786427107.1361397000
./docs/few_shot_recovery_design/REPOSITORY_INVENTORY.md	16081	1786427107.1366398000
./docs/few_shot_recovery_design/SCIENTIFIC_CONTRACT.md	26414	1789392057.2500566000
./docs/few_shot_recovery_design/VALIDATOR_CHECKLIST.md	11531	1789392057.2505542000
./docs/final_archive_followup_2026-08-08.md	6978	1786427107.1371413000
./docs/label_gate.md	6395	1784810582.3016677000
./docs/manavgat_gate_only.md	5235	1784810582.3016677000
./docs/marginal_aoa_completion_design/01_existing_artifact_audit.md	13555	1786427107.1371413000
./docs/marginal_aoa_completion_design/02_feature_importance_audit.md	14249	1786427107.1376405000
./docs/marginal_aoa_completion_design/03_weighted_dissimilarity_design.md	38186	1786427107.1381402000
./docs/marginal_aoa_completion_design/04_climate_input_audit.md	12055	1786427107.1381402000
./docs/marginal_aoa_completion_design/05_climatic_distance_design.md	13586	1786427107.1386405000
./docs/marginal_aoa_completion_design/06_geographic_distance_design.md	16033	1786427107.1386405000
./docs/marginal_aoa_completion_design/07_integrated_schema_and_namespace.md	24555	1786427107.1391408000
./docs/marginal_aoa_completion_design/08_validation_and_test_contract.md	28420	1786427107.1391408000
./docs/marginal_aoa_completion_design/09_implementation_plan.md	15368	1786427107.1396398000
./docs/marginal_aoa_completion_design/10_decisions_required.md	28399	1786427107.1396398000
./docs/marginal_aoa_completion_design/README.md	8254	1786427107.1401396000
./docs/marginal_aoa_completion_design/candidate_climate_inputs.csv	11085	1786427107.1401396000
./docs/marginal_aoa_completion_design/candidate_feature_importances.csv	9072	1786427107.1401396000
./docs/marginal_aoa_completion_design/canonical_geometry_inventory.csv	4203	1786427107.1406411000
./docs/marginal_aoa_completion_design/preregistration_candidate.json	50891	1786427107.1406411000
./docs/marginal_aoa_completion_design/source_artifact_inventory.csv	12424	1786427107.1411406000
./docs/mugla_subsampling_design/IMPLEMENTATION_PLAN.md	12397	1786427107.1411406000
./docs/mugla_subsampling_design/OUTPUT_SCHEMA.md	17638	1786427107.1416409000
./docs/mugla_subsampling_design/README.md	3054	1786427107.1416409000
./docs/mugla_subsampling_design/REPOSITORY_INVENTORY.md	24083	1786427107.1421404000
./docs/mugla_subsampling_design/SAMPLING_FEASIBILITY.md	12151	1786427107.1421404000
./docs/mugla_subsampling_design/SCIENTIFIC_CONTRACT.md	17664	1786427107.1426397000
./docs/mugla_subsampling_design/VALIDATOR_CHECKLIST.md	19560	1786427107.1426397000
./docs/project_mastery/BUILD_REPORT.md	6051	1786427107.1431407000
./docs/project_mastery/COVERAGE_REPORT.md	16487	1786427107.1431407000
./docs/project_mastery/PROJECT_MASTERY_GUIDE.md	335726	1786427107.1441402000
./docs/project_mastery/SOURCE_INDEX.json	7805	1786427107.1451426000
./docs/project_mastery/build_project_mastery_pdf.py	22745	1786427107.1451426000
./docs/project_mastery/figures/fig00_mental_model.png	316356	1786427107.1466454000
./docs/project_mastery/figures/fig01_dataflow.png	215463	1786427107.1476465000
./docs/project_mastery/figures/fig02_lifecycle.png	153057	1786427107.1491468000
./docs/project_mastery/figures/fig03_step8.png	221291	1786427107.1501473000
./docs/project_mastery/figures/fig04_step9.png	198808	1786427107.1511456000
./docs/project_mastery/figures/fig05_step10.png	177106	1786427107.1521482000
./docs/project_mastery/figures/fig06_leakage.png	185511	1786427107.1526462000
./docs/project_mastery/figures/fig07_cli_map.png	234688	1786427107.1536456000
./docs/project_mastery/figures/fig08_namespace.png	183726	1786427107.1546477000
./docs/project_mastery/figures/fig09_feature_lineage.png	199187	1786427107.1556566000
./docs/project_mastery/figures/fig10_diagnostics.png	202916	1786427107.1566648000
./docs/project_mastery/figures/fig11_status_map.png	84383	1786427107.1571676000
./docs/project_mastery/figures/fig12_shift_concept.png	213878	1786427107.1586702000
./docs/project_mastery/figures/fig13_within_region_bars.png	98270	1786427107.1591737000
./docs/project_mastery/figures/fig14_transfer_heatmap.png	145047	1786427107.1596737000
./docs/project_mastery/figures/fig15_step10_recovery.png	92038	1786427107.1606761000
./docs/project_mastery/figures/generate_figures.py	34704	1786427107.1613202000
./docs/seam_audit.md	5471	1784810582.3016677000
./docs/source_scene_provenance_and_seam_localization.md	6439	1784810582.3026708000
./logs/landsat_composite_counterfactual_audit_20260814_192852.log	23543	1786724932.3103517000
./logs/landsat_composite_counterfactual_audit_20260814_192928.log	2645	1786724980.7898589000
./logs/landsat_composite_counterfactual_audit_20260814_193116.log	19383	1786726855.1539696000
./logs/landsat_composite_counterfactual_audit_20260814_200247.log	10278	1786727007.8923070000
./logs/landsat_composite_counterfactual_audit_20260814_200438.log	3673	1786727085.7972829000
./logs/landsat_composite_counterfactual_audit_20260814_200630.log	3673	1786727200.0594599000
./logs/landsat_composite_counterfactual_audit_20260814_200752.log	3644	1786727282.5880823000
./logs/landsat_composite_counterfactual_audit_20260814_201757.log	19389	1786728252.3726410000
./logs/landsat_composite_counterfactual_audit_20260814_201801.log	19613	1786729653.1742075000
./logs/landsat_composite_counterfactual_audit_20260814_201805.log	19869	1786736929.3610545000
./logs/landsat_composite_counterfactual_audit_20260814_202413.log	10298	1786728262.6611428000
./logs/landsat_composite_counterfactual_audit_20260814_202811.log	3717	1786728494.1221032000
./logs/landsat_composite_counterfactual_audit_20260814_202836.log	3644	1786728526.5799344000
./logs/landsat_composite_counterfactual_audit_20260814_204733.log	10383	1786729694.6929161000
./logs/landsat_composite_counterfactual_audit_20260814_204844.log	3765	1786729738.6865433000
./logs/landsat_composite_counterfactual_audit_20260814_224850.log	11768	1786737077.6123982000
./logs/landsat_composite_downstream_ab_20260814_200818.log	21447	1786727299.5158073000
./logs/landsat_composite_downstream_ab_20260814_200904.log	0	1786727344.2744588000
./logs/pipeline_orchestrator_20260914_162137.log	0	1789392097.7304076000
./logs/prepare_modis_for_step7_20260814_215841.log	3777	1786733921.8496694000
./logs/prepare_modis_for_step7_20260814_220031.log	0	1786734031.9290843000
./logs/prepare_modis_for_step7_20260814_220441.log	3835	1786734293.5141593000
./logs/prepare_modis_for_step7_20260814_220454.log	0	1786734294.2260622000
./logs/prepare_modis_for_step7_20260814_225144.log	0	1786737104.5310276000
./logs/prepare_modis_for_step7_20260814_230157.log	3799	1786737736.4016577000
./logs/prepare_modis_for_step7_20260814_230217.log	0	1786737737.2106621000
./logs/run_predictors_only_20260814_192940.log	0	1786724980.9294883000
./logs/run_predictors_only_20260814_193127.log	87863	1786726854.2706020000
./logs/run_predictors_only_20260814_201810.log	44530	1786728252.0775321000
./logs/run_predictors_only_20260814_201812.log	45004	1786729652.2067164000
./logs/run_predictors_only_20260814_201816.log	426419	1786736928.1223070000
./logs/run_predictors_only_20260814_220031.log	0	1786734031.9330870000
./logs/run_predictors_only_20260814_220441.log	1739	1786734293.3124444000
./logs/run_predictors_only_20260814_220454.log	0	1786734294.2295697000
./logs/run_predictors_only_20260814_225144.log	0	1786737104.5430554000
./logs/run_predictors_only_20260814_230157.log	1721	1786737736.1119251000
./logs/run_predictors_only_20260814_230217.log	0	1786737737.2156696000
./logs/run_step7_downscaling_only_20260814_220031.log	4045	1786734035.1333844000
./logs/run_step7_downscaling_only_20260814_220454.log	5818	1786734349.1038147000
./logs/run_step7_downscaling_only_20260814_225144.log	4018	1786737109.7607420000
./logs/run_step7_downscaling_only_20260814_230217.log	5770	1786737824.8776069000
./logs/run_step8_modeling_20260814_220035.log	3685	1786734280.9636923000
./logs/run_step8_modeling_20260814_220549.log	3685	1786734591.1112512000
./logs/run_step8_modeling_20260814_225150.log	3643	1786737716.1988111000
./logs/run_step8_modeling_20260814_230345.log	3643	1786738407.7749991000
./logs/step10b_label_blind_adaptation_20260814_124020.log	0	1786700420.3247926000
./logs/step3_20260814_192940.log	0	1786724980.8163899000
./logs/step3_20260814_193127.log	0	1786725087.3548163000
./logs/step3_20260814_201810.log	0	1786727890.0207115000
./logs/step3_20260814_201812.log	0	1786727892.2381703000
./logs/step3_20260814_201816.log	0	1786727896.1464943000
./logs/step5_20260814_115307.log	0	1786697587.9297901000
./logs/step5_20260814_115325.log	0	1786697605.7247754000
./logs/step5_20260814_115744.log	0	1786697864.5541644000
./logs/step5_20260814_200254.log	0	1786726974.2621114000
./logs/step5_20260814_200638.log	0	1786727198.1251198000
./logs/step5_20260814_200759.log	0	1786727279.8985443000
./logs/step5_20260814_202414.log	0	1786728254.8365217000
./logs/step5_20260814_202813.log	0	1786728493.5742856000
./logs/step5_20260814_202843.log	0	1786728523.9081724000
./logs/step5_20260814_204744.log	0	1786729664.3749461000
./logs/step5_20260814_204855.log	0	1786729735.2179281000
./logs/step5_20260814_224918.log	0	1786736958.6404844000
./logs/step5c_20260814_115308.log	0	1786697588.0971907000
./logs/step5c_20260814_115325.log	0	1786697605.8926484000
./logs/step5c_20260814_115744.log	0	1786697864.7227093000
./logs/step7a_20260814_220033.log	1312	1786734035.1278794000
./logs/step7a_20260814_220455.log	1312	1786734296.8195890000
./logs/step7a_20260814_225146.log	1294	1786737109.7537243000
./logs/step7a_20260814_230219.log	1294	1786737743.2299681000
./logs/step7b_20260814_220035.log	897	1786734035.1458213000
./logs/step7b_20260814_220456.log	3608	1786734312.9482416000
./logs/step7b_20260814_225149.log	885	1786737109.7647602000
./logs/step7b_20260814_230223.log	3595	1786737777.7630492000
./logs/step7c_20260814_220513.log	2618	1786734337.9544727000
./logs/step7c_20260814_230306.log	2593	1786737802.1091093000
./logs/step7d_20260814_220538.log	3398	1786734347.6936576000
./logs/step7d_20260814_230322.log	3349	1786737820.6558309000
./logs/step7e_20260814_220547.log	2569	1786734349.0933050000
./logs/step7e_20260814_230340.log	2530	1786737824.8655704000
./logs/step8_large_block_robustness_20260914_162138.log	0	1789392098.5235037000
./logs/step8a_20260814_220035.log	3431	1786734055.5488321000
./logs/step8a_20260814_220549.log	3431	1786734369.5705844000
./logs/step8a_20260814_225150.log	3651	1786737167.8794912000
./logs/step8a_20260814_230345.log	3651	1786737882.5845490000
./logs/step8a_20260914_162138.log	0	1789392098.9573330000
./logs/step8b_20260814_114151.log	3314	1786696930.9410270000
./logs/step8b_20260814_114257.log	3301	1786696989.8590919000
./logs/step8b_20260814_121806.log	3459	1786699105.8904061000
./logs/step8b_20260814_121827.log	3240	1786699123.3585132000
./logs/step8b_20260814_121845.log	3430	1786699162.9128433000
./logs/step8b_20260814_121924.log	3479	1786699184.3777803000
./logs/step8b_20260814_121945.log	3449	1786699199.5528474000
./logs/step8b_20260814_123256.log	33354	1786700187.3891817000
./logs/step8b_20260814_124020.log	0	1786700420.3152932000
./logs/step8b_20260814_200819.log	0	1786727299.5111649000
./logs/step8b_20260814_203141.log	31450	1786728936.5517303000
./logs/step8b_20260814_220036.log	2982	1786734074.6946581000
./logs/step8b_20260814_220550.log	2985	1786734388.9902627000
./logs/step8b_20260814_225151.log	2953	1786737209.4336079000
./logs/step8b_20260814_230346.log	2957	1786737919.5760152000
./logs/step8b_20260914_111356.log	2965	1789373658.4662751000
./logs/step8b_20260914_111541.log	3004	1789373763.7763023000
./logs/step8b_20260914_162138.log	0	1789392098.5084795000
./logs/step8c_20260814_122037.log	2497	1786699344.3525485000
./logs/step8c_20260814_122225.log	2485	1786699417.4250609000
./logs/step8c_20260814_122338.log	2682	1786699730.8532557000
./logs/step8c_20260814_122852.log	2729	1786699827.1676420000
./logs/step8c_20260814_123028.log	2714	1786699859.1476361000
./logs/step8c_20260814_123652.log	2515	1786700321.3412658000
./logs/step8c_20260814_123842.log	2505	1786700402.5652580000
./logs/step8c_20260814_124003.log	2700	1786700725.8649391000
./logs/step8c_20260814_124527.log	2747	1786700825.1432117000
./logs/step8c_20260814_124706.log	2732	1786700856.9029244000
./logs/step8c_20260814_220036.log	2153	1786734185.9771020000
./logs/step8c_20260814_220550.log	2153	1786734499.1239616000
./logs/step8c_20260814_225151.log	2338	1786737549.5536489000
./logs/step8c_20260814_230346.log	2338	1786738241.2750815000
./logs/step8c_20260914_162138.log	0	1789392098.5235037000
./logs/step8d_20260814_220036.log	2670	1786734280.9210376000
./logs/step8d_20260814_220550.log	2673	1786734591.0656829000
./logs/step8d_20260814_225151.log	2744	1786737716.1309804000
./logs/step8d_20260814_230346.log	2748	1786738407.7123760000
./logs/step9a_audit_cross_region_inputs_20260814_124020.log	0	1786700420.3192925000
./logs/step9a_audit_cross_region_inputs_20260814_203141.log	0	1786728701.2563884000
./logs/step9b_run_cross_region_transfer_20260814_124020.log	0	1786700420.3222931000
./logs/step9b_run_cross_region_transfer_20260814_203141.log	0	1786728701.2573891000
./outputs/diagnostics/landsat_composite_counterfactual/bejis_2022/_tiles/baseline_ndvi_2018_date_balanced_minus_scene_weighted/baseline_ndvi_2018_date_balanced_minus_scene_weighted_tile_r0_c0.tif	959992	1786726316.8924825000
./outputs/diagnostics/landsat_composite_counterfactual/bejis_2022/_tiles/baseline_ndvi_2018_date_balanced_minus_scene_weighted/baseline_ndvi_2018_date_balanced_minus_scene_weighted_tile_r0_c1.tif	1141376	1786726326.5827982000
./outputs/diagnostics/landsat_composite_counterfactual/bejis_2022/_tiles/baseline_ndvi_2018_date_balanced_minus_scene_weighted/baseline_ndvi_2018_date_balanced_minus_scene_weighted_tile_r1_c0.tif	7820	1786726335.5052221000
./outputs/diagnostics/landsat_composite_counterfactual/bejis_2022/_tiles/baseline_ndvi_2018_date_balanced_minus_scene_weighted/baseline_ndvi_2018_date_balanced_minus_scene_weighted_tile_r1_c1.tif	87008	1786726342.5748629000
./outputs/diagnostics/landsat_composite_counterfactual/bejis_2022/_tiles/baseline_ndvi_2018_same_day_multiplicity/baseline_ndvi_2018_same_day_multiplicity_tile_r0_c0.tif	13598	1786726262.4728170000
./outputs/diagnostics/landsat_composite_counterfactual/bejis_2022/_tiles/baseline_ndvi_2018_same_day_multiplicity/baseline_ndvi_2018_same_day_multiplicity_tile_r0_c1.tif	22404	1786726269.4036222000
./outputs/diagnostics/landsat_composite_counterfactual/bejis_2022/_tiles/baseline_ndvi_2018_same_day_multiplicity/baseline_ndvi_2018_same_day_multiplicity_tile_r1_c0.tif	7820	1786726277.3689537000
./outputs/diagnostics/landsat_composite_counterfactual/bejis_2022/_tiles/baseline_ndvi_2018_same_day_multiplicity/baseline_ndvi_2018_same_day_multiplicity_tile_r1_c1.tif	9542	1786726288.9307094000
./outputs/diagnostics/landsat_composite_counterfactual/bejis_2022/_tiles/baseline_ndvi_2018_scene_valid_count/baseline_ndvi_2018_scene_valid_count_tile_r0_c0.tif	21014	1786726196.1569843000
./outputs/diagnostics/landsat_composite_counterfactual/bejis_2022/_tiles/baseline_ndvi_2018_scene_valid_count/baseline_ndvi_2018_scene_valid_count_tile_r0_c1.tif	31758	1786726200.1079298000
./outputs/diagnostics/landsat_composite_counterfactual/bejis_2022/_tiles/baseline_ndvi_2018_scene_valid_count/baseline_ndvi_2018_scene_valid_count_tile_r1_c0.tif	27122	1786726207.3822316000
./outputs/diagnostics/landsat_composite_counterfactual/bejis_2022/_tiles/baseline_ndvi_2018_scene_valid_count/baseline_ndvi_2018_scene_valid_count_tile_r1_c1.tif	19010	1786726216.7049665000
./outputs/diagnostics/landsat_composite_counterfactual/bejis_2022/_tiles/baseline_ndvi_2018_scene_weighted_median/baseline_ndvi_2018_scene_weighted_median_tile_r0_c0.tif	3200800	1786726132.4776460000
./outputs/diagnostics/landsat_composite_counterfactual/bejis_2022/_tiles/baseline_ndvi_2018_scene_weighted_median/baseline_ndvi_2018_scene_weighted_median_tile_r0_c1.tif	3347210	1786726138.6701915000
./outputs/diagnostics/landsat_composite_counterfactual/bejis_2022/_tiles/baseline_ndvi_2018_scene_weighted_median/baseline_ndvi_2018_scene_weighted_median_tile_r1_c0.tif	3191688	1786726150.5555260000
./outputs/diagnostics/landsat_composite_counterfactual/bejis_2022/_tiles/baseline_ndvi_2018_scene_weighted_median/baseline_ndvi_2018_scene_weighted_median_tile_r1_c1.tif	3218516	1786726156.0863549000
./outputs/diagnostics/landsat_composite_counterfactual/bejis_2022/_tiles/baseline_ndvi_2021_date_balanced_minus_scene_weighted/baseline_ndvi_2021_date_balanced_minus_scene_weighted_tile_r0_c0.tif	226046	1786726836.5891293000
./outputs/diagnostics/landsat_composite_counterfactual/bejis_2022/_tiles/baseline_ndvi_2021_date_balanced_minus_scene_weighted/baseline_ndvi_2021_date_balanced_minus_scene_weighted_tile_r0_c1.tif	865392	1786726843.8852788000
./outputs/diagnostics/landsat_composite_counterfactual/bejis_2022/_tiles/baseline_ndvi_2021_date_balanced_minus_scene_weighted/baseline_ndvi_2021_date_balanced_minus_scene_weighted_tile_r1_c0.tif	9854	1786726848.3641332000
./outputs/diagnostics/landsat_composite_counterfactual/bejis_2022/_tiles/baseline_ndvi_2021_date_balanced_minus_scene_weighted/baseline_ndvi_2021_date_balanced_minus_scene_weighted_tile_r1_c1.tif	85140	1786726854.1199029000
./outputs/diagnostics/landsat_composite_counterfactual/bejis_2022/_tiles/baseline_ndvi_2021_same_day_multiplicity/baseline_ndvi_2021_same_day_multiplicity_tile_r0_c0.tif	42026	1786726777.1380744000
./outputs/diagnostics/landsat_composite_counterfactual/bejis_2022/_tiles/baseline_ndvi_2021_same_day_multiplicity/baseline_ndvi_2021_same_day_multiplicity_tile_r0_c1.tif	25792	1786726782.5178368000
./outputs/diagnostics/landsat_composite_counterfactual/bejis_2022/_tiles/baseline_ndvi_2021_same_day_multiplicity/baseline_ndvi_2021_same_day_multiplicity_tile_r1_c0.tif	9854	1786726788.3705847000
./outputs/diagnostics/landsat_composite_counterfactual/bejis_2022/_tiles/baseline_ndvi_2021_same_day_multiplicity/baseline_ndvi_2021_same_day_multiplicity_tile_r1_c1.tif	20968	1786726794.2446947000
./outputs/diagnostics/landsat_composite_counterfactual/bejis_2022/_tiles/baseline_ndvi_2021_scene_valid_count/baseline_ndvi_2021_scene_valid_count_tile_r0_c0.tif	70552	1786726724.9285748000
./outputs/diagnostics/landsat_composite_counterfactual/bejis_2022/_tiles/baseline_ndvi_2021_scene_valid_count/baseline_ndvi_2021_scene_valid_count_tile_r0_c1.tif	38262	1786726729.9310048000
./outputs/diagnostics/landsat_composite_counterfactual/bejis_2022/_tiles/baseline_ndvi_2021_scene_valid_count/baseline_ndvi_2021_scene_valid_count_tile_r1_c0.tif	35278	1786726734.6851911000
./outputs/diagnostics/landsat_composite_counterfactual/bejis_2022/_tiles/baseline_ndvi_2021_scene_valid_count/baseline_ndvi_2021_scene_valid_count_tile_r1_c1.tif	52020	1786726740.0188513000
./outputs/diagnostics/landsat_composite_counterfactual/bejis_2022/_tiles/baseline_ndvi_2021_scene_weighted_median/baseline_ndvi_2021_scene_weighted_median_tile_r0_c0.tif	2516442	1786726665.7549605000
./outputs/diagnostics/landsat_composite_counterfactual/bejis_2022/_tiles/baseline_ndvi_2021_scene_weighted_median/baseline_ndvi_2021_scene_weighted_median_tile_r0_c1.tif	2302038	1786726669.7610079000
./outputs/diagnostics/landsat_composite_counterfactual/bejis_2022/_tiles/baseline_ndvi_2021_scene_weighted_median/baseline_ndvi_2021_scene_weighted_median_tile_r1_c0.tif	3141660	1786726678.9706889000
./outputs/diagnostics/landsat_composite_counterfactual/bejis_2022/_tiles/baseline_ndvi_2021_scene_weighted_median/baseline_ndvi_2021_scene_weighted_median_tile_r1_c1.tif	2553380	1786726683.6780288000
./outputs/diagnostics/landsat_composite_counterfactual/bejis_2022/_tiles/current_ndvi_date_balanced_minus_scene_weighted/current_ndvi_date_balanced_minus_scene_weighted_tile_r0_c0.tif	555978	1786726092.3853971000
./outputs/diagnostics/landsat_composite_counterfactual/bejis_2022/_tiles/current_ndvi_date_balanced_minus_scene_weighted/current_ndvi_date_balanced_minus_scene_weighted_tile_r0_c1.tif	1349502	1786726101.3567114000
./outputs/diagnostics/landsat_composite_counterfactual/bejis_2022/_tiles/current_ndvi_date_balanced_minus_scene_weighted/current_ndvi_date_balanced_minus_scene_weighted_tile_r1_c0.tif	7820	1786726109.5441592000
./outputs/diagnostics/landsat_composite_counterfactual/bejis_2022/_tiles/current_ndvi_date_balanced_minus_scene_weighted/current_ndvi_date_balanced_minus_scene_weighted_tile_r1_c1.tif	130628	1786726114.8643977000
./outputs/diagnostics/landsat_composite_counterfactual/bejis_2022/_tiles/current_ndvi_same_day_multiplicity/current_ndvi_same_day_multiplicity_tile_r0_c0.tif	12430	1786726055.3332017000
./outputs/diagnostics/landsat_composite_counterfactual/bejis_2022/_tiles/current_ndvi_same_day_multiplicity/current_ndvi_same_day_multiplicity_tile_r0_c1.tif	27228	1786726059.5816557000
./outputs/diagnostics/landsat_composite_counterfactual/bejis_2022/_tiles/current_ndvi_same_day_multiplicity/current_ndvi_same_day_multiplicity_tile_r1_c0.tif	7820	1786726063.9359915000
./outputs/diagnostics/landsat_composite_counterfactual/bejis_2022/_tiles/current_ndvi_same_day_multiplicity/current_ndvi_same_day_multiplicity_tile_r1_c1.tif	10058	1786726071.1293687000
./outputs/diagnostics/landsat_composite_counterfactual/bejis_2022/_tiles/current_ndvi_scene_valid_count/current_ndvi_scene_valid_count_tile_r0_c0.tif	26584	1786725996.2214061000
./outputs/diagnostics/landsat_composite_counterfactual/bejis_2022/_tiles/current_ndvi_scene_valid_count/current_ndvi_scene_valid_count_tile_r0_c1.tif	67670	1786726003.2654348000
./outputs/diagnostics/landsat_composite_counterfactual/bejis_2022/_tiles/current_ndvi_scene_valid_count/current_ndvi_scene_valid_count_tile_r1_c0.tif	29032	1786726009.7488847000
./outputs/diagnostics/landsat_composite_counterfactual/bejis_2022/_tiles/current_ndvi_scene_valid_count/current_ndvi_scene_valid_count_tile_r1_c1.tif	49990	1786726018.8945927000
./outputs/diagnostics/landsat_composite_counterfactual/bejis_2022/_tiles/current_ndvi_scene_weighted_median/current_ndvi_scene_weighted_median_tile_r0_c0.tif	3209604	1786725930.4226023000
./outputs/diagnostics/landsat_composite_counterfactual/bejis_2022/_tiles/current_ndvi_scene_weighted_median/current_ndvi_scene_weighted_median_tile_r0_c1.tif	3330802	1786725939.2643092000
./outputs/diagnostics/landsat_composite_counterfactual/bejis_2022/_tiles/current_ndvi_scene_weighted_median/current_ndvi_scene_weighted_median_tile_r1_c0.tif	3190292	1786725947.4059829000
./outputs/diagnostics/landsat_composite_counterfactual/bejis_2022/_tiles/current_ndvi_scene_weighted_median/current_ndvi_scene_weighted_median_tile_r1_c1.tif	3216860	1786725954.0471165000
./outputs/diagnostics/landsat_composite_counterfactual/bejis_2022/analysis_checkpoint.json	168982	1786728526.5784145000
./outputs/diagnostics/landsat_composite_counterfactual/bejis_2022/analysis_run.log	8001	1786728526.1993379000
./outputs/diagnostics/landsat_composite_counterfactual/bejis_2022/audit_config.json	3274	1786728516.6645243000
./outputs/diagnostics/landsat_composite_counterfactual/bejis_2022/boundary_metrics.csv	5945	1786728526.1958315000
./outputs/diagnostics/landsat_composite_counterfactual/bejis_2022/canonical_reproduction.json	33019	1786728526.1918199000
./outputs/diagnostics/landsat_composite_counterfactual/bejis_2022/counterfactual_summary.json	179878	1786728526.1983319000
./outputs/diagnostics/landsat_composite_counterfactual/bejis_2022/counterfactual_summary.md	3473	1786728526.1983319000
./outputs/diagnostics/landsat_composite_counterfactual/bejis_2022/derived/date_balanced/anomaly_zscore.tif	15404597	1786726976.9360218000
./outputs/diagnostics/landsat_composite_counterfactual/bejis_2022/derived/date_balanced/baseline_lst_mean_celsius.tif	16665486	1786726976.5139227000
./outputs/diagnostics/landsat_composite_counterfactual/bejis_2022/derived/date_balanced/baseline_lst_std_celsius.tif	18383456	1786726976.6348787000
./outputs/diagnostics/landsat_composite_counterfactual/bejis_2022/derived/date_balanced/baseline_valid_year_count.tif	235107	1786726976.6828140000
./outputs/diagnostics/landsat_composite_counterfactual/bejis_2022/derived/date_balanced/current_minus_baseline_celsius.tif	14479730	1786726976.8190924000
./outputs/diagnostics/landsat_composite_counterfactual/bejis_2022/derived/scene_weighted/anomaly_zscore.tif	15325345	1786726975.6049970000
./outputs/diagnostics/landsat_composite_counterfactual/bejis_2022/derived/scene_weighted/baseline_lst_mean_celsius.tif	16563940	1786726975.1855951000
./outputs/diagnostics/landsat_composite_counterfactual/bejis_2022/derived/scene_weighted/baseline_lst_std_celsius.tif	18374432	1786726975.3057660000
./outputs/diagnostics/landsat_composite_counterfactual/bejis_2022/derived/scene_weighted/baseline_valid_year_count.tif	235107	1786726975.3528359000
./outputs/diagnostics/landsat_composite_counterfactual/bejis_2022/derived/scene_weighted/current_minus_baseline_celsius.tif	14345766	1786726975.4885010000
./outputs/diagnostics/landsat_composite_counterfactual/bejis_2022/manifest.json	27537	1786728526.5773819000
./outputs/diagnostics/landsat_composite_counterfactual/bejis_2022/maps/baseline_lst_2018_date_balanced_median.png	475198	1786727001.3588841000
./outputs/diagnostics/landsat_composite_counterfactual/bejis_2022/maps/baseline_lst_2018_scene_weighted_median.png	475682	1786727001.0784996000
./outputs/diagnostics/landsat_composite_counterfactual/bejis_2022/maps/baseline_lst_2019_date_balanced_median.png	487271	1786727002.1166540000
./outputs/diagnostics/landsat_composite_counterfactual/bejis_2022/maps/baseline_lst_2019_scene_weighted_median.png	487985	1786727001.8348756000
./outputs/diagnostics/landsat_composite_counterfactual/bejis_2022/maps/baseline_lst_2020_date_balanced_median.png	485918	1786727002.8801164000
./outputs/diagnostics/landsat_composite_counterfactual/bejis_2022/maps/baseline_lst_2020_scene_weighted_median.png	486490	1786727002.5916546000
./outputs/diagnostics/landsat_composite_counterfactual/bejis_2022/maps/baseline_lst_2021_date_balanced_median.png	402350	1786727003.6186655000
./outputs/diagnostics/landsat_composite_counterfactual/bejis_2022/maps/baseline_lst_2021_scene_weighted_median.png	402461	1786727003.3358181000
./outputs/diagnostics/landsat_composite_counterfactual/bejis_2022/maps/baseline_ndvi_2018_date_balanced_median.png	537316	1786727005.1061957000
./outputs/diagnostics/landsat_composite_counterfactual/bejis_2022/maps/baseline_ndvi_2018_scene_weighted_median.png	537807	1786727004.8240576000
./outputs/diagnostics/landsat_composite_counterfactual/bejis_2022/maps/baseline_ndvi_2019_date_balanced_median.png	532106	1786727005.8719575000
./outputs/diagnostics/landsat_composite_counterfactual/bejis_2022/maps/baseline_ndvi_2019_scene_weighted_median.png	532455	1786727005.5788711000
./outputs/diagnostics/landsat_composite_counterfactual/bejis_2022/maps/baseline_ndvi_2020_date_balanced_median.png	538633	1786727006.6379728000
./outputs/diagnostics/landsat_composite_counterfactual/bejis_2022/maps/baseline_ndvi_2020_scene_weighted_median.png	538892	1786727006.3470000000
./outputs/diagnostics/landsat_composite_counterfactual/bejis_2022/maps/baseline_ndvi_2021_date_balanced_median.png	460106	1786727007.3984107000
./outputs/diagnostics/landsat_composite_counterfactual/bejis_2022/maps/baseline_ndvi_2021_scene_weighted_median.png	460392	1786727007.1029366000
./outputs/diagnostics/landsat_composite_counterfactual/bejis_2022/maps/current_lst_date_balanced_median.png	487139	1786727000.6197521000
./outputs/diagnostics/landsat_composite_counterfactual/bejis_2022/maps/current_lst_scene_weighted_median.png	487145	1786727000.3361868000
./outputs/diagnostics/landsat_composite_counterfactual/bejis_2022/maps/current_ndvi_date_balanced_median.png	536593	1786727004.3793733000
./outputs/diagnostics/landsat_composite_counterfactual/bejis_2022/maps/current_ndvi_scene_weighted_median.png	537075	1786727004.0869958000
./outputs/diagnostics/landsat_composite_counterfactual/bejis_2022/paired_boundary_comparison.csv	2140	1786728526.1963328000
./outputs/diagnostics/landsat_composite_counterfactual/bejis_2022/raster_inventory.csv	36953	1786728526.1968335000
./outputs/diagnostics/landsat_composite_counterfactual/bejis_2022/raster_inventory.partial.json	96176	1786726855.1559688000
./outputs/diagnostics/landsat_composite_counterfactual/bejis_2022/rasters/baseline_lst_2018_date_balanced_median.tif	8173168	1786725327.8559672000
./outputs/diagnostics/landsat_composite_counterfactual/bejis_2022/rasters/baseline_lst_2018_date_balanced_minus_scene_weighted.tif	769996	1786725411.0943974000
./outputs/diagnostics/landsat_composite_counterfactual/bejis_2022/rasters/baseline_lst_2018_same_day_multiplicity.tif	44988	1786725392.5866278000
./outputs/diagnostics/landsat_composite_counterfactual/bejis_2022/rasters/baseline_lst_2018_scene_valid_count.tif	86804	1786725358.8440456000
./outputs/diagnostics/landsat_composite_counterfactual/bejis_2022/rasters/baseline_lst_2018_scene_weighted_median.tif	8083304	1786725295.9498383000
./outputs/diagnostics/landsat_composite_counterfactual/bejis_2022/rasters/baseline_lst_2018_unique_date_valid_count.tif	75412	1786725369.7565491000
./outputs/diagnostics/landsat_composite_counterfactual/bejis_2022/rasters/baseline_lst_2019_date_balanced_median.tif	8109514	1786725459.7664563000
./outputs/diagnostics/landsat_composite_counterfactual/bejis_2022/rasters/baseline_lst_2019_date_balanced_minus_scene_weighted.tif	959104	1786725589.9454912000
./outputs/diagnostics/landsat_composite_counterfactual/bejis_2022/rasters/baseline_lst_2019_same_day_multiplicity.tif	35436	1786725546.5631413000
./outputs/diagnostics/landsat_composite_counterfactual/bejis_2022/rasters/baseline_lst_2019_scene_valid_count.tif	59414	1786725505.4675240000
./outputs/diagnostics/landsat_composite_counterfactual/bejis_2022/rasters/baseline_lst_2019_scene_weighted_median.tif	8092194	1786725435.2067598000
./outputs/diagnostics/landsat_composite_counterfactual/bejis_2022/rasters/baseline_lst_2019_unique_date_valid_count.tif	54448	1786725517.4023156000
./outputs/diagnostics/landsat_composite_counterfactual/bejis_2022/rasters/baseline_lst_2020_date_balanced_median.tif	7766260	1786725656.8641660000
./outputs/diagnostics/landsat_composite_counterfactual/bejis_2022/rasters/baseline_lst_2020_date_balanced_minus_scene_weighted.tif	597834	1786725754.7755373000
./outputs/diagnostics/landsat_composite_counterfactual/bejis_2022/rasters/baseline_lst_2020_same_day_multiplicity.tif	41856	1786725730.0676979000
./outputs/diagnostics/landsat_composite_counterfactual/bejis_2022/rasters/baseline_lst_2020_scene_valid_count.tif	102572	1786725670.5261495000
./outputs/diagnostics/landsat_composite_counterfactual/bejis_2022/rasters/baseline_lst_2020_scene_weighted_median.tif	7667238	1786725631.7519636000
./outputs/diagnostics/landsat_composite_counterfactual/bejis_2022/rasters/baseline_lst_2020_unique_date_valid_count.tif	91588	1786725682.2542429000
./outputs/diagnostics/landsat_composite_counterfactual/bejis_2022/rasters/baseline_lst_2021_date_balanced_median.tif	6683644	1786725808.2930749000
./outputs/diagnostics/landsat_composite_counterfactual/bejis_2022/rasters/baseline_lst_2021_date_balanced_minus_scene_weighted.tif	603532	1786725916.1293885000
./outputs/diagnostics/landsat_composite_counterfactual/bejis_2022/rasters/baseline_lst_2021_same_day_multiplicity.tif	89150	1786725901.6401333000
./outputs/diagnostics/landsat_composite_counterfactual/bejis_2022/rasters/baseline_lst_2021_scene_valid_count.tif	181384	1786725840.6851688000
./outputs/diagnostics/landsat_composite_counterfactual/bejis_2022/rasters/baseline_lst_2021_scene_weighted_median.tif	6595554	1786725783.3189952000
./outputs/diagnostics/landsat_composite_counterfactual/bejis_2022/rasters/baseline_lst_2021_unique_date_valid_count.tif	169800	1786725870.9738239000
./outputs/diagnostics/landsat_composite_counterfactual/bejis_2022/rasters/baseline_ndvi_2018_date_balanced_median.tif	12901390	1786726182.9203947000
./outputs/diagnostics/landsat_composite_counterfactual/bejis_2022/rasters/baseline_ndvi_2018_date_balanced_minus_scene_weighted.tif	2850221	1786726342.7318949000
./outputs/diagnostics/landsat_composite_counterfactual/bejis_2022/rasters/baseline_ndvi_2018_same_day_multiplicity.tif	135002	1786726289.0707940000
./outputs/diagnostics/landsat_composite_counterfactual/bejis_2022/rasters/baseline_ndvi_2018_scene_valid_count.tif	284302	1786726216.8341143000
./outputs/diagnostics/landsat_composite_counterfactual/bejis_2022/rasters/baseline_ndvi_2018_scene_weighted_median.tif	18297459	1786726156.3198149000
./outputs/diagnostics/landsat_composite_counterfactual/bejis_2022/rasters/baseline_ndvi_2018_unique_date_valid_count.tif	76622	1786726244.9007358000
./outputs/diagnostics/landsat_composite_counterfactual/bejis_2022/rasters/baseline_ndvi_2019_date_balanced_median.tif	12890630	1786726387.6909053000
./outputs/diagnostics/landsat_composite_counterfactual/bejis_2022/rasters/baseline_ndvi_2019_date_balanced_minus_scene_weighted.tif	2414650	1786726495.1376421000
./outputs/diagnostics/landsat_composite_counterfactual/bejis_2022/rasters/baseline_ndvi_2019_same_day_multiplicity.tif	35518	1786726464.2054650000
./outputs/diagnostics/landsat_composite_counterfactual/bejis_2022/rasters/baseline_ndvi_2019_scene_valid_count.tif	59682	1786726402.9832642000
./outputs/diagnostics/landsat_composite_counterfactual/bejis_2022/rasters/baseline_ndvi_2019_scene_weighted_median.tif	12925154	1786726368.9379239000
./outputs/diagnostics/landsat_composite_counterfactual/bejis_2022/rasters/baseline_ndvi_2019_unique_date_valid_count.tif	54634	1786726432.1972925000
./outputs/diagnostics/landsat_composite_counterfactual/bejis_2022/rasters/baseline_ndvi_2020_date_balanced_median.tif	12938620	1786726558.3908198000
./outputs/diagnostics/landsat_composite_counterfactual/bejis_2022/rasters/baseline_ndvi_2020_date_balanced_minus_scene_weighted.tif	1633034	1786726655.5142317000
./outputs/diagnostics/landsat_composite_counterfactual/bejis_2022/rasters/baseline_ndvi_2020_same_day_multiplicity.tif	41930	1786726623.4157995000
./outputs/diagnostics/landsat_composite_counterfactual/bejis_2022/rasters/baseline_ndvi_2020_scene_valid_count.tif	103312	1786726582.7345471000
./outputs/diagnostics/landsat_composite_counterfactual/bejis_2022/rasters/baseline_ndvi_2020_scene_weighted_median.tif	12936526	1786726533.0659579000
./outputs/diagnostics/landsat_composite_counterfactual/bejis_2022/rasters/baseline_ndvi_2020_unique_date_valid_count.tif	92268	1786726600.0953515000
./outputs/diagnostics/landsat_composite_counterfactual/bejis_2022/rasters/baseline_ndvi_2021_date_balanced_median.tif	10491608	1786726705.5082189000
./outputs/diagnostics/landsat_composite_counterfactual/bejis_2022/rasters/baseline_ndvi_2021_date_balanced_minus_scene_weighted.tif	1632848	1786726854.2671019000
./outputs/diagnostics/landsat_composite_counterfactual/bejis_2022/rasters/baseline_ndvi_2021_same_day_multiplicity.tif	216270	1786726794.3835854000
./outputs/diagnostics/landsat_composite_counterfactual/bejis_2022/rasters/baseline_ndvi_2021_scene_valid_count.tif	440915	1786726740.1293216000
./outputs/diagnostics/landsat_composite_counterfactual/bejis_2022/rasters/baseline_ndvi_2021_scene_weighted_median.tif	15052341	1786726683.8962542000
./outputs/diagnostics/landsat_composite_counterfactual/bejis_2022/rasters/baseline_ndvi_2021_unique_date_valid_count.tif	172746	1786726758.4869486000
./outputs/diagnostics/landsat_composite_counterfactual/bejis_2022/rasters/current_lst_date_balanced_median.tif	9623704	1786725163.5598813000
./outputs/diagnostics/landsat_composite_counterfactual/bejis_2022/rasters/current_lst_date_balanced_minus_scene_weighted.tif	903810	1786725251.7602467000
./outputs/diagnostics/landsat_composite_counterfactual/bejis_2022/rasters/current_lst_same_day_multiplicity.tif	49140	1786725229.0563928000
./outputs/diagnostics/landsat_composite_counterfactual/bejis_2022/rasters/current_lst_scene_valid_count.tif	160570	1786725193.3947816000
./outputs/diagnostics/landsat_composite_counterfactual/bejis_2022/rasters/current_lst_scene_weighted_median.tif	9497910	1786725141.4310138000
./outputs/diagnostics/landsat_composite_counterfactual/bejis_2022/rasters/current_lst_unique_date_valid_count.tif	146848	1786725213.5167640000
./outputs/diagnostics/landsat_composite_counterfactual/bejis_2022/rasters/current_ndvi_date_balanced_median.tif	12939348	1786725979.9951325000
./outputs/diagnostics/landsat_composite_counterfactual/bejis_2022/rasters/current_ndvi_date_balanced_minus_scene_weighted.tif	2603830	1786726115.0210513000
./outputs/diagnostics/landsat_composite_counterfactual/bejis_2022/rasters/current_ndvi_same_day_multiplicity.tif	143774	1786726071.2608645000
./outputs/diagnostics/landsat_composite_counterfactual/bejis_2022/rasters/current_ndvi_scene_valid_count.tif	413097	1786726019.0244019000
./outputs/diagnostics/landsat_composite_counterfactual/bejis_2022/rasters/current_ndvi_scene_weighted_median.tif	18296541	1786725954.2734049000
./outputs/diagnostics/landsat_composite_counterfactual/bejis_2022/rasters/current_ndvi_unique_date_valid_count.tif	147752	1786726038.4452510000
./outputs/diagnostics/landsat_composite_counterfactual/bejis_2022/run_log.txt	433	1786728526.1993379000
./outputs/diagnostics/landsat_composite_counterfactual/bejis_2022/scene_boundaries.geojson	186122648	1786726988.6665192000
./outputs/diagnostics/landsat_composite_counterfactual/bejis_2022/scene_footprints.geojson	299753	1786726985.6922083000
./outputs/diagnostics/landsat_composite_counterfactual/bejis_2022/scene_manifest.csv	27747	1786725087.3538147000
./outputs/diagnostics/landsat_composite_counterfactual/bejis_2022/source_scene_metadata.json	1084531	1786725087.3497737000
./outputs/diagnostics/landsat_composite_counterfactual/evia_2021_extended/analysis_checkpoint.json	187024	1786729738.6850407000
./outputs/diagnostics/landsat_composite_counterfactual/evia_2021_extended/analysis_run.log	6457	1786729738.3208986000
./outputs/diagnostics/landsat_composite_counterfactual/evia_2021_extended/audit_config.json	3300	1786729724.1885749000
./outputs/diagnostics/landsat_composite_counterfactual/evia_2021_extended/boundary_metrics.csv	4923	1786729738.3173875000
./outputs/diagnostics/landsat_composite_counterfactual/evia_2021_extended/canonical_reproduction.json	37640	1786729738.3138713000
./outputs/diagnostics/landsat_composite_counterfactual/evia_2021_extended/counterfactual_summary.json	206607	1786729738.3203924000
./outputs/diagnostics/landsat_composite_counterfactual/evia_2021_extended/counterfactual_summary.md	3348	1786729738.3208986000
./outputs/diagnostics/landsat_composite_counterfactual/evia_2021_extended/derived/date_balanced/anomaly_zscore.tif	14187971	1786729667.9624186000
./outputs/diagnostics/landsat_composite_counterfactual/evia_2021_extended/derived/date_balanced/baseline_lst_mean_celsius.tif	20320690	1786729667.3908889000
./outputs/diagnostics/landsat_composite_counterfactual/evia_2021_extended/derived/date_balanced/baseline_lst_std_celsius.tif	26415369	1786729667.5619206000
./outputs/diagnostics/landsat_composite_counterfactual/evia_2021_extended/derived/date_balanced/baseline_valid_year_count.tif	290868	1786729667.6260198000
./outputs/diagnostics/landsat_composite_counterfactual/evia_2021_extended/derived/date_balanced/current_minus_baseline_celsius.tif	20702366	1786729667.8292474000
./outputs/diagnostics/landsat_composite_counterfactual/evia_2021_extended/derived/scene_weighted/anomaly_zscore.tif	14187971	1786729666.1655910000
./outputs/diagnostics/landsat_composite_counterfactual/evia_2021_extended/derived/scene_weighted/baseline_lst_mean_celsius.tif	20320690	1786729665.5928071000
./outputs/diagnostics/landsat_composite_counterfactual/evia_2021_extended/derived/scene_weighted/baseline_lst_std_celsius.tif	26415369	1786729665.7644036000
./outputs/diagnostics/landsat_composite_counterfactual/evia_2021_extended/derived/scene_weighted/baseline_valid_year_count.tif	290868	1786729665.8291751000
./outputs/diagnostics/landsat_composite_counterfactual/evia_2021_extended/derived/scene_weighted/current_minus_baseline_celsius.tif	20702366	1786729666.0314711000
./outputs/diagnostics/landsat_composite_counterfactual/evia_2021_extended/manifest.json	27538	1786729738.6825357000
./outputs/diagnostics/landsat_composite_counterfactual/evia_2021_extended/maps/baseline_lst_2017_date_balanced_median.png	339036	1786729685.6731886000
./outputs/diagnostics/landsat_composite_counterfactual/evia_2021_extended/maps/baseline_lst_2017_scene_weighted_median.png	339466	1786729685.2764284000
./outputs/diagnostics/landsat_composite_counterfactual/evia_2021_extended/maps/baseline_lst_2018_date_balanced_median.png	354103	1786729686.7028935000
./outputs/diagnostics/landsat_composite_counterfactual/evia_2021_extended/maps/baseline_lst_2018_scene_weighted_median.png	354748	1786729686.3022520000
./outputs/diagnostics/landsat_composite_counterfactual/evia_2021_extended/maps/baseline_lst_2019_date_balanced_median.png	353863	1786729687.7290082000
./outputs/diagnostics/landsat_composite_counterfactual/evia_2021_extended/maps/baseline_lst_2019_scene_weighted_median.png	354565	1786729687.3285278000
./outputs/diagnostics/landsat_composite_counterfactual/evia_2021_extended/maps/baseline_lst_2020_date_balanced_median.png	360069	1786729688.7677862000
./outputs/diagnostics/landsat_composite_counterfactual/evia_2021_extended/maps/baseline_lst_2020_scene_weighted_median.png	360784	1786729688.3608084000
./outputs/diagnostics/landsat_composite_counterfactual/evia_2021_extended/maps/baseline_ndvi_2017_date_balanced_median.png	530265	1786729690.9332167000
./outputs/diagnostics/landsat_composite_counterfactual/evia_2021_extended/maps/baseline_ndvi_2017_scene_weighted_median.png	530647	1786729690.5394156000
./outputs/diagnostics/landsat_composite_counterfactual/evia_2021_extended/maps/baseline_ndvi_2018_date_balanced_median.png	513557	1786729692.0200687000
./outputs/diagnostics/landsat_composite_counterfactual/evia_2021_extended/maps/baseline_ndvi_2018_scene_weighted_median.png	513972	1786729691.6176862000
./outputs/diagnostics/landsat_composite_counterfactual/evia_2021_extended/maps/baseline_ndvi_2019_date_balanced_median.png	544519	1786729693.1534755000
./outputs/diagnostics/landsat_composite_counterfactual/evia_2021_extended/maps/baseline_ndvi_2019_scene_weighted_median.png	544977	1786729692.6961991000
./outputs/diagnostics/landsat_composite_counterfactual/evia_2021_extended/maps/baseline_ndvi_2020_date_balanced_median.png	466181	1786729694.2305376000
./outputs/diagnostics/landsat_composite_counterfactual/evia_2021_extended/maps/baseline_ndvi_2020_scene_weighted_median.png	466658	1786729693.8291443000
./outputs/diagnostics/landsat_composite_counterfactual/evia_2021_extended/maps/current_lst_date_balanced_median.png	371829	1786729684.6479187000
./outputs/diagnostics/landsat_composite_counterfactual/evia_2021_extended/maps/current_lst_scene_weighted_median.png	372159	1786729684.2224442000
./outputs/diagnostics/landsat_composite_counterfactual/evia_2021_extended/maps/current_ndvi_date_balanced_median.png	484180	1786729689.8658780000
./outputs/diagnostics/landsat_composite_counterfactual/evia_2021_extended/maps/current_ndvi_scene_weighted_median.png	484649	1786729689.4555126000
./outputs/diagnostics/landsat_composite_counterfactual/evia_2021_extended/paired_boundary_comparison.csv	1469	1786729738.3178874000
./outputs/diagnostics/landsat_composite_counterfactual/evia_2021_extended/raster_inventory.csv	35213	1786729738.3188874000
./outputs/diagnostics/landsat_composite_counterfactual/evia_2021_extended/raster_inventory.partial.json	94960	1786729653.1762075000
./outputs/diagnostics/landsat_composite_counterfactual/evia_2021_extended/rasters/baseline_lst_2017_date_balanced_median.tif	9864120	1786728156.5797557000
./outputs/diagnostics/landsat_composite_counterfactual/evia_2021_extended/rasters/baseline_lst_2017_date_balanced_minus_scene_weighted.tif	35174	1786728277.7741738000
./outputs/diagnostics/landsat_composite_counterfactual/evia_2021_extended/rasters/baseline_lst_2017_same_day_multiplicity.tif	35174	1786728260.2686610000
./outputs/diagnostics/landsat_composite_counterfactual/evia_2021_extended/rasters/baseline_lst_2017_scene_valid_count.tif	140940	1786728194.4006741000
./outputs/diagnostics/landsat_composite_counterfactual/evia_2021_extended/rasters/baseline_lst_2017_scene_weighted_median.tif	9864120	1786728119.0136554000
./outputs/diagnostics/landsat_composite_counterfactual/evia_2021_extended/rasters/baseline_lst_2017_unique_date_valid_count.tif	140940	1786728216.7484331000
./outputs/diagnostics/landsat_composite_counterfactual/evia_2021_extended/rasters/baseline_lst_2018_date_balanced_median.tif	9910618	1786728383.1992916000
./outputs/diagnostics/landsat_composite_counterfactual/evia_2021_extended/rasters/baseline_lst_2018_date_balanced_minus_scene_weighted.tif	37520	1786728456.0039571000
./outputs/diagnostics/landsat_composite_counterfactual/evia_2021_extended/rasters/baseline_lst_2018_same_day_multiplicity.tif	37520	1786728436.3931461000
./outputs/diagnostics/landsat_composite_counterfactual/evia_2021_extended/rasters/baseline_lst_2018_scene_valid_count.tif	157174	1786728398.7076866000
./outputs/diagnostics/landsat_composite_counterfactual/evia_2021_extended/rasters/baseline_lst_2018_scene_weighted_median.tif	9910618	1786728349.6915192000
./outputs/diagnostics/landsat_composite_counterfactual/evia_2021_extended/rasters/baseline_lst_2018_unique_date_valid_count.tif	157174	1786728417.9063518000
./outputs/diagnostics/landsat_composite_counterfactual/evia_2021_extended/rasters/baseline_lst_2019_date_balanced_median.tif	9646926	1786728537.5698906000
./outputs/diagnostics/landsat_composite_counterfactual/evia_2021_extended/rasters/baseline_lst_2019_date_balanced_minus_scene_weighted.tif	36740	1786728625.0574849000
./outputs/diagnostics/landsat_composite_counterfactual/evia_2021_extended/rasters/baseline_lst_2019_same_day_multiplicity.tif	36740	1786728598.0937568000
./outputs/diagnostics/landsat_composite_counterfactual/evia_2021_extended/rasters/baseline_lst_2019_scene_valid_count.tif	133558	1786728552.4754895000
./outputs/diagnostics/landsat_composite_counterfactual/evia_2021_extended/rasters/baseline_lst_2019_scene_weighted_median.tif	9646926	1786728498.7326578000
./outputs/diagnostics/landsat_composite_counterfactual/evia_2021_extended/rasters/baseline_lst_2019_unique_date_valid_count.tif	133558	1786728565.1324666000
./outputs/diagnostics/landsat_composite_counterfactual/evia_2021_extended/rasters/baseline_lst_2020_date_balanced_median.tif	8968750	1786728685.7831751000
./outputs/diagnostics/landsat_composite_counterfactual/evia_2021_extended/rasters/baseline_lst_2020_date_balanced_minus_scene_weighted.tif	68262	1786728773.8454600000
./outputs/diagnostics/landsat_composite_counterfactual/evia_2021_extended/rasters/baseline_lst_2020_same_day_multiplicity.tif	68262	1786728753.9241458000
./outputs/diagnostics/landsat_composite_counterfactual/evia_2021_extended/rasters/baseline_lst_2020_scene_valid_count.tif	192938	1786728727.9524005000
./outputs/diagnostics/landsat_composite_counterfactual/evia_2021_extended/rasters/baseline_lst_2020_scene_weighted_median.tif	8968750	1786728657.9208339000
./outputs/diagnostics/landsat_composite_counterfactual/evia_2021_extended/rasters/baseline_lst_2020_unique_date_valid_count.tif	192938	1786728740.7383444000
./outputs/diagnostics/landsat_composite_counterfactual/evia_2021_extended/rasters/baseline_ndvi_2017_date_balanced_median.tif	18983922	1786729058.1530268000
./outputs/diagnostics/landsat_composite_counterfactual/evia_2021_extended/rasters/baseline_ndvi_2017_date_balanced_minus_scene_weighted.tif	37548	1786729170.9037891000
./outputs/diagnostics/landsat_composite_counterfactual/evia_2021_extended/rasters/baseline_ndvi_2017_same_day_multiplicity.tif	37548	1786729138.2013118000
./outputs/diagnostics/landsat_composite_counterfactual/evia_2021_extended/rasters/baseline_ndvi_2017_scene_valid_count.tif	796164	1786729084.6081484000
./outputs/diagnostics/landsat_composite_counterfactual/evia_2021_extended/rasters/baseline_ndvi_2017_scene_weighted_median.tif	18983922	1786729001.7609466000
./outputs/diagnostics/landsat_composite_counterfactual/evia_2021_extended/rasters/baseline_ndvi_2017_unique_date_valid_count.tif	796164	1786729122.1730086000
./outputs/diagnostics/landsat_composite_counterfactual/evia_2021_extended/rasters/baseline_ndvi_2018_date_balanced_median.tif	18700034	1786729217.5046721000
./outputs/diagnostics/landsat_composite_counterfactual/evia_2021_extended/rasters/baseline_ndvi_2018_date_balanced_minus_scene_weighted.tif	66174	1786729324.0026798000
./outputs/diagnostics/landsat_composite_counterfactual/evia_2021_extended/rasters/baseline_ndvi_2018_same_day_multiplicity.tif	66168	1786729288.5047199000
./outputs/diagnostics/landsat_composite_counterfactual/evia_2021_extended/rasters/baseline_ndvi_2018_scene_valid_count.tif	497830	1786729236.7419022000
./outputs/diagnostics/landsat_composite_counterfactual/evia_2021_extended/rasters/baseline_ndvi_2018_scene_weighted_median.tif	18700034	1786729189.8745690000
./outputs/diagnostics/landsat_composite_counterfactual/evia_2021_extended/rasters/baseline_ndvi_2018_unique_date_valid_count.tif	497830	1786729264.6509199000
./outputs/diagnostics/landsat_composite_counterfactual/evia_2021_extended/rasters/baseline_ndvi_2019_date_balanced_median.tif	18654600	1786729386.3309424000
./outputs/diagnostics/landsat_composite_counterfactual/evia_2021_extended/rasters/baseline_ndvi_2019_date_balanced_minus_scene_weighted.tif	59374	1786729512.5514731000
./outputs/diagnostics/landsat_composite_counterfactual/evia_2021_extended/rasters/baseline_ndvi_2019_same_day_multiplicity.tif	59374	1786729490.4092899000
./outputs/diagnostics/landsat_composite_counterfactual/evia_2021_extended/rasters/baseline_ndvi_2019_scene_valid_count.tif	414242	1786729422.2575439000
./outputs/diagnostics/landsat_composite_counterfactual/evia_2021_extended/rasters/baseline_ndvi_2019_scene_weighted_median.tif	18654600	1786729348.2967902000
./outputs/diagnostics/landsat_composite_counterfactual/evia_2021_extended/rasters/baseline_ndvi_2019_unique_date_valid_count.tif	414242	1786729452.3867396000
./outputs/diagnostics/landsat_composite_counterfactual/evia_2021_extended/rasters/baseline_ndvi_2020_date_balanced_median.tif	15624900	1786729558.3855593000
./outputs/diagnostics/landsat_composite_counterfactual/evia_2021_extended/rasters/baseline_ndvi_2020_date_balanced_minus_scene_weighted.tif	272046	1786729652.2062165000
./outputs/diagnostics/landsat_composite_counterfactual/evia_2021_extended/rasters/baseline_ndvi_2020_same_day_multiplicity.tif	272046	1786729620.0305035000
./outputs/diagnostics/landsat_composite_counterfactual/evia_2021_extended/rasters/baseline_ndvi_2020_scene_valid_count.tif	469448	1786729578.6777253000
./outputs/diagnostics/landsat_composite_counterfactual/evia_2021_extended/rasters/baseline_ndvi_2020_scene_weighted_median.tif	15624900	1786729534.3854890000
./outputs/diagnostics/landsat_composite_counterfactual/evia_2021_extended/rasters/baseline_ndvi_2020_unique_date_valid_count.tif	469448	1786729600.6339847000
./outputs/diagnostics/landsat_composite_counterfactual/evia_2021_extended/rasters/current_lst_date_balanced_median.tif	11621004	1786727946.3038199000
./outputs/diagnostics/landsat_composite_counterfactual/evia_2021_extended/rasters/current_lst_date_balanced_minus_scene_weighted.tif	35976	1786728065.7971209000
./outputs/diagnostics/landsat_composite_counterfactual/evia_2021_extended/rasters/current_lst_same_day_multiplicity.tif	35976	1786728017.5674454000
./outputs/diagnostics/landsat_composite_counterfactual/evia_2021_extended/rasters/current_lst_scene_valid_count.tif	212450	1786727962.6083749000
./outputs/diagnostics/landsat_composite_counterfactual/evia_2021_extended/rasters/current_lst_scene_weighted_median.tif	11621004	1786727921.2397344000
./outputs/diagnostics/landsat_composite_counterfactual/evia_2021_extended/rasters/current_lst_unique_date_valid_count.tif	212450	1786727985.7040412000
./outputs/diagnostics/landsat_composite_counterfactual/evia_2021_extended/rasters/current_ndvi_date_balanced_median.tif	18890484	1786728839.6957049000
./outputs/diagnostics/landsat_composite_counterfactual/evia_2021_extended/rasters/current_ndvi_date_balanced_minus_scene_weighted.tif	36006	1786728959.2238514000
./outputs/diagnostics/landsat_composite_counterfactual/evia_2021_extended/rasters/current_ndvi_same_day_multiplicity.tif	36006	1786728914.4706165000
./outputs/diagnostics/landsat_composite_counterfactual/evia_2021_extended/rasters/current_ndvi_scene_valid_count.tif	608772	1786728860.6599253000
./outputs/diagnostics/landsat_composite_counterfactual/evia_2021_extended/rasters/current_ndvi_scene_weighted_median.tif	18890484	1786728796.1196809000
./outputs/diagnostics/landsat_composite_counterfactual/evia_2021_extended/rasters/current_ndvi_unique_date_valid_count.tif	608772	1786728889.8810656000
./outputs/diagnostics/landsat_composite_counterfactual/evia_2021_extended/run_log.txt	441	1786729738.3208986000
./outputs/diagnostics/landsat_composite_counterfactual/evia_2021_extended/scene_boundaries.geojson	59434522	1786729672.6942574000
./outputs/diagnostics/landsat_composite_counterfactual/evia_2021_extended/scene_footprints.geojson	275776	1786729671.8440337000
./outputs/diagnostics/landsat_composite_counterfactual/evia_2021_extended/scene_manifest.csv	13283	1786727892.2366692000
./outputs/diagnostics/landsat_composite_counterfactual/evia_2021_extended/source_scene_metadata.json	634327	1786727892.2323407000
./outputs/diagnostics/landsat_composite_counterfactual/montiferru_2021/analysis_checkpoint.json	113937	1786728494.1211013000
./outputs/diagnostics/landsat_composite_counterfactual/montiferru_2021/analysis_run.log	6418	1786728494.0024369000
./outputs/diagnostics/landsat_composite_counterfactual/montiferru_2021/audit_config.json	3289	1786728491.8881443000
./outputs/diagnostics/landsat_composite_counterfactual/montiferru_2021/boundary_metrics.csv	4879	1786728493.9994360000
./outputs/diagnostics/landsat_composite_counterfactual/montiferru_2021/canonical_reproduction.json	30974	1786728493.9959320000
./outputs/diagnostics/landsat_composite_counterfactual/montiferru_2021/counterfactual_summary.json	87950	1786728494.0019362000
./outputs/diagnostics/landsat_composite_counterfactual/montiferru_2021/counterfactual_summary.md	3340	1786728494.0019362000
./outputs/diagnostics/landsat_composite_counterfactual/montiferru_2021/derived/date_balanced/anomaly_zscore.tif	3740342	1786728255.4117340000
./outputs/diagnostics/landsat_composite_counterfactual/montiferru_2021/derived/date_balanced/baseline_lst_mean_celsius.tif	3379831	1786728255.3062479000
./outputs/diagnostics/landsat_composite_counterfactual/montiferru_2021/derived/date_balanced/baseline_lst_std_celsius.tif	3654457	1786728255.3347925000
./outputs/diagnostics/landsat_composite_counterfactual/montiferru_2021/derived/date_balanced/baseline_valid_year_count.tif	39396	1786728255.3488105000
./outputs/diagnostics/landsat_composite_counterfactual/montiferru_2021/derived/date_balanced/current_minus_baseline_celsius.tif	3158186	1786728255.3811911000
./outputs/diagnostics/landsat_composite_counterfactual/montiferru_2021/derived/scene_weighted/anomaly_zscore.tif	3740342	1786728255.1216576000
./outputs/diagnostics/landsat_composite_counterfactual/montiferru_2021/derived/scene_weighted/baseline_lst_mean_celsius.tif	3379831	1786728255.0171879000
./outputs/diagnostics/landsat_composite_counterfactual/montiferru_2021/derived/scene_weighted/baseline_lst_std_celsius.tif	3654457	1786728255.0457272000
./outputs/diagnostics/landsat_composite_counterfactual/montiferru_2021/derived/scene_weighted/baseline_valid_year_count.tif	39396	1786728255.0590857000
./outputs/diagnostics/landsat_composite_counterfactual/montiferru_2021/derived/scene_weighted/current_minus_baseline_celsius.tif	3158186	1786728255.0916249000
./outputs/diagnostics/landsat_composite_counterfactual/montiferru_2021/manifest.json	27468	1786728494.1196021000
./outputs/diagnostics/landsat_composite_counterfactual/montiferru_2021/maps/baseline_lst_2017_date_balanced_median.png	361644	1786728260.1889632000
./outputs/diagnostics/landsat_composite_counterfactual/montiferru_2021/maps/baseline_lst_2017_scene_weighted_median.png	362285	1786728260.0728280000
./outputs/diagnostics/landsat_composite_counterfactual/montiferru_2021/maps/baseline_lst_2018_date_balanced_median.png	377750	1786728260.4619345000
./outputs/diagnostics/landsat_composite_counterfactual/montiferru_2021/maps/baseline_lst_2018_scene_weighted_median.png	378465	1786728260.3472154000
./outputs/diagnostics/landsat_composite_counterfactual/montiferru_2021/maps/baseline_lst_2019_date_balanced_median.png	360607	1786728260.7518003000
./outputs/diagnostics/landsat_composite_counterfactual/montiferru_2021/maps/baseline_lst_2019_scene_weighted_median.png	361313	1786728260.6256058000
./outputs/diagnostics/landsat_composite_counterfactual/montiferru_2021/maps/baseline_lst_2020_date_balanced_median.png	383689	1786728261.0411704000
./outputs/diagnostics/landsat_composite_counterfactual/montiferru_2021/maps/baseline_lst_2020_scene_weighted_median.png	384334	1786728260.9135674000
./outputs/diagnostics/landsat_composite_counterfactual/montiferru_2021/maps/baseline_ndvi_2017_date_balanced_median.png	542173	1786728261.6234982000
./outputs/diagnostics/landsat_composite_counterfactual/montiferru_2021/maps/baseline_ndvi_2017_scene_weighted_median.png	542562	1786728261.4672496000
./outputs/diagnostics/landsat_composite_counterfactual/montiferru_2021/maps/baseline_ndvi_2018_date_balanced_median.png	525158	1786728261.8829133000
./outputs/diagnostics/landsat_composite_counterfactual/montiferru_2021/maps/baseline_ndvi_2018_scene_weighted_median.png	525534	1786728261.7727360000
./outputs/diagnostics/landsat_composite_counterfactual/montiferru_2021/maps/baseline_ndvi_2019_date_balanced_median.png	522639	1786728262.1482104000
./outputs/diagnostics/landsat_composite_counterfactual/montiferru_2021/maps/baseline_ndvi_2019_scene_weighted_median.png	523030	1786728262.0374354000
./outputs/diagnostics/landsat_composite_counterfactual/montiferru_2021/maps/baseline_ndvi_2020_date_balanced_median.png	529005	1786728262.4159573000
./outputs/diagnostics/landsat_composite_counterfactual/montiferru_2021/maps/baseline_ndvi_2020_scene_weighted_median.png	529375	1786728262.3044846000
./outputs/diagnostics/landsat_composite_counterfactual/montiferru_2021/maps/current_lst_date_balanced_median.png	381603	1786728259.9180795000
./outputs/diagnostics/landsat_composite_counterfactual/montiferru_2021/maps/current_lst_scene_weighted_median.png	381940	1786728259.8109296000
./outputs/diagnostics/landsat_composite_counterfactual/montiferru_2021/maps/current_ndvi_date_balanced_median.png	532032	1786728261.3109997000
./outputs/diagnostics/landsat_composite_counterfactual/montiferru_2021/maps/current_ndvi_scene_weighted_median.png	532417	1786728261.1998965000
./outputs/diagnostics/landsat_composite_counterfactual/montiferru_2021/paired_boundary_comparison.csv	1455	1786728493.9994360000
./outputs/diagnostics/landsat_composite_counterfactual/montiferru_2021/raster_inventory.csv	34733	1786728494.0004361000
./outputs/diagnostics/landsat_composite_counterfactual/montiferru_2021/raster_inventory.partial.json	94081	1786728252.3746427000
./outputs/diagnostics/landsat_composite_counterfactual/montiferru_2021/rasters/baseline_lst_2017_date_balanced_median.tif	1691198	1786727943.5828412000
./outputs/diagnostics/landsat_composite_counterfactual/montiferru_2021/rasters/baseline_lst_2017_date_balanced_minus_scene_weighted.tif	6792	1786727963.7508435000
./outputs/diagnostics/landsat_composite_counterfactual/montiferru_2021/rasters/baseline_lst_2017_same_day_multiplicity.tif	6792	1786727960.0677943000
./outputs/diagnostics/landsat_composite_counterfactual/montiferru_2021/rasters/baseline_lst_2017_scene_valid_count.tif	13706	1786727950.7050735000
./outputs/diagnostics/landsat_composite_counterfactual/montiferru_2021/rasters/baseline_lst_2017_scene_weighted_median.tif	1691198	1786727934.7506511000
./outputs/diagnostics/landsat_composite_counterfactual/montiferru_2021/rasters/baseline_lst_2017_unique_date_valid_count.tif	13706	1786727955.7244458000
./outputs/diagnostics/landsat_composite_counterfactual/montiferru_2021/rasters/baseline_lst_2018_date_balanced_median.tif	1559870	1786727992.7458135000
./outputs/diagnostics/landsat_composite_counterfactual/montiferru_2021/rasters/baseline_lst_2018_date_balanced_minus_scene_weighted.tif	6866	1786728013.8221689000
./outputs/diagnostics/landsat_composite_counterfactual/montiferru_2021/rasters/baseline_lst_2018_same_day_multiplicity.tif	6866	1786728007.9085660000
./outputs/diagnostics/landsat_composite_counterfactual/montiferru_2021/rasters/baseline_lst_2018_scene_valid_count.tif	27504	1786727997.9154966000
./outputs/diagnostics/landsat_composite_counterfactual/montiferru_2021/rasters/baseline_lst_2018_scene_weighted_median.tif	1559870	1786727985.9271577000
./outputs/diagnostics/landsat_composite_counterfactual/montiferru_2021/rasters/baseline_lst_2018_unique_date_valid_count.tif	27504	1786728002.6468958000
./outputs/diagnostics/landsat_composite_counterfactual/montiferru_2021/rasters/baseline_lst_2019_date_balanced_median.tif	1603790	1786728031.6023590000
./outputs/diagnostics/landsat_composite_counterfactual/montiferru_2021/rasters/baseline_lst_2019_date_balanced_minus_scene_weighted.tif	7084	1786728053.8337647000
./outputs/diagnostics/landsat_composite_counterfactual/montiferru_2021/rasters/baseline_lst_2019_same_day_multiplicity.tif	7084	1786728050.0000231000
./outputs/diagnostics/landsat_composite_counterfactual/montiferru_2021/rasters/baseline_lst_2019_scene_valid_count.tif	26678	1786728042.6663579000
./outputs/diagnostics/landsat_composite_counterfactual/montiferru_2021/rasters/baseline_lst_2019_scene_weighted_median.tif	1603790	1786728025.7532413000
./outputs/diagnostics/landsat_composite_counterfactual/montiferru_2021/rasters/baseline_lst_2019_unique_date_valid_count.tif	26678	1786728046.8429960000
./outputs/diagnostics/landsat_composite_counterfactual/montiferru_2021/rasters/baseline_lst_2020_date_balanced_median.tif	1593684	1786728072.3525263000
./outputs/diagnostics/landsat_composite_counterfactual/montiferru_2021/rasters/baseline_lst_2020_date_balanced_minus_scene_weighted.tif	6802	1786728089.4497046000
./outputs/diagnostics/landsat_composite_counterfactual/montiferru_2021/rasters/baseline_lst_2020_same_day_multiplicity.tif	6802	1786728086.5052001000
./outputs/diagnostics/landsat_composite_counterfactual/montiferru_2021/rasters/baseline_lst_2020_scene_valid_count.tif	22874	1786728080.4391143000
./outputs/diagnostics/landsat_composite_counterfactual/montiferru_2021/rasters/baseline_lst_2020_scene_weighted_median.tif	1593684	1786728063.4587357000
./outputs/diagnostics/landsat_composite_counterfactual/montiferru_2021/rasters/baseline_lst_2020_unique_date_valid_count.tif	22874	1786728083.4735772000
./outputs/diagnostics/landsat_composite_counterfactual/montiferru_2021/rasters/baseline_ndvi_2017_date_balanced_median.tif	2564166	1786728133.3030882000
./outputs/diagnostics/landsat_composite_counterfactual/montiferru_2021/rasters/baseline_ndvi_2017_date_balanced_minus_scene_weighted.tif	7438	1786728151.8309404000
./outputs/diagnostics/landsat_composite_counterfactual/montiferru_2021/rasters/baseline_ndvi_2017_same_day_multiplicity.tif	7438	1786728147.7984891000
./outputs/diagnostics/landsat_composite_counterfactual/montiferru_2021/rasters/baseline_ndvi_2017_scene_valid_count.tif	28428	1786728139.7214556000
./outputs/diagnostics/landsat_composite_counterfactual/montiferru_2021/rasters/baseline_ndvi_2017_scene_weighted_median.tif	2564166	1786728125.2533308000
./outputs/diagnostics/landsat_composite_counterfactual/montiferru_2021/rasters/baseline_ndvi_2017_unique_date_valid_count.tif	28428	1786728143.1643184000
./outputs/diagnostics/landsat_composite_counterfactual/montiferru_2021/rasters/baseline_ndvi_2018_date_balanced_median.tif	2532854	1786728164.7282919000
./outputs/diagnostics/landsat_composite_counterfactual/montiferru_2021/rasters/baseline_ndvi_2018_date_balanced_minus_scene_weighted.tif	7478	1786728181.6214424000
./outputs/diagnostics/landsat_composite_counterfactual/montiferru_2021/rasters/baseline_ndvi_2018_same_day_multiplicity.tif	7478	1786728178.4141964000
./outputs/diagnostics/landsat_composite_counterfactual/montiferru_2021/rasters/baseline_ndvi_2018_scene_valid_count.tif	38614	1786728168.9519069000
./outputs/diagnostics/landsat_composite_counterfactual/montiferru_2021/rasters/baseline_ndvi_2018_scene_weighted_median.tif	2532854	1786728158.3712576000
./outputs/diagnostics/landsat_composite_counterfactual/montiferru_2021/rasters/baseline_ndvi_2018_unique_date_valid_count.tif	38614	1786728174.0034333000
./outputs/diagnostics/landsat_composite_counterfactual/montiferru_2021/rasters/baseline_ndvi_2019_date_balanced_median.tif	2533070	1786728195.3553310000
./outputs/diagnostics/landsat_composite_counterfactual/montiferru_2021/rasters/baseline_ndvi_2019_date_balanced_minus_scene_weighted.tif	7176	1786728217.3743397000
./outputs/diagnostics/landsat_composite_counterfactual/montiferru_2021/rasters/baseline_ndvi_2019_same_day_multiplicity.tif	7176	1786728212.8803878000
./outputs/diagnostics/landsat_composite_counterfactual/montiferru_2021/rasters/baseline_ndvi_2019_scene_valid_count.tif	30870	1786728199.0071576000
./outputs/diagnostics/landsat_composite_counterfactual/montiferru_2021/rasters/baseline_ndvi_2019_scene_weighted_median.tif	2533070	1786728188.2232320000
./outputs/diagnostics/landsat_composite_counterfactual/montiferru_2021/rasters/baseline_ndvi_2019_unique_date_valid_count.tif	30870	1786728208.3931252000
./outputs/diagnostics/landsat_composite_counterfactual/montiferru_2021/rasters/baseline_ndvi_2020_date_balanced_median.tif	2559960	1786728232.2606648000
./outputs/diagnostics/landsat_composite_counterfactual/montiferru_2021/rasters/baseline_ndvi_2020_date_balanced_minus_scene_weighted.tif	7642	1786728252.0775321000
./outputs/diagnostics/landsat_composite_counterfactual/montiferru_2021/rasters/baseline_ndvi_2020_same_day_multiplicity.tif	7642	1786728246.1629180000
./outputs/diagnostics/landsat_composite_counterfactual/montiferru_2021/rasters/baseline_ndvi_2020_scene_valid_count.tif	39910	1786728237.8210107000
./outputs/diagnostics/landsat_composite_counterfactual/montiferru_2021/rasters/baseline_ndvi_2020_scene_weighted_median.tif	2559960	1786728223.3962905000
./outputs/diagnostics/landsat_composite_counterfactual/montiferru_2021/rasters/baseline_ndvi_2020_unique_date_valid_count.tif	39910	1786728242.5013439000
./outputs/diagnostics/landsat_composite_counterfactual/montiferru_2021/rasters/current_lst_date_balanced_median.tif	1995218	1786727903.0011667000
./outputs/diagnostics/landsat_composite_counterfactual/montiferru_2021/rasters/current_lst_date_balanced_minus_scene_weighted.tif	6742	1786727923.5826519000
./outputs/diagnostics/landsat_composite_counterfactual/montiferru_2021/rasters/current_lst_same_day_multiplicity.tif	6742	1786727918.6461713000
./outputs/diagnostics/landsat_composite_counterfactual/montiferru_2021/rasters/current_lst_scene_valid_count.tif	46642	1786727909.2728274000
./outputs/diagnostics/landsat_composite_counterfactual/montiferru_2021/rasters/current_lst_scene_weighted_median.tif	1995218	1786727897.4895697000
./outputs/diagnostics/landsat_composite_counterfactual/montiferru_2021/rasters/current_lst_unique_date_valid_count.tif	46642	1786727913.2527107000
./outputs/diagnostics/landsat_composite_counterfactual/montiferru_2021/rasters/current_ndvi_date_balanced_median.tif	2559198	1786728103.8277352000
./outputs/diagnostics/landsat_composite_counterfactual/montiferru_2021/rasters/current_ndvi_date_balanced_minus_scene_weighted.tif	8752	1786728119.7631069000
./outputs/diagnostics/landsat_composite_counterfactual/montiferru_2021/rasters/current_ndvi_same_day_multiplicity.tif	8752	1786728115.6464015000
./outputs/diagnostics/landsat_composite_counterfactual/montiferru_2021/rasters/current_ndvi_scene_valid_count.tif	58868	1786728108.9970081000
./outputs/diagnostics/landsat_composite_counterfactual/montiferru_2021/rasters/current_ndvi_scene_weighted_median.tif	2559198	1786728094.2832514000
./outputs/diagnostics/landsat_composite_counterfactual/montiferru_2021/rasters/current_ndvi_unique_date_valid_count.tif	58868	1786728113.4666996000
./outputs/diagnostics/landsat_composite_counterfactual/montiferru_2021/run_log.txt	438	1786728494.0024369000
./outputs/diagnostics/landsat_composite_counterfactual/montiferru_2021/scene_boundaries.geojson	24698216	1786728256.8941679000
./outputs/diagnostics/landsat_composite_counterfactual/montiferru_2021/scene_footprints.geojson	98376	1786728256.5340788000
./outputs/diagnostics/landsat_composite_counterfactual/montiferru_2021/scene_manifest.csv	6751	1786727890.0197083000
./outputs/diagnostics/landsat_composite_counterfactual/montiferru_2021/source_scene_metadata.json	267256	1786727890.0156999000
./outputs/diagnostics/landsat_composite_counterfactual/mugla_2021/_tiles/baseline_lst_2017_date_balanced_median/baseline_lst_2017_date_balanced_median_tile_r0_c0.tif	8273346	1786729154.2098450000
./outputs/diagnostics/landsat_composite_counterfactual/mugla_2021/_tiles/baseline_lst_2017_date_balanced_median/baseline_lst_2017_date_balanced_median_tile_r0_c1.tif	8778986	1786729198.1790645000
./outputs/diagnostics/landsat_composite_counterfactual/mugla_2021/_tiles/baseline_lst_2017_date_balanced_median/baseline_lst_2017_date_balanced_median_tile_r1_c0.tif	8914846	1786729243.7936627000
./outputs/diagnostics/landsat_composite_counterfactual/mugla_2021/_tiles/baseline_lst_2017_date_balanced_median/baseline_lst_2017_date_balanced_median_tile_r1_c1.tif	9529246	1786729265.6152036000
./outputs/diagnostics/landsat_composite_counterfactual/mugla_2021/_tiles/baseline_lst_2017_date_balanced_minus_scene_weighted/baseline_lst_2017_date_balanced_minus_scene_weighted_tile_r0_c0.tif	1953134	1786729703.0376256000
./outputs/diagnostics/landsat_composite_counterfactual/mugla_2021/_tiles/baseline_lst_2017_date_balanced_minus_scene_weighted/baseline_lst_2017_date_balanced_minus_scene_weighted_tile_r0_c1.tif	3649828	1786729756.9936656000
./outputs/diagnostics/landsat_composite_counterfactual/mugla_2021/_tiles/baseline_lst_2017_date_balanced_minus_scene_weighted/baseline_lst_2017_date_balanced_minus_scene_weighted_tile_r1_c0.tif	29956	1786729792.9946240000
./outputs/diagnostics/landsat_composite_counterfactual/mugla_2021/_tiles/baseline_lst_2017_date_balanced_minus_scene_weighted/baseline_lst_2017_date_balanced_minus_scene_weighted_tile_r1_c1.tif	238718	1786729811.3978224000
./outputs/diagnostics/landsat_composite_counterfactual/mugla_2021/_tiles/baseline_lst_2017_same_day_multiplicity/baseline_lst_2017_same_day_multiplicity_tile_r0_c0.tif	70234	1786729554.1640246000
./outputs/diagnostics/landsat_composite_counterfactual/mugla_2021/_tiles/baseline_lst_2017_same_day_multiplicity/baseline_lst_2017_same_day_multiplicity_tile_r0_c1.tif	103864	1786729605.7797841000
./outputs/diagnostics/landsat_composite_counterfactual/mugla_2021/_tiles/baseline_lst_2017_same_day_multiplicity/baseline_lst_2017_same_day_multiplicity_tile_r1_c0.tif	29956	1786729631.5508076000
./outputs/diagnostics/landsat_composite_counterfactual/mugla_2021/_tiles/baseline_lst_2017_same_day_multiplicity/baseline_lst_2017_same_day_multiplicity_tile_r1_c1.tif	34432	1786729662.9889131000
./outputs/diagnostics/landsat_composite_counterfactual/mugla_2021/_tiles/baseline_lst_2017_scene_valid_count/baseline_lst_2017_scene_valid_count_tile_r0_c0.tif	99478	1786729320.1415614000
./outputs/diagnostics/landsat_composite_counterfactual/mugla_2021/_tiles/baseline_lst_2017_scene_valid_count/baseline_lst_2017_scene_valid_count_tile_r0_c1.tif	189470	1786729361.6696382000
./outputs/diagnostics/landsat_composite_counterfactual/mugla_2021/_tiles/baseline_lst_2017_scene_valid_count/baseline_lst_2017_scene_valid_count_tile_r1_c0.tif	68304	1786729402.8143967000
./outputs/diagnostics/landsat_composite_counterfactual/mugla_2021/_tiles/baseline_lst_2017_scene_valid_count/baseline_lst_2017_scene_valid_count_tile_r1_c1.tif	111166	1786729418.7405663000
./outputs/diagnostics/landsat_composite_counterfactual/mugla_2021/_tiles/baseline_lst_2017_scene_weighted_median/baseline_lst_2017_scene_weighted_median_tile_r0_c0.tif	7632462	1786728924.9895871000
./outputs/diagnostics/landsat_composite_counterfactual/mugla_2021/_tiles/baseline_lst_2017_scene_weighted_median/baseline_lst_2017_scene_weighted_median_tile_r0_c1.tif	8655668	1786729003.3496425000
./outputs/diagnostics/landsat_composite_counterfactual/mugla_2021/_tiles/baseline_lst_2017_scene_weighted_median/baseline_lst_2017_scene_weighted_median_tile_r1_c0.tif	8914846	1786729043.2577750000
./outputs/diagnostics/landsat_composite_counterfactual/mugla_2021/_tiles/baseline_lst_2017_scene_weighted_median/baseline_lst_2017_scene_weighted_median_tile_r1_c1.tif	9534628	1786729091.3723398000
./outputs/diagnostics/landsat_composite_counterfactual/mugla_2021/_tiles/baseline_lst_2017_unique_date_valid_count/baseline_lst_2017_unique_date_valid_count_tile_r0_c0.tif	70660	1786729445.5465672000
./outputs/diagnostics/landsat_composite_counterfactual/mugla_2021/_tiles/baseline_lst_2017_unique_date_valid_count/baseline_lst_2017_unique_date_valid_count_tile_r0_c1.tif	139736	1786729475.3403206000
./outputs/diagnostics/landsat_composite_counterfactual/mugla_2021/_tiles/baseline_lst_2017_unique_date_valid_count/baseline_lst_2017_unique_date_valid_count_tile_r1_c0.tif	68304	1786729490.6272281000
./outputs/diagnostics/landsat_composite_counterfactual/mugla_2021/_tiles/baseline_lst_2017_unique_date_valid_count/baseline_lst_2017_unique_date_valid_count_tile_r1_c1.tif	108158	1786729505.1311460000
./outputs/diagnostics/landsat_composite_counterfactual/mugla_2021/_tiles/baseline_lst_2018_date_balanced_median/baseline_lst_2018_date_balanced_median_tile_r0_c0.tif	8090142	1786730037.4799231000
./outputs/diagnostics/landsat_composite_counterfactual/mugla_2021/_tiles/baseline_lst_2018_date_balanced_median/baseline_lst_2018_date_balanced_median_tile_r0_c1.tif	9007856	1786730072.0470161000
./outputs/diagnostics/landsat_composite_counterfactual/mugla_2021/_tiles/baseline_lst_2018_date_balanced_median/baseline_lst_2018_date_balanced_median_tile_r1_c0.tif	8711738	1786730100.5824376000
./outputs/diagnostics/landsat_composite_counterfactual/mugla_2021/_tiles/baseline_lst_2018_date_balanced_median/baseline_lst_2018_date_balanced_median_tile_r1_c1.tif	9531694	1786730127.9654952000
./outputs/diagnostics/landsat_composite_counterfactual/mugla_2021/_tiles/baseline_lst_2018_date_balanced_minus_scene_weighted/baseline_lst_2018_date_balanced_minus_scene_weighted_tile_r0_c0.tif	1454574	1786730466.1874616000
./outputs/diagnostics/landsat_composite_counterfactual/mugla_2021/_tiles/baseline_lst_2018_date_balanced_minus_scene_weighted/baseline_lst_2018_date_balanced_minus_scene_weighted_tile_r0_c1.tif	4946344	1786730511.9874203000
./outputs/diagnostics/landsat_composite_counterfactual/mugla_2021/_tiles/baseline_lst_2018_date_balanced_minus_scene_weighted/baseline_lst_2018_date_balanced_minus_scene_weighted_tile_r1_c0.tif	31000	1786730553.2045217000
./outputs/diagnostics/landsat_composite_counterfactual/mugla_2021/_tiles/baseline_lst_2018_date_balanced_minus_scene_weighted/baseline_lst_2018_date_balanced_minus_scene_weighted_tile_r1_c1.tif	269254	1786730607.0300238000
./outputs/diagnostics/landsat_composite_counterfactual/mugla_2021/_tiles/baseline_lst_2018_same_day_multiplicity/baseline_lst_2018_same_day_multiplicity_tile_r0_c0.tif	108708	1786730371.7236574000
./outputs/diagnostics/landsat_composite_counterfactual/mugla_2021/_tiles/baseline_lst_2018_same_day_multiplicity/baseline_lst_2018_same_day_multiplicity_tile_r0_c1.tif	132926	1786730392.3520779000
./outputs/diagnostics/landsat_composite_counterfactual/mugla_2021/_tiles/baseline_lst_2018_same_day_multiplicity/baseline_lst_2018_same_day_multiplicity_tile_r1_c0.tif	31000	1786730404.2688123000
./outputs/diagnostics/landsat_composite_counterfactual/mugla_2021/_tiles/baseline_lst_2018_same_day_multiplicity/baseline_lst_2018_same_day_multiplicity_tile_r1_c1.tif	36810	1786730419.1109817000
./outputs/diagnostics/landsat_composite_counterfactual/mugla_2021/_tiles/baseline_lst_2018_scene_valid_count/baseline_lst_2018_scene_valid_count_tile_r0_c0.tif	152278	1786730166.1222249000
./outputs/diagnostics/landsat_composite_counterfactual/mugla_2021/_tiles/baseline_lst_2018_scene_valid_count/baseline_lst_2018_scene_valid_count_tile_r0_c1.tif	235506	1786730195.6676694000
./outputs/diagnostics/landsat_composite_counterfactual/mugla_2021/_tiles/baseline_lst_2018_scene_valid_count/baseline_lst_2018_scene_valid_count_tile_r1_c0.tif	119826	1786730212.5934122000
./outputs/diagnostics/landsat_composite_counterfactual/mugla_2021/_tiles/baseline_lst_2018_scene_valid_count/baseline_lst_2018_scene_valid_count_tile_r1_c1.tif	168512	1786730243.7311636000
./outputs/diagnostics/landsat_composite_counterfactual/mugla_2021/_tiles/baseline_lst_2018_scene_weighted_median/baseline_lst_2018_scene_weighted_median_tile_r0_c0.tif	7674854	1786729844.2517107000
./outputs/diagnostics/landsat_composite_counterfactual/mugla_2021/_tiles/baseline_lst_2018_scene_weighted_median/baseline_lst_2018_scene_weighted_median_tile_r0_c1.tif	8457132	1786729881.8969136000
./outputs/diagnostics/landsat_composite_counterfactual/mugla_2021/_tiles/baseline_lst_2018_scene_weighted_median/baseline_lst_2018_scene_weighted_median_tile_r1_c0.tif	8711738	1786729934.7747561000
./outputs/diagnostics/landsat_composite_counterfactual/mugla_2021/_tiles/baseline_lst_2018_scene_weighted_median/baseline_lst_2018_scene_weighted_median_tile_r1_c1.tif	9503520	1786729992.3083088000
./outputs/diagnostics/landsat_composite_counterfactual/mugla_2021/_tiles/baseline_lst_2018_unique_date_valid_count/baseline_lst_2018_unique_date_valid_count_tile_r0_c0.tif	100698	1786730268.2065949000
./outputs/diagnostics/landsat_composite_counterfactual/mugla_2021/_tiles/baseline_lst_2018_unique_date_valid_count/baseline_lst_2018_unique_date_valid_count_tile_r0_c1.tif	162718	1786730290.0363258000
./outputs/diagnostics/landsat_composite_counterfactual/mugla_2021/_tiles/baseline_lst_2018_unique_date_valid_count/baseline_lst_2018_unique_date_valid_count_tile_r1_c0.tif	119826	1786730303.5327226000
./outputs/diagnostics/landsat_composite_counterfactual/mugla_2021/_tiles/baseline_lst_2018_unique_date_valid_count/baseline_lst_2018_unique_date_valid_count_tile_r1_c1.tif	163934	1786730330.2541401000
./outputs/diagnostics/landsat_composite_counterfactual/mugla_2021/_tiles/baseline_lst_2019_date_balanced_median/baseline_lst_2019_date_balanced_median_tile_r0_c0.tif	7504842	1786730850.0762112000
./outputs/diagnostics/landsat_composite_counterfactual/mugla_2021/_tiles/baseline_lst_2019_date_balanced_median/baseline_lst_2019_date_balanced_median_tile_r0_c1.tif	8970712	1786730915.7470702000
./outputs/diagnostics/landsat_composite_counterfactual/mugla_2021/_tiles/baseline_lst_2019_date_balanced_median/baseline_lst_2019_date_balanced_median_tile_r1_c0.tif	8225940	1786730950.1004670000
./outputs/diagnostics/landsat_composite_counterfactual/mugla_2021/_tiles/baseline_lst_2019_date_balanced_median/baseline_lst_2019_date_balanced_median_tile_r1_c1.tif	9325504	1786730979.8466899000
./outputs/diagnostics/landsat_composite_counterfactual/mugla_2021/_tiles/baseline_lst_2019_date_balanced_minus_scene_weighted/baseline_lst_2019_date_balanced_minus_scene_weighted_tile_r0_c0.tif	676348	1786731311.1312785000
./outputs/diagnostics/landsat_composite_counterfactual/mugla_2021/_tiles/baseline_lst_2019_date_balanced_minus_scene_weighted/baseline_lst_2019_date_balanced_minus_scene_weighted_tile_r0_c1.tif	4493720	1786731359.3627757000
./outputs/diagnostics/landsat_composite_counterfactual/mugla_2021/_tiles/baseline_lst_2019_date_balanced_minus_scene_weighted/baseline_lst_2019_date_balanced_minus_scene_weighted_tile_r1_c0.tif	30758	1786731381.8707837000
./outputs/diagnostics/landsat_composite_counterfactual/mugla_2021/_tiles/baseline_lst_2019_date_balanced_minus_scene_weighted/baseline_lst_2019_date_balanced_minus_scene_weighted_tile_r1_c1.tif	245418	1786731410.7721147000
./outputs/diagnostics/landsat_composite_counterfactual/mugla_2021/_tiles/baseline_lst_2019_same_day_multiplicity/baseline_lst_2019_same_day_multiplicity_tile_r0_c0.tif	79878	1786731192.4372451000
./outputs/diagnostics/landsat_composite_counterfactual/mugla_2021/_tiles/baseline_lst_2019_same_day_multiplicity/baseline_lst_2019_same_day_multiplicity_tile_r0_c1.tif	96692	1786731242.9225789000
./outputs/diagnostics/landsat_composite_counterfactual/mugla_2021/_tiles/baseline_lst_2019_same_day_multiplicity/baseline_lst_2019_same_day_multiplicity_tile_r1_c0.tif	30758	1786731262.4934323000
./outputs/diagnostics/landsat_composite_counterfactual/mugla_2021/_tiles/baseline_lst_2019_same_day_multiplicity/baseline_lst_2019_same_day_multiplicity_tile_r1_c1.tif	34240	1786731281.3012358000
./outputs/diagnostics/landsat_composite_counterfactual/mugla_2021/_tiles/baseline_lst_2019_scene_valid_count/baseline_lst_2019_scene_valid_count_tile_r0_c0.tif	103140	1786731011.5090184000
./outputs/diagnostics/landsat_composite_counterfactual/mugla_2021/_tiles/baseline_lst_2019_scene_valid_count/baseline_lst_2019_scene_valid_count_tile_r0_c1.tif	186176	1786731032.6719426000
./outputs/diagnostics/landsat_composite_counterfactual/mugla_2021/_tiles/baseline_lst_2019_scene_valid_count/baseline_lst_2019_scene_valid_count_tile_r1_c0.tif	85524	1786731046.9846437000
./outputs/diagnostics/landsat_composite_counterfactual/mugla_2021/_tiles/baseline_lst_2019_scene_valid_count/baseline_lst_2019_scene_valid_count_tile_r1_c1.tif	163970	1786731074.9319929000
./outputs/diagnostics/landsat_composite_counterfactual/mugla_2021/_tiles/baseline_lst_2019_scene_weighted_median/baseline_lst_2019_scene_weighted_median_tile_r0_c0.tif	7458724	1786730661.6005142000
./outputs/diagnostics/landsat_composite_counterfactual/mugla_2021/_tiles/baseline_lst_2019_scene_weighted_median/baseline_lst_2019_scene_weighted_median_tile_r0_c1.tif	8521626	1786730716.7937326000
./outputs/diagnostics/landsat_composite_counterfactual/mugla_2021/_tiles/baseline_lst_2019_scene_weighted_median/baseline_lst_2019_scene_weighted_median_tile_r1_c0.tif	8225940	1786730738.3609575000
./outputs/diagnostics/landsat_composite_counterfactual/mugla_2021/_tiles/baseline_lst_2019_scene_weighted_median/baseline_lst_2019_scene_weighted_median_tile_r1_c1.tif	9294814	1786730792.0582142000
./outputs/diagnostics/landsat_composite_counterfactual/mugla_2021/_tiles/baseline_lst_2019_unique_date_valid_count/baseline_lst_2019_unique_date_valid_count_tile_r0_c0.tif	68510	1786731094.8890375000
./outputs/diagnostics/landsat_composite_counterfactual/mugla_2021/_tiles/baseline_lst_2019_unique_date_valid_count/baseline_lst_2019_unique_date_valid_count_tile_r0_c1.tif	136642	1786731120.2358563000
./outputs/diagnostics/landsat_composite_counterfactual/mugla_2021/_tiles/baseline_lst_2019_unique_date_valid_count/baseline_lst_2019_unique_date_valid_count_tile_r1_c0.tif	85524	1786731139.9001190000
./outputs/diagnostics/landsat_composite_counterfactual/mugla_2021/_tiles/baseline_lst_2019_unique_date_valid_count/baseline_lst_2019_unique_date_valid_count_tile_r1_c1.tif	160922	1786731168.4217810000
./outputs/diagnostics/landsat_composite_counterfactual/mugla_2021/_tiles/baseline_lst_2020_date_balanced_median/baseline_lst_2020_date_balanced_median_tile_r0_c0.tif	7448590	1786731645.6201482000
./outputs/diagnostics/landsat_composite_counterfactual/mugla_2021/_tiles/baseline_lst_2020_date_balanced_median/baseline_lst_2020_date_balanced_median_tile_r0_c1.tif	8969056	1786731686.7536981000
./outputs/diagnostics/landsat_composite_counterfactual/mugla_2021/_tiles/baseline_lst_2020_date_balanced_median/baseline_lst_2020_date_balanced_median_tile_r1_c0.tif	8223778	1786731716.5977514000
./outputs/diagnostics/landsat_composite_counterfactual/mugla_2021/_tiles/baseline_lst_2020_date_balanced_median/baseline_lst_2020_date_balanced_median_tile_r1_c1.tif	9359314	1786731745.3603083000
./outputs/diagnostics/landsat_composite_counterfactual/mugla_2021/_tiles/baseline_lst_2020_date_balanced_minus_scene_weighted/baseline_lst_2020_date_balanced_minus_scene_weighted_tile_r0_c0.tif	342272	1786732098.4626280000
./outputs/diagnostics/landsat_composite_counterfactual/mugla_2021/_tiles/baseline_lst_2020_date_balanced_minus_scene_weighted/baseline_lst_2020_date_balanced_minus_scene_weighted_tile_r0_c1.tif	2591500	1786732174.6083223000
./outputs/diagnostics/landsat_composite_counterfactual/mugla_2021/_tiles/baseline_lst_2020_date_balanced_minus_scene_weighted/baseline_lst_2020_date_balanced_minus_scene_weighted_tile_r1_c0.tif	29726	1786732196.5844491000
./outputs/diagnostics/landsat_composite_counterfactual/mugla_2021/_tiles/baseline_lst_2020_date_balanced_minus_scene_weighted/baseline_lst_2020_date_balanced_minus_scene_weighted_tile_r1_c1.tif	181290	1786732221.8986128000
./outputs/diagnostics/landsat_composite_counterfactual/mugla_2021/_tiles/baseline_lst_2020_same_day_multiplicity/baseline_lst_2020_same_day_multiplicity_tile_r0_c0.tif	65270	1786731979.1299688000
./outputs/diagnostics/landsat_composite_counterfactual/mugla_2021/_tiles/baseline_lst_2020_same_day_multiplicity/baseline_lst_2020_same_day_multiplicity_tile_r0_c1.tif	112738	1786732028.3782418000
./outputs/diagnostics/landsat_composite_counterfactual/mugla_2021/_tiles/baseline_lst_2020_same_day_multiplicity/baseline_lst_2020_same_day_multiplicity_tile_r1_c0.tif	29726	1786732052.5939015000
./outputs/diagnostics/landsat_composite_counterfactual/mugla_2021/_tiles/baseline_lst_2020_same_day_multiplicity/baseline_lst_2020_same_day_multiplicity_tile_r1_c1.tif	36084	1786732075.0591408000
./outputs/diagnostics/landsat_composite_counterfactual/mugla_2021/_tiles/baseline_lst_2020_scene_valid_count/baseline_lst_2020_scene_valid_count_tile_r0_c0.tif	80924	1786731771.2936163000
./outputs/diagnostics/landsat_composite_counterfactual/mugla_2021/_tiles/baseline_lst_2020_scene_valid_count/baseline_lst_2020_scene_valid_count_tile_r0_c1.tif	199958	1786731822.0969621000
./outputs/diagnostics/landsat_composite_counterfactual/mugla_2021/_tiles/baseline_lst_2020_scene_valid_count/baseline_lst_2020_scene_valid_count_tile_r1_c0.tif	76246	1786731832.6965641000
./outputs/diagnostics/landsat_composite_counterfactual/mugla_2021/_tiles/baseline_lst_2020_scene_valid_count/baseline_lst_2020_scene_valid_count_tile_r1_c1.tif	125002	1786731864.6221123000
./outputs/diagnostics/landsat_composite_counterfactual/mugla_2021/_tiles/baseline_lst_2020_scene_weighted_median/baseline_lst_2020_scene_weighted_median_tile_r0_c0.tif	7414614	1786731458.8493195000
./outputs/diagnostics/landsat_composite_counterfactual/mugla_2021/_tiles/baseline_lst_2020_scene_weighted_median/baseline_lst_2020_scene_weighted_median_tile_r0_c1.tif	8499472	1786731502.9075563000
./outputs/diagnostics/landsat_composite_counterfactual/mugla_2021/_tiles/baseline_lst_2020_scene_weighted_median/baseline_lst_2020_scene_weighted_median_tile_r1_c0.tif	8223778	1786731546.8219200000
./outputs/diagnostics/landsat_composite_counterfactual/mugla_2021/_tiles/baseline_lst_2020_scene_weighted_median/baseline_lst_2020_scene_weighted_median_tile_r1_c1.tif	9335862	1786731598.0061288000
./outputs/diagnostics/landsat_composite_counterfactual/mugla_2021/_tiles/baseline_lst_2020_unique_date_valid_count/baseline_lst_2020_unique_date_valid_count_tile_r0_c0.tif	59028	1786731882.5565616000
./outputs/diagnostics/landsat_composite_counterfactual/mugla_2021/_tiles/baseline_lst_2020_unique_date_valid_count/baseline_lst_2020_unique_date_valid_count_tile_r0_c1.tif	150584	1786731907.9550510000
./outputs/diagnostics/landsat_composite_counterfactual/mugla_2021/_tiles/baseline_lst_2020_unique_date_valid_count/baseline_lst_2020_unique_date_valid_count_tile_r1_c0.tif	76246	1786731921.4006115000
./outputs/diagnostics/landsat_composite_counterfactual/mugla_2021/_tiles/baseline_lst_2020_unique_date_valid_count/baseline_lst_2020_unique_date_valid_count_tile_r1_c1.tif	121918	1786731942.2374022000
./outputs/diagnostics/landsat_composite_counterfactual/mugla_2021/_tiles/baseline_ndvi_2017_date_balanced_median/baseline_ndvi_2017_date_balanced_median_tile_r0_c0.tif	15519950	1786733371.1466869000
./outputs/diagnostics/landsat_composite_counterfactual/mugla_2021/_tiles/baseline_ndvi_2017_date_balanced_median/baseline_ndvi_2017_date_balanced_median_tile_r0_c1.tif	15457530	1786733401.1184501000
./outputs/diagnostics/landsat_composite_counterfactual/mugla_2021/_tiles/baseline_ndvi_2017_date_balanced_median/baseline_ndvi_2017_date_balanced_median_tile_r1_c0.tif	15465088	1786733437.2352798000
./outputs/diagnostics/landsat_composite_counterfactual/mugla_2021/_tiles/baseline_ndvi_2017_date_balanced_median/baseline_ndvi_2017_date_balanced_median_tile_r1_c1.tif	15328868	1786733475.4280104000
./outputs/diagnostics/landsat_composite_counterfactual/mugla_2021/_tiles/baseline_ndvi_2017_date_balanced_minus_scene_weighted/baseline_ndvi_2017_date_balanced_minus_scene_weighted_tile_r0_c0.tif	2515666	1786733947.4594284000
./outputs/diagnostics/landsat_composite_counterfactual/mugla_2021/_tiles/baseline_ndvi_2017_date_balanced_minus_scene_weighted/baseline_ndvi_2017_date_balanced_minus_scene_weighted_tile_r0_c1.tif	3600638	1786733956.5002951000
./outputs/diagnostics/landsat_composite_counterfactual/mugla_2021/_tiles/baseline_ndvi_2017_date_balanced_minus_scene_weighted/baseline_ndvi_2017_date_balanced_minus_scene_weighted_tile_r0_c2.tif	3598110	1786733975.2824936000
./outputs/diagnostics/landsat_composite_counterfactual/mugla_2021/_tiles/baseline_ndvi_2017_date_balanced_minus_scene_weighted/baseline_ndvi_2017_date_balanced_minus_scene_weighted_tile_r0_c3.tif	1992928	1786733990.4984830000
./outputs/diagnostics/landsat_composite_counterfactual/mugla_2021/_tiles/baseline_ndvi_2017_date_balanced_minus_scene_weighted/baseline_ndvi_2017_date_balanced_minus_scene_weighted_tile_r1_c0.tif	2429150	1786734000.5125428000
./outputs/diagnostics/landsat_composite_counterfactual/mugla_2021/_tiles/baseline_ndvi_2017_date_balanced_minus_scene_weighted/baseline_ndvi_2017_date_balanced_minus_scene_weighted_tile_r1_c1.tif	1075844	1786734011.3478478000
./outputs/diagnostics/landsat_composite_counterfactual/mugla_2021/_tiles/baseline_ndvi_2017_date_balanced_minus_scene_weighted/baseline_ndvi_2017_date_balanced_minus_scene_weighted_tile_r1_c2.tif	2886240	1786734024.1224202000
./outputs/diagnostics/landsat_composite_counterfactual/mugla_2021/_tiles/baseline_ndvi_2017_date_balanced_minus_scene_weighted/baseline_ndvi_2017_date_balanced_minus_scene_weighted_tile_r1_c3.tif	2126254	1786734034.9817434000
./outputs/diagnostics/landsat_composite_counterfactual/mugla_2021/_tiles/baseline_ndvi_2017_date_balanced_minus_scene_weighted/baseline_ndvi_2017_date_balanced_minus_scene_weighted_tile_r2_c0.tif	10800	1786734046.8696928000
./outputs/diagnostics/landsat_composite_counterfactual/mugla_2021/_tiles/baseline_ndvi_2017_date_balanced_minus_scene_weighted/baseline_ndvi_2017_date_balanced_minus_scene_weighted_tile_r2_c1.tif	9016	1786734055.3035530000
./outputs/diagnostics/landsat_composite_counterfactual/mugla_2021/_tiles/baseline_ndvi_2017_date_balanced_minus_scene_weighted/baseline_ndvi_2017_date_balanced_minus_scene_weighted_tile_r2_c2.tif	413238	1786734063.5141350000
./outputs/diagnostics/landsat_composite_counterfactual/mugla_2021/_tiles/baseline_ndvi_2017_date_balanced_minus_scene_weighted/baseline_ndvi_2017_date_balanced_minus_scene_weighted_tile_r2_c3.tif	15628	1786734075.7855760000
./outputs/diagnostics/landsat_composite_counterfactual/mugla_2021/_tiles/baseline_ndvi_2017_date_balanced_minus_scene_weighted/baseline_ndvi_2017_date_balanced_minus_scene_weighted_tile_r3_c0.tif	13724	1786734083.0313624000
./outputs/diagnostics/landsat_composite_counterfactual/mugla_2021/_tiles/baseline_ndvi_2017_date_balanced_minus_scene_weighted/baseline_ndvi_2017_date_balanced_minus_scene_weighted_tile_r3_c1.tif	9076	1786734092.4591745000
./outputs/diagnostics/landsat_composite_counterfactual/mugla_2021/_tiles/baseline_ndvi_2017_date_balanced_minus_scene_weighted/baseline_ndvi_2017_date_balanced_minus_scene_weighted_tile_r3_c2.tif	9008	1786734100.9766058000
./outputs/diagnostics/landsat_composite_counterfactual/mugla_2021/_tiles/baseline_ndvi_2017_date_balanced_minus_scene_weighted/baseline_ndvi_2017_date_balanced_minus_scene_weighted_tile_r3_c3.tif	8992	1786734110.2728998000
./outputs/diagnostics/landsat_composite_counterfactual/mugla_2021/_tiles/baseline_ndvi_2017_same_day_multiplicity/baseline_ndvi_2017_same_day_multiplicity_tile_r0_c0.tif	213458	1786733796.5233578000
./outputs/diagnostics/landsat_composite_counterfactual/mugla_2021/_tiles/baseline_ndvi_2017_same_day_multiplicity/baseline_ndvi_2017_same_day_multiplicity_tile_r0_c1.tif	224188	1786733805.1729966000
./outputs/diagnostics/landsat_composite_counterfactual/mugla_2021/_tiles/baseline_ndvi_2017_same_day_multiplicity/baseline_ndvi_2017_same_day_multiplicity_tile_r0_c2.tif	158898	1786733817.2538734000
./outputs/diagnostics/landsat_composite_counterfactual/mugla_2021/_tiles/baseline_ndvi_2017_same_day_multiplicity/baseline_ndvi_2017_same_day_multiplicity_tile_r0_c3.tif	120838	1786733828.0381624000
./outputs/diagnostics/landsat_composite_counterfactual/mugla_2021/_tiles/baseline_ndvi_2017_same_day_multiplicity/baseline_ndvi_2017_same_day_multiplicity_tile_r1_c0.tif	158068	1786733836.6741979000
./outputs/diagnostics/landsat_composite_counterfactual/mugla_2021/_tiles/baseline_ndvi_2017_same_day_multiplicity/baseline_ndvi_2017_same_day_multiplicity_tile_r1_c1.tif	60484	1786733844.3235577000
./outputs/diagnostics/landsat_composite_counterfactual/mugla_2021/_tiles/baseline_ndvi_2017_same_day_multiplicity/baseline_ndvi_2017_same_day_multiplicity_tile_r1_c2.tif	81628	1786733853.2360088000
./outputs/diagnostics/landsat_composite_counterfactual/mugla_2021/_tiles/baseline_ndvi_2017_same_day_multiplicity/baseline_ndvi_2017_same_day_multiplicity_tile_r1_c3.tif	39002	1786733860.5359922000
./outputs/diagnostics/landsat_composite_counterfactual/mugla_2021/_tiles/baseline_ndvi_2017_same_day_multiplicity/baseline_ndvi_2017_same_day_multiplicity_tile_r2_c0.tif	10800	1786733866.8013985000
./outputs/diagnostics/landsat_composite_counterfactual/mugla_2021/_tiles/baseline_ndvi_2017_same_day_multiplicity/baseline_ndvi_2017_same_day_multiplicity_tile_r2_c1.tif	9016	1786733873.7628140000
./outputs/diagnostics/landsat_composite_counterfactual/mugla_2021/_tiles/baseline_ndvi_2017_same_day_multiplicity/baseline_ndvi_2017_same_day_multiplicity_tile_r2_c2.tif	23620	1786733880.5889442000
./outputs/diagnostics/landsat_composite_counterfactual/mugla_2021/_tiles/baseline_ndvi_2017_same_day_multiplicity/baseline_ndvi_2017_same_day_multiplicity_tile_r2_c3.tif	9154	1786733887.2423137000
./outputs/diagnostics/landsat_composite_counterfactual/mugla_2021/_tiles/baseline_ndvi_2017_same_day_multiplicity/baseline_ndvi_2017_same_day_multiplicity_tile_r3_c0.tif	13724	1786733896.1218750000
./outputs/diagnostics/landsat_composite_counterfactual/mugla_2021/_tiles/baseline_ndvi_2017_same_day_multiplicity/baseline_ndvi_2017_same_day_multiplicity_tile_r3_c1.tif	9076	1786733903.1487135000
./outputs/diagnostics/landsat_composite_counterfactual/mugla_2021/_tiles/baseline_ndvi_2017_same_day_multiplicity/baseline_ndvi_2017_same_day_multiplicity_tile_r3_c2.tif	9008	1786733911.2837429000
./outputs/diagnostics/landsat_composite_counterfactual/mugla_2021/_tiles/baseline_ndvi_2017_same_day_multiplicity/baseline_ndvi_2017_same_day_multiplicity_tile_r3_c3.tif	8992	1786733925.0676791000
./outputs/diagnostics/landsat_composite_counterfactual/mugla_2021/_tiles/baseline_ndvi_2017_scene_valid_count/baseline_ndvi_2017_scene_valid_count_tile_r0_c0.tif	352384	1786733498.0253473000
./outputs/diagnostics/landsat_composite_counterfactual/mugla_2021/_tiles/baseline_ndvi_2017_scene_valid_count/baseline_ndvi_2017_scene_valid_count_tile_r0_c1.tif	286140	1786733507.6796461000
./outputs/diagnostics/landsat_composite_counterfactual/mugla_2021/_tiles/baseline_ndvi_2017_scene_valid_count/baseline_ndvi_2017_scene_valid_count_tile_r0_c2.tif	286382	1786733523.3327907000
./outputs/diagnostics/landsat_composite_counterfactual/mugla_2021/_tiles/baseline_ndvi_2017_scene_valid_count/baseline_ndvi_2017_scene_valid_count_tile_r0_c3.tif	238224	1786733536.1728398000
./outputs/diagnostics/landsat_composite_counterfactual/mugla_2021/_tiles/baseline_ndvi_2017_scene_valid_count/baseline_ndvi_2017_scene_valid_count_tile_r1_c0.tif	268618	1786733547.3540500000
./outputs/diagnostics/landsat_composite_counterfactual/mugla_2021/_tiles/baseline_ndvi_2017_scene_valid_count/baseline_ndvi_2017_scene_valid_count_tile_r1_c1.tif	214244	1786733554.4630343000
./outputs/diagnostics/landsat_composite_counterfactual/mugla_2021/_tiles/baseline_ndvi_2017_scene_valid_count/baseline_ndvi_2017_scene_valid_count_tile_r1_c2.tif	140136	1786733570.5570202000
./outputs/diagnostics/landsat_composite_counterfactual/mugla_2021/_tiles/baseline_ndvi_2017_scene_valid_count/baseline_ndvi_2017_scene_valid_count_tile_r1_c3.tif	58708	1786733582.8303523000
./outputs/diagnostics/landsat_composite_counterfactual/mugla_2021/_tiles/baseline_ndvi_2017_scene_valid_count/baseline_ndvi_2017_scene_valid_count_tile_r2_c0.tif	241748	1786733598.1003070000
./outputs/diagnostics/landsat_composite_counterfactual/mugla_2021/_tiles/baseline_ndvi_2017_scene_valid_count/baseline_ndvi_2017_scene_valid_count_tile_r2_c1.tif	14474	1786733603.2066556000
./outputs/diagnostics/landsat_composite_counterfactual/mugla_2021/_tiles/baseline_ndvi_2017_scene_valid_count/baseline_ndvi_2017_scene_valid_count_tile_r2_c2.tif	43848	1786733610.6240065000
./outputs/diagnostics/landsat_composite_counterfactual/mugla_2021/_tiles/baseline_ndvi_2017_scene_valid_count/baseline_ndvi_2017_scene_valid_count_tile_r2_c3.tif	31270	1786733618.0174896000
./outputs/diagnostics/landsat_composite_counterfactual/mugla_2021/_tiles/baseline_ndvi_2017_scene_valid_count/baseline_ndvi_2017_scene_valid_count_tile_r3_c0.tif	220028	1786733625.6866894000
./outputs/diagnostics/landsat_composite_counterfactual/mugla_2021/_tiles/baseline_ndvi_2017_scene_valid_count/baseline_ndvi_2017_scene_valid_count_tile_r3_c1.tif	14738	1786733631.4384044000
./outputs/diagnostics/landsat_composite_counterfactual/mugla_2021/_tiles/baseline_ndvi_2017_scene_valid_count/baseline_ndvi_2017_scene_valid_count_tile_r3_c2.tif	27492	1786733635.5600122000
./outputs/diagnostics/landsat_composite_counterfactual/mugla_2021/_tiles/baseline_ndvi_2017_scene_valid_count/baseline_ndvi_2017_scene_valid_count_tile_r3_c3.tif	31140	1786733643.6032275000
./outputs/diagnostics/landsat_composite_counterfactual/mugla_2021/_tiles/baseline_ndvi_2017_scene_weighted_median/baseline_ndvi_2017_scene_weighted_median_tile_r0_c0.tif	3934810	1786733212.5699037000
./outputs/diagnostics/landsat_composite_counterfactual/mugla_2021/_tiles/baseline_ndvi_2017_scene_weighted_median/baseline_ndvi_2017_scene_weighted_median_tile_r0_c1.tif	3892006	1786733219.2827928000
./outputs/diagnostics/landsat_composite_counterfactual/mugla_2021/_tiles/baseline_ndvi_2017_scene_weighted_median/baseline_ndvi_2017_scene_weighted_median_tile_r0_c2.tif	3897140	1786733232.5231448000
./outputs/diagnostics/landsat_composite_counterfactual/mugla_2021/_tiles/baseline_ndvi_2017_scene_weighted_median/baseline_ndvi_2017_scene_weighted_median_tile_r0_c3.tif	3838172	1786733238.9036546000
./outputs/diagnostics/landsat_composite_counterfactual/mugla_2021/_tiles/baseline_ndvi_2017_scene_weighted_median/baseline_ndvi_2017_scene_weighted_median_tile_r1_c0.tif	3847262	1786733246.0362333000
./outputs/diagnostics/landsat_composite_counterfactual/mugla_2021/_tiles/baseline_ndvi_2017_scene_weighted_median/baseline_ndvi_2017_scene_weighted_median_tile_r1_c1.tif	3812724	1786733251.3018867000
./outputs/diagnostics/landsat_composite_counterfactual/mugla_2021/_tiles/baseline_ndvi_2017_scene_weighted_median/baseline_ndvi_2017_scene_weighted_median_tile_r1_c2.tif	3880766	1786733261.6054134000
./outputs/diagnostics/landsat_composite_counterfactual/mugla_2021/_tiles/baseline_ndvi_2017_scene_weighted_median/baseline_ndvi_2017_scene_weighted_median_tile_r1_c3.tif	3865826	1786733269.0327882000
./outputs/diagnostics/landsat_composite_counterfactual/mugla_2021/_tiles/baseline_ndvi_2017_scene_weighted_median/baseline_ndvi_2017_scene_weighted_median_tile_r2_c0.tif	3912354	1786733274.2555659000
./outputs/diagnostics/landsat_composite_counterfactual/mugla_2021/_tiles/baseline_ndvi_2017_scene_weighted_median/baseline_ndvi_2017_scene_weighted_median_tile_r2_c1.tif	3846970	1786733279.3146533000
./outputs/diagnostics/landsat_composite_counterfactual/mugla_2021/_tiles/baseline_ndvi_2017_scene_weighted_median/baseline_ndvi_2017_scene_weighted_median_tile_r2_c2.tif	3844340	1786733288.6162831000
./outputs/diagnostics/landsat_composite_counterfactual/mugla_2021/_tiles/baseline_ndvi_2017_scene_weighted_median/baseline_ndvi_2017_scene_weighted_median_tile_r2_c3.tif	3845318	1786733296.4181672000
./outputs/diagnostics/landsat_composite_counterfactual/mugla_2021/_tiles/baseline_ndvi_2017_scene_weighted_median/baseline_ndvi_2017_scene_weighted_median_tile_r3_c0.tif	3891960	1786733303.1771804000
./outputs/diagnostics/landsat_composite_counterfactual/mugla_2021/_tiles/baseline_ndvi_2017_scene_weighted_median/baseline_ndvi_2017_scene_weighted_median_tile_r3_c1.tif	3843376	1786733310.3184219000
./outputs/diagnostics/landsat_composite_counterfactual/mugla_2021/_tiles/baseline_ndvi_2017_scene_weighted_median/baseline_ndvi_2017_scene_weighted_median_tile_r3_c2.tif	3828436	1786733318.7312444000
./outputs/diagnostics/landsat_composite_counterfactual/mugla_2021/_tiles/baseline_ndvi_2017_scene_weighted_median/baseline_ndvi_2017_scene_weighted_median_tile_r3_c3.tif	3843842	1786733325.9812476000
./outputs/diagnostics/landsat_composite_counterfactual/mugla_2021/_tiles/baseline_ndvi_2017_unique_date_valid_count/baseline_ndvi_2017_unique_date_valid_count_tile_r0_c0.tif	685256	1786733674.9395893000
./outputs/diagnostics/landsat_composite_counterfactual/mugla_2021/_tiles/baseline_ndvi_2017_unique_date_valid_count/baseline_ndvi_2017_unique_date_valid_count_tile_r0_c1.tif	511532	1786733703.5997742000
./outputs/diagnostics/landsat_composite_counterfactual/mugla_2021/_tiles/baseline_ndvi_2017_unique_date_valid_count/baseline_ndvi_2017_unique_date_valid_count_tile_r1_c0.tif	477202	1786733733.4395919000
./outputs/diagnostics/landsat_composite_counterfactual/mugla_2021/_tiles/baseline_ndvi_2017_unique_date_valid_count/baseline_ndvi_2017_unique_date_valid_count_tile_r1_c1.tif	114696	1786733763.9361765000
./outputs/diagnostics/landsat_composite_counterfactual/mugla_2021/_tiles/baseline_ndvi_2018_date_balanced_median/baseline_ndvi_2018_date_balanced_median_tile_r0_c0.tif	15332848	1786734282.1359463000
./outputs/diagnostics/landsat_composite_counterfactual/mugla_2021/_tiles/baseline_ndvi_2018_date_balanced_median/baseline_ndvi_2018_date_balanced_median_tile_r0_c1.tif	15579536	1786734303.6741700000
./outputs/diagnostics/landsat_composite_counterfactual/mugla_2021/_tiles/baseline_ndvi_2018_date_balanced_median/baseline_ndvi_2018_date_balanced_median_tile_r1_c0.tif	15257180	1786734374.0756436000
./outputs/diagnostics/landsat_composite_counterfactual/mugla_2021/_tiles/baseline_ndvi_2018_date_balanced_median/baseline_ndvi_2018_date_balanced_median_tile_r1_c1.tif	15310000	1786734399.6783398000
./outputs/diagnostics/landsat_composite_counterfactual/mugla_2021/_tiles/baseline_ndvi_2018_date_balanced_minus_scene_weighted/baseline_ndvi_2018_date_balanced_minus_scene_weighted_tile_r0_c0.tif	2029630	1786734822.9262273000
./outputs/diagnostics/landsat_composite_counterfactual/mugla_2021/_tiles/baseline_ndvi_2018_date_balanced_minus_scene_weighted/baseline_ndvi_2018_date_balanced_minus_scene_weighted_tile_r0_c1.tif	3244108	1786734835.5092003000
./outputs/diagnostics/landsat_composite_counterfactual/mugla_2021/_tiles/baseline_ndvi_2018_date_balanced_minus_scene_weighted/baseline_ndvi_2018_date_balanced_minus_scene_weighted_tile_r0_c2.tif	3740100	1786734849.4344320000
./outputs/diagnostics/landsat_composite_counterfactual/mugla_2021/_tiles/baseline_ndvi_2018_date_balanced_minus_scene_weighted/baseline_ndvi_2018_date_balanced_minus_scene_weighted_tile_r0_c3.tif	2664656	1786734857.4515084000
./outputs/diagnostics/landsat_composite_counterfactual/mugla_2021/_tiles/baseline_ndvi_2018_date_balanced_minus_scene_weighted/baseline_ndvi_2018_date_balanced_minus_scene_weighted_tile_r1_c0.tif	1979298	1786734892.9515432000
./outputs/diagnostics/landsat_composite_counterfactual/mugla_2021/_tiles/baseline_ndvi_2018_date_balanced_minus_scene_weighted/baseline_ndvi_2018_date_balanced_minus_scene_weighted_tile_r1_c1.tif	974066	1786734903.0212084000
./outputs/diagnostics/landsat_composite_counterfactual/mugla_2021/_tiles/baseline_ndvi_2018_date_balanced_minus_scene_weighted/baseline_ndvi_2018_date_balanced_minus_scene_weighted_tile_r1_c2.tif	2901876	1786734916.0723665000
./outputs/diagnostics/landsat_composite_counterfactual/mugla_2021/_tiles/baseline_ndvi_2018_date_balanced_minus_scene_weighted/baseline_ndvi_2018_date_balanced_minus_scene_weighted_tile_r1_c3.tif	2726242	1786734928.9256048000
./outputs/diagnostics/landsat_composite_counterfactual/mugla_2021/_tiles/baseline_ndvi_2018_date_balanced_minus_scene_weighted/baseline_ndvi_2018_date_balanced_minus_scene_weighted_tile_r2_c0.tif	34890	1786734936.4507460000
./outputs/diagnostics/landsat_composite_counterfactual/mugla_2021/_tiles/baseline_ndvi_2018_date_balanced_minus_scene_weighted/baseline_ndvi_2018_date_balanced_minus_scene_weighted_tile_r2_c1.tif	9180	1786734944.7055158000
./outputs/diagnostics/landsat_composite_counterfactual/mugla_2021/_tiles/baseline_ndvi_2018_date_balanced_minus_scene_weighted/baseline_ndvi_2018_date_balanced_minus_scene_weighted_tile_r2_c2.tif	440554	1786734953.5691544000
./outputs/diagnostics/landsat_composite_counterfactual/mugla_2021/_tiles/baseline_ndvi_2018_date_balanced_minus_scene_weighted/baseline_ndvi_2018_date_balanced_minus_scene_weighted_tile_r2_c3.tif	18624	1786734972.3968949000
./outputs/diagnostics/landsat_composite_counterfactual/mugla_2021/_tiles/baseline_ndvi_2018_date_balanced_minus_scene_weighted/baseline_ndvi_2018_date_balanced_minus_scene_weighted_tile_r3_c0.tif	17926	1786734979.4082837000
./outputs/diagnostics/landsat_composite_counterfactual/mugla_2021/_tiles/baseline_ndvi_2018_date_balanced_minus_scene_weighted/baseline_ndvi_2018_date_balanced_minus_scene_weighted_tile_r3_c1.tif	9282	1786734987.1949635000
./outputs/diagnostics/landsat_composite_counterfactual/mugla_2021/_tiles/baseline_ndvi_2018_date_balanced_minus_scene_weighted/baseline_ndvi_2018_date_balanced_minus_scene_weighted_tile_r3_c2.tif	9186	1786734998.8443489000
./outputs/diagnostics/landsat_composite_counterfactual/mugla_2021/_tiles/baseline_ndvi_2018_date_balanced_minus_scene_weighted/baseline_ndvi_2018_date_balanced_minus_scene_weighted_tile_r3_c3.tif	8992	1786735012.2176106000
./outputs/diagnostics/landsat_composite_counterfactual/mugla_2021/_tiles/baseline_ndvi_2018_same_day_multiplicity/baseline_ndvi_2018_same_day_multiplicity_tile_r0_c0.tif	171810	1786734659.4912924000
./outputs/diagnostics/landsat_composite_counterfactual/mugla_2021/_tiles/baseline_ndvi_2018_same_day_multiplicity/baseline_ndvi_2018_same_day_multiplicity_tile_r0_c1.tif	179300	1786734669.5060314000
./outputs/diagnostics/landsat_composite_counterfactual/mugla_2021/_tiles/baseline_ndvi_2018_same_day_multiplicity/baseline_ndvi_2018_same_day_multiplicity_tile_r0_c2.tif	141910	1786734680.7019189000
./outputs/diagnostics/landsat_composite_counterfactual/mugla_2021/_tiles/baseline_ndvi_2018_same_day_multiplicity/baseline_ndvi_2018_same_day_multiplicity_tile_r0_c3.tif	130524	1786734693.1744235000
./outputs/diagnostics/landsat_composite_counterfactual/mugla_2021/_tiles/baseline_ndvi_2018_same_day_multiplicity/baseline_ndvi_2018_same_day_multiplicity_tile_r1_c0.tif	163144	1786734701.3929264000
./outputs/diagnostics/landsat_composite_counterfactual/mugla_2021/_tiles/baseline_ndvi_2018_same_day_multiplicity/baseline_ndvi_2018_same_day_multiplicity_tile_r1_c1.tif	126484	1786734709.5707967000
./outputs/diagnostics/landsat_composite_counterfactual/mugla_2021/_tiles/baseline_ndvi_2018_same_day_multiplicity/baseline_ndvi_2018_same_day_multiplicity_tile_r1_c2.tif	74986	1786734722.1189973000
./outputs/diagnostics/landsat_composite_counterfactual/mugla_2021/_tiles/baseline_ndvi_2018_same_day_multiplicity/baseline_ndvi_2018_same_day_multiplicity_tile_r1_c3.tif	41580	1786734733.8386006000
./outputs/diagnostics/landsat_composite_counterfactual/mugla_2021/_tiles/baseline_ndvi_2018_same_day_multiplicity/baseline_ndvi_2018_same_day_multiplicity_tile_r2_c0.tif	34890	1786734741.2217074000
./outputs/diagnostics/landsat_composite_counterfactual/mugla_2021/_tiles/baseline_ndvi_2018_same_day_multiplicity/baseline_ndvi_2018_same_day_multiplicity_tile_r2_c1.tif	9180	1786734748.1927187000
./outputs/diagnostics/landsat_composite_counterfactual/mugla_2021/_tiles/baseline_ndvi_2018_same_day_multiplicity/baseline_ndvi_2018_same_day_multiplicity_tile_r2_c2.tif	25238	1786734762.3305908000
./outputs/diagnostics/landsat_composite_counterfactual/mugla_2021/_tiles/baseline_ndvi_2018_same_day_multiplicity/baseline_ndvi_2018_same_day_multiplicity_tile_r2_c3.tif	9234	1786734769.8081581000
./outputs/diagnostics/landsat_composite_counterfactual/mugla_2021/_tiles/baseline_ndvi_2018_same_day_multiplicity/baseline_ndvi_2018_same_day_multiplicity_tile_r3_c0.tif	17926	1786734776.3808185000
./outputs/diagnostics/landsat_composite_counterfactual/mugla_2021/_tiles/baseline_ndvi_2018_same_day_multiplicity/baseline_ndvi_2018_same_day_multiplicity_tile_r3_c1.tif	9282	1786734786.3179125000
./outputs/diagnostics/landsat_composite_counterfactual/mugla_2021/_tiles/baseline_ndvi_2018_same_day_multiplicity/baseline_ndvi_2018_same_day_multiplicity_tile_r3_c2.tif	9186	1786734796.0316146000
./outputs/diagnostics/landsat_composite_counterfactual/mugla_2021/_tiles/baseline_ndvi_2018_same_day_multiplicity/baseline_ndvi_2018_same_day_multiplicity_tile_r3_c3.tif	8992	1786734804.4821157000
./outputs/diagnostics/landsat_composite_counterfactual/mugla_2021/_tiles/baseline_ndvi_2018_scene_valid_count/baseline_ndvi_2018_scene_valid_count_tile_r0_c0.tif	273356	1786734420.5976197000
./outputs/diagnostics/landsat_composite_counterfactual/mugla_2021/_tiles/baseline_ndvi_2018_scene_valid_count/baseline_ndvi_2018_scene_valid_count_tile_r0_c1.tif	234914	1786734430.3267032000
./outputs/diagnostics/landsat_composite_counterfactual/mugla_2021/_tiles/baseline_ndvi_2018_scene_valid_count/baseline_ndvi_2018_scene_valid_count_tile_r0_c2.tif	300780	1786734442.0931555000
./outputs/diagnostics/landsat_composite_counterfactual/mugla_2021/_tiles/baseline_ndvi_2018_scene_valid_count/baseline_ndvi_2018_scene_valid_count_tile_r0_c3.tif	266414	1786734456.6047237000
./outputs/diagnostics/landsat_composite_counterfactual/mugla_2021/_tiles/baseline_ndvi_2018_scene_valid_count/baseline_ndvi_2018_scene_valid_count_tile_r1_c0.tif	217600	1786734464.8902488000
./outputs/diagnostics/landsat_composite_counterfactual/mugla_2021/_tiles/baseline_ndvi_2018_scene_valid_count/baseline_ndvi_2018_scene_valid_count_tile_r1_c1.tif	260420	1786734473.2287456000
./outputs/diagnostics/landsat_composite_counterfactual/mugla_2021/_tiles/baseline_ndvi_2018_scene_valid_count/baseline_ndvi_2018_scene_valid_count_tile_r1_c2.tif	141774	1786734482.7452633000
./outputs/diagnostics/landsat_composite_counterfactual/mugla_2021/_tiles/baseline_ndvi_2018_scene_valid_count/baseline_ndvi_2018_scene_valid_count_tile_r1_c3.tif	72568	1786734491.7759499000
./outputs/diagnostics/landsat_composite_counterfactual/mugla_2021/_tiles/baseline_ndvi_2018_scene_valid_count/baseline_ndvi_2018_scene_valid_count_tile_r2_c0.tif	143732	1786734498.4017968000
./outputs/diagnostics/landsat_composite_counterfactual/mugla_2021/_tiles/baseline_ndvi_2018_scene_valid_count/baseline_ndvi_2018_scene_valid_count_tile_r2_c1.tif	33990	1786734503.0860468000
./outputs/diagnostics/landsat_composite_counterfactual/mugla_2021/_tiles/baseline_ndvi_2018_scene_valid_count/baseline_ndvi_2018_scene_valid_count_tile_r2_c2.tif	69870	1786734510.9143712000
./outputs/diagnostics/landsat_composite_counterfactual/mugla_2021/_tiles/baseline_ndvi_2018_scene_valid_count/baseline_ndvi_2018_scene_valid_count_tile_r2_c3.tif	43472	1786734519.2612709000
./outputs/diagnostics/landsat_composite_counterfactual/mugla_2021/_tiles/baseline_ndvi_2018_scene_valid_count/baseline_ndvi_2018_scene_valid_count_tile_r3_c0.tif	163398	1786734524.4333624000
./outputs/diagnostics/landsat_composite_counterfactual/mugla_2021/_tiles/baseline_ndvi_2018_scene_valid_count/baseline_ndvi_2018_scene_valid_count_tile_r3_c1.tif	41712	1786734529.7793480000
./outputs/diagnostics/landsat_composite_counterfactual/mugla_2021/_tiles/baseline_ndvi_2018_scene_valid_count/baseline_ndvi_2018_scene_valid_count_tile_r3_c2.tif	50574	1786734533.5919247000
./outputs/diagnostics/landsat_composite_counterfactual/mugla_2021/_tiles/baseline_ndvi_2018_scene_valid_count/baseline_ndvi_2018_scene_valid_count_tile_r3_c3.tif	31476	1786734537.5866640000
./outputs/diagnostics/landsat_composite_counterfactual/mugla_2021/_tiles/baseline_ndvi_2018_scene_weighted_median/baseline_ndvi_2018_scene_weighted_median_tile_r0_c0.tif	3883876	1786734127.3735809000
./outputs/diagnostics/landsat_composite_counterfactual/mugla_2021/_tiles/baseline_ndvi_2018_scene_weighted_median/baseline_ndvi_2018_scene_weighted_median_tile_r0_c1.tif	3892258	1786734136.6225136000
./outputs/diagnostics/landsat_composite_counterfactual/mugla_2021/_tiles/baseline_ndvi_2018_scene_weighted_median/baseline_ndvi_2018_scene_weighted_median_tile_r0_c2.tif	3901010	1786734149.0220764000
./outputs/diagnostics/landsat_composite_counterfactual/mugla_2021/_tiles/baseline_ndvi_2018_scene_weighted_median/baseline_ndvi_2018_scene_weighted_median_tile_r0_c3.tif	3907704	1786734161.5009716000
./outputs/diagnostics/landsat_composite_counterfactual/mugla_2021/_tiles/baseline_ndvi_2018_scene_weighted_median/baseline_ndvi_2018_scene_weighted_median_tile_r1_c0.tif	3741684	1786734168.7980485000
./outputs/diagnostics/landsat_composite_counterfactual/mugla_2021/_tiles/baseline_ndvi_2018_scene_weighted_median/baseline_ndvi_2018_scene_weighted_median_tile_r1_c1.tif	3714370	1786734177.5890795000
./outputs/diagnostics/landsat_composite_counterfactual/mugla_2021/_tiles/baseline_ndvi_2018_scene_weighted_median/baseline_ndvi_2018_scene_weighted_median_tile_r1_c2.tif	3868456	1786734188.5817011000
./outputs/diagnostics/landsat_composite_counterfactual/mugla_2021/_tiles/baseline_ndvi_2018_scene_weighted_median/baseline_ndvi_2018_scene_weighted_median_tile_r1_c3.tif	3858488	1786734195.0107409000
./outputs/diagnostics/landsat_composite_counterfactual/mugla_2021/_tiles/baseline_ndvi_2018_scene_weighted_median/baseline_ndvi_2018_scene_weighted_median_tile_r2_c0.tif	3717752	1786734201.7771842000
./outputs/diagnostics/landsat_composite_counterfactual/mugla_2021/_tiles/baseline_ndvi_2018_scene_weighted_median/baseline_ndvi_2018_scene_weighted_median_tile_r2_c1.tif	3842524	1786734210.2841858000
./outputs/diagnostics/landsat_composite_counterfactual/mugla_2021/_tiles/baseline_ndvi_2018_scene_weighted_median/baseline_ndvi_2018_scene_weighted_median_tile_r2_c2.tif	3839474	1786734219.4316346000
./outputs/diagnostics/landsat_composite_counterfactual/mugla_2021/_tiles/baseline_ndvi_2018_scene_weighted_median/baseline_ndvi_2018_scene_weighted_median_tile_r2_c3.tif	3839144	1786734227.7548424000
./outputs/diagnostics/landsat_composite_counterfactual/mugla_2021/_tiles/baseline_ndvi_2018_scene_weighted_median/baseline_ndvi_2018_scene_weighted_median_tile_r3_c0.tif	3886060	1786734234.6010976000
./outputs/diagnostics/landsat_composite_counterfactual/mugla_2021/_tiles/baseline_ndvi_2018_scene_weighted_median/baseline_ndvi_2018_scene_weighted_median_tile_r3_c1.tif	3838626	1786734243.2294515000
./outputs/diagnostics/landsat_composite_counterfactual/mugla_2021/_tiles/baseline_ndvi_2018_scene_weighted_median/baseline_ndvi_2018_scene_weighted_median_tile_r3_c2.tif	3822830	1786734249.8367309000
./outputs/diagnostics/landsat_composite_counterfactual/mugla_2021/_tiles/baseline_ndvi_2018_scene_weighted_median/baseline_ndvi_2018_scene_weighted_median_tile_r3_c3.tif	3841116	1786734255.4913815000
./outputs/diagnostics/landsat_composite_counterfactual/mugla_2021/_tiles/baseline_ndvi_2018_unique_date_valid_count/baseline_ndvi_2018_unique_date_valid_count_tile_r0_c0.tif	567888	1786734557.6736335000
./outputs/diagnostics/landsat_composite_counterfactual/mugla_2021/_tiles/baseline_ndvi_2018_unique_date_valid_count/baseline_ndvi_2018_unique_date_valid_count_tile_r0_c1.tif	582176	1786734584.7626394000
./outputs/diagnostics/landsat_composite_counterfactual/mugla_2021/_tiles/baseline_ndvi_2018_unique_date_valid_count/baseline_ndvi_2018_unique_date_valid_count_tile_r1_c0.tif	371122	1786734614.4432291000
./outputs/diagnostics/landsat_composite_counterfactual/mugla_2021/_tiles/baseline_ndvi_2018_unique_date_valid_count/baseline_ndvi_2018_unique_date_valid_count_tile_r1_c1.tif	175234	1786734638.3150589000
./outputs/diagnostics/landsat_composite_counterfactual/mugla_2021/_tiles/baseline_ndvi_2019_date_balanced_median/baseline_ndvi_2019_date_balanced_median_tile_r0_c0.tif	15244524	1786735198.3158848000
./outputs/diagnostics/landsat_composite_counterfactual/mugla_2021/_tiles/baseline_ndvi_2019_date_balanced_median/baseline_ndvi_2019_date_balanced_median_tile_r0_c1.tif	15617372	1786735231.7522580000
./outputs/diagnostics/landsat_composite_counterfactual/mugla_2021/_tiles/baseline_ndvi_2019_date_balanced_median/baseline_ndvi_2019_date_balanced_median_tile_r1_c0.tif	15266522	1786735257.0117463000
./outputs/diagnostics/landsat_composite_counterfactual/mugla_2021/_tiles/baseline_ndvi_2019_date_balanced_median/baseline_ndvi_2019_date_balanced_median_tile_r1_c1.tif	15305386	1786735283.5366757000
./outputs/diagnostics/landsat_composite_counterfactual/mugla_2021/_tiles/baseline_ndvi_2019_date_balanced_minus_scene_weighted/baseline_ndvi_2019_date_balanced_minus_scene_weighted_tile_r0_c0.tif	2005112	1786735713.4438084000
./outputs/diagnostics/landsat_composite_counterfactual/mugla_2021/_tiles/baseline_ndvi_2019_date_balanced_minus_scene_weighted/baseline_ndvi_2019_date_balanced_minus_scene_weighted_tile_r0_c1.tif	3138956	1786735730.4878691000
./outputs/diagnostics/landsat_composite_counterfactual/mugla_2021/_tiles/baseline_ndvi_2019_date_balanced_minus_scene_weighted/baseline_ndvi_2019_date_balanced_minus_scene_weighted_tile_r0_c2.tif	3655624	1786735748.2906705000
./outputs/diagnostics/landsat_composite_counterfactual/mugla_2021/_tiles/baseline_ndvi_2019_date_balanced_minus_scene_weighted/baseline_ndvi_2019_date_balanced_minus_scene_weighted_tile_r0_c3.tif	2710348	1786735770.4932187000
./outputs/diagnostics/landsat_composite_counterfactual/mugla_2021/_tiles/baseline_ndvi_2019_date_balanced_minus_scene_weighted/baseline_ndvi_2019_date_balanced_minus_scene_weighted_tile_r1_c0.tif	1864284	1786735791.6518286000
./outputs/diagnostics/landsat_composite_counterfactual/mugla_2021/_tiles/baseline_ndvi_2019_date_balanced_minus_scene_weighted/baseline_ndvi_2019_date_balanced_minus_scene_weighted_tile_r1_c1.tif	987544	1786735799.9473922000
./outputs/diagnostics/landsat_composite_counterfactual/mugla_2021/_tiles/baseline_ndvi_2019_date_balanced_minus_scene_weighted/baseline_ndvi_2019_date_balanced_minus_scene_weighted_tile_r1_c2.tif	2741080	1786735822.1210069000
./outputs/diagnostics/landsat_composite_counterfactual/mugla_2021/_tiles/baseline_ndvi_2019_date_balanced_minus_scene_weighted/baseline_ndvi_2019_date_balanced_minus_scene_weighted_tile_r1_c3.tif	2857652	1786735836.3635772000
./outputs/diagnostics/landsat_composite_counterfactual/mugla_2021/_tiles/baseline_ndvi_2019_date_balanced_minus_scene_weighted/baseline_ndvi_2019_date_balanced_minus_scene_weighted_tile_r2_c0.tif	21600	1786735845.7043380000
./outputs/diagnostics/landsat_composite_counterfactual/mugla_2021/_tiles/baseline_ndvi_2019_date_balanced_minus_scene_weighted/baseline_ndvi_2019_date_balanced_minus_scene_weighted_tile_r2_c1.tif	9058	1786735853.9680349000
./outputs/diagnostics/landsat_composite_counterfactual/mugla_2021/_tiles/baseline_ndvi_2019_date_balanced_minus_scene_weighted/baseline_ndvi_2019_date_balanced_minus_scene_weighted_tile_r2_c2.tif	468050	1786735863.5005695000
./outputs/diagnostics/landsat_composite_counterfactual/mugla_2021/_tiles/baseline_ndvi_2019_date_balanced_minus_scene_weighted/baseline_ndvi_2019_date_balanced_minus_scene_weighted_tile_r2_c3.tif	16402	1786735871.0053637000
./outputs/diagnostics/landsat_composite_counterfactual/mugla_2021/_tiles/baseline_ndvi_2019_date_balanced_minus_scene_weighted/baseline_ndvi_2019_date_balanced_minus_scene_weighted_tile_r3_c0.tif	15470	1786735879.0954200000
./outputs/diagnostics/landsat_composite_counterfactual/mugla_2021/_tiles/baseline_ndvi_2019_date_balanced_minus_scene_weighted/baseline_ndvi_2019_date_balanced_minus_scene_weighted_tile_r3_c1.tif	9476	1786735888.7183667000
./outputs/diagnostics/landsat_composite_counterfactual/mugla_2021/_tiles/baseline_ndvi_2019_date_balanced_minus_scene_weighted/baseline_ndvi_2019_date_balanced_minus_scene_weighted_tile_r3_c2.tif	9074	1786735895.0133536000
./outputs/diagnostics/landsat_composite_counterfactual/mugla_2021/_tiles/baseline_ndvi_2019_date_balanced_minus_scene_weighted/baseline_ndvi_2019_date_balanced_minus_scene_weighted_tile_r3_c3.tif	8992	1786735902.8601978000
./outputs/diagnostics/landsat_composite_counterfactual/mugla_2021/_tiles/baseline_ndvi_2019_same_day_multiplicity/baseline_ndvi_2019_same_day_multiplicity_tile_r0_c0.tif	202064	1786735546.5369726000
./outputs/diagnostics/landsat_composite_counterfactual/mugla_2021/_tiles/baseline_ndvi_2019_same_day_multiplicity/baseline_ndvi_2019_same_day_multiplicity_tile_r0_c1.tif	111224	1786735554.3064331000
./outputs/diagnostics/landsat_composite_counterfactual/mugla_2021/_tiles/baseline_ndvi_2019_same_day_multiplicity/baseline_ndvi_2019_same_day_multiplicity_tile_r0_c2.tif	130178	1786735564.7045074000
./outputs/diagnostics/landsat_composite_counterfactual/mugla_2021/_tiles/baseline_ndvi_2019_same_day_multiplicity/baseline_ndvi_2019_same_day_multiplicity_tile_r0_c3.tif	117210	1786735592.5373299000
./outputs/diagnostics/landsat_composite_counterfactual/mugla_2021/_tiles/baseline_ndvi_2019_same_day_multiplicity/baseline_ndvi_2019_same_day_multiplicity_tile_r1_c0.tif	133006	1786735601.7658162000
./outputs/diagnostics/landsat_composite_counterfactual/mugla_2021/_tiles/baseline_ndvi_2019_same_day_multiplicity/baseline_ndvi_2019_same_day_multiplicity_tile_r1_c1.tif	56938	1786735609.2950167000
./outputs/diagnostics/landsat_composite_counterfactual/mugla_2021/_tiles/baseline_ndvi_2019_same_day_multiplicity/baseline_ndvi_2019_same_day_multiplicity_tile_r1_c2.tif	87184	1786735617.1281424000
./outputs/diagnostics/landsat_composite_counterfactual/mugla_2021/_tiles/baseline_ndvi_2019_same_day_multiplicity/baseline_ndvi_2019_same_day_multiplicity_tile_r1_c3.tif	41650	1786735625.0073077000
./outputs/diagnostics/landsat_composite_counterfactual/mugla_2021/_tiles/baseline_ndvi_2019_same_day_multiplicity/baseline_ndvi_2019_same_day_multiplicity_tile_r2_c0.tif	21600	1786735629.6685349000
./outputs/diagnostics/landsat_composite_counterfactual/mugla_2021/_tiles/baseline_ndvi_2019_same_day_multiplicity/baseline_ndvi_2019_same_day_multiplicity_tile_r2_c1.tif	9058	1786735636.4127004000
./outputs/diagnostics/landsat_composite_counterfactual/mugla_2021/_tiles/baseline_ndvi_2019_same_day_multiplicity/baseline_ndvi_2019_same_day_multiplicity_tile_r2_c2.tif	26690	1786735645.7354250000
./outputs/diagnostics/landsat_composite_counterfactual/mugla_2021/_tiles/baseline_ndvi_2019_same_day_multiplicity/baseline_ndvi_2019_same_day_multiplicity_tile_r2_c3.tif	9194	1786735657.4195982000
./outputs/diagnostics/landsat_composite_counterfactual/mugla_2021/_tiles/baseline_ndvi_2019_same_day_multiplicity/baseline_ndvi_2019_same_day_multiplicity_tile_r3_c0.tif	15470	1786735664.0769839000
./outputs/diagnostics/landsat_composite_counterfactual/mugla_2021/_tiles/baseline_ndvi_2019_same_day_multiplicity/baseline_ndvi_2019_same_day_multiplicity_tile_r3_c1.tif	9476	1786735669.7075450000
./outputs/diagnostics/landsat_composite_counterfactual/mugla_2021/_tiles/baseline_ndvi_2019_same_day_multiplicity/baseline_ndvi_2019_same_day_multiplicity_tile_r3_c2.tif	9074	1786735676.2820012000
./outputs/diagnostics/landsat_composite_counterfactual/mugla_2021/_tiles/baseline_ndvi_2019_same_day_multiplicity/baseline_ndvi_2019_same_day_multiplicity_tile_r3_c3.tif	8992	1786735686.9595746000
./outputs/diagnostics/landsat_composite_counterfactual/mugla_2021/_tiles/baseline_ndvi_2019_scene_valid_count/baseline_ndvi_2019_scene_valid_count_tile_r0_c0.tif	315182	1786735306.6513174000
./outputs/diagnostics/landsat_composite_counterfactual/mugla_2021/_tiles/baseline_ndvi_2019_scene_valid_count/baseline_ndvi_2019_scene_valid_count_tile_r0_c1.tif	132006	1786735312.3813315000
./outputs/diagnostics/landsat_composite_counterfactual/mugla_2021/_tiles/baseline_ndvi_2019_scene_valid_count/baseline_ndvi_2019_scene_valid_count_tile_r0_c2.tif	292576	1786735322.3365536000
./outputs/diagnostics/landsat_composite_counterfactual/mugla_2021/_tiles/baseline_ndvi_2019_scene_valid_count/baseline_ndvi_2019_scene_valid_count_tile_r0_c3.tif	267576	1786735334.2928927000
./outputs/diagnostics/landsat_composite_counterfactual/mugla_2021/_tiles/baseline_ndvi_2019_scene_valid_count/baseline_ndvi_2019_scene_valid_count_tile_r1_c0.tif	206692	1786735343.3046244000
./outputs/diagnostics/landsat_composite_counterfactual/mugla_2021/_tiles/baseline_ndvi_2019_scene_valid_count/baseline_ndvi_2019_scene_valid_count_tile_r1_c1.tif	159334	1786735348.9748539000
./outputs/diagnostics/landsat_composite_counterfactual/mugla_2021/_tiles/baseline_ndvi_2019_scene_valid_count/baseline_ndvi_2019_scene_valid_count_tile_r1_c2.tif	128302	1786735356.8550989000
./outputs/diagnostics/landsat_composite_counterfactual/mugla_2021/_tiles/baseline_ndvi_2019_scene_valid_count/baseline_ndvi_2019_scene_valid_count_tile_r1_c3.tif	60380	1786735368.9373898000
./outputs/diagnostics/landsat_composite_counterfactual/mugla_2021/_tiles/baseline_ndvi_2019_scene_valid_count/baseline_ndvi_2019_scene_valid_count_tile_r2_c0.tif	172410	1786735374.3763216000
./outputs/diagnostics/landsat_composite_counterfactual/mugla_2021/_tiles/baseline_ndvi_2019_scene_valid_count/baseline_ndvi_2019_scene_valid_count_tile_r2_c1.tif	20728	1786735379.2399772000
./outputs/diagnostics/landsat_composite_counterfactual/mugla_2021/_tiles/baseline_ndvi_2019_scene_valid_count/baseline_ndvi_2019_scene_valid_count_tile_r2_c2.tif	53478	1786735393.4913959000
./outputs/diagnostics/landsat_composite_counterfactual/mugla_2021/_tiles/baseline_ndvi_2019_scene_valid_count/baseline_ndvi_2019_scene_valid_count_tile_r2_c3.tif	44880	1786735401.6469546000
./outputs/diagnostics/landsat_composite_counterfactual/mugla_2021/_tiles/baseline_ndvi_2019_scene_valid_count/baseline_ndvi_2019_scene_valid_count_tile_r3_c0.tif	175194	1786735407.5199380000
./outputs/diagnostics/landsat_composite_counterfactual/mugla_2021/_tiles/baseline_ndvi_2019_scene_valid_count/baseline_ndvi_2019_scene_valid_count_tile_r3_c1.tif	28536	1786735410.7084755000
./outputs/diagnostics/landsat_composite_counterfactual/mugla_2021/_tiles/baseline_ndvi_2019_scene_valid_count/baseline_ndvi_2019_scene_valid_count_tile_r3_c2.tif	43722	1786735415.2776753000
./outputs/diagnostics/landsat_composite_counterfactual/mugla_2021/_tiles/baseline_ndvi_2019_scene_valid_count/baseline_ndvi_2019_scene_valid_count_tile_r3_c3.tif	51722	1786735422.6592232000
./outputs/diagnostics/landsat_composite_counterfactual/mugla_2021/_tiles/baseline_ndvi_2019_scene_weighted_median/baseline_ndvi_2019_scene_weighted_median_tile_r0_c0.tif	3873950	1786735025.9934237000
./outputs/diagnostics/landsat_composite_counterfactual/mugla_2021/_tiles/baseline_ndvi_2019_scene_weighted_median/baseline_ndvi_2019_scene_weighted_median_tile_r0_c1.tif	3860494	1786735041.9912813000
./outputs/diagnostics/landsat_composite_counterfactual/mugla_2021/_tiles/baseline_ndvi_2019_scene_weighted_median/baseline_ndvi_2019_scene_weighted_median_tile_r0_c2.tif	3898524	1786735053.1189432000
./outputs/diagnostics/landsat_composite_counterfactual/mugla_2021/_tiles/baseline_ndvi_2019_scene_weighted_median/baseline_ndvi_2019_scene_weighted_median_tile_r0_c3.tif	3958148	1786735067.5848710000
./outputs/diagnostics/landsat_composite_counterfactual/mugla_2021/_tiles/baseline_ndvi_2019_scene_weighted_median/baseline_ndvi_2019_scene_weighted_median_tile_r1_c0.tif	3768566	1786735077.8752362000
./outputs/diagnostics/landsat_composite_counterfactual/mugla_2021/_tiles/baseline_ndvi_2019_scene_weighted_median/baseline_ndvi_2019_scene_weighted_median_tile_r1_c1.tif	3742540	1786735085.6124873000
./outputs/diagnostics/landsat_composite_counterfactual/mugla_2021/_tiles/baseline_ndvi_2019_scene_weighted_median/baseline_ndvi_2019_scene_weighted_median_tile_r1_c2.tif	3861298	1786735097.5299008000
./outputs/diagnostics/landsat_composite_counterfactual/mugla_2021/_tiles/baseline_ndvi_2019_scene_weighted_median/baseline_ndvi_2019_scene_weighted_median_tile_r1_c3.tif	3858024	1786735109.4336321000
./outputs/diagnostics/landsat_composite_counterfactual/mugla_2021/_tiles/baseline_ndvi_2019_scene_weighted_median/baseline_ndvi_2019_scene_weighted_median_tile_r2_c0.tif	3778072	1786735113.9631883000
./outputs/diagnostics/landsat_composite_counterfactual/mugla_2021/_tiles/baseline_ndvi_2019_scene_weighted_median/baseline_ndvi_2019_scene_weighted_median_tile_r2_c1.tif	3842910	1786735120.0165247000
./outputs/diagnostics/landsat_composite_counterfactual/mugla_2021/_tiles/baseline_ndvi_2019_scene_weighted_median/baseline_ndvi_2019_scene_weighted_median_tile_r2_c2.tif	3838774	1786735128.5419813000
./outputs/diagnostics/landsat_composite_counterfactual/mugla_2021/_tiles/baseline_ndvi_2019_scene_weighted_median/baseline_ndvi_2019_scene_weighted_median_tile_r2_c3.tif	3836314	1786735141.2008987000
./outputs/diagnostics/landsat_composite_counterfactual/mugla_2021/_tiles/baseline_ndvi_2019_scene_weighted_median/baseline_ndvi_2019_scene_weighted_median_tile_r3_c0.tif	3838232	1786735145.7094230000
./outputs/diagnostics/landsat_composite_counterfactual/mugla_2021/_tiles/baseline_ndvi_2019_scene_weighted_median/baseline_ndvi_2019_scene_weighted_median_tile_r3_c1.tif	3837066	1786735153.0579512000
./outputs/diagnostics/landsat_composite_counterfactual/mugla_2021/_tiles/baseline_ndvi_2019_scene_weighted_median/baseline_ndvi_2019_scene_weighted_median_tile_r3_c2.tif	3822548	1786735160.5596226000
./outputs/diagnostics/landsat_composite_counterfactual/mugla_2021/_tiles/baseline_ndvi_2019_scene_weighted_median/baseline_ndvi_2019_scene_weighted_median_tile_r3_c3.tif	3839358	1786735170.2627364000
./outputs/diagnostics/landsat_composite_counterfactual/mugla_2021/_tiles/baseline_ndvi_2019_unique_date_valid_count/baseline_ndvi_2019_unique_date_valid_count_tile_r0_c0.tif	468646	1786735451.7129865000
./outputs/diagnostics/landsat_composite_counterfactual/mugla_2021/_tiles/baseline_ndvi_2019_unique_date_valid_count/baseline_ndvi_2019_unique_date_valid_count_tile_r0_c1.tif	557104	1786735476.2614426000
./outputs/diagnostics/landsat_composite_counterfactual/mugla_2021/_tiles/baseline_ndvi_2019_unique_date_valid_count/baseline_ndvi_2019_unique_date_valid_count_tile_r1_c0.tif	382492	1786735502.4617758000
./outputs/diagnostics/landsat_composite_counterfactual/mugla_2021/_tiles/baseline_ndvi_2019_unique_date_valid_count/baseline_ndvi_2019_unique_date_valid_count_tile_r1_c1.tif	172402	1786735523.7383793000
./outputs/diagnostics/landsat_composite_counterfactual/mugla_2021/_tiles/baseline_ndvi_2020_date_balanced_median/baseline_ndvi_2020_date_balanced_median_tile_r0_c0.tif	15287394	1786736082.2633778000
./outputs/diagnostics/landsat_composite_counterfactual/mugla_2021/_tiles/baseline_ndvi_2020_date_balanced_median/baseline_ndvi_2020_date_balanced_median_tile_r0_c1.tif	15664594	1786736108.5649137000
./outputs/diagnostics/landsat_composite_counterfactual/mugla_2021/_tiles/baseline_ndvi_2020_date_balanced_median/baseline_ndvi_2020_date_balanced_median_tile_r1_c0.tif	15393946	1786736131.1166122000
./outputs/diagnostics/landsat_composite_counterfactual/mugla_2021/_tiles/baseline_ndvi_2020_date_balanced_median/baseline_ndvi_2020_date_balanced_median_tile_r1_c1.tif	15317030	1786736168.0520209000
./outputs/diagnostics/landsat_composite_counterfactual/mugla_2021/_tiles/baseline_ndvi_2020_date_balanced_minus_scene_weighted/baseline_ndvi_2020_date_balanced_minus_scene_weighted_tile_r0_c0.tif	2066928	1786736764.1404566000
./outputs/diagnostics/landsat_composite_counterfactual/mugla_2021/_tiles/baseline_ndvi_2020_date_balanced_minus_scene_weighted/baseline_ndvi_2020_date_balanced_minus_scene_weighted_tile_r0_c1.tif	2961676	1786736773.2152331000
./outputs/diagnostics/landsat_composite_counterfactual/mugla_2021/_tiles/baseline_ndvi_2020_date_balanced_minus_scene_weighted/baseline_ndvi_2020_date_balanced_minus_scene_weighted_tile_r0_c2.tif	3649854	1786736788.7170305000
./outputs/diagnostics/landsat_composite_counterfactual/mugla_2021/_tiles/baseline_ndvi_2020_date_balanced_minus_scene_weighted/baseline_ndvi_2020_date_balanced_minus_scene_weighted_tile_r0_c3.tif	2777308	1786736807.1153593000
./outputs/diagnostics/landsat_composite_counterfactual/mugla_2021/_tiles/baseline_ndvi_2020_date_balanced_minus_scene_weighted/baseline_ndvi_2020_date_balanced_minus_scene_weighted_tile_r1_c0.tif	1755972	1786736820.6953213000
./outputs/diagnostics/landsat_composite_counterfactual/mugla_2021/_tiles/baseline_ndvi_2020_date_balanced_minus_scene_weighted/baseline_ndvi_2020_date_balanced_minus_scene_weighted_tile_r1_c1.tif	1034910	1786736830.1633671000
./outputs/diagnostics/landsat_composite_counterfactual/mugla_2021/_tiles/baseline_ndvi_2020_date_balanced_minus_scene_weighted/baseline_ndvi_2020_date_balanced_minus_scene_weighted_tile_r1_c2.tif	2812398	1786736844.6941447000
./outputs/diagnostics/landsat_composite_counterfactual/mugla_2021/_tiles/baseline_ndvi_2020_date_balanced_minus_scene_weighted/baseline_ndvi_2020_date_balanced_minus_scene_weighted_tile_r1_c3.tif	2792602	1786736854.6011092000
./outputs/diagnostics/landsat_composite_counterfactual/mugla_2021/_tiles/baseline_ndvi_2020_date_balanced_minus_scene_weighted/baseline_ndvi_2020_date_balanced_minus_scene_weighted_tile_r2_c0.tif	38032	1786736865.3193931000
./outputs/diagnostics/landsat_composite_counterfactual/mugla_2021/_tiles/baseline_ndvi_2020_date_balanced_minus_scene_weighted/baseline_ndvi_2020_date_balanced_minus_scene_weighted_tile_r2_c1.tif	9168	1786736872.1083566000
./outputs/diagnostics/landsat_composite_counterfactual/mugla_2021/_tiles/baseline_ndvi_2020_date_balanced_minus_scene_weighted/baseline_ndvi_2020_date_balanced_minus_scene_weighted_tile_r2_c2.tif	436630	1786736881.4432828000
./outputs/diagnostics/landsat_composite_counterfactual/mugla_2021/_tiles/baseline_ndvi_2020_date_balanced_minus_scene_weighted/baseline_ndvi_2020_date_balanced_minus_scene_weighted_tile_r2_c3.tif	14478	1786736888.2422592000
./outputs/diagnostics/landsat_composite_counterfactual/mugla_2021/_tiles/baseline_ndvi_2020_date_balanced_minus_scene_weighted/baseline_ndvi_2020_date_balanced_minus_scene_weighted_tile_r3_c0.tif	19816	1786736897.1766659000
./outputs/diagnostics/landsat_composite_counterfactual/mugla_2021/_tiles/baseline_ndvi_2020_date_balanced_minus_scene_weighted/baseline_ndvi_2020_date_balanced_minus_scene_weighted_tile_r3_c1.tif	9120	1786736904.2554921000
./outputs/diagnostics/landsat_composite_counterfactual/mugla_2021/_tiles/baseline_ndvi_2020_date_balanced_minus_scene_weighted/baseline_ndvi_2020_date_balanced_minus_scene_weighted_tile_r3_c2.tif	9012	1786736916.7222771000
./outputs/diagnostics/landsat_composite_counterfactual/mugla_2021/_tiles/baseline_ndvi_2020_date_balanced_minus_scene_weighted/baseline_ndvi_2020_date_balanced_minus_scene_weighted_tile_r3_c3.tif	8992	1786736927.1636701000
./outputs/diagnostics/landsat_composite_counterfactual/mugla_2021/_tiles/baseline_ndvi_2020_same_day_multiplicity/baseline_ndvi_2020_same_day_multiplicity_tile_r0_c0.tif	222532	1786736607.1895509000
./outputs/diagnostics/landsat_composite_counterfactual/mugla_2021/_tiles/baseline_ndvi_2020_same_day_multiplicity/baseline_ndvi_2020_same_day_multiplicity_tile_r0_c1.tif	219974	1786736618.7775050000
./outputs/diagnostics/landsat_composite_counterfactual/mugla_2021/_tiles/baseline_ndvi_2020_same_day_multiplicity/baseline_ndvi_2020_same_day_multiplicity_tile_r0_c2.tif	200686	1786736633.0970847000
./outputs/diagnostics/landsat_composite_counterfactual/mugla_2021/_tiles/baseline_ndvi_2020_same_day_multiplicity/baseline_ndvi_2020_same_day_multiplicity_tile_r0_c3.tif	157040	1786736645.2906272000
./outputs/diagnostics/landsat_composite_counterfactual/mugla_2021/_tiles/baseline_ndvi_2020_same_day_multiplicity/baseline_ndvi_2020_same_day_multiplicity_tile_r1_c0.tif	161322	1786736652.9379454000
./outputs/diagnostics/landsat_composite_counterfactual/mugla_2021/_tiles/baseline_ndvi_2020_same_day_multiplicity/baseline_ndvi_2020_same_day_multiplicity_tile_r1_c1.tif	95022	1786736659.7119038000
./outputs/diagnostics/landsat_composite_counterfactual/mugla_2021/_tiles/baseline_ndvi_2020_same_day_multiplicity/baseline_ndvi_2020_same_day_multiplicity_tile_r1_c2.tif	86478	1786736666.9611197000
./outputs/diagnostics/landsat_composite_counterfactual/mugla_2021/_tiles/baseline_ndvi_2020_same_day_multiplicity/baseline_ndvi_2020_same_day_multiplicity_tile_r1_c3.tif	47990	1786736676.3790385000
./outputs/diagnostics/landsat_composite_counterfactual/mugla_2021/_tiles/baseline_ndvi_2020_same_day_multiplicity/baseline_ndvi_2020_same_day_multiplicity_tile_r2_c0.tif	38032	1786736682.4897076000
./outputs/diagnostics/landsat_composite_counterfactual/mugla_2021/_tiles/baseline_ndvi_2020_same_day_multiplicity/baseline_ndvi_2020_same_day_multiplicity_tile_r2_c1.tif	9168	1786736689.7539909000
./outputs/diagnostics/landsat_composite_counterfactual/mugla_2021/_tiles/baseline_ndvi_2020_same_day_multiplicity/baseline_ndvi_2020_same_day_multiplicity_tile_r2_c2.tif	26088	1786736696.3470921000
./outputs/diagnostics/landsat_composite_counterfactual/mugla_2021/_tiles/baseline_ndvi_2020_same_day_multiplicity/baseline_ndvi_2020_same_day_multiplicity_tile_r2_c3.tif	9182	1786736706.1156109000
./outputs/diagnostics/landsat_composite_counterfactual/mugla_2021/_tiles/baseline_ndvi_2020_same_day_multiplicity/baseline_ndvi_2020_same_day_multiplicity_tile_r3_c0.tif	19816	1786736713.2713109000
./outputs/diagnostics/landsat_composite_counterfactual/mugla_2021/_tiles/baseline_ndvi_2020_same_day_multiplicity/baseline_ndvi_2020_same_day_multiplicity_tile_r3_c1.tif	9120	1786736722.1061560000
./outputs/diagnostics/landsat_composite_counterfactual/mugla_2021/_tiles/baseline_ndvi_2020_same_day_multiplicity/baseline_ndvi_2020_same_day_multiplicity_tile_r3_c2.tif	9012	1786736733.3723693000
./outputs/diagnostics/landsat_composite_counterfactual/mugla_2021/_tiles/baseline_ndvi_2020_same_day_multiplicity/baseline_ndvi_2020_same_day_multiplicity_tile_r3_c3.tif	8992	1786736741.4989249000
./outputs/diagnostics/landsat_composite_counterfactual/mugla_2021/_tiles/baseline_ndvi_2020_scene_valid_count/baseline_ndvi_2020_scene_valid_count_tile_r0_c0.tif	344506	1786736188.7002752000
./outputs/diagnostics/landsat_composite_counterfactual/mugla_2021/_tiles/baseline_ndvi_2020_scene_valid_count/baseline_ndvi_2020_scene_valid_count_tile_r0_c1.tif	280034	1786736196.7686324000
./outputs/diagnostics/landsat_composite_counterfactual/mugla_2021/_tiles/baseline_ndvi_2020_scene_valid_count/baseline_ndvi_2020_scene_valid_count_tile_r0_c2.tif	343550	1786736214.9978167000
./outputs/diagnostics/landsat_composite_counterfactual/mugla_2021/_tiles/baseline_ndvi_2020_scene_valid_count/baseline_ndvi_2020_scene_valid_count_tile_r0_c3.tif	302070	1786736227.3994481000
./outputs/diagnostics/landsat_composite_counterfactual/mugla_2021/_tiles/baseline_ndvi_2020_scene_valid_count/baseline_ndvi_2020_scene_valid_count_tile_r1_c0.tif	253694	1786736234.7279502000
./outputs/diagnostics/landsat_composite_counterfactual/mugla_2021/_tiles/baseline_ndvi_2020_scene_valid_count/baseline_ndvi_2020_scene_valid_count_tile_r1_c1.tif	259256	1786736252.0434048000
./outputs/diagnostics/landsat_composite_counterfactual/mugla_2021/_tiles/baseline_ndvi_2020_scene_valid_count/baseline_ndvi_2020_scene_valid_count_tile_r1_c2.tif	144332	1786736266.1708042000
./outputs/diagnostics/landsat_composite_counterfactual/mugla_2021/_tiles/baseline_ndvi_2020_scene_valid_count/baseline_ndvi_2020_scene_valid_count_tile_r1_c3.tif	66258	1786736271.8386765000
./outputs/diagnostics/landsat_composite_counterfactual/mugla_2021/_tiles/baseline_ndvi_2020_scene_valid_count/baseline_ndvi_2020_scene_valid_count_tile_r2_c0.tif	254980	1786736280.6251196000
./outputs/diagnostics/landsat_composite_counterfactual/mugla_2021/_tiles/baseline_ndvi_2020_scene_valid_count/baseline_ndvi_2020_scene_valid_count_tile_r2_c1.tif	17096	1786736286.3042240000
./outputs/diagnostics/landsat_composite_counterfactual/mugla_2021/_tiles/baseline_ndvi_2020_scene_valid_count/baseline_ndvi_2020_scene_valid_count_tile_r2_c2.tif	51112	1786736317.2122310000
./outputs/diagnostics/landsat_composite_counterfactual/mugla_2021/_tiles/baseline_ndvi_2020_scene_valid_count/baseline_ndvi_2020_scene_valid_count_tile_r2_c3.tif	35894	1786736336.6811117000
./outputs/diagnostics/landsat_composite_counterfactual/mugla_2021/_tiles/baseline_ndvi_2020_scene_valid_count/baseline_ndvi_2020_scene_valid_count_tile_r3_c0.tif	219742	1786736377.0637301000
./outputs/diagnostics/landsat_composite_counterfactual/mugla_2021/_tiles/baseline_ndvi_2020_scene_valid_count/baseline_ndvi_2020_scene_valid_count_tile_r3_c1.tif	18038	1786736383.1644315000
./outputs/diagnostics/landsat_composite_counterfactual/mugla_2021/_tiles/baseline_ndvi_2020_scene_valid_count/baseline_ndvi_2020_scene_valid_count_tile_r3_c2.tif	34310	1786736390.0570966000
./outputs/diagnostics/landsat_composite_counterfactual/mugla_2021/_tiles/baseline_ndvi_2020_scene_valid_count/baseline_ndvi_2020_scene_valid_count_tile_r3_c3.tif	32564	1786736395.8434863000
./outputs/diagnostics/landsat_composite_counterfactual/mugla_2021/_tiles/baseline_ndvi_2020_scene_weighted_median/baseline_ndvi_2020_scene_weighted_median_tile_r0_c0.tif	3914002	1786735919.9833892000
./outputs/diagnostics/landsat_composite_counterfactual/mugla_2021/_tiles/baseline_ndvi_2020_scene_weighted_median/baseline_ndvi_2020_scene_weighted_median_tile_r0_c1.tif	3941076	1786735926.6987884000
./outputs/diagnostics/landsat_composite_counterfactual/mugla_2021/_tiles/baseline_ndvi_2020_scene_weighted_median/baseline_ndvi_2020_scene_weighted_median_tile_r0_c2.tif	3955336	1786735933.7033586000
./outputs/diagnostics/landsat_composite_counterfactual/mugla_2021/_tiles/baseline_ndvi_2020_scene_weighted_median/baseline_ndvi_2020_scene_weighted_median_tile_r0_c3.tif	3945270	1786735941.0777717000
./outputs/diagnostics/landsat_composite_counterfactual/mugla_2021/_tiles/baseline_ndvi_2020_scene_weighted_median/baseline_ndvi_2020_scene_weighted_median_tile_r1_c0.tif	3680350	1786735950.1146115000
./outputs/diagnostics/landsat_composite_counterfactual/mugla_2021/_tiles/baseline_ndvi_2020_scene_weighted_median/baseline_ndvi_2020_scene_weighted_median_tile_r1_c1.tif	3740238	1786735957.7762730000
./outputs/diagnostics/landsat_composite_counterfactual/mugla_2021/_tiles/baseline_ndvi_2020_scene_weighted_median/baseline_ndvi_2020_scene_weighted_median_tile_r1_c2.tif	3874488	1786735975.5873664000
./outputs/diagnostics/landsat_composite_counterfactual/mugla_2021/_tiles/baseline_ndvi_2020_scene_weighted_median/baseline_ndvi_2020_scene_weighted_median_tile_r1_c3.tif	3861334	1786735988.2075724000
./outputs/diagnostics/landsat_composite_counterfactual/mugla_2021/_tiles/baseline_ndvi_2020_scene_weighted_median/baseline_ndvi_2020_scene_weighted_median_tile_r2_c0.tif	3872114	1786735998.0460223000
./outputs/diagnostics/landsat_composite_counterfactual/mugla_2021/_tiles/baseline_ndvi_2020_scene_weighted_median/baseline_ndvi_2020_scene_weighted_median_tile_r2_c1.tif	3847716	1786736005.0113224000
./outputs/diagnostics/landsat_composite_counterfactual/mugla_2021/_tiles/baseline_ndvi_2020_scene_weighted_median/baseline_ndvi_2020_scene_weighted_median_tile_r2_c2.tif	3840060	1786736011.6409072000
./outputs/diagnostics/landsat_composite_counterfactual/mugla_2021/_tiles/baseline_ndvi_2020_scene_weighted_median/baseline_ndvi_2020_scene_weighted_median_tile_r2_c3.tif	3835928	1786736017.0659850000
./outputs/diagnostics/landsat_composite_counterfactual/mugla_2021/_tiles/baseline_ndvi_2020_scene_weighted_median/baseline_ndvi_2020_scene_weighted_median_tile_r3_c0.tif	3859138	1786736022.9994727000
./outputs/diagnostics/landsat_composite_counterfactual/mugla_2021/_tiles/baseline_ndvi_2020_scene_weighted_median/baseline_ndvi_2020_scene_weighted_median_tile_r3_c1.tif	3846320	1786736029.1394501000
./outputs/diagnostics/landsat_composite_counterfactual/mugla_2021/_tiles/baseline_ndvi_2020_scene_weighted_median/baseline_ndvi_2020_scene_weighted_median_tile_r3_c2.tif	3829328	1786736034.7188734000
./outputs/diagnostics/landsat_composite_counterfactual/mugla_2021/_tiles/baseline_ndvi_2020_scene_weighted_median/baseline_ndvi_2020_scene_weighted_median_tile_r3_c3.tif	3842338	1786736051.2536577000
./outputs/diagnostics/landsat_composite_counterfactual/mugla_2021/_tiles/baseline_ndvi_2020_unique_date_valid_count/baseline_ndvi_2020_unique_date_valid_count_tile_r0_c0.tif	709832	1786736482.6883487000
./outputs/diagnostics/landsat_composite_counterfactual/mugla_2021/_tiles/baseline_ndvi_2020_unique_date_valid_count/baseline_ndvi_2020_unique_date_valid_count_tile_r0_c1.tif	631522	1786736521.2143286000
./outputs/diagnostics/landsat_composite_counterfactual/mugla_2021/_tiles/baseline_ndvi_2020_unique_date_valid_count/baseline_ndvi_2020_unique_date_valid_count_tile_r1_c0.tif	495100	1786736546.7552443000
./outputs/diagnostics/landsat_composite_counterfactual/mugla_2021/_tiles/baseline_ndvi_2020_unique_date_valid_count/baseline_ndvi_2020_unique_date_valid_count_tile_r1_c1.tif	135052	1786736582.4380549000
./outputs/diagnostics/landsat_composite_counterfactual/mugla_2021/_tiles/current_lst_date_balanced_median/current_lst_date_balanced_median_tile_r0_c0.tif	9313774	1786728178.4567875000
./outputs/diagnostics/landsat_composite_counterfactual/mugla_2021/_tiles/current_lst_date_balanced_median/current_lst_date_balanced_median_tile_r0_c1.tif	10450064	1786728206.9576770000
./outputs/diagnostics/landsat_composite_counterfactual/mugla_2021/_tiles/current_lst_date_balanced_median/current_lst_date_balanced_median_tile_r1_c0.tif	10468602	1786728235.1515412000
./outputs/diagnostics/landsat_composite_counterfactual/mugla_2021/_tiles/current_lst_date_balanced_median/current_lst_date_balanced_median_tile_r1_c1.tif	11840818	1786728257.5809669000
./outputs/diagnostics/landsat_composite_counterfactual/mugla_2021/_tiles/current_lst_date_balanced_minus_scene_weighted/current_lst_date_balanced_minus_scene_weighted_tile_r0_c0.tif	2197850	1786728716.8909278000
./outputs/diagnostics/landsat_composite_counterfactual/mugla_2021/_tiles/current_lst_date_balanced_minus_scene_weighted/current_lst_date_balanced_minus_scene_weighted_tile_r0_c1.tif	5213576	1786728797.1350763000
./outputs/diagnostics/landsat_composite_counterfactual/mugla_2021/_tiles/current_lst_date_balanced_minus_scene_weighted/current_lst_date_balanced_minus_scene_weighted_tile_r1_c0.tif	30722	1786728827.0107136000
./outputs/diagnostics/landsat_composite_counterfactual/mugla_2021/_tiles/current_lst_date_balanced_minus_scene_weighted/current_lst_date_balanced_minus_scene_weighted_tile_r1_c1.tif	363216	1786728853.9242967000
./outputs/diagnostics/landsat_composite_counterfactual/mugla_2021/_tiles/current_lst_same_day_multiplicity/current_lst_same_day_multiplicity_tile_r0_c0.tif	88744	1786728555.9361437000
./outputs/diagnostics/landsat_composite_counterfactual/mugla_2021/_tiles/current_lst_same_day_multiplicity/current_lst_same_day_multiplicity_tile_r0_c1.tif	111284	1786728581.1553572000
./outputs/diagnostics/landsat_composite_counterfactual/mugla_2021/_tiles/current_lst_same_day_multiplicity/current_lst_same_day_multiplicity_tile_r1_c0.tif	30722	1786728603.0025578000
./outputs/diagnostics/landsat_composite_counterfactual/mugla_2021/_tiles/current_lst_same_day_multiplicity/current_lst_same_day_multiplicity_tile_r1_c1.tif	34024	1786728623.4245528000
./outputs/diagnostics/landsat_composite_counterfactual/mugla_2021/_tiles/current_lst_scene_valid_count/current_lst_scene_valid_count_tile_r0_c0.tif	125688	1786728278.8734396000
./outputs/diagnostics/landsat_composite_counterfactual/mugla_2021/_tiles/current_lst_scene_valid_count/current_lst_scene_valid_count_tile_r0_c1.tif	203786	1786728350.7046054000
./outputs/diagnostics/landsat_composite_counterfactual/mugla_2021/_tiles/current_lst_scene_valid_count/current_lst_scene_valid_count_tile_r1_c0.tif	137040	1786728378.1428878000
./outputs/diagnostics/landsat_composite_counterfactual/mugla_2021/_tiles/current_lst_scene_valid_count/current_lst_scene_valid_count_tile_r1_c1.tif	165750	1786728411.1294631000
./outputs/diagnostics/landsat_composite_counterfactual/mugla_2021/_tiles/current_lst_scene_weighted_median/current_lst_scene_weighted_median_tile_r0_c0.tif	8611438	1786727987.2786963000
./outputs/diagnostics/landsat_composite_counterfactual/mugla_2021/_tiles/current_lst_scene_weighted_median/current_lst_scene_weighted_median_tile_r0_c1.tif	10201018	1786728064.1819845000
./outputs/diagnostics/landsat_composite_counterfactual/mugla_2021/_tiles/current_lst_scene_weighted_median/current_lst_scene_weighted_median_tile_r1_c0.tif	10468602	1786728097.8948088000
./outputs/diagnostics/landsat_composite_counterfactual/mugla_2021/_tiles/current_lst_scene_weighted_median/current_lst_scene_weighted_median_tile_r1_c1.tif	11827246	1786728140.4341936000
./outputs/diagnostics/landsat_composite_counterfactual/mugla_2021/_tiles/current_lst_unique_date_valid_count/current_lst_unique_date_valid_count_tile_r0_c0.tif	93804	1786728441.1003613000
./outputs/diagnostics/landsat_composite_counterfactual/mugla_2021/_tiles/current_lst_unique_date_valid_count/current_lst_unique_date_valid_count_tile_r0_c1.tif	149770	1786728454.7787483000
./outputs/diagnostics/landsat_composite_counterfactual/mugla_2021/_tiles/current_lst_unique_date_valid_count/current_lst_unique_date_valid_count_tile_r1_c0.tif	137040	1786728474.8806225000
./outputs/diagnostics/landsat_composite_counterfactual/mugla_2021/_tiles/current_lst_unique_date_valid_count/current_lst_unique_date_valid_count_tile_r1_c1.tif	163046	1786728496.2866629000
./outputs/diagnostics/landsat_composite_counterfactual/mugla_2021/_tiles/current_ndvi_date_balanced_median/current_ndvi_date_balanced_median_tile_r0_c0.tif	15253342	1786732428.9683449000
./outputs/diagnostics/landsat_composite_counterfactual/mugla_2021/_tiles/current_ndvi_date_balanced_median/current_ndvi_date_balanced_median_tile_r0_c1.tif	15567598	1786732450.0848801000
./outputs/diagnostics/landsat_composite_counterfactual/mugla_2021/_tiles/current_ndvi_date_balanced_median/current_ndvi_date_balanced_median_tile_r1_c0.tif	15353070	1786732470.5812925000
./outputs/diagnostics/landsat_composite_counterfactual/mugla_2021/_tiles/current_ndvi_date_balanced_median/current_ndvi_date_balanced_median_tile_r1_c1.tif	15340742	1786732489.4664294000
./outputs/diagnostics/landsat_composite_counterfactual/mugla_2021/_tiles/current_ndvi_date_balanced_minus_scene_weighted/current_ndvi_date_balanced_minus_scene_weighted_tile_r0_c0.tif	2355112	1786733012.7262109000
./outputs/diagnostics/landsat_composite_counterfactual/mugla_2021/_tiles/current_ndvi_date_balanced_minus_scene_weighted/current_ndvi_date_balanced_minus_scene_weighted_tile_r0_c1.tif	3767130	1786733025.7918976000
./outputs/diagnostics/landsat_composite_counterfactual/mugla_2021/_tiles/current_ndvi_date_balanced_minus_scene_weighted/current_ndvi_date_balanced_minus_scene_weighted_tile_r0_c2.tif	3704686	1786733040.4362541000
./outputs/diagnostics/landsat_composite_counterfactual/mugla_2021/_tiles/current_ndvi_date_balanced_minus_scene_weighted/current_ndvi_date_balanced_minus_scene_weighted_tile_r0_c3.tif	2248192	1786733053.8772241000
./outputs/diagnostics/landsat_composite_counterfactual/mugla_2021/_tiles/current_ndvi_date_balanced_minus_scene_weighted/current_ndvi_date_balanced_minus_scene_weighted_tile_r1_c0.tif	2369774	1786733066.0925604000
./outputs/diagnostics/landsat_composite_counterfactual/mugla_2021/_tiles/current_ndvi_date_balanced_minus_scene_weighted/current_ndvi_date_balanced_minus_scene_weighted_tile_r1_c1.tif	1043854	1786733073.6840914000
./outputs/diagnostics/landsat_composite_counterfactual/mugla_2021/_tiles/current_ndvi_date_balanced_minus_scene_weighted/current_ndvi_date_balanced_minus_scene_weighted_tile_r1_c2.tif	2987194	1786733088.9360088000
./outputs/diagnostics/landsat_composite_counterfactual/mugla_2021/_tiles/current_ndvi_date_balanced_minus_scene_weighted/current_ndvi_date_balanced_minus_scene_weighted_tile_r1_c3.tif	2439778	1786733109.3655872000
./outputs/diagnostics/landsat_composite_counterfactual/mugla_2021/_tiles/current_ndvi_date_balanced_minus_scene_weighted/current_ndvi_date_balanced_minus_scene_weighted_tile_r2_c0.tif	16318	1786733116.5685696000
./outputs/diagnostics/landsat_composite_counterfactual/mugla_2021/_tiles/current_ndvi_date_balanced_minus_scene_weighted/current_ndvi_date_balanced_minus_scene_weighted_tile_r2_c1.tif	9154	1786733124.1588183000
./outputs/diagnostics/landsat_composite_counterfactual/mugla_2021/_tiles/current_ndvi_date_balanced_minus_scene_weighted/current_ndvi_date_balanced_minus_scene_weighted_tile_r2_c2.tif	497038	1786733138.0243328000
./outputs/diagnostics/landsat_composite_counterfactual/mugla_2021/_tiles/current_ndvi_date_balanced_minus_scene_weighted/current_ndvi_date_balanced_minus_scene_weighted_tile_r2_c3.tif	16710	1786733151.4066805000
./outputs/diagnostics/landsat_composite_counterfactual/mugla_2021/_tiles/current_ndvi_date_balanced_minus_scene_weighted/current_ndvi_date_balanced_minus_scene_weighted_tile_r3_c0.tif	12584	1786733160.3257512000
./outputs/diagnostics/landsat_composite_counterfactual/mugla_2021/_tiles/current_ndvi_date_balanced_minus_scene_weighted/current_ndvi_date_balanced_minus_scene_weighted_tile_r3_c1.tif	9514	1786733173.3326871000
./outputs/diagnostics/landsat_composite_counterfactual/mugla_2021/_tiles/current_ndvi_date_balanced_minus_scene_weighted/current_ndvi_date_balanced_minus_scene_weighted_tile_r3_c2.tif	9130	1786733179.0081284000
./outputs/diagnostics/landsat_composite_counterfactual/mugla_2021/_tiles/current_ndvi_date_balanced_minus_scene_weighted/current_ndvi_date_balanced_minus_scene_weighted_tile_r3_c3.tif	8992	1786733188.5204958000
./outputs/diagnostics/landsat_composite_counterfactual/mugla_2021/_tiles/current_ndvi_same_day_multiplicity/current_ndvi_same_day_multiplicity_tile_r0_c0.tif	203766	1786732792.3134677000
./outputs/diagnostics/landsat_composite_counterfactual/mugla_2021/_tiles/current_ndvi_same_day_multiplicity/current_ndvi_same_day_multiplicity_tile_r0_c1.tif	157694	1786732806.5277245000
./outputs/diagnostics/landsat_composite_counterfactual/mugla_2021/_tiles/current_ndvi_same_day_multiplicity/current_ndvi_same_day_multiplicity_tile_r0_c2.tif	112474	1786732817.2418083000
./outputs/diagnostics/landsat_composite_counterfactual/mugla_2021/_tiles/current_ndvi_same_day_multiplicity/current_ndvi_same_day_multiplicity_tile_r0_c3.tif	119604	1786732827.6581727000
./outputs/diagnostics/landsat_composite_counterfactual/mugla_2021/_tiles/current_ndvi_same_day_multiplicity/current_ndvi_same_day_multiplicity_tile_r1_c0.tif	134648	1786732838.0047575000
./outputs/diagnostics/landsat_composite_counterfactual/mugla_2021/_tiles/current_ndvi_same_day_multiplicity/current_ndvi_same_day_multiplicity_tile_r1_c1.tif	25934	1786732845.1402510000
./outputs/diagnostics/landsat_composite_counterfactual/mugla_2021/_tiles/current_ndvi_same_day_multiplicity/current_ndvi_same_day_multiplicity_tile_r1_c2.tif	77356	1786732864.5607746000
./outputs/diagnostics/landsat_composite_counterfactual/mugla_2021/_tiles/current_ndvi_same_day_multiplicity/current_ndvi_same_day_multiplicity_tile_r1_c3.tif	33158	1786732871.6911550000
./outputs/diagnostics/landsat_composite_counterfactual/mugla_2021/_tiles/current_ndvi_same_day_multiplicity/current_ndvi_same_day_multiplicity_tile_r2_c0.tif	16318	1786732878.5863482000
./outputs/diagnostics/landsat_composite_counterfactual/mugla_2021/_tiles/current_ndvi_same_day_multiplicity/current_ndvi_same_day_multiplicity_tile_r2_c1.tif	9154	1786732888.3155604000
./outputs/diagnostics/landsat_composite_counterfactual/mugla_2021/_tiles/current_ndvi_same_day_multiplicity/current_ndvi_same_day_multiplicity_tile_r2_c2.tif	22252	1786732895.8435271000
./outputs/diagnostics/landsat_composite_counterfactual/mugla_2021/_tiles/current_ndvi_same_day_multiplicity/current_ndvi_same_day_multiplicity_tile_r2_c3.tif	9144	1786732916.5430528000
./outputs/diagnostics/landsat_composite_counterfactual/mugla_2021/_tiles/current_ndvi_same_day_multiplicity/current_ndvi_same_day_multiplicity_tile_r3_c0.tif	12584	1786732925.5392383000
./outputs/diagnostics/landsat_composite_counterfactual/mugla_2021/_tiles/current_ndvi_same_day_multiplicity/current_ndvi_same_day_multiplicity_tile_r3_c1.tif	9514	1786732978.0239165000
./outputs/diagnostics/landsat_composite_counterfactual/mugla_2021/_tiles/current_ndvi_same_day_multiplicity/current_ndvi_same_day_multiplicity_tile_r3_c2.tif	9130	1786732986.1283526000
./outputs/diagnostics/landsat_composite_counterfactual/mugla_2021/_tiles/current_ndvi_same_day_multiplicity/current_ndvi_same_day_multiplicity_tile_r3_c3.tif	8992	1786732991.5182535000
./outputs/diagnostics/landsat_composite_counterfactual/mugla_2021/_tiles/current_ndvi_scene_valid_count/current_ndvi_scene_valid_count_tile_r0_c0.tif	322568	1786732515.1369163000
./outputs/diagnostics/landsat_composite_counterfactual/mugla_2021/_tiles/current_ndvi_scene_valid_count/current_ndvi_scene_valid_count_tile_r0_c1.tif	214482	1786732526.5474012000
./outputs/diagnostics/landsat_composite_counterfactual/mugla_2021/_tiles/current_ndvi_scene_valid_count/current_ndvi_scene_valid_count_tile_r0_c2.tif	264430	1786732539.5437582000
./outputs/diagnostics/landsat_composite_counterfactual/mugla_2021/_tiles/current_ndvi_scene_valid_count/current_ndvi_scene_valid_count_tile_r0_c3.tif	256520	1786732553.8401357000
./outputs/diagnostics/landsat_composite_counterfactual/mugla_2021/_tiles/current_ndvi_scene_valid_count/current_ndvi_scene_valid_count_tile_r1_c0.tif	251296	1786732560.3622681000
./outputs/diagnostics/landsat_composite_counterfactual/mugla_2021/_tiles/current_ndvi_scene_valid_count/current_ndvi_scene_valid_count_tile_r1_c1.tif	120306	1786732571.7993130000
./outputs/diagnostics/landsat_composite_counterfactual/mugla_2021/_tiles/current_ndvi_scene_valid_count/current_ndvi_scene_valid_count_tile_r1_c2.tif	130490	1786732580.0923251000
./outputs/diagnostics/landsat_composite_counterfactual/mugla_2021/_tiles/current_ndvi_scene_valid_count/current_ndvi_scene_valid_count_tile_r1_c3.tif	57512	1786732585.4680998000
./outputs/diagnostics/landsat_composite_counterfactual/mugla_2021/_tiles/current_ndvi_scene_valid_count/current_ndvi_scene_valid_count_tile_r2_c0.tif	211756	1786732595.1213559000
./outputs/diagnostics/landsat_composite_counterfactual/mugla_2021/_tiles/current_ndvi_scene_valid_count/current_ndvi_scene_valid_count_tile_r2_c1.tif	31376	1786732602.2343134000
./outputs/diagnostics/landsat_composite_counterfactual/mugla_2021/_tiles/current_ndvi_scene_valid_count/current_ndvi_scene_valid_count_tile_r2_c2.tif	59468	1786732611.3851374000
./outputs/diagnostics/landsat_composite_counterfactual/mugla_2021/_tiles/current_ndvi_scene_valid_count/current_ndvi_scene_valid_count_tile_r2_c3.tif	40096	1786732619.4547107000
./outputs/diagnostics/landsat_composite_counterfactual/mugla_2021/_tiles/current_ndvi_scene_valid_count/current_ndvi_scene_valid_count_tile_r3_c0.tif	220500	1786732631.1950710000
./outputs/diagnostics/landsat_composite_counterfactual/mugla_2021/_tiles/current_ndvi_scene_valid_count/current_ndvi_scene_valid_count_tile_r3_c1.tif	41310	1786732636.0074236000
./outputs/diagnostics/landsat_composite_counterfactual/mugla_2021/_tiles/current_ndvi_scene_valid_count/current_ndvi_scene_valid_count_tile_r3_c2.tif	47874	1786732640.0816434000
./outputs/diagnostics/landsat_composite_counterfactual/mugla_2021/_tiles/current_ndvi_scene_valid_count/current_ndvi_scene_valid_count_tile_r3_c3.tif	43924	1786732645.2164354000
./outputs/diagnostics/landsat_composite_counterfactual/mugla_2021/_tiles/current_ndvi_scene_weighted_median/current_ndvi_scene_weighted_median_tile_r0_c0.tif	3829730	1786732253.6424032000
./outputs/diagnostics/landsat_composite_counterfactual/mugla_2021/_tiles/current_ndvi_scene_weighted_median/current_ndvi_scene_weighted_median_tile_r0_c1.tif	3842758	1786732260.8833128000
./outputs/diagnostics/landsat_composite_counterfactual/mugla_2021/_tiles/current_ndvi_scene_weighted_median/current_ndvi_scene_weighted_median_tile_r0_c2.tif	3892120	1786732274.3606288000
./outputs/diagnostics/landsat_composite_counterfactual/mugla_2021/_tiles/current_ndvi_scene_weighted_median/current_ndvi_scene_weighted_median_tile_r0_c3.tif	3926972	1786732285.0163398000
./outputs/diagnostics/landsat_composite_counterfactual/mugla_2021/_tiles/current_ndvi_scene_weighted_median/current_ndvi_scene_weighted_median_tile_r1_c0.tif	3801624	1786732291.6272387000
./outputs/diagnostics/landsat_composite_counterfactual/mugla_2021/_tiles/current_ndvi_scene_weighted_median/current_ndvi_scene_weighted_median_tile_r1_c1.tif	3738366	1786732299.2937809000
./outputs/diagnostics/landsat_composite_counterfactual/mugla_2021/_tiles/current_ndvi_scene_weighted_median/current_ndvi_scene_weighted_median_tile_r1_c2.tif	3873178	1786732307.0581266000
./outputs/diagnostics/landsat_composite_counterfactual/mugla_2021/_tiles/current_ndvi_scene_weighted_median/current_ndvi_scene_weighted_median_tile_r1_c3.tif	3870102	1786732316.2931113000
./outputs/diagnostics/landsat_composite_counterfactual/mugla_2021/_tiles/current_ndvi_scene_weighted_median/current_ndvi_scene_weighted_median_tile_r2_c0.tif	3849994	1786732329.5587535000
./outputs/diagnostics/landsat_composite_counterfactual/mugla_2021/_tiles/current_ndvi_scene_weighted_median/current_ndvi_scene_weighted_median_tile_r2_c1.tif	3845944	1786732337.3705942000
./outputs/diagnostics/landsat_composite_counterfactual/mugla_2021/_tiles/current_ndvi_scene_weighted_median/current_ndvi_scene_weighted_median_tile_r2_c2.tif	3849574	1786732351.3469529000
./outputs/diagnostics/landsat_composite_counterfactual/mugla_2021/_tiles/current_ndvi_scene_weighted_median/current_ndvi_scene_weighted_median_tile_r2_c3.tif	3845974	1786732361.1707758000
./outputs/diagnostics/landsat_composite_counterfactual/mugla_2021/_tiles/current_ndvi_scene_weighted_median/current_ndvi_scene_weighted_median_tile_r3_c0.tif	3845322	1786732374.2373792000
./outputs/diagnostics/landsat_composite_counterfactual/mugla_2021/_tiles/current_ndvi_scene_weighted_median/current_ndvi_scene_weighted_median_tile_r3_c1.tif	3840620	1786732381.9888894000
./outputs/diagnostics/landsat_composite_counterfactual/mugla_2021/_tiles/current_ndvi_scene_weighted_median/current_ndvi_scene_weighted_median_tile_r3_c2.tif	3834010	1786732391.6510274000
./outputs/diagnostics/landsat_composite_counterfactual/mugla_2021/_tiles/current_ndvi_scene_weighted_median/current_ndvi_scene_weighted_median_tile_r3_c3.tif	3843570	1786732399.0710122000
./outputs/diagnostics/landsat_composite_counterfactual/mugla_2021/_tiles/current_ndvi_unique_date_valid_count/current_ndvi_unique_date_valid_count_tile_r0_c0.tif	577216	1786732675.8949801000
./outputs/diagnostics/landsat_composite_counterfactual/mugla_2021/_tiles/current_ndvi_unique_date_valid_count/current_ndvi_unique_date_valid_count_tile_r0_c1.tif	526848	1786732711.8997979000
./outputs/diagnostics/landsat_composite_counterfactual/mugla_2021/_tiles/current_ndvi_unique_date_valid_count/current_ndvi_unique_date_valid_count_tile_r1_c0.tif	493026	1786732740.4363920000
./outputs/diagnostics/landsat_composite_counterfactual/mugla_2021/_tiles/current_ndvi_unique_date_valid_count/current_ndvi_unique_date_valid_count_tile_r1_c1.tif	172608	1786732774.1251252000
./outputs/diagnostics/landsat_composite_counterfactual/mugla_2021/analysis_checkpoint.json	330907	1786737077.6053768000
./outputs/diagnostics/landsat_composite_counterfactual/mugla_2021/analysis_run.log	7195	1786737075.9689353000
./outputs/diagnostics/landsat_composite_counterfactual/mugla_2021/audit_config.json	3274	1786736930.3379106000
./outputs/diagnostics/landsat_composite_counterfactual/mugla_2021/boundary_metrics.csv	7251	1786737046.0832647000
./outputs/diagnostics/landsat_composite_counterfactual/mugla_2021/canonical_reproduction.json	10026	1786736972.1130205000
./outputs/diagnostics/landsat_composite_counterfactual/mugla_2021/counterfactual_summary.json	476747	1786737075.9684329000
./outputs/diagnostics/landsat_composite_counterfactual/mugla_2021/counterfactual_summary.md	3667	1786737075.9689353000
./outputs/diagnostics/landsat_composite_counterfactual/mugla_2021/derived/date_balanced/anomaly_zscore.tif	50869192	1786736969.8519814000
./outputs/diagnostics/landsat_composite_counterfactual/mugla_2021/derived/date_balanced/baseline_lst_mean_celsius.tif	71103049	1786736967.9865724000
./outputs/diagnostics/landsat_composite_counterfactual/mugla_2021/derived/date_balanced/baseline_lst_std_celsius.tif	85120018	1786736968.5379344000
./outputs/diagnostics/landsat_composite_counterfactual/mugla_2021/derived/date_balanced/baseline_valid_year_count.tif	671867	1786736968.7488059000
./outputs/diagnostics/landsat_composite_counterfactual/mugla_2021/derived/date_balanced/current_minus_baseline_celsius.tif	67832562	1786736969.4030562000
./outputs/diagnostics/landsat_composite_counterfactual/mugla_2021/derived/scene_weighted/anomaly_zscore.tif	51034757	1786736964.2240197000
./outputs/diagnostics/landsat_composite_counterfactual/mugla_2021/derived/scene_weighted/baseline_lst_mean_celsius.tif	70037392	1786736962.3565860000
./outputs/diagnostics/landsat_composite_counterfactual/mugla_2021/derived/scene_weighted/baseline_lst_std_celsius.tif	85129065	1786736962.9072197000
./outputs/diagnostics/landsat_composite_counterfactual/mugla_2021/derived/scene_weighted/baseline_valid_year_count.tif	671867	1786736963.1192072000
./outputs/diagnostics/landsat_composite_counterfactual/mugla_2021/derived/scene_weighted/current_minus_baseline_celsius.tif	66799202	1786736963.7776119000
./outputs/diagnostics/landsat_composite_counterfactual/mugla_2021/manifest.json	27628	1786737077.6028767000
./outputs/diagnostics/landsat_composite_counterfactual/mugla_2021/maps/baseline_lst_2017_date_balanced_median.png	289882	1786737052.1589068000
./outputs/diagnostics/landsat_composite_counterfactual/mugla_2021/maps/baseline_lst_2017_scene_weighted_median.png	291382	1786737051.0542476000
./outputs/diagnostics/landsat_composite_counterfactual/mugla_2021/maps/baseline_lst_2018_date_balanced_median.png	300392	1786737055.0971164000
./outputs/diagnostics/landsat_composite_counterfactual/mugla_2021/maps/baseline_lst_2018_scene_weighted_median.png	301812	1786737053.9762427000
./outputs/diagnostics/landsat_composite_counterfactual/mugla_2021/maps/baseline_lst_2019_date_balanced_median.png	303610	1786737058.0054652000
./outputs/diagnostics/landsat_composite_counterfactual/mugla_2021/maps/baseline_lst_2019_scene_weighted_median.png	304708	1786737056.8881484000
./outputs/diagnostics/landsat_composite_counterfactual/mugla_2021/maps/baseline_lst_2020_date_balanced_median.png	294569	1786737060.9185153000
./outputs/diagnostics/landsat_composite_counterfactual/mugla_2021/maps/baseline_lst_2020_scene_weighted_median.png	295250	1786737059.7968259000
./outputs/diagnostics/landsat_composite_counterfactual/mugla_2021/maps/baseline_ndvi_2017_date_balanced_median.png	355516	1786737066.8953678000
./outputs/diagnostics/landsat_composite_counterfactual/mugla_2021/maps/baseline_ndvi_2017_scene_weighted_median.png	354641	1786737065.7982037000
./outputs/diagnostics/landsat_composite_counterfactual/mugla_2021/maps/baseline_ndvi_2018_date_balanced_median.png	353991	1786737069.8579025000
./outputs/diagnostics/landsat_composite_counterfactual/mugla_2021/maps/baseline_ndvi_2018_scene_weighted_median.png	351405	1786737068.7568243000
./outputs/diagnostics/landsat_composite_counterfactual/mugla_2021/maps/baseline_ndvi_2019_date_balanced_median.png	357671	1786737072.8449839000
./outputs/diagnostics/landsat_composite_counterfactual/mugla_2021/maps/baseline_ndvi_2019_scene_weighted_median.png	353807	1786737071.7305900000
./outputs/diagnostics/landsat_composite_counterfactual/mugla_2021/maps/baseline_ndvi_2020_date_balanced_median.png	360593	1786737075.9519012000
./outputs/diagnostics/landsat_composite_counterfactual/mugla_2021/maps/baseline_ndvi_2020_scene_weighted_median.png	359103	1786737074.8334072000
./outputs/diagnostics/landsat_composite_counterfactual/mugla_2021/maps/current_lst_date_balanced_median.png	289787	1786737049.2871085000
./outputs/diagnostics/landsat_composite_counterfactual/mugla_2021/maps/current_lst_scene_weighted_median.png	291250	1786737048.1784270000
./outputs/diagnostics/landsat_composite_counterfactual/mugla_2021/maps/current_ndvi_date_balanced_median.png	364943	1786737063.9229249000
./outputs/diagnostics/landsat_composite_counterfactual/mugla_2021/maps/current_ndvi_scene_weighted_median.png	363887	1786737062.8188735000
./outputs/diagnostics/landsat_composite_counterfactual/mugla_2021/paired_boundary_comparison.csv	2428	1786737046.0832647000
./outputs/diagnostics/landsat_composite_counterfactual/mugla_2021/raster_inventory.csv	35653	1786737046.0852740000
./outputs/diagnostics/landsat_composite_counterfactual/mugla_2021/raster_inventory.partial.json	96172	1786736929.3630670000
./outputs/diagnostics/landsat_composite_counterfactual/mugla_2021/rasters/baseline_lst_2017_date_balanced_median.tif	47693769	1786729266.5155146000
./outputs/diagnostics/landsat_composite_counterfactual/mugla_2021/rasters/baseline_lst_2017_date_balanced_minus_scene_weighted.tif	7273348	1786729811.9889083000
./outputs/diagnostics/landsat_composite_counterfactual/mugla_2021/rasters/baseline_lst_2017_same_day_multiplicity.tif	705601	1786729663.5230434000
./outputs/diagnostics/landsat_composite_counterfactual/mugla_2021/rasters/baseline_lst_2017_scene_valid_count.tif	1350868	1786729419.2449679000
./outputs/diagnostics/landsat_composite_counterfactual/mugla_2021/rasters/baseline_lst_2017_scene_weighted_median.tif	46975805	1786729092.2755136000
./outputs/diagnostics/landsat_composite_counterfactual/mugla_2021/rasters/baseline_lst_2017_unique_date_valid_count.tif	1172779	1786729505.6237543000
./outputs/diagnostics/landsat_composite_counterfactual/mugla_2021/rasters/baseline_lst_2018_date_balanced_median.tif	47647436	1786730128.8641531000
./outputs/diagnostics/landsat_composite_counterfactual/mugla_2021/rasters/baseline_lst_2018_date_balanced_minus_scene_weighted.tif	8483753	1786730607.6262457000
./outputs/diagnostics/landsat_composite_counterfactual/mugla_2021/rasters/baseline_lst_2018_same_day_multiplicity.tif	801030	1786730419.6102221000
./outputs/diagnostics/landsat_composite_counterfactual/mugla_2021/rasters/baseline_lst_2018_scene_valid_count.tif	1677906	1786730244.1958111000
./outputs/diagnostics/landsat_composite_counterfactual/mugla_2021/rasters/baseline_lst_2018_scene_weighted_median.tif	46708810	1786729993.1985936000
./outputs/diagnostics/landsat_composite_counterfactual/mugla_2021/rasters/baseline_lst_2018_unique_date_valid_count.tif	1447400	1786730330.7124593000
./outputs/diagnostics/landsat_composite_counterfactual/mugla_2021/rasters/baseline_lst_2019_date_balanced_median.tif	46410160	1786730980.7294349000
./outputs/diagnostics/landsat_composite_counterfactual/mugla_2021/rasters/baseline_lst_2019_date_balanced_minus_scene_weighted.tif	6912994	1786731411.3588593000
./outputs/diagnostics/landsat_composite_counterfactual/mugla_2021/rasters/baseline_lst_2019_same_day_multiplicity.tif	699657	1786731281.8020877000
./outputs/diagnostics/landsat_composite_counterfactual/mugla_2021/rasters/baseline_lst_2019_scene_valid_count.tif	1453245	1786731075.3939154000
./outputs/diagnostics/landsat_composite_counterfactual/mugla_2021/rasters/baseline_lst_2019_scene_weighted_median.tif	45924061	1786730792.9447831000
./outputs/diagnostics/landsat_composite_counterfactual/mugla_2021/rasters/baseline_lst_2019_unique_date_valid_count.tif	1273231	1786731168.8787421000
./outputs/diagnostics/landsat_composite_counterfactual/mugla_2021/rasters/baseline_lst_2020_date_balanced_median.tif	46318126	1786731746.2438725000
./outputs/diagnostics/landsat_composite_counterfactual/mugla_2021/rasters/baseline_lst_2020_date_balanced_minus_scene_weighted.tif	3876406	1786732222.4566569000
./outputs/diagnostics/landsat_composite_counterfactual/mugla_2021/rasters/baseline_lst_2020_same_day_multiplicity.tif	697541	1786732075.5586836000
./outputs/diagnostics/landsat_composite_counterfactual/mugla_2021/rasters/baseline_lst_2020_scene_valid_count.tif	1340137	1786731865.0830097000
./outputs/diagnostics/landsat_composite_counterfactual/mugla_2021/rasters/baseline_lst_2020_scene_weighted_median.tif	45820758	1786731598.8806010000
./outputs/diagnostics/landsat_composite_counterfactual/mugla_2021/rasters/baseline_lst_2020_unique_date_valid_count.tif	1183626	1786731942.6914299000
./outputs/diagnostics/landsat_composite_counterfactual/mugla_2021/rasters/baseline_ndvi_2017_date_balanced_median.tif	87219596	1786733476.4235571000
./outputs/diagnostics/landsat_composite_counterfactual/mugla_2021/rasters/baseline_ndvi_2017_date_balanced_minus_scene_weighted.tif	27955158	1786734111.0669172000
./outputs/diagnostics/landsat_composite_counterfactual/mugla_2021/rasters/baseline_ndvi_2017_same_day_multiplicity.tif	1648330	1786733925.6489254000
./outputs/diagnostics/landsat_composite_counterfactual/mugla_2021/rasters/baseline_ndvi_2017_scene_valid_count.tif	3442116	1786733644.1284406000
./outputs/diagnostics/landsat_composite_counterfactual/mugla_2021/rasters/baseline_ndvi_2017_scene_weighted_median.tif	87214977	1786733326.9281180000
./outputs/diagnostics/landsat_composite_counterfactual/mugla_2021/rasters/baseline_ndvi_2017_unique_date_valid_count.tif	2699644	1786733764.4224300000
./outputs/diagnostics/landsat_composite_counterfactual/mugla_2021/rasters/baseline_ndvi_2018_date_balanced_median.tif	87005252	1786734400.6706826000
./outputs/diagnostics/landsat_composite_counterfactual/mugla_2021/rasters/baseline_ndvi_2018_date_balanced_minus_scene_weighted.tif	28169357	1786735012.9801911000
./outputs/diagnostics/landsat_composite_counterfactual/mugla_2021/rasters/baseline_ndvi_2018_same_day_multiplicity.tif	1668640	1786734805.0423729000
./outputs/diagnostics/landsat_composite_counterfactual/mugla_2021/rasters/baseline_ndvi_2018_scene_valid_count.tif	3413728	1786734538.1908283000
./outputs/diagnostics/landsat_composite_counterfactual/mugla_2021/rasters/baseline_ndvi_2018_scene_weighted_median.tif	86847723	1786734256.6029561000
./outputs/diagnostics/landsat_composite_counterfactual/mugla_2021/rasters/baseline_ndvi_2018_unique_date_valid_count.tif	2708163	1786734638.7921932000
./outputs/diagnostics/landsat_composite_counterfactual/mugla_2021/rasters/baseline_ndvi_2019_date_balanced_median.tif	86793682	1786735284.5275445000
./outputs/diagnostics/landsat_composite_counterfactual/mugla_2021/rasters/baseline_ndvi_2019_date_balanced_minus_scene_weighted.tif	27589881	1786735903.6195614000
./outputs/diagnostics/landsat_composite_counterfactual/mugla_2021/rasters/baseline_ndvi_2019_same_day_multiplicity.tif	1463088	1786735687.5048715000
./outputs/diagnostics/landsat_composite_counterfactual/mugla_2021/rasters/baseline_ndvi_2019_scene_valid_count.tif	3139941	1786735423.1966873000
./outputs/diagnostics/landsat_composite_counterfactual/mugla_2021/rasters/baseline_ndvi_2019_scene_weighted_median.tif	86633039	1786735171.3167771000
./outputs/diagnostics/landsat_composite_counterfactual/mugla_2021/rasters/baseline_ndvi_2019_unique_date_valid_count.tif	2516952	1786735524.2132527000
./outputs/diagnostics/landsat_composite_counterfactual/mugla_2021/rasters/baseline_ndvi_2020_date_balanced_median.tif	87368394	1786736169.0523372000
./outputs/diagnostics/landsat_composite_counterfactual/mugla_2021/rasters/baseline_ndvi_2020_date_balanced_minus_scene_weighted.tif	27468934	1786736928.1153005000
./outputs/diagnostics/landsat_composite_counterfactual/mugla_2021/rasters/baseline_ndvi_2020_same_day_multiplicity.tif	1822364	1786736742.0706581000
./outputs/diagnostics/landsat_composite_counterfactual/mugla_2021/rasters/baseline_ndvi_2020_scene_valid_count.tif	3633370	1786736396.3919549000
./outputs/diagnostics/landsat_composite_counterfactual/mugla_2021/rasters/baseline_ndvi_2020_scene_weighted_median.tif	87241206	1786736052.3195890000
./outputs/diagnostics/landsat_composite_counterfactual/mugla_2021/rasters/baseline_ndvi_2020_unique_date_valid_count.tif	2897816	1786736582.9808927000
./outputs/diagnostics/landsat_composite_counterfactual/mugla_2021/rasters/current_lst_date_balanced_median.tif	62078395	1786728258.6487110000
./outputs/diagnostics/landsat_composite_counterfactual/mugla_2021/rasters/current_lst_date_balanced_minus_scene_weighted.tif	10132733	1786728854.6523107000
./outputs/diagnostics/landsat_composite_counterfactual/mugla_2021/rasters/current_lst_same_day_multiplicity.tif	742269	1786728623.9342247000
./outputs/diagnostics/landsat_composite_counterfactual/mugla_2021/rasters/current_lst_scene_valid_count.tif	1623865	1786728411.6131853000
./outputs/diagnostics/landsat_composite_counterfactual/mugla_2021/rasters/current_lst_scene_weighted_median.tif	60930667	1786728141.5175691000
./outputs/diagnostics/landsat_composite_counterfactual/mugla_2021/rasters/current_lst_unique_date_valid_count.tif	1429125	1786728496.7510676000
./outputs/diagnostics/landsat_composite_counterfactual/mugla_2021/rasters/current_ndvi_date_balanced_median.tif	86816112	1786732490.4257855000
./outputs/diagnostics/landsat_composite_counterfactual/mugla_2021/rasters/current_ndvi_date_balanced_minus_scene_weighted.tif	29031043	1786733189.3131408000
./outputs/diagnostics/landsat_composite_counterfactual/mugla_2021/rasters/current_ndvi_same_day_multiplicity.tif	1452123	1786732992.1139494000
./outputs/diagnostics/landsat_composite_counterfactual/mugla_2021/rasters/current_ndvi_scene_valid_count.tif	3376598	1786732645.7441762000
./outputs/diagnostics/landsat_composite_counterfactual/mugla_2021/rasters/current_ndvi_scene_weighted_median.tif	86801742	1786732400.0654355000
./outputs/diagnostics/landsat_composite_counterfactual/mugla_2021/rasters/current_ndvi_unique_date_valid_count.tif	2770906	1786732774.6399243000
./outputs/diagnostics/landsat_composite_counterfactual/mugla_2021/run_log.txt	463	1786737075.9699337000
./outputs/diagnostics/landsat_composite_counterfactual/mugla_2021/scene_boundaries.geojson	297148147	1786737001.9442315000
./outputs/diagnostics/landsat_composite_counterfactual/mugla_2021/scene_footprints.geojson	593190	1786736997.3820420000
./outputs/diagnostics/landsat_composite_counterfactual/mugla_2021/scene_manifest.csv	32384	1786727896.1454950000
./outputs/diagnostics/landsat_composite_counterfactual/mugla_2021/source_scene_metadata.json	1855579	1786727896.1415950000
./outputs/experiments/bejis_2022/data/current_period/landsat_current_period_60days.tif	11046031	1786727068.1068138000
./outputs/experiments/bejis_2022/data/data/_tiles/baseline_ndvi_2018/desktop.ini	246	1786721805.9769710000
./outputs/experiments/bejis_2022/data/data/_tiles/baseline_ndvi_2018/ndvi_baseline_2018-08-14_tile_r0_c0.tif	6716563	1783720128.0890000000
./outputs/experiments/bejis_2022/data/data/_tiles/baseline_ndvi_2018/ndvi_baseline_2018-08-14_tile_r0_c1.tif	7047811	1783720134.3570000000
./outputs/experiments/bejis_2022/data/data/_tiles/baseline_ndvi_2018/ndvi_baseline_2018-08-14_tile_r1_c0.tif	6692639	1783720140.8770000000
./outputs/experiments/bejis_2022/data/data/_tiles/baseline_ndvi_2018/ndvi_baseline_2018-08-14_tile_r1_c1.tif	6743757	1783720145.7890000000
./outputs/experiments/bejis_2022/data/data/_tiles/baseline_ndvi_2021/desktop.ini	246	1786721805.9769710000
./outputs/experiments/bejis_2022/data/data/_tiles/baseline_ndvi_2021/ndvi_baseline_2021-08-14_tile_r0_c0.tif	5233658	1783720225.4490000000
./outputs/experiments/bejis_2022/data/data/_tiles/baseline_ndvi_2021/ndvi_baseline_2021-08-14_tile_r0_c1.tif	4802336	1783720232.0170000000
./outputs/experiments/bejis_2022/data/data/_tiles/baseline_ndvi_2021/ndvi_baseline_2021-08-14_tile_r1_c0.tif	6580050	1783720236.2210000000
./outputs/experiments/bejis_2022/data/data/_tiles/baseline_ndvi_2021/ndvi_baseline_2021-08-14_tile_r1_c1.tif	5367742	1783720241.0490000000
./outputs/experiments/bejis_2022/data/data/_tiles/current_ndvi/current_ndvi_median_tile_r0_c0.tif	3711374	1783719765.4330000000
./outputs/experiments/bejis_2022/data/data/_tiles/current_ndvi/current_ndvi_median_tile_r0_c1.tif	3930005	1783719785.5810000000
./outputs/experiments/bejis_2022/data/data/_tiles/current_ndvi/current_ndvi_median_tile_r1_c0.tif	3700286	1783719805.0250000000
./outputs/experiments/bejis_2022/data/data/_tiles/current_ndvi/current_ndvi_median_tile_r1_c1.tif	3764018	1783719826.6290000000
./outputs/experiments/bejis_2022/data/data/_tiles/current_ndvi/desktop.ini	246	1786721805.9769710000
./outputs/experiments/bejis_2022/data/data/_tiles/desktop.ini	246	1786721805.9769710000
./outputs/experiments/bejis_2022/data/data/current_period/desktop.ini	246	1786721805.9769710000
./outputs/experiments/bejis_2022/data/data/current_period/landsat_current_period_60days.tif	11046031	1783719740.8970000000
./outputs/experiments/bejis_2022/data/data/dem/_raw/desktop.ini	246	1786721805.9769710000
./outputs/experiments/bejis_2022/data/data/dem/_raw/elevation_raw.tif	18486883	1783720496.7330000000
./outputs/experiments/bejis_2022/data/data/dem/_raw/slope_raw.tif	15286750	1783720505.7920000000
./outputs/experiments/bejis_2022/data/data/dem/_tiles/desktop.ini	246	1786721805.9769710000
./outputs/experiments/bejis_2022/data/data/dem/_tiles/elevation/desktop.ini	246	1786721805.9769710000
./outputs/experiments/bejis_2022/data/data/dem/_tiles/elevation/elevation_raw_tile_r0_c0.tif	3596678	1783720487.3970000000
./outputs/experiments/bejis_2022/data/data/dem/_tiles/elevation/elevation_raw_tile_r0_c1.tif	3645849	1783720490.6490000000
./outputs/experiments/bejis_2022/data/data/dem/_tiles/elevation/elevation_raw_tile_r1_c0.tif	3526666	1783720493.5650000000
./outputs/experiments/bejis_2022/data/data/dem/_tiles/elevation/elevation_raw_tile_r1_c1.tif	3605479	1783720496.2810000000
./outputs/experiments/bejis_2022/data/data/dem/dem_metadata.json	2110	1783720505.9760000000
./outputs/experiments/bejis_2022/data/data/dem/desktop.ini	246	1786721805.9769710000
./outputs/experiments/bejis_2022/data/data/dem/elevation.tif	18486883	1783720505.8280000000
./outputs/experiments/bejis_2022/data/data/dem/slope.tif	15286750	1783720505.9200000000
./outputs/experiments/bejis_2022/data/data/desktop.ini	246	1786721805.9769710000
./outputs/experiments/bejis_2022/data/data/landsat_timeseries/bejis_2022_landsat_baseline_2018-08-14.tif	9081017	1783719900.8850000000
./outputs/experiments/bejis_2022/data/data/landsat_timeseries/bejis_2022_landsat_baseline_2019-08-14.tif	9060380	1783719956.6250000000
./outputs/experiments/bejis_2022/data/data/landsat_timeseries/bejis_2022_landsat_baseline_2020-08-14.tif	8820160	1783720044.7490000000
./outputs/experiments/bejis_2022/data/data/landsat_timeseries/bejis_2022_landsat_baseline_2021-08-14.tif	7558209	1783720110.4770000000
./outputs/experiments/bejis_2022/data/data/landsat_timeseries/desktop.ini	246	1786721805.9769710000
./outputs/experiments/bejis_2022/data/data/modis/desktop.ini	246	1786721805.9769710000
./outputs/experiments/bejis_2022/data/data/modis/modis_lst_mean_celsius.tif	25499	1783720805.1160000000
./outputs/experiments/bejis_2022/data/data/modis/modis_lst_std_celsius.tif	28427	1783720807.2840000000
./outputs/experiments/bejis_2022/data/data/modis/modis_metadata.json	967	1783720807.2880000000
./outputs/experiments/bejis_2022/data/data/ndvi_current_period/current_ndvi_median.tif	21496377	1783719827.3770000000
./outputs/experiments/bejis_2022/data/data/ndvi_current_period/desktop.ini	246	1786721805.9769710000
./outputs/experiments/bejis_2022/data/data/ndvi_timeseries/desktop.ini	246	1786721805.9769710000
./outputs/experiments/bejis_2022/data/data/ndvi_timeseries/ndvi_baseline_2018-08-14.tif	39893204	1783720146.3850000000
./outputs/experiments/bejis_2022/data/data/ndvi_timeseries/ndvi_baseline_2019-08-14.tif	27194666	1783720188.2730000000
./outputs/experiments/bejis_2022/data/data/ndvi_timeseries/ndvi_baseline_2020-08-14.tif	27165376	1783720212.6290000000
./outputs/experiments/bejis_2022/data/data/ndvi_timeseries/ndvi_baseline_2021-08-14.tif	32549017	1783720241.5290000000
./outputs/experiments/bejis_2022/data/landsat_timeseries/bejis_2022_landsat_baseline_2018-08-14.tif	9081017	1786727068.1455477000
./outputs/experiments/bejis_2022/data/landsat_timeseries/bejis_2022_landsat_baseline_2019-08-14.tif	9060380	1786727068.1848493000
./outputs/experiments/bejis_2022/data/landsat_timeseries/bejis_2022_landsat_baseline_2020-08-14.tif	8820160	1786727068.2221702000
./outputs/experiments/bejis_2022/data/landsat_timeseries/bejis_2022_landsat_baseline_2021-08-14.tif	7558209	1786727068.2558703000
./outputs/experiments/bejis_2022/gate_inputs/desktop.ini	246	1786721805.9769710000
./outputs/experiments/bejis_2022/gate_inputs/gate_inputs_metadata.json	1799	1783719138.8330000000
./outputs/experiments/bejis_2022/gate_inputs/landcover_esa_worldcover_v200.tif	583752	1783719138.7530000000
./outputs/experiments/bejis_2022/gate_inputs/landcover_esa_worldcover_v200_aligned_to_reference.tif	615028	1783699921.5910000000
./outputs/experiments/bejis_2022/gate_inputs/reference_30m.tif	14795	1783719131.4140000000
./outputs/experiments/bejis_2022/predictor_export_metadata.json	3844	1786728491.3123434000
./outputs/experiments/bejis_2022/predictor_export_metadata.json.orig	3669	1783720241.5330000000
./outputs/experiments/bejis_2022/step0/aoi_preview.geojson	1035	1783698842.0300000000
./outputs/experiments/bejis_2022/step0/desktop.ini	246	1786721805.9769710000
./outputs/experiments/bejis_2022/step5/anomaly_zscore.tif	15325684	1786727263.0692947000
./outputs/experiments/bejis_2022/step5/baseline_lst_mean_celsius.tif	16045968	1786727263.0958868000
./outputs/experiments/bejis_2022/step5/baseline_lst_std_celsius.tif	18373136	1786727263.1229621000
./outputs/experiments/bejis_2022/step5/baseline_valid_count.tif	235107	1786727263.1409978000
./outputs/experiments/bejis_2022/step5/current_period_median_celsius.tif	13201030	1786727263.1640844000
./outputs/experiments/bejis_2022/step5/current_period_valid_count.tif	410626	1786727263.1795458000
./outputs/experiments/bejis_2022/step5/low_baseline_count_mask.tif	68478	1786727263.1960795000
./outputs/experiments/bejis_2022/step5/low_baseline_std_mask.tif	197972	1786727263.2107781000
./outputs/experiments/bejis_2022/step5/low_current_count_mask.tif	135501	1786727263.2261047000
./outputs/experiments/bejis_2022/step5/step5/anomaly_zscore.tif	15325684	1783720243.4810000000
./outputs/experiments/bejis_2022/step5/step5/baseline_lst_mean_celsius.tif	16045968	1783720243.4810000000
./outputs/experiments/bejis_2022/step5/step5/baseline_lst_std_celsius.tif	18373136	1783720243.4810000000
./outputs/experiments/bejis_2022/step5/step5/baseline_valid_count.tif	235107	1783720243.4810000000
./outputs/experiments/bejis_2022/step5/step5/current_period_median_celsius.tif	13201030	1783720243.4810000000
./outputs/experiments/bejis_2022/step5/step5/current_period_valid_count.tif	410626	1783720243.4810000000
./outputs/experiments/bejis_2022/step5/step5/desktop.ini	246	1786721805.9769710000
./outputs/experiments/bejis_2022/step5/step5/low_baseline_count_mask.tif	68478	1783720243.4810000000
./outputs/experiments/bejis_2022/step5/step5/low_baseline_std_mask.tif	197972	1783720243.4810000000
./outputs/experiments/bejis_2022/step5/step5/low_current_count_mask.tif	135501	1783720243.4810000000
./outputs/experiments/bejis_2022/step5/step5/step5_metadata.json	4618	1783720243.5010000000
./outputs/experiments/bejis_2022/step5c/baseline_tvdi_mean.tif	18527331	1783720247.3210000000
./outputs/experiments/bejis_2022/step5c/baseline_tvdi_std.tif	17651657	1783720247.3210000000
./outputs/experiments/bejis_2022/step5c/baseline_tvdi_valid_count.tif	156137	1783720247.3210000000
./outputs/experiments/bejis_2022/step5c/current_tvdi.tif	16251068	1783720244.7410000000
./outputs/experiments/bejis_2022/step5c/current_tvdi_valid_count.tif	390618	1783720244.7410000000
./outputs/experiments/bejis_2022/step5c/desktop.ini	246	1786721805.9769710000
./outputs/experiments/bejis_2022/step5c/step5c_metadata.json	13038	1783720247.3450000000
./outputs/experiments/bejis_2022/step5c/tvdi_anomaly_zscore.tif	10955164	1783720247.3210000000
./outputs/experiments/bejis_2022/step5c/tvdi_difference.tif	17386896	1783720247.3210000000
./outputs/experiments/bejis_2022/step5c/tvdi_edge_diagnostics.csv	2101	1783720243.9010000000
./outputs/experiments/bejis_2022/step5c/tvdi_edge_diagnostics.png	78789	1783720244.0250000000
./outputs/experiments/bejis_2022/step7a/desktop.ini	246	1786721805.9769710000
./outputs/experiments/bejis_2022/step7a/tiling_test_difference.tif	135509	1783720808.6800000000
./outputs/experiments/bejis_2022/step7a/tiling_test_reconstructed.tif	13201030	1783720808.2240000000
./outputs/experiments/bejis_2022/step7a/tiling_test_summary.json	1539	1783720808.6880000000
./outputs/experiments/bejis_2022/step7a/tiling_test_summary.md	1072	1783720808.6880000000
./outputs/experiments/bejis_2022/step7b/aligned_inputs/anomaly_zscore.tif	15325684	1783720810.3120000000
./outputs/experiments/bejis_2022/step7b/aligned_inputs/current_tvdi.tif	16251068	1783720810.5000000000
./outputs/experiments/bejis_2022/step7b/aligned_inputs/desktop.ini	246	1786721805.9769710000
./outputs/experiments/bejis_2022/step7b/aligned_inputs/elevation.tif	18486883	1783720809.9000000000
./outputs/experiments/bejis_2022/step7b/aligned_inputs/landcover.tif	615028	1783720810.0880000000
./outputs/experiments/bejis_2022/step7b/aligned_inputs/modis_lst_mean_celsius.tif	12383879	1783720809.1480000000
./outputs/experiments/bejis_2022/step7b/aligned_inputs/modis_lst_std_celsius.tif	12783409	1783720809.5240000000
./outputs/experiments/bejis_2022/step7b/aligned_inputs/ndvi.tif	21496377	1783720809.7720000000
./outputs/experiments/bejis_2022/step7b/aligned_inputs/slope.tif	15286750	1783720810.0600000000
./outputs/experiments/bejis_2022/step7b/aligned_inputs/tvdi_difference.tif	17386896	1783720810.6760000000
./outputs/experiments/bejis_2022/step7b/desktop.ini	246	1786721805.9769710000
./outputs/experiments/bejis_2022/step7b/downscaling_dataset_stats.json	14577	1783720833.5920000000
./outputs/experiments/bejis_2022/step7b/downscaling_dataset_summary.md	1541	1783720833.5760000000
./outputs/experiments/bejis_2022/step7b/downscaling_training_samples.csv	122242952	1783720833.5480000000
./outputs/experiments/bejis_2022/step7b/downscaling_training_samples.parquet	24543048	1783720821.8600000000
./outputs/experiments/bejis_2022/step7d/desktop.ini	246	1786721805.9769710000
./outputs/experiments/bejis_2022/step7d/downscaled_lst_celsius.tif	14841734	1783720995.8600000000
./outputs/experiments/bejis_2022/step7d/downscaled_lst_valid_mask.tif	9037	1783720995.8600000000
./outputs/experiments/bejis_2022/step7d/downscaling_absolute_error.tif	13291025	1783720995.8600000000
./outputs/experiments/bejis_2022/step7d/downscaling_prediction_metadata.json	5915	1783720996.2600000000
./outputs/experiments/bejis_2022/step7d/downscaling_prediction_stats.json	1226	1783720995.9040000000
./outputs/experiments/bejis_2022/step7d/downscaling_prediction_summary.md	3161	1783720995.9040000000
./outputs/experiments/bejis_2022/step7d/downscaling_residual_observed_minus_predicted.tif	13715270	1783720995.8600000000
./outputs/experiments/bejis_2022/step7e/desktop.ini	246	1786721805.9769710000
./outputs/experiments/bejis_2022/step7e/fused_lst_celsius.tif	10044102	1783720996.9760000000
./outputs/experiments/bejis_2022/step7e/fused_lst_gapfill_amount.tif	1525286	1783720996.9800000000
./outputs/experiments/bejis_2022/step7e/fused_lst_metadata.json	3019	1783720996.9880000000
./outputs/experiments/bejis_2022/step7e/fused_lst_source_mask.tif	37394	1783720996.9800000000
./outputs/experiments/bejis_2022/step7e/fused_lst_stats.json	1633	1783720996.9880000000
./outputs/experiments/bejis_2022/step7e/fused_lst_summary.md	2464	1783720996.9880000000
./outputs/experiments/bejis_2022/step7e/fused_minus_observed_on_overlap.tif	65188	1783720996.9800000000
./outputs/experiments/bejis_2022/step7e/landsat_observed_valid_mask.tif	37355	1783720996.9800000000
./outputs/experiments/bejis_2022/step8a/desktop.ini	246	1786721805.9769710000
./outputs/experiments/bejis_2022/step8a/step8a_500m_cell_preview.geojson	1813233	1783721298.7000000000
./outputs/experiments/bejis_2022/step8a/step8a_500m_grid_burned_label.tif	876	1783721298.3360000000
./outputs/experiments/bejis_2022/step8a/step8a_500m_grid_valid_mask.tif	468	1783721298.3400000000
./outputs/experiments/bejis_2022/step8a/step8a_500m_modeling_dataset.csv	12630321	1783721299.5240000000
./outputs/experiments/bejis_2022/step8a/step8a_500m_modeling_dataset.parquet	3386571	1783721299.6280000000
./outputs/experiments/bejis_2022/step8a/step8a_dataset_stats.json	9187	1783721299.6360000000
./outputs/experiments/bejis_2022/step8a/step8a_dataset_summary.md	5422	1783721299.6320000000
./outputs/experiments/bejis_2022/step8b/desktop.ini	246	1786721805.9769710000
./outputs/experiments/bejis_2022/step8b/step8b_delta_auc_by_population.csv	788	1783721360.2320000000
./outputs/experiments/bejis_2022/step8b/step8b_feature_importance.csv	5491	1783721360.2280000000
./outputs/experiments/bejis_2022/step8b/step8b_fold_metrics.csv	2495	1783721360.2280000000
./outputs/experiments/bejis_2022/step8b/step8b_model_comparison_metrics.json	10269	1783721360.5520000000
./outputs/experiments/bejis_2022/step8b/step8b_monthly_leadtime_metrics.csv	1127	1783721360.2320000000
./outputs/experiments/bejis_2022/step8b/step8b_pr_curves.png	109471	1783721360.5480000000
./outputs/experiments/bejis_2022/step8b/step8b_predictions.csv	5101855	1783721360.1840000000
./outputs/experiments/bejis_2022/step8b/step8b_predictions.parquet	1113914	1783721360.2240000000
./outputs/experiments/bejis_2022/step8b/step8b_roc_curves.png	89632	1783721360.3880000000
./outputs/experiments/bejis_2022/step8b/step8b_summary.md	3926	1783721360.5480000000
./outputs/experiments/bejis_2022/step8c/desktop.ini	246	1786721805.9769710000
./outputs/experiments/bejis_2022/step8c/step8c_bootstrap_metrics.json	29903	1783721541.3640000000
./outputs/experiments/bejis_2022/step8c/step8c_bootstrap_samples.csv	2201900	1783721540.8120000000
./outputs/experiments/bejis_2022/step8c/step8c_delta_auc_distribution.png	39589	1783721541.0120000000
./outputs/experiments/bejis_2022/step8c/step8c_delta_pr_auc_distribution.png	40670	1783721541.3080000000
./outputs/experiments/bejis_2022/step8c/step8c_monthly_bootstrap_metrics.csv	735172	1783721541.3600000000
./outputs/experiments/bejis_2022/step8c/step8c_summary.md	3260	1783721541.3600000000
./outputs/experiments/bejis_2022/step8d/desktop.ini	246	1786721805.9769710000
./outputs/experiments/bejis_2022/step8d/step8d_ablation_barplot.png	129949	1783721827.2240000000
./outputs/experiments/bejis_2022/step8d/step8d_ablation_delta_auc_by_population.csv	1776	1783721826.9200000000
./outputs/experiments/bejis_2022/step8d/step8d_ablation_delta_pr_auc_by_population.csv	1760	1783721826.9200000000
./outputs/experiments/bejis_2022/step8d/step8d_ablation_feature_importance.csv	29603	1783721826.9080000000
./outputs/experiments/bejis_2022/step8d/step8d_ablation_fold_metrics.csv	18931	1783721826.9040000000
./outputs/experiments/bejis_2022/step8d/step8d_ablation_metrics.json	74671	1783721827.2360000000
./outputs/experiments/bejis_2022/step8d/step8d_ablation_predictions.csv	61400741	1783721826.6840000000
./outputs/experiments/bejis_2022/step8d/step8d_ablation_predictions.parquet	6499557	1783721826.8960000000
./outputs/experiments/bejis_2022/step8d/step8d_ablation_summary.md	5196	1783721827.2320000000
./outputs/experiments/bejis_2022/step8e/desktop.ini	246	1786721805.9769710000
./outputs/experiments/bejis_2022/step8e/final_step8_report.json	124267	1783721827.2440000000
./outputs/experiments/bejis_2022/step8e/final_step8_report.md	2155	1783721827.2440000000
./outputs/experiments/bejis_2022/validation/desktop.ini	246	1786721805.9769710000
./outputs/experiments/bejis_2022/validation/labels/burned_landcover_gate.csv	1347	1783719158.0090000000
./outputs/experiments/bejis_2022/validation/labels/burned_landcover_gate.json	3458	1783719158.0090000000
./outputs/experiments/bejis_2022/validation/labels/burned_landcover_gate.md	1879	1783719158.0090000000
./outputs/experiments/bejis_2022/validation/labels/desktop.ini	246	1786721805.9769710000
./outputs/experiments/bejis_2022/validation/labels/mcd64a1_burned.tif	8893	1783719153.7290000000
./outputs/experiments/bejis_2022/validation/labels/mcd64a1_raw.tif	16029	1783719147.5050000000
./outputs/experiments/evia_2021_extended/data/_tiles/baseline_lst_2017/desktop.ini	246	1786721805.9769710000
./outputs/experiments/evia_2021_extended/data/_tiles/baseline_lst_2017/evia_2021_extended_landsat_baseline_2017-08-02_tile_r0_c0.tif	2845516	1785221023.2550000000
./outputs/experiments/evia_2021_extended/data/_tiles/baseline_lst_2017/evia_2021_extended_landsat_baseline_2017-08-02_tile_r0_c1.tif	2961918	1785221053.1090000000
./outputs/experiments/evia_2021_extended/data/_tiles/baseline_lst_2017/evia_2021_extended_landsat_baseline_2017-08-02_tile_r1_c0.tif	2923523	1785221075.3020000000
./outputs/experiments/evia_2021_extended/data/_tiles/baseline_lst_2017/evia_2021_extended_landsat_baseline_2017-08-02_tile_r1_c1.tif	2244354	1785221096.7710000000
./outputs/experiments/evia_2021_extended/data/_tiles/baseline_lst_2018/desktop.ini	246	1786721805.9769710000
./outputs/experiments/evia_2021_extended/data/_tiles/baseline_lst_2018/evia_2021_extended_landsat_baseline_2018-08-02_tile_r0_c0.tif	2858711	1785221127.1850000000
./outputs/experiments/evia_2021_extended/data/_tiles/baseline_lst_2018/evia_2021_extended_landsat_baseline_2018-08-02_tile_r0_c1.tif	2995330	1785221148.0120000000
./outputs/experiments/evia_2021_extended/data/_tiles/baseline_lst_2018/evia_2021_extended_landsat_baseline_2018-08-02_tile_r1_c0.tif	2936068	1785221182.8630000000
./outputs/experiments/evia_2021_extended/data/_tiles/baseline_lst_2018/evia_2021_extended_landsat_baseline_2018-08-02_tile_r1_c1.tif	2307752	1785221201.9960000000
./outputs/experiments/evia_2021_extended/data/_tiles/baseline_lst_2019/desktop.ini	246	1786721805.9769710000
./outputs/experiments/evia_2021_extended/data/_tiles/baseline_lst_2019/evia_2021_extended_landsat_baseline_2019-08-02_tile_r0_c0.tif	2770197	1785221227.1450000000
./outputs/experiments/evia_2021_extended/data/_tiles/baseline_lst_2019/evia_2021_extended_landsat_baseline_2019-08-02_tile_r0_c1.tif	2938554	1785221257.3710000000
./outputs/experiments/evia_2021_extended/data/_tiles/baseline_lst_2019/evia_2021_extended_landsat_baseline_2019-08-02_tile_r1_c0.tif	2868491	1785221281.5900000000
./outputs/experiments/evia_2021_extended/data/_tiles/baseline_lst_2019/evia_2021_extended_landsat_baseline_2019-08-02_tile_r1_c1.tif	2215554	1785221309.2870000000
./outputs/experiments/evia_2021_extended/data/_tiles/baseline_lst_2020/desktop.ini	246	1786721805.9769710000
./outputs/experiments/evia_2021_extended/data/_tiles/baseline_lst_2020/evia_2021_extended_landsat_baseline_2020-08-02_tile_r0_c0.tif	2684155	1785221330.7950000000
./outputs/experiments/evia_2021_extended/data/_tiles/baseline_lst_2020/evia_2021_extended_landsat_baseline_2020-08-02_tile_r0_c1.tif	2604480	1785221357.5950000000
./outputs/experiments/evia_2021_extended/data/_tiles/baseline_lst_2020/evia_2021_extended_landsat_baseline_2020-08-02_tile_r1_c0.tif	2670040	1785221389.1240000000
./outputs/experiments/evia_2021_extended/data/_tiles/baseline_lst_2020/evia_2021_extended_landsat_baseline_2020-08-02_tile_r1_c1.tif	2268138	1785221413.7290000000
./outputs/experiments/evia_2021_extended/data/_tiles/baseline_ndvi_2017/desktop.ini	246	1786721805.9769710000
./outputs/experiments/evia_2021_extended/data/_tiles/baseline_ndvi_2017/ndvi_baseline_2017-08-02_tile_r0_c0.tif	9870321	1785221427.6160000000
./outputs/experiments/evia_2021_extended/data/_tiles/baseline_ndvi_2017/ndvi_baseline_2017-08-02_tile_r0_c1.tif	9891889	1785221439.1950000000
./outputs/experiments/evia_2021_extended/data/_tiles/baseline_ndvi_2017/ndvi_baseline_2017-08-02_tile_r1_c0.tif	9843374	1785221449.3640000000
./outputs/experiments/evia_2021_extended/data/_tiles/baseline_ndvi_2017/ndvi_baseline_2017-08-02_tile_r1_c1.tif	9816454	1785221457.7170000000
./outputs/experiments/evia_2021_extended/data/_tiles/baseline_ndvi_2018/desktop.ini	246	1786721805.9769710000
./outputs/experiments/evia_2021_extended/data/_tiles/baseline_ndvi_2018/ndvi_baseline_2018-08-02_tile_r0_c0.tif	9706653	1785221472.4830000000
./outputs/experiments/evia_2021_extended/data/_tiles/baseline_ndvi_2018/ndvi_baseline_2018-08-02_tile_r0_c1.tif	9813444	1785221478.8860000000
./outputs/experiments/evia_2021_extended/data/_tiles/baseline_ndvi_2018/ndvi_baseline_2018-08-02_tile_r1_c0.tif	9753331	1785221487.5210000000
./outputs/experiments/evia_2021_extended/data/_tiles/baseline_ndvi_2018/ndvi_baseline_2018-08-02_tile_r1_c1.tif	9673710	1785221495.3570000000
./outputs/experiments/evia_2021_extended/data/_tiles/baseline_ndvi_2019/desktop.ini	246	1786721805.9769710000
./outputs/experiments/evia_2021_extended/data/_tiles/baseline_ndvi_2019/ndvi_baseline_2019-08-02_tile_r0_c0.tif	9809986	1785221507.2290000000
./outputs/experiments/evia_2021_extended/data/_tiles/baseline_ndvi_2019/ndvi_baseline_2019-08-02_tile_r0_c1.tif	9880662	1785221515.7480000000
./outputs/experiments/evia_2021_extended/data/_tiles/baseline_ndvi_2019/ndvi_baseline_2019-08-02_tile_r1_c0.tif	9551012	1785221521.3940000000
./outputs/experiments/evia_2021_extended/data/_tiles/baseline_ndvi_2019/ndvi_baseline_2019-08-02_tile_r1_c1.tif	9850188	1785221528.1320000000
./outputs/experiments/evia_2021_extended/data/_tiles/baseline_ndvi_2020/desktop.ini	246	1786721805.9769710000
./outputs/experiments/evia_2021_extended/data/_tiles/baseline_ndvi_2020/ndvi_baseline_2020-08-02_tile_r0_c0.tif	8210947	1785221541.3480000000
./outputs/experiments/evia_2021_extended/data/_tiles/baseline_ndvi_2020/ndvi_baseline_2020-08-02_tile_r0_c1.tif	8415882	1785221549.8000000000
./outputs/experiments/evia_2021_extended/data/_tiles/baseline_ndvi_2020/ndvi_baseline_2020-08-02_tile_r1_c0.tif	7518856	1785221555.3450000000
./outputs/experiments/evia_2021_extended/data/_tiles/baseline_ndvi_2020/ndvi_baseline_2020-08-02_tile_r1_c1.tif	7822087	1785221562.0560000000
./outputs/experiments/evia_2021_extended/data/_tiles/current_lst/desktop.ini	246	1786721805.9769710000
./outputs/experiments/evia_2021_extended/data/_tiles/current_lst/landsat_current_period_58days_tile_r0_c0.tif	3452478	1785220845.1880000000
./outputs/experiments/evia_2021_extended/data/_tiles/current_lst/landsat_current_period_58days_tile_r0_c1.tif	3637508	1785220866.9050000000
./outputs/experiments/evia_2021_extended/data/_tiles/current_lst/landsat_current_period_58days_tile_r1_c0.tif	3589450	1785220882.6970000000
./outputs/experiments/evia_2021_extended/data/_tiles/current_lst/landsat_current_period_58days_tile_r1_c1.tif	2575422	1785220903.0110000000
./outputs/experiments/evia_2021_extended/data/_tiles/current_ndvi/current_ndvi_median_tile_r0_c0.tif	5644565	1785220927.4270000000
./outputs/experiments/evia_2021_extended/data/_tiles/current_ndvi/current_ndvi_median_tile_r0_c1.tif	5573478	1785220948.1230000000
./outputs/experiments/evia_2021_extended/data/_tiles/current_ndvi/current_ndvi_median_tile_r1_c0.tif	5599013	1785220967.5160000000
./outputs/experiments/evia_2021_extended/data/_tiles/current_ndvi/current_ndvi_median_tile_r1_c1.tif	5626343	1785220993.1410000000
./outputs/experiments/evia_2021_extended/data/_tiles/current_ndvi/desktop.ini	246	1786721805.9769710000
./outputs/experiments/evia_2021_extended/data/_tiles/desktop.ini	246	1786721805.9769710000
./outputs/experiments/evia_2021_extended/data/current_period/desktop.ini	246	1786721805.9769710000
./outputs/experiments/evia_2021_extended/data/current_period/landsat_current_period_58days.tif	20168653	1785220903.8190000000
./outputs/experiments/evia_2021_extended/data/dem/_raw/desktop.ini	246	1786721805.9769710000
./outputs/experiments/evia_2021_extended/data/dem/_raw/elevation_raw.tif	12356875	1785221673.8110000000
./outputs/experiments/evia_2021_extended/data/dem/_raw/slope_raw.tif	12748181	1785221696.2560000000
./outputs/experiments/evia_2021_extended/data/dem/_tiles/desktop.ini	246	1786721805.9769710000
./outputs/experiments/evia_2021_extended/data/dem/_tiles/elevation/desktop.ini	246	1786721805.9769710000
./outputs/experiments/evia_2021_extended/data/dem/_tiles/elevation/elevation_raw_tile_r0_c0.tif	2555721	1785221663.3740000000
./outputs/experiments/evia_2021_extended/data/dem/_tiles/elevation/elevation_raw_tile_r0_c1.tif	3508275	1785221667.5860000000
./outputs/experiments/evia_2021_extended/data/dem/_tiles/elevation/elevation_raw_tile_r1_c0.tif	3025364	1785221670.6120000000
./outputs/experiments/evia_2021_extended/data/dem/_tiles/elevation/elevation_raw_tile_r1_c1.tif	395315	1785221673.4740000000
./outputs/experiments/evia_2021_extended/data/dem/_tiles/slope/desktop.ini	246	1786721805.9769710000
./outputs/experiments/evia_2021_extended/data/dem/_tiles/slope/slope_raw_tile_r0_c0.tif	2618577	1785221679.8420000000
./outputs/experiments/evia_2021_extended/data/dem/_tiles/slope/slope_raw_tile_r0_c1.tif	3580442	1785221687.8340000000
./outputs/experiments/evia_2021_extended/data/dem/_tiles/slope/slope_raw_tile_r1_c0.tif	3081352	1785221692.2240000000
./outputs/experiments/evia_2021_extended/data/dem/_tiles/slope/slope_raw_tile_r1_c1.tif	402708	1785221696.0050000000
./outputs/experiments/evia_2021_extended/data/dem/dem_metadata.json	2197	1785221697.2090000000
./outputs/experiments/evia_2021_extended/data/dem/desktop.ini	246	1786721805.9769710000
./outputs/experiments/evia_2021_extended/data/dem/elevation.tif	12356875	1785221697.1290000000
./outputs/experiments/evia_2021_extended/data/dem/slope.tif	12748181	1785221697.1690000000
./outputs/experiments/evia_2021_extended/data/desktop.ini	246	1786721805.9769710000
./outputs/experiments/evia_2021_extended/data/landsat_timeseries/desktop.ini	246	1786721805.9769710000
./outputs/experiments/evia_2021_extended/data/landsat_timeseries/evia_2021_extended_landsat_baseline_2017-08-02.tif	14328948	1785221097.2530000000
./outputs/experiments/evia_2021_extended/data/landsat_timeseries/evia_2021_extended_landsat_baseline_2018-08-02.tif	14599983	1785221202.4800000000
./outputs/experiments/evia_2021_extended/data/landsat_timeseries/evia_2021_extended_landsat_baseline_2019-08-02.tif	14227549	1785221309.7630000000
./outputs/experiments/evia_2021_extended/data/landsat_timeseries/evia_2021_extended_landsat_baseline_2020-08-02.tif	13514045	1785221414.2020000000
./outputs/experiments/evia_2021_extended/data/modis/_tiles/desktop.ini	246	1786721805.9769710000
./outputs/experiments/evia_2021_extended/data/modis/_tiles/modis_lst_mean/desktop.ini	246	1786721805.9769710000
./outputs/experiments/evia_2021_extended/data/modis/_tiles/modis_lst_mean/modis_lst_mean_celsius_tile_r0_c0.tif	6462	1785221806.5190000000
./outputs/experiments/evia_2021_extended/data/modis/_tiles/modis_lst_mean/modis_lst_mean_celsius_tile_r0_c1.tif	7998	1785221808.5770000000
./outputs/experiments/evia_2021_extended/data/modis/_tiles/modis_lst_mean/modis_lst_mean_celsius_tile_r1_c0.tif	7366	1785221810.0620000000
./outputs/experiments/evia_2021_extended/data/modis/_tiles/modis_lst_mean/modis_lst_mean_celsius_tile_r1_c1.tif	2332	1785221812.6580000000
./outputs/experiments/evia_2021_extended/data/modis/_tiles/modis_lst_std/desktop.ini	246	1786721805.9769710000
./outputs/experiments/evia_2021_extended/data/modis/_tiles/modis_lst_std/modis_lst_std_celsius_tile_r0_c0.tif	6748	1785221816.1130000000
./outputs/experiments/evia_2021_extended/data/modis/_tiles/modis_lst_std/modis_lst_std_celsius_tile_r0_c1.tif	8384	1785221817.8720000000
./outputs/experiments/evia_2021_extended/data/modis/_tiles/modis_lst_std/modis_lst_std_celsius_tile_r1_c0.tif	7676	1785221819.5050000000
./outputs/experiments/evia_2021_extended/data/modis/_tiles/modis_lst_std/modis_lst_std_celsius_tile_r1_c1.tif	2354	1785221821.8060000000
./outputs/experiments/evia_2021_extended/data/modis/_tiles/modis_valid_observation_count/desktop.ini	246	1786721805.9769710000
./outputs/experiments/evia_2021_extended/data/modis/_tiles/modis_valid_observation_count/modis_valid_observation_count_tile_r0_c0.tif	1608	1785221824.1460000000
./outputs/experiments/evia_2021_extended/data/modis/_tiles/modis_valid_observation_count/modis_valid_observation_count_tile_r0_c1.tif	1595	1785221825.0960000000
./outputs/experiments/evia_2021_extended/data/modis/_tiles/modis_valid_observation_count/modis_valid_observation_count_tile_r1_c0.tif	1622	1785221825.9550000000
./outputs/experiments/evia_2021_extended/data/modis/_tiles/modis_valid_observation_count/modis_valid_observation_count_tile_r1_c1.tif	910	1785221826.8800000000
./outputs/experiments/evia_2021_extended/data/modis/desktop.ini	246	1786721805.9769710000
./outputs/experiments/evia_2021_extended/data/modis/modis_lst_mean_celsius.tif	26973	1785221812.6730000000
./outputs/experiments/evia_2021_extended/data/modis/modis_lst_std_celsius.tif	28570	1785221821.8170000000
./outputs/experiments/evia_2021_extended/data/modis/modis_metadata.json	3747	1785221827.1140000000
./outputs/experiments/evia_2021_extended/data/modis/modis_valid_observation_count.tif	4457	1785221826.8890000000
./outputs/experiments/evia_2021_extended/data/ndvi_current_period/current_ndvi_median.tif	32094833	1785220993.8970000000
./outputs/experiments/evia_2021_extended/data/ndvi_current_period/desktop.ini	246	1786721805.9769710000
./outputs/experiments/evia_2021_extended/data/ndvi_timeseries/desktop.ini	246	1786721805.9769710000
./outputs/experiments/evia_2021_extended/data/ndvi_timeseries/ndvi_baseline_2017-08-02.tif	58688272	1785221458.4480000000
./outputs/experiments/evia_2021_extended/data/ndvi_timeseries/ndvi_baseline_2018-08-02.tif	58139859	1785221496.0760000000
./outputs/experiments/evia_2021_extended/data/ndvi_timeseries/ndvi_baseline_2019-08-02.tif	57904653	1785221528.8490000000
./outputs/experiments/evia_2021_extended/data/ndvi_timeseries/ndvi_baseline_2020-08-02.tif	48677099	1785221562.7530000000
./outputs/experiments/evia_2021_extended/gate_inputs/_tiles/desktop.ini	246	1786721805.9769710000
./outputs/experiments/evia_2021_extended/gate_inputs/_tiles/landcover_esa_worldcover_v200/desktop.ini	246	1786721805.9769710000
./outputs/experiments/evia_2021_extended/gate_inputs/_tiles/landcover_esa_worldcover_v200/landcover_esa_worldcover_v200_tile_r0_c0.tif	106116	1785220197.5340000000
./outputs/experiments/evia_2021_extended/gate_inputs/_tiles/landcover_esa_worldcover_v200/landcover_esa_worldcover_v200_tile_r0_c1.tif	103464	1785220199.5670000000
./outputs/experiments/evia_2021_extended/gate_inputs/_tiles/landcover_esa_worldcover_v200/landcover_esa_worldcover_v200_tile_r1_c0.tif	88495	1785220201.4310000000
./outputs/experiments/evia_2021_extended/gate_inputs/_tiles/landcover_esa_worldcover_v200/landcover_esa_worldcover_v200_tile_r1_c1.tif	13424	1785220203.2650000000
./outputs/experiments/evia_2021_extended/gate_inputs/_tiles/reference_30m/desktop.ini	246	1786721805.9769710000
./outputs/experiments/evia_2021_extended/gate_inputs/_tiles/reference_30m/reference_30m_tile_r0_c0.tif	6646	1785220188.3340000000
./outputs/experiments/evia_2021_extended/gate_inputs/_tiles/reference_30m/reference_30m_tile_r0_c1.tif	6646	1785220190.3880000000
./outputs/experiments/evia_2021_extended/gate_inputs/_tiles/reference_30m/reference_30m_tile_r1_c0.tif	6646	1785220191.9100000000
./outputs/experiments/evia_2021_extended/gate_inputs/_tiles/reference_30m/reference_30m_tile_r1_c1.tif	6646	1785220193.0600000000
./outputs/experiments/evia_2021_extended/gate_inputs/desktop.ini	246	1786721805.9769710000
./outputs/experiments/evia_2021_extended/gate_inputs/gate_inputs_metadata.json	2023	1785220203.8390000000
./outputs/experiments/evia_2021_extended/gate_inputs/landcover_esa_worldcover_v200.tif	337001	1785220203.3430000000
./outputs/experiments/evia_2021_extended/gate_inputs/landcover_esa_worldcover_v200_aligned_to_reference.tif	321742	1785220203.8370000000
./outputs/experiments/evia_2021_extended/gate_inputs/reference_30m.tif	104774	1785220193.2430000000
./outputs/experiments/evia_2021_extended/predictor_export_metadata.json	4559	1786729723.6224851000
./outputs/experiments/evia_2021_extended/predictor_export_metadata.json.orig	4383	1785221563.1480000000
./outputs/experiments/evia_2021_extended/robustness/desktop.ini	246	1786721805.9769710000
./outputs/experiments/evia_2021_extended/robustness/step8_big_blocks/block_10_cells/block_manifest.json	2739	1785224233.8740000000
./outputs/experiments/evia_2021_extended/robustness/step8_big_blocks/block_10_cells/bootstrap_replicates.parquet	169713	1785224233.8680000000
./outputs/experiments/evia_2021_extended/robustness/step8_big_blocks/block_10_cells/bootstrap_summary.json	2331	1785224233.8620000000
./outputs/experiments/evia_2021_extended/robustness/step8_big_blocks/block_10_cells/bootstrap_summary.md	301	1785224233.8620000000
./outputs/experiments/evia_2021_extended/robustness/step8_big_blocks/block_10_cells/desktop.ini	246	1786721805.9769710000
./outputs/experiments/evia_2021_extended/robustness/step8_big_blocks/block_10_cells/fold_assignments.parquet	15919	1785224233.8620000000
./outputs/experiments/evia_2021_extended/robustness/step8_big_blocks/block_10_cells/oof_predictions.parquet	248119	1785224233.8560000000
./outputs/experiments/evia_2021_extended/robustness/step8_big_blocks/block_10_cells/step8b_metrics.json	2315	1785224233.8450000000
./outputs/experiments/evia_2021_extended/robustness/step8_big_blocks/block_10_cells/step8b_metrics.md	541	1785224233.8460000000
./outputs/experiments/evia_2021_extended/robustness/step8_big_blocks/block_20_cells/block_manifest.json	2738	1785224263.3720000000
./outputs/experiments/evia_2021_extended/robustness/step8_big_blocks/block_20_cells/bootstrap_replicates.parquet	169751	1785224263.3660000000
./outputs/experiments/evia_2021_extended/robustness/step8_big_blocks/block_20_cells/bootstrap_summary.json	2340	1785224263.3600000000
./outputs/experiments/evia_2021_extended/robustness/step8_big_blocks/block_20_cells/bootstrap_summary.md	302	1785224263.3600000000
./outputs/experiments/evia_2021_extended/robustness/step8_big_blocks/block_20_cells/desktop.ini	246	1786721805.9769710000
./outputs/experiments/evia_2021_extended/robustness/step8_big_blocks/block_20_cells/fold_assignments.parquet	15960	1785224263.3590000000
./outputs/experiments/evia_2021_extended/robustness/step8_big_blocks/block_20_cells/oof_predictions.parquet	246140	1785224263.3520000000
./outputs/experiments/evia_2021_extended/robustness/step8_big_blocks/block_20_cells/step8b_metrics.json	2324	1785224263.3410000000
./outputs/experiments/evia_2021_extended/robustness/step8_big_blocks/block_20_cells/step8b_metrics.md	542	1785224263.3420000000
./outputs/experiments/evia_2021_extended/robustness/step8_big_blocks/comparison/big_block_robustness_summary.json	20123	1785224263.3790000000
./outputs/experiments/evia_2021_extended/robustness/step8_big_blocks/comparison/big_block_robustness_summary.md	2313	1785224263.3830000000
./outputs/experiments/evia_2021_extended/robustness/step8_big_blocks/comparison/big_block_robustness_table.csv	4445	1785224263.3810000000
./outputs/experiments/evia_2021_extended/robustness/step8_big_blocks/comparison/desktop.ini	246	1786721805.9769710000
./outputs/experiments/evia_2021_extended/robustness/step8_big_blocks/comparison/manifest.json	13386	1785224203.8970000000
./outputs/experiments/evia_2021_extended/robustness/step8_big_blocks/desktop.ini	246	1786721805.9769710000
./outputs/experiments/evia_2021_extended/step0/aoi_preview.geojson	1431	1785180607.4580000000
./outputs/experiments/evia_2021_extended/step0/desktop.ini	246	1786721805.9769710000
./outputs/experiments/evia_2021_extended/step5/anomaly_zscore.tif	14188260	1785221565.6840000000
./outputs/experiments/evia_2021_extended/step5/baseline_lst_mean_celsius.tif	19495142	1785221565.6850000000
./outputs/experiments/evia_2021_extended/step5/baseline_lst_std_celsius.tif	26412714	1785221565.6850000000
./outputs/experiments/evia_2021_extended/step5/baseline_valid_count.tif	290868	1785221565.6850000000
./outputs/experiments/evia_2021_extended/step5/current_period_median_celsius.tif	17067113	1785221565.6840000000
./outputs/experiments/evia_2021_extended/step5/current_period_valid_count.tif	524959	1785221565.6840000000
./outputs/experiments/evia_2021_extended/step5/desktop.ini	246	1786721805.9769710000
./outputs/experiments/evia_2021_extended/step5/low_baseline_count_mask.tif	107609	1785221565.6840000000
./outputs/experiments/evia_2021_extended/step5/low_baseline_std_mask.tif	469494	1785221565.6840000000
./outputs/experiments/evia_2021_extended/step5/low_current_count_mask.tif	126298	1785221565.6840000000
./outputs/experiments/evia_2021_extended/step5/step5_metadata.json	4691	1785221565.6950000000
./outputs/experiments/evia_2021_extended/step5c/baseline_tvdi_mean.tif	23749233	1785221570.5520000000
./outputs/experiments/evia_2021_extended/step5c/baseline_tvdi_std.tif	22762224	1785221570.5520000000
./outputs/experiments/evia_2021_extended/step5c/baseline_tvdi_valid_count.tif	767126	1785221570.5520000000
./outputs/experiments/evia_2021_extended/step5c/current_tvdi.tif	22519321	1785221567.2310000000
./outputs/experiments/evia_2021_extended/step5c/current_tvdi_valid_count.tif	970811	1785221567.2300000000
./outputs/experiments/evia_2021_extended/step5c/desktop.ini	246	1786721805.9769710000
./outputs/experiments/evia_2021_extended/step5c/step5c_metadata.json	13210	1785221570.5680000000
./outputs/experiments/evia_2021_extended/step5c/tvdi_anomaly_zscore.tif	11252158	1785221570.5510000000
./outputs/experiments/evia_2021_extended/step5c/tvdi_difference.tif	25079529	1785221570.5510000000
./outputs/experiments/evia_2021_extended/step5c/tvdi_edge_diagnostics.csv	2195	1785221566.1910000000
./outputs/experiments/evia_2021_extended/step5c/tvdi_edge_diagnostics.png	76615	1785221566.3170000000
./outputs/experiments/evia_2021_extended/step7a/desktop.ini	246	1786721805.9769710000
./outputs/experiments/evia_2021_extended/step7a/tiling_test_difference.tif	127597	1785221828.4570000000
./outputs/experiments/evia_2021_extended/step7a/tiling_test_reconstructed.tif	17067113	1785221827.8930000000
./outputs/experiments/evia_2021_extended/step7a/tiling_test_summary.json	1579	1785221828.4620000000
./outputs/experiments/evia_2021_extended/step7a/tiling_test_summary.md	1094	1785221828.4620000000
./outputs/experiments/evia_2021_extended/step7b/aligned_inputs/anomaly_zscore.tif	14188260	1785221829.6370000000
./outputs/experiments/evia_2021_extended/step7b/aligned_inputs/current_tvdi.tif	22519321	1785221829.7890000000
./outputs/experiments/evia_2021_extended/step7b/aligned_inputs/desktop.ini	246	1786721805.9769710000
./outputs/experiments/evia_2021_extended/step7b/aligned_inputs/elevation.tif	12356875	1785221829.4410000000
./outputs/experiments/evia_2021_extended/step7b/aligned_inputs/landcover.tif	321742	1785221829.5310000000
./outputs/experiments/evia_2021_extended/step7b/aligned_inputs/modis_lst_mean_celsius.tif	9118586	1785221828.8310000000
./outputs/experiments/evia_2021_extended/step7b/aligned_inputs/modis_lst_std_celsius.tif	9231603	1785221829.1470000000
./outputs/experiments/evia_2021_extended/step7b/aligned_inputs/ndvi.tif	32094833	1785221829.3770000000
./outputs/experiments/evia_2021_extended/step7b/aligned_inputs/slope.tif	12748181	1785221829.5050000000
./outputs/experiments/evia_2021_extended/step7b/aligned_inputs/tvdi_difference.tif	25079529	1785221829.9410000000
./outputs/experiments/evia_2021_extended/step7b/desktop.ini	246	1786721805.9769710000
./outputs/experiments/evia_2021_extended/step7b/downscaling_dataset_stats.json	17098	1785221851.7080000000
./outputs/experiments/evia_2021_extended/step7b/downscaling_dataset_summary.md	1555	1785221851.6950000000
./outputs/experiments/evia_2021_extended/step7b/downscaling_training_samples.csv	100018269	1785221851.6790000000
./outputs/experiments/evia_2021_extended/step7b/downscaling_training_samples.parquet	18801721	1785221842.9660000000
./outputs/experiments/evia_2021_extended/step7d/desktop.ini	246	1786721805.9769710000
./outputs/experiments/evia_2021_extended/step7d/downscaled_lst_celsius.tif	9405284	1785221895.7410000000
./outputs/experiments/evia_2021_extended/step7d/downscaled_lst_valid_mask.tif	20239	1785221895.7410000000
./outputs/experiments/evia_2021_extended/step7d/downscaling_absolute_error.tif	9069604	1785221895.7420000000
./outputs/experiments/evia_2021_extended/step7d/downscaling_prediction_metadata.json	5363	1785221895.7890000000
./outputs/experiments/evia_2021_extended/step7d/downscaling_prediction_stats.json	1229	1785221895.7490000000
./outputs/experiments/evia_2021_extended/step7d/downscaling_prediction_summary.md	2998	1785221895.7490000000
./outputs/experiments/evia_2021_extended/step7d/downscaling_residual_observed_minus_predicted.tif	9343629	1785221895.7420000000
./outputs/experiments/evia_2021_extended/step7e/desktop.ini	246	1786721805.9769710000
./outputs/experiments/evia_2021_extended/step7e/fused_lst_celsius.tif	11640112	1785221896.6600000000
./outputs/experiments/evia_2021_extended/step7e/fused_lst_gapfill_amount.tif	263448	1785221896.6600000000
./outputs/experiments/evia_2021_extended/step7e/fused_lst_metadata.json	3107	1785221896.6680000000
./outputs/experiments/evia_2021_extended/step7e/fused_lst_source_mask.tif	28770	1785221896.6600000000
./outputs/experiments/evia_2021_extended/step7e/fused_lst_stats.json	1629	1785221896.6660000000
./outputs/experiments/evia_2021_extended/step7e/fused_lst_summary.md	2464	1785221896.6660000000
./outputs/experiments/evia_2021_extended/step7e/fused_minus_observed_on_overlap.tif	50665	1785221896.6600000000
./outputs/experiments/evia_2021_extended/step7e/landsat_observed_valid_mask.tif	27892	1785221896.6600000000
./outputs/experiments/evia_2021_extended/step8a/desktop.ini	246	1786721805.9769710000
./outputs/experiments/evia_2021_extended/step8a/step8a_500m_cell_preview.geojson	1779613	1785222320.7460000000
./outputs/experiments/evia_2021_extended/step8a/step8a_500m_grid_burned_label.tif	1203	1785222320.4550000000
./outputs/experiments/evia_2021_extended/step8a/step8a_500m_grid_valid_mask.tif	538	1785222320.4560000000
./outputs/experiments/evia_2021_extended/step8a/step8a_500m_modeling_dataset.csv	16178589	1785222321.6840000000
./outputs/experiments/evia_2021_extended/step8a/step8a_500m_modeling_dataset.parquet	3948277	1785222321.7570000000
./outputs/experiments/evia_2021_extended/step8a/step8a_dataset_stats.json	10530	1785222321.7640000000
./outputs/experiments/evia_2021_extended/step8a/step8a_dataset_summary.md	5683	1785222321.7620000000
./outputs/experiments/evia_2021_extended/step8b/desktop.ini	246	1786721805.9769710000
./outputs/experiments/evia_2021_extended/step8b/step8b_delta_auc_by_population.csv	801	1785222376.8590000000
./outputs/experiments/evia_2021_extended/step8b/step8b_feature_importance.csv	6671	1785222376.8580000000
./outputs/experiments/evia_2021_extended/step8b/step8b_fold_metrics.csv	3219	1785222376.8570000000
./outputs/experiments/evia_2021_extended/step8b/step8b_model_comparison_metrics.json	12882	1785224156.9480000000
./outputs/experiments/evia_2021_extended/step8b/step8b_model_comparison_metrics.json.before_primary_population_fix	12882	1785223833.5870000000
./outputs/experiments/evia_2021_extended/step8b/step8b_monthly_leadtime_metrics.csv	1430	1785222376.8600000000
./outputs/experiments/evia_2021_extended/step8b/step8b_pr_curves.png	126209	1785222377.2370000000
./outputs/experiments/evia_2021_extended/step8b/step8b_predictions.csv	4539322	1785222376.8340000000
./outputs/experiments/evia_2021_extended/step8b/step8b_predictions.parquet	939624	1785222376.8540000000
./outputs/experiments/evia_2021_extended/step8b/step8b_roc_curves.png	114664	1785222377.0080000000
./outputs/experiments/evia_2021_extended/step8b/step8b_summary.md	4509	1785222377.2390000000
./outputs/experiments/evia_2021_extended/step8c/desktop.ini	246	1786721805.9769710000
./outputs/experiments/evia_2021_extended/step8c/step8c_bootstrap_metrics.json	45169	1785222577.7110000000
./outputs/experiments/evia_2021_extended/step8c/step8c_bootstrap_samples.csv	3394279	1785222577.1930000000
./outputs/experiments/evia_2021_extended/step8c/step8c_delta_auc_distribution.png	43513	1785222577.4200000000
./outputs/experiments/evia_2021_extended/step8c/step8c_delta_pr_auc_distribution.png	42940	1785222577.6400000000
./outputs/experiments/evia_2021_extended/step8c/step8c_monthly_bootstrap_metrics.csv	961342	1785222577.7010000000
./outputs/experiments/evia_2021_extended/step8c/step8c_summary.md	4147	1785222577.7030000000
./outputs/experiments/evia_2021_extended/step8d/desktop.ini	246	1786721805.9769710000
./outputs/experiments/evia_2021_extended/step8d/step8d_ablation_barplot.png	169701	1785222861.9320000000
./outputs/experiments/evia_2021_extended/step8d/step8d_ablation_delta_auc_by_population.csv	2318	1785222861.6050000000
./outputs/experiments/evia_2021_extended/step8d/step8d_ablation_delta_pr_auc_by_population.csv	2313	1785222861.6070000000
./outputs/experiments/evia_2021_extended/step8d/step8d_ablation_feature_importance.csv	35638	1785222861.6030000000
./outputs/experiments/evia_2021_extended/step8d/step8d_ablation_fold_metrics.csv	24525	1785222861.6000000000
./outputs/experiments/evia_2021_extended/step8d/step8d_ablation_metrics.json	98000	1785222861.9460000000
./outputs/experiments/evia_2021_extended/step8d/step8d_ablation_predictions.csv	54673359	1785222861.4440000000
./outputs/experiments/evia_2021_extended/step8d/step8d_ablation_predictions.parquet	5373683	1785222861.5960000000
./outputs/experiments/evia_2021_extended/step8d/step8d_ablation_summary.md	6457	1785222861.9410000000
./outputs/experiments/evia_2021_extended/step8e/desktop.ini	246	1786721805.9769710000
./outputs/experiments/evia_2021_extended/step8e/final_step8_report.json	167869	1785222861.9720000000
./outputs/experiments/evia_2021_extended/step8e/final_step8_report.md	2249	1785222861.9720000000
./outputs/experiments/evia_2021_extended/validation/desktop.ini	246	1786721805.9769710000
./outputs/experiments/evia_2021_extended/validation/labels/_tiles/desktop.ini	246	1786721805.9769710000
./outputs/experiments/evia_2021_extended/validation/labels/_tiles/mcd64a1_burned/desktop.ini	246	1786721805.9769710000
./outputs/experiments/evia_2021_extended/validation/labels/_tiles/mcd64a1_burned/mcd64a1_burned_tile_r0_c0.tif	4759	1785220221.3740000000
./outputs/experiments/evia_2021_extended/validation/labels/_tiles/mcd64a1_burned/mcd64a1_burned_tile_r0_c1.tif	3226	1785220222.9780000000
./outputs/experiments/evia_2021_extended/validation/labels/_tiles/mcd64a1_burned/mcd64a1_burned_tile_r1_c0.tif	4888	1785220224.3950000000
./outputs/experiments/evia_2021_extended/validation/labels/_tiles/mcd64a1_burned/mcd64a1_burned_tile_r1_c1.tif	3199	1785220227.1050000000
./outputs/experiments/evia_2021_extended/validation/labels/_tiles/mcd64a1_prelabel_raw/desktop.ini	246	1786721805.9769710000
./outputs/experiments/evia_2021_extended/validation/labels/_tiles/mcd64a1_prelabel_raw/mcd64a1_prelabel_raw_tile_r0_c0.tif	5208	1785220231.3210000000
./outputs/experiments/evia_2021_extended/validation/labels/_tiles/mcd64a1_prelabel_raw/mcd64a1_prelabel_raw_tile_r0_c1.tif	5115	1785220233.9430000000
./outputs/experiments/evia_2021_extended/validation/labels/_tiles/mcd64a1_prelabel_raw/mcd64a1_prelabel_raw_tile_r1_c0.tif	5115	1785220236.3750000000
./outputs/experiments/evia_2021_extended/validation/labels/_tiles/mcd64a1_prelabel_raw/mcd64a1_prelabel_raw_tile_r1_c1.tif	5115	1785220239.1330000000
./outputs/experiments/evia_2021_extended/validation/labels/_tiles/mcd64a1_raw/desktop.ini	246	1786721805.9769710000
./outputs/experiments/evia_2021_extended/validation/labels/_tiles/mcd64a1_raw/mcd64a1_raw_tile_r0_c0.tif	9258	1785220210.0130000000
./outputs/experiments/evia_2021_extended/validation/labels/_tiles/mcd64a1_raw/mcd64a1_raw_tile_r0_c1.tif	5252	1785220212.8650000000
./outputs/experiments/evia_2021_extended/validation/labels/_tiles/mcd64a1_raw/mcd64a1_raw_tile_r1_c0.tif	10488	1785220214.9180000000
./outputs/experiments/evia_2021_extended/validation/labels/_tiles/mcd64a1_raw/mcd64a1_raw_tile_r1_c1.tif	5189	1785220217.2190000000
./outputs/experiments/evia_2021_extended/validation/labels/burned_landcover_gate.csv	2473	1785220248.8800000000
./outputs/experiments/evia_2021_extended/validation/labels/burned_landcover_gate.json	6434	1785220248.8800000000
./outputs/experiments/evia_2021_extended/validation/labels/burned_landcover_gate.md	4632	1785220248.8800000000
./outputs/experiments/evia_2021_extended/validation/labels/desktop.ini	246	1786721805.9769710000
./outputs/experiments/evia_2021_extended/validation/labels/evia_2021_extended_gate_manifest.json	3740	1785220248.8910000000
./outputs/experiments/evia_2021_extended/validation/labels/mcd64a1_burned.tif	55233	1785220227.1670000000
./outputs/experiments/evia_2021_extended/validation/labels/mcd64a1_prelabel_raw.tif	68228	1785220239.2790000000
./outputs/experiments/evia_2021_extended/validation/labels/mcd64a1_raw.tif	101854	1785220217.3600000000
./outputs/experiments/evia_2021_extended/validation/labels/pre_label_excluded_cells.csv	1601	1785220248.8780000000
./outputs/experiments/evia_2021_extended/validation/labels/pre_label_excluded_cells.parquet	6148	1785220248.8760000000
./outputs/experiments/evia_2021_extended/validation/labels/pre_label_excluded_cells_metadata.json	945	1785220248.8790000000
./outputs/experiments/manavgat_2021/data/_tiles/baseline_lst_2017/desktop.ini	246	1786721805.9769710000
./outputs/experiments/manavgat_2021/data/_tiles/baseline_lst_2017/manavgat_2021_landsat_baseline_2017-07-27_tile_r0_c0.tif	3096464	1783512030.6080000000
./outputs/experiments/manavgat_2021/data/_tiles/baseline_lst_2017/manavgat_2021_landsat_baseline_2017-07-27_tile_r0_c1.tif	3532663	1783512075.1500000000
./outputs/experiments/manavgat_2021/data/_tiles/baseline_lst_2017/manavgat_2021_landsat_baseline_2017-07-27_tile_r1_c0.tif	3507200	1783512110.3890000000
./outputs/experiments/manavgat_2021/data/_tiles/baseline_lst_2017/manavgat_2021_landsat_baseline_2017-07-27_tile_r1_c1.tif	3588164	1783512150.0330000000
./outputs/experiments/manavgat_2021/data/_tiles/baseline_lst_2018/desktop.ini	246	1786721805.9769710000
./outputs/experiments/manavgat_2021/data/_tiles/baseline_lst_2018/manavgat_2021_landsat_baseline_2018-07-27_tile_r0_c0.tif	3183969	1783512187.1450000000
./outputs/experiments/manavgat_2021/data/_tiles/baseline_lst_2018/manavgat_2021_landsat_baseline_2018-07-27_tile_r0_c1.tif	3615563	1783512233.4420000000
./outputs/experiments/manavgat_2021/data/_tiles/baseline_lst_2018/manavgat_2021_landsat_baseline_2018-07-27_tile_r1_c0.tif	3552752	1783512264.4330000000
./outputs/experiments/manavgat_2021/data/_tiles/baseline_lst_2018/manavgat_2021_landsat_baseline_2018-07-27_tile_r1_c1.tif	3568900	1783512298.2590000000
./outputs/experiments/manavgat_2021/data/_tiles/baseline_lst_2019/desktop.ini	246	1786721805.9769710000
./outputs/experiments/manavgat_2021/data/_tiles/baseline_lst_2019/manavgat_2021_landsat_baseline_2019-07-27_tile_r0_c0.tif	3235160	1783512341.9810000000
./outputs/experiments/manavgat_2021/data/_tiles/baseline_lst_2019/manavgat_2021_landsat_baseline_2019-07-27_tile_r0_c1.tif	3585536	1783512376.3280000000
./outputs/experiments/manavgat_2021/data/_tiles/baseline_lst_2019/manavgat_2021_landsat_baseline_2019-07-27_tile_r1_c0.tif	3552124	1783512400.0400000000
./outputs/experiments/manavgat_2021/data/_tiles/baseline_lst_2019/manavgat_2021_landsat_baseline_2019-07-27_tile_r1_c1.tif	3527255	1783512442.2260000000
./outputs/experiments/manavgat_2021/data/_tiles/baseline_lst_2020/desktop.ini	246	1786721805.9769710000
./outputs/experiments/manavgat_2021/data/_tiles/baseline_lst_2020/manavgat_2021_landsat_baseline_2020-07-27_tile_r0_c0.tif	3213192	1783512498.0650000000
./outputs/experiments/manavgat_2021/data/_tiles/baseline_lst_2020/manavgat_2021_landsat_baseline_2020-07-27_tile_r0_c1.tif	3578249	1783512537.4510000000
./outputs/experiments/manavgat_2021/data/_tiles/baseline_lst_2020/manavgat_2021_landsat_baseline_2020-07-27_tile_r1_c0.tif	3590145	1783512578.4040000000
./outputs/experiments/manavgat_2021/data/_tiles/baseline_lst_2020/manavgat_2021_landsat_baseline_2020-07-27_tile_r1_c1.tif	3596581	1783512614.9010000000
./outputs/experiments/manavgat_2021/data/_tiles/baseline_ndvi_2017/desktop.ini	246	1786721805.9769710000
./outputs/experiments/manavgat_2021/data/_tiles/baseline_ndvi_2017/ndvi_baseline_2017-07-27_tile_r0_c0.tif	10685547	1783512645.3080000000
./outputs/experiments/manavgat_2021/data/_tiles/baseline_ndvi_2017/ndvi_baseline_2017-07-27_tile_r0_c1.tif	10644842	1783512668.6820000000
./outputs/experiments/manavgat_2021/data/_tiles/baseline_ndvi_2017/ndvi_baseline_2017-07-27_tile_r1_c0.tif	10608220	1783512675.7490000000
./outputs/experiments/manavgat_2021/data/_tiles/baseline_ndvi_2017/ndvi_baseline_2017-07-27_tile_r1_c1.tif	10604625	1783512696.5830000000
./outputs/experiments/manavgat_2021/data/_tiles/baseline_ndvi_2018/desktop.ini	246	1786721805.9769710000
./outputs/experiments/manavgat_2021/data/_tiles/baseline_ndvi_2018/ndvi_baseline_2018-07-27_tile_r0_c0.tif	10654527	1783512722.0260000000
./outputs/experiments/manavgat_2021/data/_tiles/baseline_ndvi_2018/ndvi_baseline_2018-07-27_tile_r0_c1.tif	10648084	1783512737.8050000000
./outputs/experiments/manavgat_2021/data/_tiles/baseline_ndvi_2018/ndvi_baseline_2018-07-27_tile_r1_c0.tif	10491835	1783512747.0370000000
./outputs/experiments/manavgat_2021/data/_tiles/baseline_ndvi_2018/ndvi_baseline_2018-07-27_tile_r1_c1.tif	10575050	1783512754.7610000000
./outputs/experiments/manavgat_2021/data/_tiles/baseline_ndvi_2019/desktop.ini	246	1786721805.9769710000
./outputs/experiments/manavgat_2021/data/_tiles/baseline_ndvi_2019/ndvi_baseline_2019-07-27_tile_r0_c0.tif	10669348	1783512766.0830000000
./outputs/experiments/manavgat_2021/data/_tiles/baseline_ndvi_2019/ndvi_baseline_2019-07-27_tile_r0_c1.tif	10641231	1783512775.0290000000
./outputs/experiments/manavgat_2021/data/_tiles/baseline_ndvi_2019/ndvi_baseline_2019-07-27_tile_r1_c0.tif	10468134	1783512787.9520000000
./outputs/experiments/manavgat_2021/data/_tiles/baseline_ndvi_2019/ndvi_baseline_2019-07-27_tile_r1_c1.tif	10429604	1783512800.4690000000
./outputs/experiments/manavgat_2021/data/_tiles/baseline_ndvi_2020/desktop.ini	246	1786721805.9769710000
./outputs/experiments/manavgat_2021/data/_tiles/baseline_ndvi_2020/ndvi_baseline_2020-07-27_tile_r0_c0.tif	10651160	1783512817.0120000000
./outputs/experiments/manavgat_2021/data/_tiles/baseline_ndvi_2020/ndvi_baseline_2020-07-27_tile_r0_c1.tif	10641309	1783512833.4890000000
./outputs/experiments/manavgat_2021/data/_tiles/baseline_ndvi_2020/ndvi_baseline_2020-07-27_tile_r1_c0.tif	10594840	1783512839.7560000000
./outputs/experiments/manavgat_2021/data/_tiles/baseline_ndvi_2020/ndvi_baseline_2020-07-27_tile_r1_c1.tif	10584634	1783512851.0720000000
./outputs/experiments/manavgat_2021/data/_tiles/current_lst/desktop.ini	246	1786721805.9769710000
./outputs/experiments/manavgat_2021/data/_tiles/current_lst/landsat_current_period_56days_tile_r0_c0.tif	4057106	1783511809.1890000000
./outputs/experiments/manavgat_2021/data/_tiles/current_lst/landsat_current_period_56days_tile_r0_c1.tif	4564034	1783511834.5070000000
./outputs/experiments/manavgat_2021/data/_tiles/current_lst/landsat_current_period_56days_tile_r1_c0.tif	4665474	1783511853.4660000000
./outputs/experiments/manavgat_2021/data/_tiles/current_lst/landsat_current_period_56days_tile_r1_c1.tif	4726121	1783511876.0420000000
./outputs/experiments/manavgat_2021/data/_tiles/current_ndvi/current_ndvi_median_tile_r0_c0.tif	6136078	1783511898.4050000000
./outputs/experiments/manavgat_2021/data/_tiles/current_ndvi/current_ndvi_median_tile_r0_c1.tif	5975254	1783511929.7850000000
./outputs/experiments/manavgat_2021/data/_tiles/current_ndvi/current_ndvi_median_tile_r1_c0.tif	5907578	1783511955.8030000000
./outputs/experiments/manavgat_2021/data/_tiles/current_ndvi/current_ndvi_median_tile_r1_c1.tif	5936611	1783511979.9050000000
./outputs/experiments/manavgat_2021/data/_tiles/current_ndvi/desktop.ini	246	1786721805.9769710000
./outputs/experiments/manavgat_2021/data/_tiles/desktop.ini	246	1786721805.9769710000
./outputs/experiments/manavgat_2021/data/current_period/desktop.ini	246	1786721805.9769710000
./outputs/experiments/manavgat_2021/data/current_period/landsat_current_period_56days.tif	26881706	1783511877.2640000000
./outputs/experiments/manavgat_2021/data/dem/_raw/desktop.ini	246	1786721805.9769710000
./outputs/experiments/manavgat_2021/data/dem/_raw/elevation_raw.tif	20763003	1783597512.6090000000
./outputs/experiments/manavgat_2021/data/dem/_raw/slope_raw.tif	21671862	1783597523.8600000000
./outputs/experiments/manavgat_2021/data/dem/_tiles/desktop.ini	246	1786721805.9769710000
./outputs/experiments/manavgat_2021/data/dem/_tiles/elevation/desktop.ini	246	1786721805.9769710000
./outputs/experiments/manavgat_2021/data/dem/_tiles/elevation/elevation_raw_tile_r0_c0.tif	4077824	1783595762.5130000000
./outputs/experiments/manavgat_2021/data/dem/_tiles/elevation/elevation_raw_tile_r0_c1.tif	5558109	1783595765.4820000000
./outputs/experiments/manavgat_2021/data/dem/_tiles/elevation/elevation_raw_tile_r1_c0.tif	5646539	1783595768.8620000000
./outputs/experiments/manavgat_2021/data/dem/_tiles/elevation/elevation_raw_tile_r1_c1.tif	5492176	1783595772.1280000000
./outputs/experiments/manavgat_2021/data/dem/dem_metadata.json	1530	1783597524.1810000000
./outputs/experiments/manavgat_2021/data/dem/desktop.ini	246	1786721805.9769710000
./outputs/experiments/manavgat_2021/data/dem/elevation.tif	20763003	1783597565.4000000000
./outputs/experiments/manavgat_2021/data/dem/slope.tif	21671862	1783597565.4540000000
./outputs/experiments/manavgat_2021/data/desktop.ini	246	1786721805.9769710000
./outputs/experiments/manavgat_2021/data/landsat_timeseries/desktop.ini	246	1786721805.9769710000
./outputs/experiments/manavgat_2021/data/landsat_timeseries/manavgat_2021_landsat_baseline_2017-07-27.tif	18292267	1783512150.6890000000
./outputs/experiments/manavgat_2021/data/landsat_timeseries/manavgat_2021_landsat_baseline_2018-07-27.tif	18403475	1783512298.8950000000
./outputs/experiments/manavgat_2021/data/landsat_timeseries/manavgat_2021_landsat_baseline_2019-07-27.tif	18381995	1783512442.8820000000
./outputs/experiments/manavgat_2021/data/landsat_timeseries/manavgat_2021_landsat_baseline_2020-07-27.tif	18493815	1783512615.5770000000
./outputs/experiments/manavgat_2021/data/modis/desktop.ini	246	1786721805.9769710000
./outputs/experiments/manavgat_2021/data/modis/modis_lst_mean_celsius.tif	36584	1786734287.7116614000
./outputs/experiments/manavgat_2021/data/modis/modis_lst_std_celsius.tif	40594	1786734290.7210591000
./outputs/experiments/manavgat_2021/data/modis/modis_metadata.json	3708	1786734293.5136594000
./outputs/experiments/manavgat_2021/data/modis/modis_valid_observation_count.tif	4705	1786734293.3109452000
./outputs/experiments/manavgat_2021/data/modis_unscreened_frozen/desktop.ini	246	1786721805.9769710000
./outputs/experiments/manavgat_2021/data/modis_unscreened_frozen/modis_lst_mean_celsius.tif	36700	1783599975.2870000000
./outputs/experiments/manavgat_2021/data/modis_unscreened_frozen/modis_lst_std_celsius.tif	40115	1783599976.9850000000
./outputs/experiments/manavgat_2021/data/modis_unscreened_frozen/modis_metadata.json	979	1783599976.9850000000
./outputs/experiments/manavgat_2021/data/ndvi_current_period/current_ndvi_median.tif	33843319	1783511980.8610000000
./outputs/experiments/manavgat_2021/data/ndvi_current_period/desktop.ini	246	1786721805.9769710000
./outputs/experiments/manavgat_2021/data/ndvi_timeseries/desktop.ini	246	1786721805.9769710000
./outputs/experiments/manavgat_2021/data/ndvi_timeseries/ndvi_baseline_2017-07-27.tif	61741003	1783512697.6820000000
./outputs/experiments/manavgat_2021/data/ndvi_timeseries/ndvi_baseline_2018-07-27.tif	61479591	1783512755.8190000000
./outputs/experiments/manavgat_2021/data/ndvi_timeseries/ndvi_baseline_2019-07-27.tif	61237720	1783512801.4110000000
./outputs/experiments/manavgat_2021/data/ndvi_timeseries/ndvi_baseline_2020-07-27.tif	61641023	1783512852.1090000000
./outputs/experiments/manavgat_2021/gate_inputs/desktop.ini	246	1786721805.9769710000
./outputs/experiments/manavgat_2021/gate_inputs/gate_inputs_metadata.json	1218	1783505563.1850000000
./outputs/experiments/manavgat_2021/gate_inputs/landcover_esa_worldcover_v200.tif	743016	1783505562.3860000000
./outputs/experiments/manavgat_2021/gate_inputs/landcover_esa_worldcover_v200.tif.aux.xml	408	1784895302.3270000000
./outputs/experiments/manavgat_2021/gate_inputs/landcover_esa_worldcover_v200_aligned_to_reference.tif	782273	1783505563.1810000000
./outputs/experiments/manavgat_2021/gate_inputs/landcover_esa_worldcover_v200_aligned_to_reference.tif.aux.xml	408	1784895302.3390000000
./outputs/experiments/manavgat_2021/gate_inputs/reference_30m.tif	23156	1783505556.3660000000
./outputs/experiments/manavgat_2021/gate_inputs/reference_30m.tif.aux.xml	378	1784878202.0100000000
./outputs/experiments/manavgat_2021/predictor_export_metadata.json	3983	1783512852.1220000000
./outputs/experiments/manavgat_2021/robustness/desktop.ini	246	1786721805.9769710000
./outputs/experiments/manavgat_2021/robustness/step8_big_blocks_v2.zip	1097070	1785309749.9110000000
./outputs/experiments/manavgat_2021/robustness/step8_big_blocks_v2/block_10_cells/block_manifest.json	2562	1785246165.6940000000
./outputs/experiments/manavgat_2021/robustness/step8_big_blocks_v2/block_10_cells/bootstrap_replicates.parquet	169707	1785246165.6860000000
./outputs/experiments/manavgat_2021/robustness/step8_big_blocks_v2/block_10_cells/bootstrap_summary.json	2345	1785246165.6800000000
./outputs/experiments/manavgat_2021/robustness/step8_big_blocks_v2/block_10_cells/bootstrap_summary.md	302	1785246165.6800000000
./outputs/experiments/manavgat_2021/robustness/step8_big_blocks_v2/block_10_cells/desktop.ini	246	1786721805.9769710000
./outputs/experiments/manavgat_2021/robustness/step8_big_blocks_v2/block_10_cells/fold_assignments.parquet	15904	1785246165.6790000000
./outputs/experiments/manavgat_2021/robustness/step8_big_blocks_v2/block_10_cells/oof_predictions.parquet	498250	1785246165.6730000000
./outputs/experiments/manavgat_2021/robustness/step8_big_blocks_v2/block_10_cells/step8b_metrics.json	2319	1785246165.6580000000
./outputs/experiments/manavgat_2021/robustness/step8_big_blocks_v2/block_10_cells/step8b_metrics.md	536	1785246165.6580000000
./outputs/experiments/manavgat_2021/robustness/step8_big_blocks_v2/block_20_cells/block_manifest.json	2561	1785246206.6320000000
./outputs/experiments/manavgat_2021/robustness/step8_big_blocks_v2/block_20_cells/bootstrap_replicates.parquet	169715	1785246206.6250000000
./outputs/experiments/manavgat_2021/robustness/step8_big_blocks_v2/block_20_cells/bootstrap_summary.json	2354	1785246206.6190000000
./outputs/experiments/manavgat_2021/robustness/step8_big_blocks_v2/block_20_cells/bootstrap_summary.md	302	1785246206.6190000000
./outputs/experiments/manavgat_2021/robustness/step8_big_blocks_v2/block_20_cells/desktop.ini	246	1786721805.9769710000
./outputs/experiments/manavgat_2021/robustness/step8_big_blocks_v2/block_20_cells/fold_assignments.parquet	15899	1785246206.6190000000
./outputs/experiments/manavgat_2021/robustness/step8_big_blocks_v2/block_20_cells/oof_predictions.parquet	492440	1785246206.6120000000
./outputs/experiments/manavgat_2021/robustness/step8_big_blocks_v2/block_20_cells/step8b_metrics.json	2325	1785246206.6000000000
./outputs/experiments/manavgat_2021/robustness/step8_big_blocks_v2/block_20_cells/step8b_metrics.md	537	1785246206.6010000000
./outputs/experiments/manavgat_2021/robustness/step8_big_blocks_v2/comparison/big_block_robustness_summary.json	20187	1785246206.6390000000
./outputs/experiments/manavgat_2021/robustness/step8_big_blocks_v2/comparison/big_block_robustness_summary.md	2309	1785246206.6430000000
./outputs/experiments/manavgat_2021/robustness/step8_big_blocks_v2/comparison/big_block_robustness_table.csv	4463	1785246206.6430000000
./outputs/experiments/manavgat_2021/robustness/step8_big_blocks_v2/comparison/desktop.ini	246	1786721805.9769710000
./outputs/experiments/manavgat_2021/robustness/step8_big_blocks_v2/comparison/manifest.json	13340	1785246125.3830000000
./outputs/experiments/manavgat_2021/robustness/step8_big_blocks_v2/desktop.ini	246	1786721805.9769710000
./outputs/experiments/manavgat_2021/step0/aoi_preview.geojson	630	1783437044.1990000000
./outputs/experiments/manavgat_2021/step0/desktop.ini	246	1786721805.9769710000
./outputs/experiments/manavgat_2021/step5/anomaly_zscore.tif	21809980	1783512855.7320000000
./outputs/experiments/manavgat_2021/step5/anomaly_zscore.tif.aux.xml	439	1784895302.0510000000
./outputs/experiments/manavgat_2021/step5/baseline_lst_mean_celsius.tif	24409189	1783512855.7370000000
./outputs/experiments/manavgat_2021/step5/baseline_lst_mean_celsius.tif.aux.xml	436	1784895302.1190000000
./outputs/experiments/manavgat_2021/step5/baseline_lst_std_celsius.tif	28409738	1783512855.7370000000
./outputs/experiments/manavgat_2021/step5/baseline_valid_count.tif	260456	1783512855.7370000000
./outputs/experiments/manavgat_2021/step5/current_period_median_celsius.tif	22208590	1783512855.7370000000
./outputs/experiments/manavgat_2021/step5/current_period_median_celsius.tif.aux.xml	436	1784895302.2430000000
./outputs/experiments/manavgat_2021/step5/current_period_valid_count.tif	968294	1783512855.7370000000
./outputs/experiments/manavgat_2021/step5/desktop.ini	246	1786721805.9769710000
./outputs/experiments/manavgat_2021/step5/low_baseline_count_mask.tif	118889	1783512855.7370000000
./outputs/experiments/manavgat_2021/step5/low_baseline_std_mask.tif	495158	1783512855.7370000000
./outputs/experiments/manavgat_2021/step5/low_current_count_mask.tif	159458	1783512855.7370000000
./outputs/experiments/manavgat_2021/step5/step5_metadata.json	4646	1783512855.7730000000
./outputs/experiments/manavgat_2021/step5b/anomaly_edge_mask.png	333786	1783516038.4510000000
./outputs/experiments/manavgat_2021/step5b/anomaly_histogram.png	50908	1783516034.5940000000
./outputs/experiments/manavgat_2021/step5b/anomaly_zscore_map.png	1708842	1783516029.9410000000
./outputs/experiments/manavgat_2021/step5b/baseline_std_map.png	1329756	1783516032.6840000000
./outputs/experiments/manavgat_2021/step5b/baseline_tvdi_mean_map.png	1525516	1783516045.6150000000
./outputs/experiments/manavgat_2021/step5b/baseline_tvdi_std_map.png	1374600	1783516047.5090000000
./outputs/experiments/manavgat_2021/step5b/baseline_valid_count_edge_mask.png	28282	1783516040.8290000000
./outputs/experiments/manavgat_2021/step5b/baseline_valid_count_map.png	76827	1783516031.2060000000
./outputs/experiments/manavgat_2021/step5b/current_tvdi_map.png	1597049	1783516044.8010000000
./outputs/experiments/manavgat_2021/step5b/current_valid_count_edge_mask.png	327387	1783516039.6990000000
./outputs/experiments/manavgat_2021/step5b/current_valid_count_map.png	686844	1783516034.0030000000
./outputs/experiments/manavgat_2021/step5b/desktop.ini	246	1786721805.9769710000
./outputs/experiments/manavgat_2021/step5b/diagnostic_stats.json	15909	1783516052.1500000000
./outputs/experiments/manavgat_2021/step5b/extreme_anomaly_overlay.png	1729868	1783516037.0260000000
./outputs/experiments/manavgat_2021/step5b/seam_evidence_overlay.png	1830609	1783516042.7880000000
./outputs/experiments/manavgat_2021/step5b/summary.md	6743	1783516052.1500000000
./outputs/experiments/manavgat_2021/step5b/tvdi_anomaly_histogram.png	44115	1783516051.3290000000
./outputs/experiments/manavgat_2021/step5b/tvdi_anomaly_zscore_map.png	497580	1783516050.7700000000
./outputs/experiments/manavgat_2021/step5b/tvdi_difference_map.png	1527616	1783516049.5050000000
./outputs/experiments/manavgat_2021/step5c/baseline_tvdi_mean.tif	27632955	1783512862.1590000000
./outputs/experiments/manavgat_2021/step5c/baseline_tvdi_std.tif	22415300	1783512862.1590000000
./outputs/experiments/manavgat_2021/step5c/baseline_tvdi_valid_count.tif	314617	1783512862.1590000000
./outputs/experiments/manavgat_2021/step5c/current_tvdi.tif	25920318	1783512857.8680000000
./outputs/experiments/manavgat_2021/step5c/current_tvdi_valid_count.tif	1062771	1783512857.8680000000
./outputs/experiments/manavgat_2021/step5c/desktop.ini	246	1786721805.9769710000
./outputs/experiments/manavgat_2021/step5c/step5c_metadata.json	13107	1783512862.2130000000
./outputs/experiments/manavgat_2021/step5c/tvdi_anomaly_zscore.tif	1848280	1783512862.1590000000
./outputs/experiments/manavgat_2021/step5c/tvdi_difference.tif	27483248	1783512862.1590000000
./outputs/experiments/manavgat_2021/step5c/tvdi_edge_diagnostics.csv	2118	1783512856.4500000000
./outputs/experiments/manavgat_2021/step5c/tvdi_edge_diagnostics.png	69097	1783512856.6300000000
./outputs/experiments/manavgat_2021/step7a/desktop.ini	246	1786721805.9769710000
./outputs/experiments/manavgat_2021/step7a/tiling_test_difference.tif	156965	1786734296.8130874000
./outputs/experiments/manavgat_2021/step7a/tiling_test_reconstructed.tif	22208590	1786734296.3713857000
./outputs/experiments/manavgat_2021/step7a/tiling_test_summary.json	1599	1786734296.8250985000
./outputs/experiments/manavgat_2021/step7a/tiling_test_summary.md	1088	1786734296.8195890000
./outputs/experiments/manavgat_2021/step7b/aligned_inputs/anomaly_zscore.tif	21809980	1786734298.3448333000
./outputs/experiments/manavgat_2021/step7b/aligned_inputs/current_tvdi.tif	25920318	1786734298.4425630000
./outputs/experiments/manavgat_2021/step7b/aligned_inputs/desktop.ini	246	1786721805.9769710000
./outputs/experiments/manavgat_2021/step7b/aligned_inputs/elevation.tif	20763003	1786734298.1431870000
./outputs/experiments/manavgat_2021/step7b/aligned_inputs/elevation_aligned.tif	110276	1783539387.4870000000
./outputs/experiments/manavgat_2021/step7b/aligned_inputs/landcover.tif	782273	1786734298.2542743000
./outputs/experiments/manavgat_2021/step7b/aligned_inputs/modis_lst_mean_celsius.tif	21274991	1786734297.3602777000
./outputs/experiments/manavgat_2021/step7b/aligned_inputs/modis_lst_mean_celsius_aligned.tif	21563348	1783597736.3900000000
./outputs/experiments/manavgat_2021/step7b/aligned_inputs/modis_lst_std_celsius.tif	21142004	1786734297.9088545000
./outputs/experiments/manavgat_2021/step7b/aligned_inputs/modis_lst_std_celsius_aligned.tif	21293983	1783597736.9780000000
./outputs/experiments/manavgat_2021/step7b/aligned_inputs/ndvi.tif	33843319	1786734298.0490222000
./outputs/experiments/manavgat_2021/step7b/aligned_inputs/slope.tif	21671862	1786734298.2327516000
./outputs/experiments/manavgat_2021/step7b/aligned_inputs/slope_aligned.tif	110276	1783539387.8980000000
./outputs/experiments/manavgat_2021/step7b/aligned_inputs/tvdi_difference.tif	27483248	1786734298.5457588000
./outputs/experiments/manavgat_2021/step7b/desktop.ini	246	1786721805.9769710000
./outputs/experiments/manavgat_2021/step7b/downscaling_dataset_stats.json	17457	1786734312.9642454000
./outputs/experiments/manavgat_2021/step7b/downscaling_dataset_summary.md	1571	1786734312.9477407000
./outputs/experiments/manavgat_2021/step7b/downscaling_training_samples.csv	119485487	1786734312.9447337000
./outputs/experiments/manavgat_2021/step7b/downscaling_training_samples.parquet	24267411	1786734306.8032830000
./outputs/experiments/manavgat_2021/step7c/downscaling_model.joblib	2563278828	1786734337.8730569000
./outputs/experiments/manavgat_2021/step7c/downscaling_model_metadata.json	4120	1786734338.0780163000
./outputs/experiments/manavgat_2021/step7c/downscaling_model_metrics.json	1693	1786734337.9534732000
./outputs/experiments/manavgat_2021/step7c/downscaling_model_summary.md	3185	1786734337.9539733000
./outputs/experiments/manavgat_2021/step7c/feature_importance.csv	380	1786734336.8573855000
./outputs/experiments/manavgat_2021/step7c/per_split_predictions_sample.csv	1198500	1786734337.1235178000
./outputs/experiments/manavgat_2021/step7c/predicted_vs_actual.png	120158	1786734337.0160950000
./outputs/experiments/manavgat_2021/step7c/residual_by_feature_summary.csv	776	1786734337.0834891000
./outputs/experiments/manavgat_2021/step7c/residual_histogram.png	18281	1786734337.0719555000
./outputs/experiments/manavgat_2021/step7d/desktop.ini	246	1786721805.9769710000
./outputs/experiments/manavgat_2021/step7d/downscaled_lst_celsius.tif	21185313	1786734347.6636219000
./outputs/experiments/manavgat_2021/step7d/downscaled_lst_valid_mask.tif	26974	1786734347.6641224000
./outputs/experiments/manavgat_2021/step7d/downscaling_absolute_error.tif	20485568	1786734347.6641224000
./outputs/experiments/manavgat_2021/step7d/downscaling_prediction_metadata.json	5415	1786734347.8127803000
./outputs/experiments/manavgat_2021/step7d/downscaling_prediction_stats.json	1270	1786734347.6921497000
./outputs/experiments/manavgat_2021/step7d/downscaling_prediction_summary.md	3047	1786734347.6931531000
./outputs/experiments/manavgat_2021/step7d/downscaling_residual_observed_minus_predicted.tif	21067805	1786734347.6641224000
./outputs/experiments/manavgat_2021/step7e/desktop.ini	246	1786721805.9769710000
./outputs/experiments/manavgat_2021/step7e/fused_lst_celsius.tif	15147538	1786734349.0782808000
./outputs/experiments/manavgat_2021/step7e/fused_lst_gapfill_amount.tif	601344	1786734349.0782808000
./outputs/experiments/manavgat_2021/step7e/fused_lst_metadata.json	3125	1786734349.1038147000
./outputs/experiments/manavgat_2021/step7e/fused_lst_source_mask.tif	51812	1786734349.0782808000
./outputs/experiments/manavgat_2021/step7e/fused_lst_stats.json	1693	1786734349.0928061000
./outputs/experiments/manavgat_2021/step7e/fused_lst_summary.md	2511	1786734349.0928061000
./outputs/experiments/manavgat_2021/step7e/fused_minus_observed_on_overlap.tif	72097	1786734349.0787803000
./outputs/experiments/manavgat_2021/step7e/landsat_observed_valid_mask.tif	43025	1786734349.0782808000
./outputs/experiments/manavgat_2021/step8a/desktop.ini	246	1786721805.9769710000
./outputs/experiments/manavgat_2021/step8a/step8a_500m_cell_preview.geojson	1779951	1786734368.9588493000
./outputs/experiments/manavgat_2021/step8a/step8a_500m_grid_burned_label.tif	1150	1786734368.8145863000
./outputs/experiments/manavgat_2021/step8a/step8a_500m_grid_valid_mask.tif	603	1786734368.8206618000
./outputs/experiments/manavgat_2021/step8a/step8a_500m_modeling_dataset.csv	19609502	1786734369.4880683000
./outputs/experiments/manavgat_2021/step8a/step8a_500m_modeling_dataset.parquet	5149247	1786734369.5530194000
./outputs/experiments/manavgat_2021/step8a/step8a_dataset_stats.json	11790	1786734369.5710833000
./outputs/experiments/manavgat_2021/step8a/step8a_dataset_summary.md	5637	1786734369.5645765000
./outputs/experiments/manavgat_2021/step8b/desktop.ini	246	1786721805.9769710000
./outputs/experiments/manavgat_2021/step8b/step8b_delta_auc_by_population.csv	788	1786734388.7945186000
./outputs/experiments/manavgat_2021/step8b/step8b_feature_importance.csv	5174	1786734388.7940150000
./outputs/experiments/manavgat_2021/step8b/step8b_fold_metrics.csv	2530	1786734388.7930125000
./outputs/experiments/manavgat_2021/step8b/step8b_model_comparison_metrics.json	10588	1786734388.9982847000
./outputs/experiments/manavgat_2021/step8b/step8b_monthly_leadtime_metrics.csv	1132	1786734388.7955207000
./outputs/experiments/manavgat_2021/step8b/step8b_pr_curves.png	87708	1786734388.9892630000
./outputs/experiments/manavgat_2021/step8b/step8b_predictions.csv	6786573	1786734388.7669807000
./outputs/experiments/manavgat_2021/step8b/step8b_predictions.parquet	1471651	1786734388.7915059000
./outputs/experiments/manavgat_2021/step8b/step8b_roc_curves.png	102450	1786734388.8966352000
./outputs/experiments/manavgat_2021/step8b/step8b_summary.md	3978	1786734388.9902627000
./outputs/experiments/manavgat_2021/step8c/desktop.ini	246	1786721805.9769710000
./outputs/experiments/manavgat_2021/step8c/step8c_bootstrap_metrics.json	30838	1786734499.1359639000
./outputs/experiments/manavgat_2021/step8c/step8c_bootstrap_samples.csv	2214005	1786734498.8591374000
./outputs/experiments/manavgat_2021/step8c/step8c_delta_auc_distribution.png	31915	1786734498.9528391000
./outputs/experiments/manavgat_2021/step8c/step8c_delta_pr_auc_distribution.png	33794	1786734499.0999417000
./outputs/experiments/manavgat_2021/step8c/step8c_monthly_bootstrap_metrics.csv	739138	1786734499.1224616000
./outputs/experiments/manavgat_2021/step8c/step8c_summary.md	3306	1786734499.1234617000
./outputs/experiments/manavgat_2021/step8d/desktop.ini	246	1786721805.9769710000
./outputs/experiments/manavgat_2021/step8d/step8d_ablation_barplot.png	101614	1786734591.0626816000
./outputs/experiments/manavgat_2021/step8d/step8d_ablation_delta_auc_by_population.csv	1792	1786734590.9165288000
./outputs/experiments/manavgat_2021/step8d/step8d_ablation_delta_pr_auc_by_population.csv	1797	1786734590.9175282000
./outputs/experiments/manavgat_2021/step8d/step8d_ablation_feature_importance.csv	27494	1786734590.9150285000
./outputs/experiments/manavgat_2021/step8d/step8d_ablation_fold_metrics.csv	19201	1786734590.9130215000
./outputs/experiments/manavgat_2021/step8d/step8d_ablation_metrics.json	76970	1786734591.0797125000
./outputs/experiments/manavgat_2021/step8d/step8d_ablation_predictions.csv	82457618	1786734590.7142567000
./outputs/experiments/manavgat_2021/step8d/step8d_ablation_predictions.parquet	8731791	1786734590.9110207000
./outputs/experiments/manavgat_2021/step8d/step8d_ablation_summary.md	5337	1786734591.0651820000
./outputs/experiments/manavgat_2021/step8e/desktop.ini	246	1786721805.9769710000
./outputs/experiments/manavgat_2021/step8e/final_step8_report.json	128225	1786734591.1102417000
./outputs/experiments/manavgat_2021/step8e/final_step8_report.md	2268	1786734591.1102417000
./outputs/experiments/manavgat_2021/validation/desktop.ini	246	1786721805.9769710000
./outputs/experiments/manavgat_2021/validation/labels/burned_landcover_gate.csv	1514	1783505589.8130000000
./outputs/experiments/manavgat_2021/validation/labels/burned_landcover_gate.json	3587	1783505589.8130000000
./outputs/experiments/manavgat_2021/validation/labels/burned_landcover_gate.md	1937	1783505589.8130000000
./outputs/experiments/manavgat_2021/validation/labels/desktop.ini	246	1786721805.9769710000
./outputs/experiments/manavgat_2021/validation/labels/mcd64a1_burned.tif	13812	1783505574.0080000000
./outputs/experiments/manavgat_2021/validation/labels/mcd64a1_burned.tif.aux.xml	381	1784878227.8700000000
./outputs/experiments/manavgat_2021/validation/labels/mcd64a1_raw.tif	23349	1783505571.0170000000
./outputs/experiments/manavgat_2021/validation/labels/mcd64a1_raw.tif.aux.xml	408	1784878181.2220000000
./outputs/experiments/montiferru_2021/data/current_period/desktop.ini	246	1786721805.9769710000
./outputs/experiments/montiferru_2021/data/current_period/landsat_current_period_59days.tif	2316001	1785932735.7320000000
./outputs/experiments/montiferru_2021/data/dem/_raw/desktop.ini	246	1786721805.9769710000
./outputs/experiments/montiferru_2021/data/dem/_raw/elevation_raw.tif	2748861	1785933133.3760000000
./outputs/experiments/montiferru_2021/data/dem/_raw/slope_raw.tif	2876258	1785933137.7380000000
./outputs/experiments/montiferru_2021/data/dem/dem_metadata.json	2132	1785933138.1680000000
./outputs/experiments/montiferru_2021/data/dem/desktop.ini	246	1786721805.9769710000
./outputs/experiments/montiferru_2021/data/dem/elevation.tif	2748861	1785933138.1250000000
./outputs/experiments/montiferru_2021/data/dem/slope.tif	2876258	1785933138.1450000000
./outputs/experiments/montiferru_2021/data/desktop.ini	246	1786721805.9769710000
./outputs/experiments/montiferru_2021/data/landsat_timeseries/desktop.ini	246	1786721805.9769710000
./outputs/experiments/montiferru_2021/data/landsat_timeseries/montiferru_2021_landsat_baseline_2017-07-23.tif	1875627	1785932772.1570000000
./outputs/experiments/montiferru_2021/data/landsat_timeseries/montiferru_2021_landsat_baseline_2018-07-23.tif	1790351	1785932789.4970000000
./outputs/experiments/montiferru_2021/data/landsat_timeseries/montiferru_2021_landsat_baseline_2019-07-23.tif	1819447	1785932808.6670000000
./outputs/experiments/montiferru_2021/data/landsat_timeseries/montiferru_2021_landsat_baseline_2020-07-23.tif	1826459	1785932823.8520000000
./outputs/experiments/montiferru_2021/data/modis/desktop.ini	246	1786721805.9769710000
./outputs/experiments/montiferru_2021/data/modis/modis_lst_mean_celsius.tif	6650	1785933222.4040000000
./outputs/experiments/montiferru_2021/data/modis/modis_lst_std_celsius.tif	7012	1785933224.9450000000
./outputs/experiments/montiferru_2021/data/modis/modis_metadata.json	3620	1785933227.3670000000
./outputs/experiments/montiferru_2021/data/modis/modis_valid_observation_count.tif	1380	1785933226.5100000000
./outputs/experiments/montiferru_2021/data/ndvi_current_period/current_ndvi_median.tif	3013409	1785932750.0840000000
./outputs/experiments/montiferru_2021/data/ndvi_current_period/desktop.ini	246	1786721805.9769710000
./outputs/experiments/montiferru_2021/data/ndvi_timeseries/desktop.ini	246	1786721805.9769710000
./outputs/experiments/montiferru_2021/data/ndvi_timeseries/ndvi_baseline_2017-07-23.tif	5362536	1785932834.9920000000
./outputs/experiments/montiferru_2021/data/ndvi_timeseries/ndvi_baseline_2018-07-23.tif	5341827	1785932839.7770000000
./outputs/experiments/montiferru_2021/data/ndvi_timeseries/ndvi_baseline_2019-07-23.tif	5334460	1785932846.1240000000
./outputs/experiments/montiferru_2021/data/ndvi_timeseries/ndvi_baseline_2020-07-23.tif	5358011	1785932851.3420000000
./outputs/experiments/montiferru_2021/gate_inputs/desktop.ini	246	1786721805.9769710000
./outputs/experiments/montiferru_2021/gate_inputs/gate_inputs_metadata.json	1944	1785878863.1860000000
./outputs/experiments/montiferru_2021/gate_inputs/landcover_esa_worldcover_v200.tif	104113	1785878862.3680000000
./outputs/experiments/montiferru_2021/gate_inputs/landcover_esa_worldcover_v200_aligned_to_reference.tif	110020	1785878863.1840000000
./outputs/experiments/montiferru_2021/gate_inputs/reference_30m.tif	4868	1785878859.4990000000
./outputs/experiments/montiferru_2021/predictor_export_metadata.json	4101	1786728491.2948148000
./outputs/experiments/montiferru_2021/predictor_export_metadata.json.orig	3955	1785932851.5530000000
./outputs/experiments/montiferru_2021/qa/desktop.ini	246	1786721805.9769710000
./outputs/experiments/montiferru_2021/qa/source_scene_provenance/desktop.ini	246	1786721805.9769710000
./outputs/experiments/montiferru_2021/qa/source_scene_provenance/v1/artifact_lineage.json	67349	1785933216.7360000000
./outputs/experiments/montiferru_2021/qa/source_scene_provenance/v1/artifact_lineage_edges.parquet	6778	1785933216.7430000000
./outputs/experiments/montiferru_2021/qa/source_scene_provenance/v1/artifact_lineage_nodes.parquet	15160	1785933216.7410000000
./outputs/experiments/montiferru_2021/qa/source_scene_provenance/v1/artifact_scene_lineage.parquet	3270	1785933216.7350000000
./outputs/experiments/montiferru_2021/qa/source_scene_provenance/v1/desktop.ini	246	1786721805.9769710000
./outputs/experiments/montiferru_2021/qa/source_scene_provenance/v1/manifest.json	1863	1785933216.7440000000
./outputs/experiments/montiferru_2021/qa/source_scene_provenance/v1/pixel_provenance_export_plan.json	562	1785933216.7430000000
./outputs/experiments/montiferru_2021/qa/source_scene_provenance/v1/provenance_summary.json	3786	1785933216.7330000000
./outputs/experiments/montiferru_2021/qa/source_scene_provenance/v1/provenance_summary.md	487	1785933216.7340000000
./outputs/experiments/montiferru_2021/qa/source_scene_provenance/v1/scene_boundaries.geojson	187	1785933216.7330000000
./outputs/experiments/montiferru_2021/qa/source_scene_provenance/v1/scene_footprints.geojson	181	1785933216.7330000000
./outputs/experiments/montiferru_2021/qa/source_scene_provenance/v1/scene_manifest.json	4	1785933216.7330000000
./outputs/experiments/montiferru_2021/qa/source_scene_provenance/v1/scene_manifest.parquet	11567	1785933216.7320000000
./outputs/experiments/montiferru_2021/robustness/desktop.ini	246	1786721805.9769710000
./outputs/experiments/montiferru_2021/robustness/step8_big_blocks/block_10_cells/block_manifest.json	2562	1785934937.0100000000
./outputs/experiments/montiferru_2021/robustness/step8_big_blocks/block_10_cells/bootstrap_replicates.parquet	169710	1785934937.0050000000
./outputs/experiments/montiferru_2021/robustness/step8_big_blocks/block_10_cells/bootstrap_summary.json	2335	1785934937.0010000000
./outputs/experiments/montiferru_2021/robustness/step8_big_blocks/block_10_cells/bootstrap_summary.md	301	1785934937.0020000000
./outputs/experiments/montiferru_2021/robustness/step8_big_blocks/block_10_cells/desktop.ini	246	1786721805.9769710000
./outputs/experiments/montiferru_2021/robustness/step8_big_blocks/block_10_cells/fold_assignments.parquet	15926	1785934937.0000000000
./outputs/experiments/montiferru_2021/robustness/step8_big_blocks/block_10_cells/oof_predictions.parquet	74206	1785934936.9910000000
./outputs/experiments/montiferru_2021/robustness/step8_big_blocks/block_10_cells/step8b_metrics.json	2321	1785934936.9870000000
./outputs/experiments/montiferru_2021/robustness/step8_big_blocks/block_10_cells/step8b_metrics.md	538	1785934936.9870000000
./outputs/experiments/montiferru_2021/robustness/step8_big_blocks/block_20_cells/block_manifest.json	2561	1785934957.0050000000
./outputs/experiments/montiferru_2021/robustness/step8_big_blocks/block_20_cells/bootstrap_replicates.parquet	169586	1785934956.9990000000
./outputs/experiments/montiferru_2021/robustness/step8_big_blocks/block_20_cells/bootstrap_summary.json	2337	1785934956.9950000000
./outputs/experiments/montiferru_2021/robustness/step8_big_blocks/block_20_cells/bootstrap_summary.md	302	1785934956.9950000000
./outputs/experiments/montiferru_2021/robustness/step8_big_blocks/block_20_cells/desktop.ini	246	1786721805.9769710000
./outputs/experiments/montiferru_2021/robustness/step8_big_blocks/block_20_cells/fold_assignments.parquet	15919	1785934956.9940000000
./outputs/experiments/montiferru_2021/robustness/step8_big_blocks/block_20_cells/oof_predictions.parquet	73455	1785934956.9850000000
./outputs/experiments/montiferru_2021/robustness/step8_big_blocks/block_20_cells/step8b_metrics.json	2321	1785934956.9800000000
./outputs/experiments/montiferru_2021/robustness/step8_big_blocks/block_20_cells/step8b_metrics.md	539	1785934956.9810000000
./outputs/experiments/montiferru_2021/robustness/step8_big_blocks/comparison/big_block_robustness_summary.json	20080	1785934957.0080000000
./outputs/experiments/montiferru_2021/robustness/step8_big_blocks/comparison/big_block_robustness_summary.md	2309	1785934957.0120000000
./outputs/experiments/montiferru_2021/robustness/step8_big_blocks/comparison/big_block_robustness_table.csv	4446	1785934957.0100000000
./outputs/experiments/montiferru_2021/robustness/step8_big_blocks/comparison/desktop.ini	246	1786721805.9769710000
./outputs/experiments/montiferru_2021/robustness/step8_big_blocks/comparison/manifest.json	13352	1785934915.6790000000
./outputs/experiments/montiferru_2021/robustness/step8_big_blocks/desktop.ini	246	1786721805.9769710000
./outputs/experiments/montiferru_2021/step5/anomaly_zscore.tif	3740176	1785932851.9740000000
./outputs/experiments/montiferru_2021/step5/baseline_lst_mean_celsius.tif	3276732	1785932851.9760000000
./outputs/experiments/montiferru_2021/step5/baseline_lst_std_celsius.tif	3654835	1785932851.9750000000
./outputs/experiments/montiferru_2021/step5/baseline_valid_count.tif	39396	1785932851.9750000000
./outputs/experiments/montiferru_2021/step5/current_period_median_celsius.tif	3045041	1785932851.9750000000
./outputs/experiments/montiferru_2021/step5/current_period_valid_count.tif	97907	1785932851.9750000000
./outputs/experiments/montiferru_2021/step5/desktop.ini	246	1786721805.9769710000
./outputs/experiments/montiferru_2021/step5/low_baseline_count_mask.tif	18256	1785932851.9750000000
./outputs/experiments/montiferru_2021/step5/low_baseline_std_mask.tif	25329	1785932851.9750000000
./outputs/experiments/montiferru_2021/step5/low_current_count_mask.tif	20068	1785932851.9740000000
./outputs/experiments/montiferru_2021/step5/step5_metadata.json	4662	1785932851.9790000000
./outputs/experiments/montiferru_2021/step5c/baseline_tvdi_mean.tif	3524063	1785932852.9010000000
./outputs/experiments/montiferru_2021/step5c/baseline_tvdi_std.tif	3667263	1785932852.9010000000
./outputs/experiments/montiferru_2021/step5c/baseline_tvdi_valid_count.tif	51146	1785932852.9010000000
./outputs/experiments/montiferru_2021/step5c/current_tvdi.tif	3495360	1785932852.3600000000
./outputs/experiments/montiferru_2021/step5c/current_tvdi_valid_count.tif	113979	1785932852.3600000000
./outputs/experiments/montiferru_2021/step5c/desktop.ini	246	1786721805.9769710000
./outputs/experiments/montiferru_2021/step5c/step5c_metadata.json	13179	1785932852.9050000000
./outputs/experiments/montiferru_2021/step5c/tvdi_anomaly_zscore.tif	2227828	1785932852.9010000000
./outputs/experiments/montiferru_2021/step5c/tvdi_difference.tif	3645888	1785932852.9010000000
./outputs/experiments/montiferru_2021/step5c/tvdi_edge_diagnostics.csv	2180	1785932852.0530000000
./outputs/experiments/montiferru_2021/step5c/tvdi_edge_diagnostics.png	81281	1785932852.1840000000
./outputs/experiments/montiferru_2021/step7a/desktop.ini	246	1786721805.9769710000
./outputs/experiments/montiferru_2021/step7a/tiling_test_difference.tif	20092	1785933227.5990000000
./outputs/experiments/montiferru_2021/step7a/tiling_test_reconstructed.tif	3045041	1785933227.5060000000
./outputs/experiments/montiferru_2021/step7a/tiling_test_summary.json	1557	1785933227.6050000000
./outputs/experiments/montiferru_2021/step7a/tiling_test_summary.md	1082	1785933227.6050000000
./outputs/experiments/montiferru_2021/step7b/aligned_inputs/anomaly_zscore.tif	3740176	1785933227.8830000000
./outputs/experiments/montiferru_2021/step7b/aligned_inputs/current_tvdi.tif	3495360	1785933227.9030000000
./outputs/experiments/montiferru_2021/step7b/aligned_inputs/desktop.ini	246	1786721805.9769710000
./outputs/experiments/montiferru_2021/step7b/aligned_inputs/elevation.tif	2748861	1785933227.8360000000
./outputs/experiments/montiferru_2021/step7b/aligned_inputs/landcover.tif	110020	1785933227.8620000000
./outputs/experiments/montiferru_2021/step7b/aligned_inputs/modis_lst_mean_celsius.tif	2670663	1785933227.7090000000
./outputs/experiments/montiferru_2021/step7b/aligned_inputs/modis_lst_std_celsius.tif	2634221	1785933227.7840000000
./outputs/experiments/montiferru_2021/step7b/aligned_inputs/ndvi.tif	3013409	1785933227.8140000000
./outputs/experiments/montiferru_2021/step7b/aligned_inputs/slope.tif	2876258	1785933227.8530000000
./outputs/experiments/montiferru_2021/step7b/aligned_inputs/tvdi_difference.tif	3645888	1785933227.9270000000
./outputs/experiments/montiferru_2021/step7b/desktop.ini	246	1786721805.9769710000
./outputs/experiments/montiferru_2021/step7b/downscaling_dataset_stats.json	16896	1785933240.9030000000
./outputs/experiments/montiferru_2021/step7b/downscaling_dataset_summary.md	1548	1785933240.8930000000
./outputs/experiments/montiferru_2021/step7b/downscaling_training_samples.csv	117727462	1785933240.8740000000
./outputs/experiments/montiferru_2021/step7b/downscaling_training_samples.parquet	23542490	1785933231.7450000000
./outputs/experiments/montiferru_2021/step7d/desktop.ini	246	1786721805.9769710000
./outputs/experiments/montiferru_2021/step7d/downscaled_lst_celsius.tif	2856229	1785933355.9970000000
./outputs/experiments/montiferru_2021/step7d/downscaled_lst_valid_mask.tif	4166	1785933355.9970000000
./outputs/experiments/montiferru_2021/step7d/downscaling_absolute_error.tif	2719661	1785933355.9980000000
./outputs/experiments/montiferru_2021/step7d/downscaling_prediction_metadata.json	5290	1785933356.2050000000
./outputs/experiments/montiferru_2021/step7d/downscaling_prediction_stats.json	1220	1785933356.0140000000
./outputs/experiments/montiferru_2021/step7d/downscaling_prediction_summary.md	2989	1785933356.0140000000
./outputs/experiments/montiferru_2021/step7d/downscaling_residual_observed_minus_predicted.tif	2806134	1785933355.9980000000
./outputs/experiments/montiferru_2021/step7e/desktop.ini	246	1786721805.9769710000
./outputs/experiments/montiferru_2021/step7e/fused_lst_celsius.tif	1978049	1785933356.3630000000
./outputs/experiments/montiferru_2021/step7e/fused_lst_gapfill_amount.tif	13463	1785933356.3660000000
./outputs/experiments/montiferru_2021/step7e/fused_lst_metadata.json	3070	1785933356.3730000000
./outputs/experiments/montiferru_2021/step7e/fused_lst_source_mask.tif	3760	1785933356.3660000000
./outputs/experiments/montiferru_2021/step7e/fused_lst_stats.json	1624	1785933356.3710000000
./outputs/experiments/montiferru_2021/step7e/fused_lst_summary.md	2458	1785933356.3710000000
./outputs/experiments/montiferru_2021/step7e/fused_minus_observed_on_overlap.tif	7052	1785933356.3670000000
./outputs/experiments/montiferru_2021/step7e/landsat_observed_valid_mask.tif	3734	1785933356.3660000000
./outputs/experiments/montiferru_2021/step8a/desktop.ini	246	1786721805.9769710000
./outputs/experiments/montiferru_2021/step8a/step8a_500m_cell_preview.geojson	1138182	1785933440.9950000000
./outputs/experiments/montiferru_2021/step8a/step8a_500m_grid_burned_label.tif	616	1785933440.8580000000
./outputs/experiments/montiferru_2021/step8a/step8a_500m_grid_valid_mask.tif	464	1785933440.8590000000
./outputs/experiments/montiferru_2021/step8a/step8a_500m_modeling_dataset.csv	2582499	1785933441.1730000000
./outputs/experiments/montiferru_2021/step8a/step8a_500m_modeling_dataset.parquet	736946	1785933441.1940000000
./outputs/experiments/montiferru_2021/step8a/step8a_dataset_stats.json	10942	1785933441.2030000000
./outputs/experiments/montiferru_2021/step8a/step8a_dataset_summary.md	5573	1785933441.2010000000
./outputs/experiments/montiferru_2021/step8b/desktop.ini	246	1786721805.9769710000
./outputs/experiments/montiferru_2021/step8b/step8b_delta_auc_by_population.csv	798	1785933490.5610000000
./outputs/experiments/montiferru_2021/step8b/step8b_feature_importance.csv	5568	1785933490.5600000000
./outputs/experiments/montiferru_2021/step8b/step8b_fold_metrics.csv	3177	1785933490.5580000000
./outputs/experiments/montiferru_2021/step8b/step8b_model_comparison_metrics.json	12759	1785933490.8460000000
./outputs/experiments/montiferru_2021/step8b/step8b_monthly_leadtime_metrics.csv	1153	1785933490.5620000000
./outputs/experiments/montiferru_2021/step8b/step8b_pr_curves.png	146099	1785933490.8400000000
./outputs/experiments/montiferru_2021/step8b/step8b_predictions.csv	907119	1785933490.5460000000
./outputs/experiments/montiferru_2021/step8b/step8b_predictions.parquet	210836	1785933490.5560000000
./outputs/experiments/montiferru_2021/step8b/step8b_roc_curves.png	103291	1785933490.7090000000
./outputs/experiments/montiferru_2021/step8b/step8b_summary.md	4430	1785933490.8450000000
./outputs/experiments/montiferru_2021/step8c/desktop.ini	246	1786721805.9769710000
./outputs/experiments/montiferru_2021/step8c/step8c_bootstrap_metrics.json	33952	1785933555.8100000000
./outputs/experiments/montiferru_2021/step8c/step8c_bootstrap_samples.csv	2417071	1785933555.3180000000
./outputs/experiments/montiferru_2021/step8c/step8c_delta_auc_distribution.png	42289	1785933555.5650000000
./outputs/experiments/montiferru_2021/step8c/step8c_delta_pr_auc_distribution.png	41250	1785933555.8000000000
./outputs/experiments/montiferru_2021/step8c/step8c_summary.md	4054	1785933555.8030000000
./outputs/experiments/montiferru_2021/step8d/desktop.ini	246	1786721805.9769710000
./outputs/experiments/montiferru_2021/step8d/step8d_ablation_barplot.png	171643	1785933818.5250000000
./outputs/experiments/montiferru_2021/step8d/step8d_ablation_delta_auc_by_population.csv	2314	1785933818.1050000000
./outputs/experiments/montiferru_2021/step8d/step8d_ablation_delta_pr_auc_by_population.csv	2317	1785933818.1090000000
./outputs/experiments/montiferru_2021/step8d/step8d_ablation_feature_importance.csv	28886	1785933818.0980000000
./outputs/experiments/montiferru_2021/step8d/step8d_ablation_fold_metrics.csv	24122	1785933818.0950000000
./outputs/experiments/montiferru_2021/step8d/step8d_ablation_metrics.json	100752	1785933818.5380000000
./outputs/experiments/montiferru_2021/step8d/step8d_ablation_predictions.csv	10971757	1785933818.0500000000
./outputs/experiments/montiferru_2021/step8d/step8d_ablation_predictions.parquet	1069841	1785933818.0910000000
./outputs/experiments/montiferru_2021/step8d/step8d_ablation_summary.md	6363	1785933818.5330000000
./outputs/experiments/montiferru_2021/step8e/desktop.ini	246	1786721805.9769710000
./outputs/experiments/montiferru_2021/step8e/final_step8_report.json	158515	1785933818.5560000000
./outputs/experiments/montiferru_2021/step8e/final_step8_report.md	2235	1785933818.5570000000
./outputs/experiments/montiferru_2021/validation/desktop.ini	246	1786721805.9769710000
./outputs/experiments/montiferru_2021/validation/labels/burned_landcover_gate.csv	2172	1785878882.3570000000
./outputs/experiments/montiferru_2021/validation/labels/burned_landcover_gate.json	6218	1785878882.3560000000
./outputs/experiments/montiferru_2021/validation/labels/burned_landcover_gate.md	4520	1785878882.3570000000
./outputs/experiments/montiferru_2021/validation/labels/desktop.ini	246	1786721805.9769710000
./outputs/experiments/montiferru_2021/validation/labels/mcd64a1_burned.tif	3711	1785878874.4970000000
./outputs/experiments/montiferru_2021/validation/labels/mcd64a1_prelabel_raw.tif	4000	1785878880.3250000000
./outputs/experiments/montiferru_2021/validation/labels/mcd64a1_raw.tif	6264	1785878869.6930000000
./outputs/experiments/montiferru_2021/validation/labels/montiferru_2021_gate_manifest.json	5052	1785916733.3260000000
./outputs/experiments/montiferru_2021/validation/labels/pre_label_excluded_cells.csv	5383	1785878882.3560000000
./outputs/experiments/montiferru_2021/validation/labels/pre_label_excluded_cells.parquet	6589	1785878882.3530000000
./outputs/experiments/montiferru_2021/validation/labels/pre_label_excluded_cells_metadata.json	933	1785878882.3560000000
./outputs/experiments/mugla_2021/data/_tiles/baseline_lst_2017/desktop.ini	246	1786721805.9769710000
./outputs/experiments/mugla_2021/data/_tiles/baseline_lst_2017/mugla_2021_landsat_baseline_2017-07-28_tile_r0_c0.tif	8336317	1784530099.4640000000
./outputs/experiments/mugla_2021/data/_tiles/baseline_lst_2017/mugla_2021_landsat_baseline_2017-07-28_tile_r0_c1.tif	9654300	1784530201.7190000000
./outputs/experiments/mugla_2021/data/_tiles/baseline_lst_2017/mugla_2021_landsat_baseline_2017-07-28_tile_r1_c0.tif	9894363	1784530293.8680000000
./outputs/experiments/mugla_2021/data/_tiles/baseline_lst_2017/mugla_2021_landsat_baseline_2017-07-28_tile_r1_c1.tif	10822413	1784530412.3700000000
./outputs/experiments/mugla_2021/data/_tiles/baseline_lst_2018/desktop.ini	246	1786721805.9769710000
./outputs/experiments/mugla_2021/data/_tiles/baseline_lst_2018/mugla_2021_landsat_baseline_2018-07-28_tile_r0_c0.tif	8456593	1784532388.9690000000
./outputs/experiments/mugla_2021/data/_tiles/baseline_lst_2018/mugla_2021_landsat_baseline_2018-07-28_tile_r0_c1.tif	9538671	1784532466.2660000000
./outputs/experiments/mugla_2021/data/_tiles/baseline_lst_2018/mugla_2021_landsat_baseline_2018-07-28_tile_r1_c0.tif	9794773	1784532575.5290000000
./outputs/experiments/mugla_2021/data/_tiles/baseline_lst_2018/mugla_2021_landsat_baseline_2018-07-28_tile_r1_c1.tif	10789175	1784532670.6230000000
./outputs/experiments/mugla_2021/data/_tiles/baseline_lst_2019/desktop.ini	246	1786721805.9769710000
./outputs/experiments/mugla_2021/data/_tiles/baseline_lst_2019/mugla_2021_landsat_baseline_2019-07-28_tile_r0_c0.tif	8265185	1784532774.8150000000
./outputs/experiments/mugla_2021/data/_tiles/baseline_lst_2019/mugla_2021_landsat_baseline_2019-07-28_tile_r0_c1.tif	9592251	1784532849.8830000000
./outputs/experiments/mugla_2021/data/_tiles/baseline_lst_2019/mugla_2021_landsat_baseline_2019-07-28_tile_r1_c0.tif	9468936	1784532939.1480000000
./outputs/experiments/mugla_2021/data/_tiles/baseline_lst_2019/mugla_2021_landsat_baseline_2019-07-28_tile_r1_c1.tif	10636711	1784533043.1310000000
./outputs/experiments/mugla_2021/data/_tiles/baseline_lst_2020/desktop.ini	246	1786721805.9769710000
./outputs/experiments/mugla_2021/data/_tiles/baseline_lst_2020/mugla_2021_landsat_baseline_2020-07-28_tile_r0_c0.tif	8193861	1784533123.1910000000
./outputs/experiments/mugla_2021/data/_tiles/baseline_lst_2020/mugla_2021_landsat_baseline_2020-07-28_tile_r0_c1.tif	9576300	1784533266.4130000000
./outputs/experiments/mugla_2021/data/_tiles/baseline_lst_2020/mugla_2021_landsat_baseline_2020-07-28_tile_r1_c0.tif	9451545	1784533370.6250000000
./outputs/experiments/mugla_2021/data/_tiles/baseline_lst_2020/mugla_2021_landsat_baseline_2020-07-28_tile_r1_c1.tif	10689694	1784533488.4510000000
./outputs/experiments/mugla_2021/data/_tiles/baseline_ndvi_2017/desktop.ini	246	1786721805.9769710000
./outputs/experiments/mugla_2021/data/_tiles/baseline_ndvi_2017/ndvi_baseline_2017-07-28_tile_r0_c0.tif	8078491	1784533532.0090000000
./outputs/experiments/mugla_2021/data/_tiles/baseline_ndvi_2017/ndvi_baseline_2017-07-28_tile_r0_c1.tif	8122298	1784533545.1940000000
./outputs/experiments/mugla_2021/data/_tiles/baseline_ndvi_2017/ndvi_baseline_2017-07-28_tile_r0_c2.tif	8120539	1784533566.8500000000
./outputs/experiments/mugla_2021/data/_tiles/baseline_ndvi_2017/ndvi_baseline_2017-07-28_tile_r0_c3.tif	7914170	1784533583.3910000000
./outputs/experiments/mugla_2021/data/_tiles/baseline_ndvi_2017/ndvi_baseline_2017-07-28_tile_r1_c0.tif	8010930	1784533598.8250000000
./outputs/experiments/mugla_2021/data/_tiles/baseline_ndvi_2017/ndvi_baseline_2017-07-28_tile_r1_c1.tif	7969685	1784533606.2410000000
./outputs/experiments/mugla_2021/data/_tiles/baseline_ndvi_2017/ndvi_baseline_2017-07-28_tile_r1_c2.tif	8095528	1784533629.4080000000
./outputs/experiments/mugla_2021/data/_tiles/baseline_ndvi_2017/ndvi_baseline_2017-07-28_tile_r1_c3.tif	8081873	1784533646.0790000000
./outputs/experiments/mugla_2021/data/_tiles/baseline_ndvi_2017/ndvi_baseline_2017-07-28_tile_r2_c0.tif	8063400	1784533658.4340000000
./outputs/experiments/mugla_2021/data/_tiles/baseline_ndvi_2017/ndvi_baseline_2017-07-28_tile_r2_c1.tif	8065329	1784533671.8970000000
./outputs/experiments/mugla_2021/data/_tiles/baseline_ndvi_2017/ndvi_baseline_2017-07-28_tile_r2_c2.tif	8061539	1784533690.1190000000
./outputs/experiments/mugla_2021/data/_tiles/baseline_ndvi_2017/ndvi_baseline_2017-07-28_tile_r2_c3.tif	8064952	1784533698.3770000000
./outputs/experiments/mugla_2021/data/_tiles/baseline_ndvi_2017/ndvi_baseline_2017-07-28_tile_r3_c0.tif	7983088	1784533709.5630000000
./outputs/experiments/mugla_2021/data/_tiles/baseline_ndvi_2017/ndvi_baseline_2017-07-28_tile_r3_c1.tif	8041234	1784533734.1130000000
./outputs/experiments/mugla_2021/data/_tiles/baseline_ndvi_2017/ndvi_baseline_2017-07-28_tile_r3_c2.tif	8034054	1784533748.8970000000
./outputs/experiments/mugla_2021/data/_tiles/baseline_ndvi_2017/ndvi_baseline_2017-07-28_tile_r3_c3.tif	8047545	1784533763.0000000000
./outputs/experiments/mugla_2021/data/_tiles/baseline_ndvi_2018/desktop.ini	246	1786721805.9769710000
./outputs/experiments/mugla_2021/data/_tiles/baseline_ndvi_2018/ndvi_baseline_2018-07-28_tile_r0_c0.tif	7819770	1784533783.9870000000
./outputs/experiments/mugla_2021/data/_tiles/baseline_ndvi_2018/ndvi_baseline_2018-07-28_tile_r0_c1.tif	8109150	1784533796.7970000000
./outputs/experiments/mugla_2021/data/_tiles/baseline_ndvi_2018/ndvi_baseline_2018-07-28_tile_r0_c2.tif	8134532	1784533817.8910000000
./outputs/experiments/mugla_2021/data/_tiles/baseline_ndvi_2018/ndvi_baseline_2018-07-28_tile_r0_c3.tif	8064953	1784533846.1120000000
./outputs/experiments/mugla_2021/data/_tiles/baseline_ndvi_2018/ndvi_baseline_2018-07-28_tile_r1_c0.tif	7602653	1784533861.1270000000
./outputs/experiments/mugla_2021/data/_tiles/baseline_ndvi_2018/ndvi_baseline_2018-07-28_tile_r1_c1.tif	7294188	1784533873.2880000000
./outputs/experiments/mugla_2021/data/_tiles/baseline_ndvi_2018/ndvi_baseline_2018-07-28_tile_r1_c2.tif	8088179	1784533887.8610000000
./outputs/experiments/mugla_2021/data/_tiles/baseline_ndvi_2018/ndvi_baseline_2018-07-28_tile_r1_c3.tif	8078762	1784533898.5420000000
./outputs/experiments/mugla_2021/data/_tiles/baseline_ndvi_2018/ndvi_baseline_2018-07-28_tile_r2_c0.tif	7692536	1784533909.6200000000
./outputs/experiments/mugla_2021/data/_tiles/baseline_ndvi_2018/ndvi_baseline_2018-07-28_tile_r2_c1.tif	8065127	1784533920.2610000000
./outputs/experiments/mugla_2021/data/_tiles/baseline_ndvi_2018/ndvi_baseline_2018-07-28_tile_r2_c2.tif	8059406	1784533932.3880000000
./outputs/experiments/mugla_2021/data/_tiles/baseline_ndvi_2018/ndvi_baseline_2018-07-28_tile_r2_c3.tif	8061992	1784533941.9890000000
./outputs/experiments/mugla_2021/data/_tiles/baseline_ndvi_2018/ndvi_baseline_2018-07-28_tile_r3_c0.tif	8019054	1784533952.2480000000
./outputs/experiments/mugla_2021/data/_tiles/baseline_ndvi_2018/ndvi_baseline_2018-07-28_tile_r3_c1.tif	8037008	1784533958.0050000000
./outputs/experiments/mugla_2021/data/_tiles/baseline_ndvi_2018/ndvi_baseline_2018-07-28_tile_r3_c2.tif	8025754	1784533968.0970000000
./outputs/experiments/mugla_2021/data/_tiles/baseline_ndvi_2018/ndvi_baseline_2018-07-28_tile_r3_c3.tif	8043166	1784533976.2570000000
./outputs/experiments/mugla_2021/data/_tiles/baseline_ndvi_2019/desktop.ini	246	1786721805.9769710000
./outputs/experiments/mugla_2021/data/_tiles/baseline_ndvi_2019/ndvi_baseline_2019-07-28_tile_r0_c0.tif	7980660	1784534002.3850000000
./outputs/experiments/mugla_2021/data/_tiles/baseline_ndvi_2019/ndvi_baseline_2019-07-28_tile_r0_c1.tif	8101827	1784534010.9040000000
./outputs/experiments/mugla_2021/data/_tiles/baseline_ndvi_2019/ndvi_baseline_2019-07-28_tile_r0_c2.tif	8120166	1784534034.3210000000
./outputs/experiments/mugla_2021/data/_tiles/baseline_ndvi_2019/ndvi_baseline_2019-07-28_tile_r0_c3.tif	8111264	1784534044.7120000000
./outputs/experiments/mugla_2021/data/_tiles/baseline_ndvi_2019/ndvi_baseline_2019-07-28_tile_r1_c0.tif	7859937	1784534053.2790000000
./outputs/experiments/mugla_2021/data/_tiles/baseline_ndvi_2019/ndvi_baseline_2019-07-28_tile_r1_c1.tif	7783496	1784534075.0680000000
./outputs/experiments/mugla_2021/data/_tiles/baseline_ndvi_2019/ndvi_baseline_2019-07-28_tile_r1_c2.tif	8063553	1784534085.4090000000
./outputs/experiments/mugla_2021/data/_tiles/baseline_ndvi_2019/ndvi_baseline_2019-07-28_tile_r1_c3.tif	8080509	1784534101.6630000000
./outputs/experiments/mugla_2021/data/_tiles/baseline_ndvi_2019/ndvi_baseline_2019-07-28_tile_r2_c0.tif	7895150	1784534108.6740000000
./outputs/experiments/mugla_2021/data/_tiles/baseline_ndvi_2019/ndvi_baseline_2019-07-28_tile_r2_c1.tif	8066671	1784534119.2070000000
./outputs/experiments/mugla_2021/data/_tiles/baseline_ndvi_2019/ndvi_baseline_2019-07-28_tile_r2_c2.tif	8061192	1784534128.6620000000
./outputs/experiments/mugla_2021/data/_tiles/baseline_ndvi_2019/ndvi_baseline_2019-07-28_tile_r2_c3.tif	8061272	1784534143.3220000000
./outputs/experiments/mugla_2021/data/_tiles/baseline_ndvi_2019/ndvi_baseline_2019-07-28_tile_r3_c0.tif	7988349	1784534154.9220000000
./outputs/experiments/mugla_2021/data/_tiles/baseline_ndvi_2019/ndvi_baseline_2019-07-28_tile_r3_c1.tif	8034379	1784534175.2470000000
./outputs/experiments/mugla_2021/data/_tiles/baseline_ndvi_2019/ndvi_baseline_2019-07-28_tile_r3_c2.tif	8030633	1784534187.0400000000
./outputs/experiments/mugla_2021/data/_tiles/baseline_ndvi_2019/ndvi_baseline_2019-07-28_tile_r3_c3.tif	8045241	1784534197.3830000000
./outputs/experiments/mugla_2021/data/_tiles/baseline_ndvi_2020/desktop.ini	246	1786721805.9769710000
./outputs/experiments/mugla_2021/data/_tiles/baseline_ndvi_2020/ndvi_baseline_2020-07-28_tile_r0_c0.tif	7948548	1784534216.4520000000
./outputs/experiments/mugla_2021/data/_tiles/baseline_ndvi_2020/ndvi_baseline_2020-07-28_tile_r0_c1.tif	8146358	1784534228.9020000000
./outputs/experiments/mugla_2021/data/_tiles/baseline_ndvi_2020/ndvi_baseline_2020-07-28_tile_r0_c2.tif	8095440	1784534247.2290000000
./outputs/experiments/mugla_2021/data/_tiles/baseline_ndvi_2020/ndvi_baseline_2020-07-28_tile_r0_c3.tif	8064170	1784534257.8330000000
./outputs/experiments/mugla_2021/data/_tiles/baseline_ndvi_2020/ndvi_baseline_2020-07-28_tile_r1_c0.tif	7569155	1784534265.8170000000
./outputs/experiments/mugla_2021/data/_tiles/baseline_ndvi_2020/ndvi_baseline_2020-07-28_tile_r1_c1.tif	7683561	1784534278.7200000000
./outputs/experiments/mugla_2021/data/_tiles/baseline_ndvi_2020/ndvi_baseline_2020-07-28_tile_r1_c2.tif	8082908	1784534293.2910000000
./outputs/experiments/mugla_2021/data/_tiles/baseline_ndvi_2020/ndvi_baseline_2020-07-28_tile_r1_c3.tif	8079843	1784534310.9020000000
./outputs/experiments/mugla_2021/data/_tiles/baseline_ndvi_2020/ndvi_baseline_2020-07-28_tile_r2_c0.tif	7900659	1784534317.7620000000
./outputs/experiments/mugla_2021/data/_tiles/baseline_ndvi_2020/ndvi_baseline_2020-07-28_tile_r2_c1.tif	8068453	1784534327.4250000000
./outputs/experiments/mugla_2021/data/_tiles/baseline_ndvi_2020/ndvi_baseline_2020-07-28_tile_r2_c2.tif	8062711	1784534338.3400000000
./outputs/experiments/mugla_2021/data/_tiles/baseline_ndvi_2020/ndvi_baseline_2020-07-28_tile_r2_c3.tif	8062422	1784534350.9250000000
./outputs/experiments/mugla_2021/data/_tiles/baseline_ndvi_2020/ndvi_baseline_2020-07-28_tile_r3_c0.tif	7921688	1784534361.7600000000
./outputs/experiments/mugla_2021/data/_tiles/baseline_ndvi_2020/ndvi_baseline_2020-07-28_tile_r3_c1.tif	8042162	1784534371.7510000000
./outputs/experiments/mugla_2021/data/_tiles/baseline_ndvi_2020/ndvi_baseline_2020-07-28_tile_r3_c2.tif	8038195	1784534382.6920000000
./outputs/experiments/mugla_2021/data/_tiles/baseline_ndvi_2020/ndvi_baseline_2020-07-28_tile_r3_c3.tif	8048916	1784534396.2550000000
./outputs/experiments/mugla_2021/data/_tiles/current_lst/desktop.ini	246	1786721805.9769710000
./outputs/experiments/mugla_2021/data/_tiles/current_lst/landsat_current_period_57days_tile_r0_c0.tif	2361689	1784527999.1310000000
./outputs/experiments/mugla_2021/data/_tiles/current_lst/landsat_current_period_57days_tile_r0_c1.tif	2697462	1784528025.5320000000
./outputs/experiments/mugla_2021/data/_tiles/current_lst/landsat_current_period_57days_tile_r0_c2.tif	2612564	1784528054.0970000000
./outputs/experiments/mugla_2021/data/_tiles/current_lst/landsat_current_period_57days_tile_r0_c3.tif	2642570	1784528073.0520000000
./outputs/experiments/mugla_2021/data/_tiles/current_lst/landsat_current_period_57days_tile_r1_c0.tif	2512781	1784528091.8100000000
./outputs/experiments/mugla_2021/data/_tiles/current_lst/landsat_current_period_57days_tile_r1_c1.tif	2050313	1784528113.3220000000
./outputs/experiments/mugla_2021/data/_tiles/current_lst/landsat_current_period_57days_tile_r1_c2.tif	3127675	1784528144.3430000000
./outputs/experiments/mugla_2021/data/_tiles/current_lst/landsat_current_period_57days_tile_r1_c3.tif	3404536	1784528168.8960000000
./outputs/experiments/mugla_2021/data/_tiles/current_lst/landsat_current_period_57days_tile_r2_c0.tif	2502912	1784528187.2800000000
./outputs/experiments/mugla_2021/data/_tiles/current_lst/landsat_current_period_57days_tile_r2_c1.tif	3407808	1784528205.1820000000
./outputs/experiments/mugla_2021/data/_tiles/current_lst/landsat_current_period_57days_tile_r2_c2.tif	3464867	1784528226.8110000000
./outputs/experiments/mugla_2021/data/_tiles/current_lst/landsat_current_period_57days_tile_r2_c3.tif	3506166	1784528256.1480000000
./outputs/experiments/mugla_2021/data/_tiles/current_lst/landsat_current_period_57days_tile_r3_c0.tif	2672033	1784528269.8440000000
./outputs/experiments/mugla_2021/data/_tiles/current_lst/landsat_current_period_57days_tile_r3_c1.tif	3399167	1784528291.2540000000
./outputs/experiments/mugla_2021/data/_tiles/current_lst/landsat_current_period_57days_tile_r3_c2.tif	3510169	1784528326.8450000000
./outputs/experiments/mugla_2021/data/_tiles/current_lst/landsat_current_period_57days_tile_r3_c3.tif	3481213	1784528353.8980000000
./outputs/experiments/mugla_2021/data/_tiles/current_ndvi/current_ndvi_median_tile_r0_c0.tif	4721753	1784529643.4340000000
./outputs/experiments/mugla_2021/data/_tiles/current_ndvi/current_ndvi_median_tile_r0_c1.tif	4614018	1784529712.3720000000
./outputs/experiments/mugla_2021/data/_tiles/current_ndvi/current_ndvi_median_tile_r0_c2.tif	4733282	1784529739.7130000000
./outputs/experiments/mugla_2021/data/_tiles/current_ndvi/current_ndvi_median_tile_r0_c3.tif	4774537	1784529764.3280000000
./outputs/experiments/mugla_2021/data/_tiles/current_ndvi/current_ndvi_median_tile_r1_c0.tif	4621245	1784529791.5820000000
./outputs/experiments/mugla_2021/data/_tiles/current_ndvi/current_ndvi_median_tile_r1_c1.tif	4406571	1784529810.1800000000
./outputs/experiments/mugla_2021/data/_tiles/current_ndvi/current_ndvi_median_tile_r1_c2.tif	4596784	1784529835.0270000000
./outputs/experiments/mugla_2021/data/_tiles/current_ndvi/current_ndvi_median_tile_r1_c3.tif	4530023	1784529858.0840000000
./outputs/experiments/mugla_2021/data/_tiles/current_ndvi/current_ndvi_median_tile_r2_c0.tif	4635898	1784529876.7560000000
./outputs/experiments/mugla_2021/data/_tiles/current_ndvi/current_ndvi_median_tile_r2_c1.tif	4462564	1784529898.7090000000
./outputs/experiments/mugla_2021/data/_tiles/current_ndvi/current_ndvi_median_tile_r2_c2.tif	4510246	1784529916.6820000000
./outputs/experiments/mugla_2021/data/_tiles/current_ndvi/current_ndvi_median_tile_r2_c3.tif	4496239	1784529935.9790000000
./outputs/experiments/mugla_2021/data/_tiles/current_ndvi/current_ndvi_median_tile_r3_c0.tif	4662149	1784529958.5680000000
./outputs/experiments/mugla_2021/data/_tiles/current_ndvi/current_ndvi_median_tile_r3_c1.tif	4488193	1784529979.3190000000
./outputs/experiments/mugla_2021/data/_tiles/current_ndvi/current_ndvi_median_tile_r3_c2.tif	4491163	1784529995.9540000000
./outputs/experiments/mugla_2021/data/_tiles/current_ndvi/current_ndvi_median_tile_r3_c3.tif	4499455	1784530023.4740000000
./outputs/experiments/mugla_2021/data/_tiles/current_ndvi/desktop.ini	246	1786721805.9769710000
./outputs/experiments/mugla_2021/data/_tiles/desktop.ini	246	1786721805.9769710000
./outputs/experiments/mugla_2021/data/current_period/desktop.ini	246	1786721805.9769710000
./outputs/experiments/mugla_2021/data/current_period/landsat_current_period_57days.tif	70437283	1784528356.4150000000
./outputs/experiments/mugla_2021/data/data/_tiles/baseline_lst_2017/desktop.ini	246	1786721805.9769710000
./outputs/experiments/mugla_2021/data/data/_tiles/baseline_lst_2017/mugla_2021_landsat_baseline_2017-07-28_tile_r0_c0.tif	8336317	1784530099.4640000000
./outputs/experiments/mugla_2021/data/data/_tiles/baseline_lst_2017/mugla_2021_landsat_baseline_2017-07-28_tile_r0_c1.tif	9654300	1784530201.7190000000
./outputs/experiments/mugla_2021/data/data/_tiles/baseline_lst_2017/mugla_2021_landsat_baseline_2017-07-28_tile_r1_c0.tif	9894363	1784530293.8680000000
./outputs/experiments/mugla_2021/data/data/_tiles/baseline_lst_2017/mugla_2021_landsat_baseline_2017-07-28_tile_r1_c1.tif	10822413	1784530412.3700000000
./outputs/experiments/mugla_2021/data/data/_tiles/baseline_lst_2018/desktop.ini	246	1786721805.9769710000
./outputs/experiments/mugla_2021/data/data/_tiles/baseline_lst_2018/mugla_2021_landsat_baseline_2018-07-28_tile_r0_c0.tif	8456593	1784532388.9690000000
./outputs/experiments/mugla_2021/data/data/_tiles/baseline_lst_2018/mugla_2021_landsat_baseline_2018-07-28_tile_r0_c1.tif	9538671	1784532466.2660000000
./outputs/experiments/mugla_2021/data/data/_tiles/baseline_lst_2018/mugla_2021_landsat_baseline_2018-07-28_tile_r1_c0.tif	9794773	1784532575.5290000000
./outputs/experiments/mugla_2021/data/data/_tiles/baseline_lst_2018/mugla_2021_landsat_baseline_2018-07-28_tile_r1_c1.tif	10789175	1784532670.6230000000
./outputs/experiments/mugla_2021/data/data/_tiles/baseline_lst_2019/desktop.ini	246	1786721805.9769710000
./outputs/experiments/mugla_2021/data/data/_tiles/baseline_lst_2019/mugla_2021_landsat_baseline_2019-07-28_tile_r0_c0.tif	8265185	1784532774.8150000000
./outputs/experiments/mugla_2021/data/data/_tiles/baseline_lst_2019/mugla_2021_landsat_baseline_2019-07-28_tile_r0_c1.tif	9592251	1784532849.8830000000
./outputs/experiments/mugla_2021/data/data/_tiles/baseline_lst_2019/mugla_2021_landsat_baseline_2019-07-28_tile_r1_c0.tif	9468936	1784532939.1480000000
./outputs/experiments/mugla_2021/data/data/_tiles/baseline_lst_2019/mugla_2021_landsat_baseline_2019-07-28_tile_r1_c1.tif	10636711	1784533043.1310000000
./outputs/experiments/mugla_2021/data/data/_tiles/baseline_lst_2020/desktop.ini	246	1786721805.9769710000
./outputs/experiments/mugla_2021/data/data/_tiles/baseline_lst_2020/mugla_2021_landsat_baseline_2020-07-28_tile_r0_c0.tif	8193861	1784533123.1910000000
./outputs/experiments/mugla_2021/data/data/_tiles/baseline_lst_2020/mugla_2021_landsat_baseline_2020-07-28_tile_r0_c1.tif	9576300	1784533266.4130000000
./outputs/experiments/mugla_2021/data/data/_tiles/baseline_lst_2020/mugla_2021_landsat_baseline_2020-07-28_tile_r1_c0.tif	9451545	1784533370.6250000000
./outputs/experiments/mugla_2021/data/data/_tiles/baseline_lst_2020/mugla_2021_landsat_baseline_2020-07-28_tile_r1_c1.tif	10689694	1784533488.4510000000
./outputs/experiments/mugla_2021/data/data/_tiles/baseline_ndvi_2017/desktop.ini	246	1786721805.9769710000
./outputs/experiments/mugla_2021/data/data/_tiles/baseline_ndvi_2017/ndvi_baseline_2017-07-28_tile_r0_c0.tif	8078491	1784533532.0090000000
./outputs/experiments/mugla_2021/data/data/_tiles/baseline_ndvi_2017/ndvi_baseline_2017-07-28_tile_r0_c1.tif	8122298	1784533545.1940000000
./outputs/experiments/mugla_2021/data/data/_tiles/baseline_ndvi_2017/ndvi_baseline_2017-07-28_tile_r0_c2.tif	8120539	1784533566.8500000000
./outputs/experiments/mugla_2021/data/data/_tiles/baseline_ndvi_2017/ndvi_baseline_2017-07-28_tile_r0_c3.tif	7914170	1784533583.3910000000
./outputs/experiments/mugla_2021/data/data/_tiles/baseline_ndvi_2017/ndvi_baseline_2017-07-28_tile_r1_c0.tif	8010930	1784533598.8250000000
./outputs/experiments/mugla_2021/data/data/_tiles/baseline_ndvi_2017/ndvi_baseline_2017-07-28_tile_r1_c1.tif	7969685	1784533606.2410000000
./outputs/experiments/mugla_2021/data/data/_tiles/baseline_ndvi_2017/ndvi_baseline_2017-07-28_tile_r1_c2.tif	8095528	1784533629.4080000000
./outputs/experiments/mugla_2021/data/data/_tiles/baseline_ndvi_2017/ndvi_baseline_2017-07-28_tile_r1_c3.tif	8081873	1784533646.0790000000
./outputs/experiments/mugla_2021/data/data/_tiles/baseline_ndvi_2017/ndvi_baseline_2017-07-28_tile_r2_c0.tif	8063400	1784533658.4340000000
./outputs/experiments/mugla_2021/data/data/_tiles/baseline_ndvi_2017/ndvi_baseline_2017-07-28_tile_r2_c1.tif	8065329	1784533671.8970000000
./outputs/experiments/mugla_2021/data/data/_tiles/baseline_ndvi_2017/ndvi_baseline_2017-07-28_tile_r2_c2.tif	8061539	1784533690.1190000000
./outputs/experiments/mugla_2021/data/data/_tiles/baseline_ndvi_2017/ndvi_baseline_2017-07-28_tile_r2_c3.tif	8064952	1784533698.3770000000
./outputs/experiments/mugla_2021/data/data/_tiles/baseline_ndvi_2017/ndvi_baseline_2017-07-28_tile_r3_c0.tif	7983088	1784533709.5630000000
./outputs/experiments/mugla_2021/data/data/_tiles/baseline_ndvi_2017/ndvi_baseline_2017-07-28_tile_r3_c1.tif	8041234	1784533734.1130000000
./outputs/experiments/mugla_2021/data/data/_tiles/baseline_ndvi_2017/ndvi_baseline_2017-07-28_tile_r3_c2.tif	8034054	1784533748.8970000000
./outputs/experiments/mugla_2021/data/data/_tiles/baseline_ndvi_2017/ndvi_baseline_2017-07-28_tile_r3_c3.tif	8047545	1784533763.0000000000
./outputs/experiments/mugla_2021/data/data/_tiles/baseline_ndvi_2018/desktop.ini	246	1786721805.9769710000
./outputs/experiments/mugla_2021/data/data/_tiles/baseline_ndvi_2018/ndvi_baseline_2018-07-28_tile_r0_c0.tif	7819770	1784533783.9870000000
./outputs/experiments/mugla_2021/data/data/_tiles/baseline_ndvi_2018/ndvi_baseline_2018-07-28_tile_r0_c1.tif	8109150	1784533796.7970000000
./outputs/experiments/mugla_2021/data/data/_tiles/baseline_ndvi_2018/ndvi_baseline_2018-07-28_tile_r0_c2.tif	8134532	1784533817.8910000000
./outputs/experiments/mugla_2021/data/data/_tiles/baseline_ndvi_2018/ndvi_baseline_2018-07-28_tile_r0_c3.tif	8064953	1784533846.1120000000
./outputs/experiments/mugla_2021/data/data/_tiles/baseline_ndvi_2018/ndvi_baseline_2018-07-28_tile_r1_c0.tif	7602653	1784533861.1270000000
./outputs/experiments/mugla_2021/data/data/_tiles/baseline_ndvi_2018/ndvi_baseline_2018-07-28_tile_r1_c1.tif	7294188	1784533873.2880000000
./outputs/experiments/mugla_2021/data/data/_tiles/baseline_ndvi_2018/ndvi_baseline_2018-07-28_tile_r1_c2.tif	8088179	1784533887.8610000000
./outputs/experiments/mugla_2021/data/data/_tiles/baseline_ndvi_2018/ndvi_baseline_2018-07-28_tile_r1_c3.tif	8078762	1784533898.5420000000
./outputs/experiments/mugla_2021/data/data/_tiles/baseline_ndvi_2018/ndvi_baseline_2018-07-28_tile_r2_c0.tif	7692536	1784533909.6200000000
./outputs/experiments/mugla_2021/data/data/_tiles/baseline_ndvi_2018/ndvi_baseline_2018-07-28_tile_r2_c1.tif	8065127	1784533920.2610000000
./outputs/experiments/mugla_2021/data/data/_tiles/baseline_ndvi_2018/ndvi_baseline_2018-07-28_tile_r2_c2.tif	8059406	1784533932.3880000000
./outputs/experiments/mugla_2021/data/data/_tiles/baseline_ndvi_2018/ndvi_baseline_2018-07-28_tile_r2_c3.tif	8061992	1784533941.9890000000
./outputs/experiments/mugla_2021/data/data/_tiles/baseline_ndvi_2018/ndvi_baseline_2018-07-28_tile_r3_c0.tif	8019054	1784533952.2480000000
./outputs/experiments/mugla_2021/data/data/_tiles/baseline_ndvi_2018/ndvi_baseline_2018-07-28_tile_r3_c1.tif	8037008	1784533958.0050000000
./outputs/experiments/mugla_2021/data/data/_tiles/baseline_ndvi_2018/ndvi_baseline_2018-07-28_tile_r3_c2.tif	8025754	1784533968.0970000000
./outputs/experiments/mugla_2021/data/data/_tiles/baseline_ndvi_2018/ndvi_baseline_2018-07-28_tile_r3_c3.tif	8043166	1784533976.2570000000
./outputs/experiments/mugla_2021/data/data/_tiles/baseline_ndvi_2019/desktop.ini	246	1786721805.9769710000
./outputs/experiments/mugla_2021/data/data/_tiles/baseline_ndvi_2019/ndvi_baseline_2019-07-28_tile_r0_c0.tif	7980660	1784534002.3850000000
./outputs/experiments/mugla_2021/data/data/_tiles/baseline_ndvi_2019/ndvi_baseline_2019-07-28_tile_r0_c1.tif	8101827	1784534010.9040000000
./outputs/experiments/mugla_2021/data/data/_tiles/baseline_ndvi_2019/ndvi_baseline_2019-07-28_tile_r0_c2.tif	8120166	1784534034.3210000000
./outputs/experiments/mugla_2021/data/data/_tiles/baseline_ndvi_2019/ndvi_baseline_2019-07-28_tile_r0_c3.tif	8111264	1784534044.7120000000
./outputs/experiments/mugla_2021/data/data/_tiles/baseline_ndvi_2019/ndvi_baseline_2019-07-28_tile_r1_c0.tif	7859937	1784534053.2790000000
./outputs/experiments/mugla_2021/data/data/_tiles/baseline_ndvi_2019/ndvi_baseline_2019-07-28_tile_r1_c1.tif	7783496	1784534075.0680000000
./outputs/experiments/mugla_2021/data/data/_tiles/baseline_ndvi_2019/ndvi_baseline_2019-07-28_tile_r1_c2.tif	8063553	1784534085.4090000000
./outputs/experiments/mugla_2021/data/data/_tiles/baseline_ndvi_2019/ndvi_baseline_2019-07-28_tile_r1_c3.tif	8080509	1784534101.6630000000
./outputs/experiments/mugla_2021/data/data/_tiles/baseline_ndvi_2019/ndvi_baseline_2019-07-28_tile_r2_c0.tif	7895150	1784534108.6740000000
./outputs/experiments/mugla_2021/data/data/_tiles/baseline_ndvi_2019/ndvi_baseline_2019-07-28_tile_r2_c1.tif	8066671	1784534119.2070000000
./outputs/experiments/mugla_2021/data/data/_tiles/baseline_ndvi_2019/ndvi_baseline_2019-07-28_tile_r2_c2.tif	8061192	1784534128.6620000000
./outputs/experiments/mugla_2021/data/data/_tiles/baseline_ndvi_2019/ndvi_baseline_2019-07-28_tile_r2_c3.tif	8061272	1784534143.3220000000
./outputs/experiments/mugla_2021/data/data/_tiles/baseline_ndvi_2019/ndvi_baseline_2019-07-28_tile_r3_c0.tif	7988349	1784534154.9220000000
./outputs/experiments/mugla_2021/data/data/_tiles/baseline_ndvi_2019/ndvi_baseline_2019-07-28_tile_r3_c1.tif	8034379	1784534175.2470000000
./outputs/experiments/mugla_2021/data/data/_tiles/baseline_ndvi_2019/ndvi_baseline_2019-07-28_tile_r3_c2.tif	8030633	1784534187.0400000000
./outputs/experiments/mugla_2021/data/data/_tiles/baseline_ndvi_2019/ndvi_baseline_2019-07-28_tile_r3_c3.tif	8045241	1784534197.3830000000
./outputs/experiments/mugla_2021/data/data/_tiles/baseline_ndvi_2020/desktop.ini	246	1786721805.9769710000
./outputs/experiments/mugla_2021/data/data/_tiles/baseline_ndvi_2020/ndvi_baseline_2020-07-28_tile_r0_c0.tif	7948548	1784534216.4520000000
./outputs/experiments/mugla_2021/data/data/_tiles/baseline_ndvi_2020/ndvi_baseline_2020-07-28_tile_r0_c1.tif	8146358	1784534228.9020000000
./outputs/experiments/mugla_2021/data/data/_tiles/baseline_ndvi_2020/ndvi_baseline_2020-07-28_tile_r0_c2.tif	8095440	1784534247.2290000000
./outputs/experiments/mugla_2021/data/data/_tiles/baseline_ndvi_2020/ndvi_baseline_2020-07-28_tile_r0_c3.tif	8064170	1784534257.8330000000
./outputs/experiments/mugla_2021/data/data/_tiles/baseline_ndvi_2020/ndvi_baseline_2020-07-28_tile_r1_c0.tif	7569155	1784534265.8170000000
./outputs/experiments/mugla_2021/data/data/_tiles/baseline_ndvi_2020/ndvi_baseline_2020-07-28_tile_r1_c1.tif	7683561	1784534278.7200000000
./outputs/experiments/mugla_2021/data/data/_tiles/baseline_ndvi_2020/ndvi_baseline_2020-07-28_tile_r1_c2.tif	8082908	1784534293.2910000000
./outputs/experiments/mugla_2021/data/data/_tiles/baseline_ndvi_2020/ndvi_baseline_2020-07-28_tile_r1_c3.tif	8079843	1784534310.9020000000
./outputs/experiments/mugla_2021/data/data/_tiles/baseline_ndvi_2020/ndvi_baseline_2020-07-28_tile_r2_c0.tif	7900659	1784534317.7620000000
./outputs/experiments/mugla_2021/data/data/_tiles/baseline_ndvi_2020/ndvi_baseline_2020-07-28_tile_r2_c1.tif	8068453	1784534327.4250000000
./outputs/experiments/mugla_2021/data/data/_tiles/baseline_ndvi_2020/ndvi_baseline_2020-07-28_tile_r2_c2.tif	8062711	1784534338.3400000000
./outputs/experiments/mugla_2021/data/data/_tiles/baseline_ndvi_2020/ndvi_baseline_2020-07-28_tile_r2_c3.tif	8062422	1784534350.9250000000
./outputs/experiments/mugla_2021/data/data/_tiles/baseline_ndvi_2020/ndvi_baseline_2020-07-28_tile_r3_c0.tif	7921688	1784534361.7600000000
./outputs/experiments/mugla_2021/data/data/_tiles/baseline_ndvi_2020/ndvi_baseline_2020-07-28_tile_r3_c1.tif	8042162	1784534371.7510000000
./outputs/experiments/mugla_2021/data/data/_tiles/baseline_ndvi_2020/ndvi_baseline_2020-07-28_tile_r3_c2.tif	8038195	1784534382.6920000000
./outputs/experiments/mugla_2021/data/data/_tiles/baseline_ndvi_2020/ndvi_baseline_2020-07-28_tile_r3_c3.tif	8048916	1784534396.2550000000
./outputs/experiments/mugla_2021/data/data/_tiles/current_lst/desktop.ini	246	1786721805.9769710000
./outputs/experiments/mugla_2021/data/data/_tiles/current_lst/landsat_current_period_57days_tile_r0_c0.tif	2361689	1784527999.1310000000
./outputs/experiments/mugla_2021/data/data/_tiles/current_lst/landsat_current_period_57days_tile_r0_c1.tif	2697462	1784528025.5320000000
./outputs/experiments/mugla_2021/data/data/_tiles/current_lst/landsat_current_period_57days_tile_r0_c2.tif	2612564	1784528054.0970000000
./outputs/experiments/mugla_2021/data/data/_tiles/current_lst/landsat_current_period_57days_tile_r0_c3.tif	2642570	1784528073.0520000000
./outputs/experiments/mugla_2021/data/data/_tiles/current_lst/landsat_current_period_57days_tile_r1_c0.tif	2512781	1784528091.8100000000
./outputs/experiments/mugla_2021/data/data/_tiles/current_lst/landsat_current_period_57days_tile_r1_c1.tif	2050313	1784528113.3220000000
./outputs/experiments/mugla_2021/data/data/_tiles/current_lst/landsat_current_period_57days_tile_r1_c2.tif	3127675	1784528144.3430000000
./outputs/experiments/mugla_2021/data/data/_tiles/current_lst/landsat_current_period_57days_tile_r1_c3.tif	3404536	1784528168.8960000000
./outputs/experiments/mugla_2021/data/data/_tiles/current_lst/landsat_current_period_57days_tile_r2_c0.tif	2502912	1784528187.2800000000
./outputs/experiments/mugla_2021/data/data/_tiles/current_lst/landsat_current_period_57days_tile_r2_c1.tif	3407808	1784528205.1820000000
./outputs/experiments/mugla_2021/data/data/_tiles/current_lst/landsat_current_period_57days_tile_r2_c2.tif	3464867	1784528226.8110000000
./outputs/experiments/mugla_2021/data/data/_tiles/current_lst/landsat_current_period_57days_tile_r2_c3.tif	3506166	1784528256.1480000000
./outputs/experiments/mugla_2021/data/data/_tiles/current_lst/landsat_current_period_57days_tile_r3_c0.tif	2672033	1784528269.8440000000
./outputs/experiments/mugla_2021/data/data/_tiles/current_lst/landsat_current_period_57days_tile_r3_c1.tif	3399167	1784528291.2540000000
./outputs/experiments/mugla_2021/data/data/_tiles/current_lst/landsat_current_period_57days_tile_r3_c2.tif	3510169	1784528326.8450000000
./outputs/experiments/mugla_2021/data/data/_tiles/current_lst/landsat_current_period_57days_tile_r3_c3.tif	3481213	1784528353.8980000000
./outputs/experiments/mugla_2021/data/data/_tiles/current_ndvi/current_ndvi_median_tile_r0_c0.tif	4721753	1784529643.4340000000
./outputs/experiments/mugla_2021/data/data/_tiles/current_ndvi/current_ndvi_median_tile_r0_c1.tif	4614018	1784529712.3720000000
./outputs/experiments/mugla_2021/data/data/_tiles/current_ndvi/current_ndvi_median_tile_r0_c2.tif	4733282	1784529739.7130000000
./outputs/experiments/mugla_2021/data/data/_tiles/current_ndvi/current_ndvi_median_tile_r0_c3.tif	4774537	1784529764.3280000000
./outputs/experiments/mugla_2021/data/data/_tiles/current_ndvi/current_ndvi_median_tile_r1_c0.tif	4621245	1784529791.5820000000
./outputs/experiments/mugla_2021/data/data/_tiles/current_ndvi/current_ndvi_median_tile_r1_c1.tif	4406571	1784529810.1800000000
./outputs/experiments/mugla_2021/data/data/_tiles/current_ndvi/current_ndvi_median_tile_r1_c2.tif	4596784	1784529835.0270000000
./outputs/experiments/mugla_2021/data/data/_tiles/current_ndvi/current_ndvi_median_tile_r1_c3.tif	4530023	1784529858.0840000000
./outputs/experiments/mugla_2021/data/data/_tiles/current_ndvi/current_ndvi_median_tile_r2_c0.tif	4635898	1784529876.7560000000
./outputs/experiments/mugla_2021/data/data/_tiles/current_ndvi/current_ndvi_median_tile_r2_c1.tif	4462564	1784529898.7090000000
./outputs/experiments/mugla_2021/data/data/_tiles/current_ndvi/current_ndvi_median_tile_r2_c2.tif	4510246	1784529916.6820000000
./outputs/experiments/mugla_2021/data/data/_tiles/current_ndvi/current_ndvi_median_tile_r2_c3.tif	4496239	1784529935.9790000000
./outputs/experiments/mugla_2021/data/data/_tiles/current_ndvi/current_ndvi_median_tile_r3_c0.tif	4662149	1784529958.5680000000
./outputs/experiments/mugla_2021/data/data/_tiles/current_ndvi/current_ndvi_median_tile_r3_c1.tif	4488193	1784529979.3190000000
./outputs/experiments/mugla_2021/data/data/_tiles/current_ndvi/current_ndvi_median_tile_r3_c2.tif	4491163	1784529995.9540000000
./outputs/experiments/mugla_2021/data/data/_tiles/current_ndvi/current_ndvi_median_tile_r3_c3.tif	4499455	1784530023.4740000000
./outputs/experiments/mugla_2021/data/data/_tiles/current_ndvi/desktop.ini	246	1786721805.9769710000
./outputs/experiments/mugla_2021/data/data/_tiles/desktop.ini	246	1786721805.9769710000
./outputs/experiments/mugla_2021/data/data/current_period/desktop.ini	246	1786721805.9769710000
./outputs/experiments/mugla_2021/data/data/current_period/landsat_current_period_57days.tif	70437283	1784528356.4150000000
./outputs/experiments/mugla_2021/data/data/dem/_raw/desktop.ini	246	1786721805.9769710000
./outputs/experiments/mugla_2021/data/data/dem/_raw/elevation_raw.tif	55749871	1784535589.5580000000
./outputs/experiments/mugla_2021/data/data/dem/_raw/slope_raw.tif	58525586	1784535647.6230000000
./outputs/experiments/mugla_2021/data/data/dem/_tiles/desktop.ini	246	1786721805.9769710000
./outputs/experiments/mugla_2021/data/data/dem/_tiles/elevation/desktop.ini	246	1786721805.9769710000
./outputs/experiments/mugla_2021/data/data/dem/_tiles/slope/desktop.ini	246	1786721805.9769710000
./outputs/experiments/mugla_2021/data/data/dem/dem_metadata.json	2125	1784535648.6280000000
./outputs/experiments/mugla_2021/data/data/dem/desktop.ini	246	1786721805.9769710000
./outputs/experiments/mugla_2021/data/data/dem/elevation.tif	55749871	1784535648.2170000000
./outputs/experiments/mugla_2021/data/data/dem/slope.tif	58525586	1784535648.4660000000
./outputs/experiments/mugla_2021/data/data/desktop.ini	246	1786721805.9769710000
./outputs/experiments/mugla_2021/data/data/landsat_timeseries/desktop.ini	246	1786721805.9769710000
./outputs/experiments/mugla_2021/data/data/landsat_timeseries/mugla_2021_landsat_baseline_2017-07-28.tif	50665743	1784530414.1060000000
./outputs/experiments/mugla_2021/data/data/landsat_timeseries/mugla_2021_landsat_baseline_2018-07-28.tif	50525864	1784532672.5860000000
./outputs/experiments/mugla_2021/data/data/landsat_timeseries/mugla_2021_landsat_baseline_2019-07-28.tif	50101501	1784533045.1000000000
./outputs/experiments/mugla_2021/data/data/landsat_timeseries/mugla_2021_landsat_baseline_2020-07-28.tif	49949322	1784533490.2550000000
./outputs/experiments/mugla_2021/data/data/modis/_tiles/desktop.ini	246	1786721805.9769710000
./outputs/experiments/mugla_2021/data/data/modis/_tiles/modis_lst_mean/desktop.ini	246	1786721805.9769710000
./outputs/experiments/mugla_2021/data/data/modis/_tiles/modis_lst_std/desktop.ini	246	1786721805.9769710000
./outputs/experiments/mugla_2021/data/data/modis/desktop.ini	246	1786721805.9769710000
./outputs/experiments/mugla_2021/data/data/modis/modis_lst_mean_celsius.tif	104327	1784536111.3530000000
./outputs/experiments/mugla_2021/data/data/modis/modis_lst_std_celsius.tif	111217	1784536122.1070000000
./outputs/experiments/mugla_2021/data/data/modis/modis_metadata.json	1037	1784536122.9190000000
./outputs/experiments/mugla_2021/data/data/ndvi_current_period/current_ndvi_median.tif	102225936	1784530026.1230000000
./outputs/experiments/mugla_2021/data/data/ndvi_current_period/desktop.ini	246	1786721805.9769710000
./outputs/experiments/mugla_2021/data/data/ndvi_timeseries/desktop.ini	246	1786721805.9769710000
./outputs/experiments/mugla_2021/data/data/ndvi_timeseries/ndvi_baseline_2017-07-28.tif	187620581	1784533765.6890000000
./outputs/experiments/mugla_2021/data/data/ndvi_timeseries/ndvi_baseline_2018-07-28.tif	186226126	1784533978.9110000000
./outputs/experiments/mugla_2021/data/data/ndvi_timeseries/ndvi_baseline_2019-07-28.tif	186972656	1784534200.0740000000
./outputs/experiments/mugla_2021/data/data/ndvi_timeseries/ndvi_baseline_2020-07-28.tif	186975129	1784534398.8870000000
./outputs/experiments/mugla_2021/data/dem/_raw/desktop.ini	246	1786721805.9769710000
./outputs/experiments/mugla_2021/data/dem/_raw/elevation_raw.tif	55749871	1784535589.5580000000
./outputs/experiments/mugla_2021/data/dem/_raw/slope_raw.tif	58525586	1784535647.6230000000
./outputs/experiments/mugla_2021/data/dem/_tiles/desktop.ini	246	1786721805.9769710000
./outputs/experiments/mugla_2021/data/dem/_tiles/elevation/desktop.ini	246	1786721805.9769710000
./outputs/experiments/mugla_2021/data/dem/_tiles/slope/desktop.ini	246	1786721805.9769710000
./outputs/experiments/mugla_2021/data/dem/dem_metadata.json	2125	1784535648.6280000000
./outputs/experiments/mugla_2021/data/dem/desktop.ini	246	1786721805.9769710000
./outputs/experiments/mugla_2021/data/dem/elevation.tif	55749871	1784535648.2170000000
./outputs/experiments/mugla_2021/data/dem/slope.tif	58525586	1784535648.4660000000
./outputs/experiments/mugla_2021/data/desktop.ini	246	1786721805.9769710000
./outputs/experiments/mugla_2021/data/landsat_timeseries/desktop.ini	246	1786721805.9769710000
./outputs/experiments/mugla_2021/data/landsat_timeseries/mugla_2021_landsat_baseline_2017-07-28.tif	50665743	1784530414.1060000000
./outputs/experiments/mugla_2021/data/landsat_timeseries/mugla_2021_landsat_baseline_2018-07-28.tif	50525864	1784532672.5860000000
./outputs/experiments/mugla_2021/data/landsat_timeseries/mugla_2021_landsat_baseline_2019-07-28.tif	50101501	1784533045.1000000000
./outputs/experiments/mugla_2021/data/landsat_timeseries/mugla_2021_landsat_baseline_2020-07-28.tif	49949322	1784533490.2550000000
./outputs/experiments/mugla_2021/data/modis/_tiles/desktop.ini	246	1786721805.9769710000
./outputs/experiments/mugla_2021/data/modis/_tiles/modis_lst_mean/desktop.ini	246	1786721805.9769710000
./outputs/experiments/mugla_2021/data/modis/_tiles/modis_lst_std/desktop.ini	246	1786721805.9769710000
./outputs/experiments/mugla_2021/data/modis/desktop.ini	246	1786721805.9769710000
./outputs/experiments/mugla_2021/data/modis/modis_lst_mean_celsius.tif	72538	1786737727.5365985000
./outputs/experiments/mugla_2021/data/modis/modis_lst_std_celsius.tif	80442	1786737731.9339607000
./outputs/experiments/mugla_2021/data/modis/modis_metadata.json	3700	1786737736.4011577000
./outputs/experiments/mugla_2021/data/modis/modis_valid_observation_count.tif	9350	1786737736.1104186000
./outputs/experiments/mugla_2021/data/modis_unscreened_frozen/_tiles/desktop.ini	246	1786721805.9769710000
./outputs/experiments/mugla_2021/data/modis_unscreened_frozen/_tiles/modis_lst_mean/desktop.ini	246	1786721805.9769710000
./outputs/experiments/mugla_2021/data/modis_unscreened_frozen/_tiles/modis_lst_std/desktop.ini	246	1786721805.9769710000
./outputs/experiments/mugla_2021/data/modis_unscreened_frozen/desktop.ini	246	1786721805.9769710000
./outputs/experiments/mugla_2021/data/modis_unscreened_frozen/modis_lst_mean_celsius.tif	104327	1784536111.3530000000
./outputs/experiments/mugla_2021/data/modis_unscreened_frozen/modis_lst_std_celsius.tif	111217	1784536122.1070000000
./outputs/experiments/mugla_2021/data/modis_unscreened_frozen/modis_metadata.json	1037	1784536122.9190000000
./outputs/experiments/mugla_2021/data/ndvi_current_period/current_ndvi_median.tif	102225936	1784530026.1230000000
./outputs/experiments/mugla_2021/data/ndvi_current_period/desktop.ini	246	1786721805.9769710000
./outputs/experiments/mugla_2021/data/ndvi_timeseries/desktop.ini	246	1786721805.9769710000
./outputs/experiments/mugla_2021/data/ndvi_timeseries/ndvi_baseline_2017-07-28.tif	187620581	1784533765.6890000000
./outputs/experiments/mugla_2021/data/ndvi_timeseries/ndvi_baseline_2018-07-28.tif	186226126	1784533978.9110000000
./outputs/experiments/mugla_2021/data/ndvi_timeseries/ndvi_baseline_2019-07-28.tif	186972656	1784534200.0740000000
./outputs/experiments/mugla_2021/data/ndvi_timeseries/ndvi_baseline_2020-07-28.tif	186975129	1784534398.8870000000
./outputs/experiments/mugla_2021/gate_inputs/_tiles/desktop.ini	246	1786721805.9769710000
./outputs/experiments/mugla_2021/gate_inputs/_tiles/landcover_esa_worldcover_v200/desktop.ini	246	1786721805.9769710000
./outputs/experiments/mugla_2021/gate_inputs/_tiles/landcover_esa_worldcover_v200/landcover_esa_worldcover_v200_tile_r0_c0.tif	182626	1784548494.2010000000
./outputs/experiments/mugla_2021/gate_inputs/_tiles/landcover_esa_worldcover_v200/landcover_esa_worldcover_v200_tile_r0_c1.tif	323643	1784548497.3130000000
./outputs/experiments/mugla_2021/gate_inputs/_tiles/landcover_esa_worldcover_v200/landcover_esa_worldcover_v200_tile_r1_c0.tif	428981	1784548501.2880000000
./outputs/experiments/mugla_2021/gate_inputs/_tiles/landcover_esa_worldcover_v200/landcover_esa_worldcover_v200_tile_r1_c1.tif	498153	1784548507.3240000000
./outputs/experiments/mugla_2021/gate_inputs/_tiles/reference_30m/desktop.ini	246	1786721805.9769710000
./outputs/experiments/mugla_2021/gate_inputs/_tiles/reference_30m/reference_30m_tile_r0_c0.tif	17655	1784548482.3520000000
./outputs/experiments/mugla_2021/gate_inputs/_tiles/reference_30m/reference_30m_tile_r0_c1.tif	17642	1784548484.4990000000
./outputs/experiments/mugla_2021/gate_inputs/_tiles/reference_30m/reference_30m_tile_r1_c0.tif	17655	1784548486.1150000000
./outputs/experiments/mugla_2021/gate_inputs/_tiles/reference_30m/reference_30m_tile_r1_c1.tif	17642	1784548488.3040000000
./outputs/experiments/mugla_2021/gate_inputs/desktop.ini	246	1786721805.9769710000
./outputs/experiments/mugla_2021/gate_inputs/gate_inputs/_tiles/desktop.ini	246	1786721805.9769710000
./outputs/experiments/mugla_2021/gate_inputs/gate_inputs/_tiles/landcover_esa_worldcover_v200/desktop.ini	246	1786721805.9769710000
./outputs/experiments/mugla_2021/gate_inputs/gate_inputs/_tiles/landcover_esa_worldcover_v200/landcover_esa_worldcover_v200_tile_r0_c0.tif	182626	1784548494.2010000000
./outputs/experiments/mugla_2021/gate_inputs/gate_inputs/_tiles/landcover_esa_worldcover_v200/landcover_esa_worldcover_v200_tile_r0_c1.tif	323643	1784548497.3130000000
./outputs/experiments/mugla_2021/gate_inputs/gate_inputs/_tiles/landcover_esa_worldcover_v200/landcover_esa_worldcover_v200_tile_r1_c0.tif	428981	1784548501.2880000000
./outputs/experiments/mugla_2021/gate_inputs/gate_inputs/_tiles/landcover_esa_worldcover_v200/landcover_esa_worldcover_v200_tile_r1_c1.tif	498153	1784548507.3240000000
./outputs/experiments/mugla_2021/gate_inputs/gate_inputs/_tiles/reference_30m/desktop.ini	246	1786721805.9769710000
./outputs/experiments/mugla_2021/gate_inputs/gate_inputs/_tiles/reference_30m/reference_30m_tile_r0_c0.tif	17655	1784548482.3520000000
./outputs/experiments/mugla_2021/gate_inputs/gate_inputs/_tiles/reference_30m/reference_30m_tile_r0_c1.tif	17642	1784548484.4990000000
./outputs/experiments/mugla_2021/gate_inputs/gate_inputs/_tiles/reference_30m/reference_30m_tile_r1_c0.tif	17655	1784548486.1150000000
./outputs/experiments/mugla_2021/gate_inputs/gate_inputs/_tiles/reference_30m/reference_30m_tile_r1_c1.tif	17642	1784548488.3040000000
./outputs/experiments/mugla_2021/gate_inputs/gate_inputs/desktop.ini	246	1786721805.9769710000
./outputs/experiments/mugla_2021/gate_inputs/gate_inputs/gate_inputs_metadata.json	1979	1784548507.9620000000
./outputs/experiments/mugla_2021/gate_inputs/gate_inputs/landcover_esa_worldcover_v200.tif	1484809	1784548507.5410000000
./outputs/experiments/mugla_2021/gate_inputs/gate_inputs/landcover_esa_worldcover_v200_aligned_to_reference.tif	1493638	1784458669.6690000000
./outputs/experiments/mugla_2021/gate_inputs/gate_inputs/reference_30m.tif	320573	1784548488.8900000000
./outputs/experiments/mugla_2021/gate_inputs/gate_inputs_metadata.json	1979	1784548507.9620000000
./outputs/experiments/mugla_2021/gate_inputs/landcover_esa_worldcover_v200.tif	1484809	1784548507.5410000000
./outputs/experiments/mugla_2021/gate_inputs/landcover_esa_worldcover_v200_aligned_to_reference.tif	1493638	1784458669.6690000000
./outputs/experiments/mugla_2021/gate_inputs/reference_30m.tif	320573	1784548488.8900000000
./outputs/experiments/mugla_2021/predictor_export_metadata.json	4168	1784534400.2800000000
./outputs/experiments/mugla_2021/qa/desktop.ini	246	1786721805.9769710000
./outputs/experiments/mugla_2021/qa/qa/desktop.ini	246	1786721805.9769710000
./outputs/experiments/mugla_2021/qa/qa/seam_audit/desktop.ini	246	1786721805.9769710000
./outputs/experiments/mugla_2021/qa/qa/seam_audit/v1/boundary_segment_metrics.parquet	76272	1784553389.9140000000
./outputs/experiments/mugla_2021/qa/qa/seam_audit/v1/control_metrics.parquet	39424	1784553389.9220000000
./outputs/experiments/mugla_2021/qa/qa/seam_audit/v1/desktop.ini	246	1786721805.9769710000
./outputs/experiments/mugla_2021/qa/qa/seam_audit/v1/manifest.json	9313	1784553389.9220000000
./outputs/experiments/mugla_2021/qa/qa/seam_audit/v1/product_metrics.parquet	8159	1784553389.8980000000
./outputs/experiments/mugla_2021/qa/qa/seam_audit/v1/seam_audit_summary.json	7075	1784553389.8940000000
./outputs/experiments/mugla_2021/qa/qa/seam_audit/v1/seam_audit_summary.md	1749	1784553389.8940000000
./outputs/experiments/mugla_2021/qa/qa/seam_audit/v1/seam_hotspots.geojson	30938	1784553389.9220000000
./outputs/experiments/mugla_2021/qa/qa/seam_audit/v2/artifact_resolution.parquet	20071	1784616277.8330000000
./outputs/experiments/mugla_2021/qa/qa/seam_audit/v2/boundary_registry.parquet	23369	1784616277.8300000000
./outputs/experiments/mugla_2021/qa/qa/seam_audit/v2/boundary_segment_metrics.parquet	85556	1784616277.8060000000
./outputs/experiments/mugla_2021/qa/qa/seam_audit/v2/control_metrics.parquet	122975	1784616277.8260000000
./outputs/experiments/mugla_2021/qa/qa/seam_audit/v2/desktop.ini	246	1786721805.9769710000
./outputs/experiments/mugla_2021/qa/qa/seam_audit/v2/manifest.json	4289	1784616277.8330000000
./outputs/experiments/mugla_2021/qa/qa/seam_audit/v2/product_metrics.parquet	25770	1784616277.7910000000
./outputs/experiments/mugla_2021/qa/qa/seam_audit/v2/seam_audit_summary.json	48670	1784616277.7830000000
./outputs/experiments/mugla_2021/qa/qa/seam_audit/v2/seam_audit_summary.md	2426	1784616277.7830000000
./outputs/experiments/mugla_2021/qa/qa/seam_audit/v2/seam_hotspots.geojson	81	1784616277.8330000000
./outputs/experiments/mugla_2021/qa/qa/seam_localization/desktop.ini	246	1786721805.9769710000
./outputs/experiments/mugla_2021/qa/qa/seam_localization/v1/artifact_boundary_metrics.parquet	3533	1784616283.2410000000
./outputs/experiments/mugla_2021/qa/qa/seam_localization/v1/artifact_resolution.parquet	19676	1784616283.2490000000
./outputs/experiments/mugla_2021/qa/qa/seam_localization/v1/boundary_stage_trace.parquet	3166	1784616283.2410000000
./outputs/experiments/mugla_2021/qa/qa/seam_localization/v1/desktop.ini	246	1786721805.9769710000
./outputs/experiments/mugla_2021/qa/qa/seam_localization/v1/earliest_stage_candidates.parquet	2674	1784616283.2410000000
./outputs/experiments/mugla_2021/qa/qa/seam_localization/v1/localization_summary.json	1071	1784616283.2410000000
./outputs/experiments/mugla_2021/qa/qa/seam_localization/v1/localization_summary.md	493	1784616283.2410000000
./outputs/experiments/mugla_2021/qa/qa/seam_localization/v1/manifest.json	1711	1784616283.2490000000
./outputs/experiments/mugla_2021/qa/qa/seam_localization/v1/matched_controls.parquet	2398	1784616283.2450000000
./outputs/experiments/mugla_2021/qa/qa/seam_localization/v1/seam_hotspots.geojson	51	1784616283.2490000000
./outputs/experiments/mugla_2021/qa/qa/seam_localization/v1/seam_profiles.parquet	4032	1784616283.2450000000
./outputs/experiments/mugla_2021/qa/qa/seam_localization/v1/visualization_checks.parquet	9854	1784616283.2450000000
./outputs/experiments/mugla_2021/qa/qa/source_scene_provenance/desktop.ini	246	1786721805.9769710000
./outputs/experiments/mugla_2021/qa/qa/source_scene_provenance/v1/artifact_lineage.json	70039	1784579834.2030000000
./outputs/experiments/mugla_2021/qa/qa/source_scene_provenance/v1/artifact_lineage_edges.parquet	6778	1784579834.2150000000
./outputs/experiments/mugla_2021/qa/qa/source_scene_provenance/v1/artifact_lineage_nodes.parquet	15129	1784579834.2110000000
./outputs/experiments/mugla_2021/qa/qa/source_scene_provenance/v1/artifact_scene_lineage.parquet	3270	1784579834.2030000000
./outputs/experiments/mugla_2021/qa/qa/source_scene_provenance/v1/desktop.ini	246	1786721805.9769710000
./outputs/experiments/mugla_2021/qa/qa/source_scene_provenance/v1/manifest.json	1858	1784579834.2150000000
./outputs/experiments/mugla_2021/qa/qa/source_scene_provenance/v1/pixel_provenance_export_plan.json	557	1784579834.2150000000
./outputs/experiments/mugla_2021/qa/qa/source_scene_provenance/v1/provenance_summary.json	3771	1784579834.1990000000
./outputs/experiments/mugla_2021/qa/qa/source_scene_provenance/v1/provenance_summary.md	482	1784579834.1990000000
./outputs/experiments/mugla_2021/qa/qa/source_scene_provenance/v1/scene_boundaries.geojson	187	1784579834.1990000000
./outputs/experiments/mugla_2021/qa/qa/source_scene_provenance/v1/scene_footprints.geojson	181	1784579834.1990000000
./outputs/experiments/mugla_2021/qa/qa/source_scene_provenance/v1/scene_manifest.json	4	1784579834.1990000000
./outputs/experiments/mugla_2021/qa/qa/source_scene_provenance/v1/scene_manifest.parquet	11567	1784579834.1990000000
./outputs/experiments/mugla_2021/qa/seam_audit/desktop.ini	246	1786721805.9769710000
./outputs/experiments/mugla_2021/qa/seam_audit/v1/boundary_segment_metrics.parquet	76272	1784553389.9140000000
./outputs/experiments/mugla_2021/qa/seam_audit/v1/control_metrics.parquet	39424	1784553389.9220000000
./outputs/experiments/mugla_2021/qa/seam_audit/v1/desktop.ini	246	1786721805.9769710000
./outputs/experiments/mugla_2021/qa/seam_audit/v1/manifest.json	9313	1784553389.9220000000
./outputs/experiments/mugla_2021/qa/seam_audit/v1/product_metrics.parquet	8159	1784553389.8980000000
./outputs/experiments/mugla_2021/qa/seam_audit/v1/seam_audit_summary.json	7075	1784553389.8940000000
./outputs/experiments/mugla_2021/qa/seam_audit/v1/seam_audit_summary.md	1749	1784553389.8940000000
./outputs/experiments/mugla_2021/qa/seam_audit/v1/seam_hotspots.geojson	30938	1784553389.9220000000
./outputs/experiments/mugla_2021/qa/seam_audit/v2/artifact_resolution.parquet	20071	1784616277.8330000000
./outputs/experiments/mugla_2021/qa/seam_audit/v2/boundary_registry.parquet	23369	1784616277.8300000000
./outputs/experiments/mugla_2021/qa/seam_audit/v2/boundary_segment_metrics.parquet	85556	1784616277.8060000000
./outputs/experiments/mugla_2021/qa/seam_audit/v2/control_metrics.parquet	122975	1784616277.8260000000
./outputs/experiments/mugla_2021/qa/seam_audit/v2/desktop.ini	246	1786721805.9769710000
./outputs/experiments/mugla_2021/qa/seam_audit/v2/manifest.json	4289	1784616277.8330000000
./outputs/experiments/mugla_2021/qa/seam_audit/v2/product_metrics.parquet	25770	1784616277.7910000000
./outputs/experiments/mugla_2021/qa/seam_audit/v2/seam_audit_summary.json	48670	1784616277.7830000000
./outputs/experiments/mugla_2021/qa/seam_audit/v2/seam_audit_summary.md	2426	1784616277.7830000000
./outputs/experiments/mugla_2021/qa/seam_audit/v2/seam_hotspots.geojson	81	1784616277.8330000000
./outputs/experiments/mugla_2021/qa/seam_localization/desktop.ini	246	1786721805.9769710000
./outputs/experiments/mugla_2021/qa/seam_localization/v1/artifact_boundary_metrics.parquet	3533	1784616283.2410000000
./outputs/experiments/mugla_2021/qa/seam_localization/v1/artifact_resolution.parquet	19676	1784616283.2490000000
./outputs/experiments/mugla_2021/qa/seam_localization/v1/boundary_stage_trace.parquet	3166	1784616283.2410000000
./outputs/experiments/mugla_2021/qa/seam_localization/v1/desktop.ini	246	1786721805.9769710000
./outputs/experiments/mugla_2021/qa/seam_localization/v1/earliest_stage_candidates.parquet	2674	1784616283.2410000000
./outputs/experiments/mugla_2021/qa/seam_localization/v1/localization_summary.json	1071	1784616283.2410000000
./outputs/experiments/mugla_2021/qa/seam_localization/v1/localization_summary.md	493	1784616283.2410000000
./outputs/experiments/mugla_2021/qa/seam_localization/v1/manifest.json	1711	1784616283.2490000000
./outputs/experiments/mugla_2021/qa/seam_localization/v1/matched_controls.parquet	2398	1784616283.2450000000
./outputs/experiments/mugla_2021/qa/seam_localization/v1/seam_hotspots.geojson	51	1784616283.2490000000
./outputs/experiments/mugla_2021/qa/seam_localization/v1/seam_profiles.parquet	4032	1784616283.2450000000
./outputs/experiments/mugla_2021/qa/seam_localization/v1/visualization_checks.parquet	9854	1784616283.2450000000
./outputs/experiments/mugla_2021/qa/source_scene_provenance/desktop.ini	246	1786721805.9769710000
./outputs/experiments/mugla_2021/qa/source_scene_provenance/v1/artifact_lineage.json	70039	1784579834.2030000000
./outputs/experiments/mugla_2021/qa/source_scene_provenance/v1/artifact_lineage_edges.parquet	6778	1784579834.2150000000
./outputs/experiments/mugla_2021/qa/source_scene_provenance/v1/artifact_lineage_nodes.parquet	15129	1784579834.2110000000
./outputs/experiments/mugla_2021/qa/source_scene_provenance/v1/artifact_scene_lineage.parquet	3270	1784579834.2030000000
./outputs/experiments/mugla_2021/qa/source_scene_provenance/v1/desktop.ini	246	1786721805.9769710000
./outputs/experiments/mugla_2021/qa/source_scene_provenance/v1/manifest.json	1858	1784579834.2150000000
./outputs/experiments/mugla_2021/qa/source_scene_provenance/v1/pixel_provenance_export_plan.json	557	1784579834.2150000000
./outputs/experiments/mugla_2021/qa/source_scene_provenance/v1/provenance_summary.json	3771	1784579834.1990000000
./outputs/experiments/mugla_2021/qa/source_scene_provenance/v1/provenance_summary.md	482	1784579834.1990000000
./outputs/experiments/mugla_2021/qa/source_scene_provenance/v1/scene_boundaries.geojson	187	1784579834.1990000000
./outputs/experiments/mugla_2021/qa/source_scene_provenance/v1/scene_footprints.geojson	181	1784579834.1990000000
./outputs/experiments/mugla_2021/qa/source_scene_provenance/v1/scene_manifest.json	4	1784579834.1990000000
./outputs/experiments/mugla_2021/qa/source_scene_provenance/v1/scene_manifest.parquet	11567	1784579834.1990000000
./outputs/experiments/mugla_2021/robustness/desktop.ini	246	1786721805.9769710000
./outputs/experiments/mugla_2021/robustness/robustness/desktop.ini	246	1786721805.9769710000
./outputs/experiments/mugla_2021/robustness/robustness/step8_big_blocks/block_10_cells/block_manifest.json	2687	1784623666.5010000000
./outputs/experiments/mugla_2021/robustness/robustness/step8_big_blocks/block_10_cells/bootstrap_replicates.parquet	164908	1784618527.8660000000
./outputs/experiments/mugla_2021/robustness/robustness/step8_big_blocks/block_10_cells/bootstrap_summary.json	2335	1784623666.4860000000
./outputs/experiments/mugla_2021/robustness/robustness/step8_big_blocks/block_10_cells/bootstrap_summary.md	300	1784623666.4860000000
./outputs/experiments/mugla_2021/robustness/robustness/step8_big_blocks/block_10_cells/desktop.ini	246	1786721805.9769710000
./outputs/experiments/mugla_2021/robustness/robustness/step8_big_blocks/block_10_cells/fold_assignments.parquet	15906	1784618527.8580000000
./outputs/experiments/mugla_2021/robustness/robustness/step8_big_blocks/block_10_cells/oof_predictions.parquet	1112509	1784618527.8500000000
./outputs/experiments/mugla_2021/robustness/robustness/step8_big_blocks/block_10_cells/step8b_metrics.json	2317	1784623666.4860000000
./outputs/experiments/mugla_2021/robustness/robustness/step8_big_blocks/block_10_cells/step8b_metrics.md	533	1784623666.4860000000
./outputs/experiments/mugla_2021/robustness/robustness/step8_big_blocks/block_20_cells/block_manifest.json	2688	1784623666.5210000000
./outputs/experiments/mugla_2021/robustness/robustness/step8_big_blocks/block_20_cells/bootstrap_replicates.parquet	169711	1784618603.8240000000
./outputs/experiments/mugla_2021/robustness/robustness/step8_big_blocks/block_20_cells/bootstrap_summary.json	2332	1784623666.5090000000
./outputs/experiments/mugla_2021/robustness/robustness/step8_big_blocks/block_20_cells/bootstrap_summary.md	301	1784623666.5090000000
./outputs/experiments/mugla_2021/robustness/robustness/step8_big_blocks/block_20_cells/desktop.ini	246	1786721805.9769710000
./outputs/experiments/mugla_2021/robustness/robustness/step8_big_blocks/block_20_cells/fold_assignments.parquet	15912	1784618603.8160000000
./outputs/experiments/mugla_2021/robustness/robustness/step8_big_blocks/block_20_cells/oof_predictions.parquet	1100997	1784618603.8120000000
./outputs/experiments/mugla_2021/robustness/robustness/step8_big_blocks/block_20_cells/step8b_metrics.json	2317	1784623666.5090000000
./outputs/experiments/mugla_2021/robustness/robustness/step8_big_blocks/block_20_cells/step8b_metrics.md	534	1784623666.5090000000
./outputs/experiments/mugla_2021/robustness/robustness/step8_big_blocks/comparison/big_block_robustness_summary.json	20130	1784623666.5320000000
./outputs/experiments/mugla_2021/robustness/robustness/step8_big_blocks/comparison/big_block_robustness_summary.md	2291	1784623666.5360000000
./outputs/experiments/mugla_2021/robustness/robustness/step8_big_blocks/comparison/big_block_robustness_table.csv	4432	1784623666.5360000000
./outputs/experiments/mugla_2021/robustness/robustness/step8_big_blocks/comparison/desktop.ini	246	1786721805.9769710000
./outputs/experiments/mugla_2021/robustness/robustness/step8_big_blocks/comparison/manifest.json	8453	1784618449.1140000000
./outputs/experiments/mugla_2021/robustness/robustness/step8_big_blocks/desktop.ini	246	1786721805.9769710000
./outputs/experiments/mugla_2021/robustness/step8_big_blocks/block_10_cells/block_manifest.json	2687	1784623666.5010000000
./outputs/experiments/mugla_2021/robustness/step8_big_blocks/block_10_cells/bootstrap_replicates.parquet	164908	1784618527.8660000000
./outputs/experiments/mugla_2021/robustness/step8_big_blocks/block_10_cells/bootstrap_summary.json	2335	1784623666.4860000000
./outputs/experiments/mugla_2021/robustness/step8_big_blocks/block_10_cells/bootstrap_summary.md	300	1784623666.4860000000
./outputs/experiments/mugla_2021/robustness/step8_big_blocks/block_10_cells/desktop.ini	246	1786721805.9769710000
./outputs/experiments/mugla_2021/robustness/step8_big_blocks/block_10_cells/fold_assignments.parquet	15906	1784618527.8580000000
./outputs/experiments/mugla_2021/robustness/step8_big_blocks/block_10_cells/oof_predictions.parquet	1112509	1784618527.8500000000
./outputs/experiments/mugla_2021/robustness/step8_big_blocks/block_10_cells/step8b_metrics.json	2317	1784623666.4860000000
./outputs/experiments/mugla_2021/robustness/step8_big_blocks/block_10_cells/step8b_metrics.md	533	1784623666.4860000000
./outputs/experiments/mugla_2021/robustness/step8_big_blocks/block_20_cells/block_manifest.json	2688	1784623666.5210000000
./outputs/experiments/mugla_2021/robustness/step8_big_blocks/block_20_cells/bootstrap_replicates.parquet	169711	1784618603.8240000000
./outputs/experiments/mugla_2021/robustness/step8_big_blocks/block_20_cells/bootstrap_summary.json	2332	1784623666.5090000000
./outputs/experiments/mugla_2021/robustness/step8_big_blocks/block_20_cells/bootstrap_summary.md	301	1784623666.5090000000
./outputs/experiments/mugla_2021/robustness/step8_big_blocks/block_20_cells/desktop.ini	246	1786721805.9769710000
./outputs/experiments/mugla_2021/robustness/step8_big_blocks/block_20_cells/fold_assignments.parquet	15912	1784618603.8160000000
./outputs/experiments/mugla_2021/robustness/step8_big_blocks/block_20_cells/oof_predictions.parquet	1100997	1784618603.8120000000
./outputs/experiments/mugla_2021/robustness/step8_big_blocks/block_20_cells/step8b_metrics.json	2317	1784623666.5090000000
./outputs/experiments/mugla_2021/robustness/step8_big_blocks/block_20_cells/step8b_metrics.md	534	1784623666.5090000000
./outputs/experiments/mugla_2021/robustness/step8_big_blocks/comparison/big_block_robustness_summary.json	20130	1784623666.5320000000
./outputs/experiments/mugla_2021/robustness/step8_big_blocks/comparison/big_block_robustness_summary.md	2291	1784623666.5360000000
./outputs/experiments/mugla_2021/robustness/step8_big_blocks/comparison/big_block_robustness_table.csv	4432	1784623666.5360000000
./outputs/experiments/mugla_2021/robustness/step8_big_blocks/comparison/desktop.ini	246	1786721805.9769710000
./outputs/experiments/mugla_2021/robustness/step8_big_blocks/comparison/manifest.json	8453	1784618449.1140000000
./outputs/experiments/mugla_2021/robustness/step8_big_blocks/desktop.ini	246	1786721805.9769710000
./outputs/experiments/mugla_2021/step5/anomaly_zscore.tif	51039578	1784534411.2680000000
./outputs/experiments/mugla_2021/step5/baseline_lst_mean_celsius.tif	67628119	1784534411.2680000000
./outputs/experiments/mugla_2021/step5/baseline_lst_std_celsius.tif	85125848	1784534411.2680000000
./outputs/experiments/mugla_2021/step5/baseline_valid_count.tif	671867	1784534411.2680000000
./outputs/experiments/mugla_2021/step5/current_period_median_celsius.tif	60547136	1784534411.2680000000
./outputs/experiments/mugla_2021/step5/current_period_valid_count.tif	1621451	1784534411.2680000000
./outputs/experiments/mugla_2021/step5/desktop.ini	246	1786721805.9769710000
./outputs/experiments/mugla_2021/step5/low_baseline_count_mask.tif	316965	1784534411.2680000000
./outputs/experiments/mugla_2021/step5/low_baseline_std_mask.tif	1093764	1784534411.2680000000
./outputs/experiments/mugla_2021/step5/low_current_count_mask.tif	335257	1784534411.2680000000
./outputs/experiments/mugla_2021/step5/step5/anomaly_zscore.tif	51039578	1784534411.2680000000
./outputs/experiments/mugla_2021/step5/step5/baseline_lst_mean_celsius.tif	67628119	1784534411.2680000000
./outputs/experiments/mugla_2021/step5/step5/baseline_lst_std_celsius.tif	85125848	1784534411.2680000000
./outputs/experiments/mugla_2021/step5/step5/baseline_valid_count.tif	671867	1784534411.2680000000
./outputs/experiments/mugla_2021/step5/step5/current_period_median_celsius.tif	60547136	1784534411.2680000000
./outputs/experiments/mugla_2021/step5/step5/current_period_valid_count.tif	1621451	1784534411.2680000000
./outputs/experiments/mugla_2021/step5/step5/desktop.ini	246	1786721805.9769710000
./outputs/experiments/mugla_2021/step5/step5/low_baseline_count_mask.tif	316965	1784534411.2680000000
./outputs/experiments/mugla_2021/step5/step5/low_baseline_std_mask.tif	1093764	1784534411.2680000000
./outputs/experiments/mugla_2021/step5/step5/low_current_count_mask.tif	335257	1784534411.2680000000
./outputs/experiments/mugla_2021/step5/step5/step5_metadata.json	4618	1784534411.3590000000
./outputs/experiments/mugla_2021/step5/step5_metadata.json	4618	1784534411.3590000000
./outputs/experiments/mugla_2021/step5c/baseline_tvdi_mean.tif	78337320	1784534427.3310000000
./outputs/experiments/mugla_2021/step5c/baseline_tvdi_std.tif	72344384	1784534427.3310000000
./outputs/experiments/mugla_2021/step5c/baseline_tvdi_valid_count.tif	2394741	1784534427.3310000000
./outputs/experiments/mugla_2021/step5c/current_tvdi.tif	74005395	1784534416.6470000000
./outputs/experiments/mugla_2021/step5c/current_tvdi_valid_count.tif	3395188	1784534416.6470000000
./outputs/experiments/mugla_2021/step5c/desktop.ini	246	1786721805.9769710000
./outputs/experiments/mugla_2021/step5c/step5c/baseline_tvdi_mean.tif	78337320	1784534427.3310000000
./outputs/experiments/mugla_2021/step5c/step5c/baseline_tvdi_std.tif	72344384	1784534427.3310000000
./outputs/experiments/mugla_2021/step5c/step5c/baseline_tvdi_valid_count.tif	2394741	1784534427.3310000000
./outputs/experiments/mugla_2021/step5c/step5c/current_tvdi.tif	74005395	1784534416.6470000000
./outputs/experiments/mugla_2021/step5c/step5c/current_tvdi_valid_count.tif	3395188	1784534416.6470000000
./outputs/experiments/mugla_2021/step5c/step5c/desktop.ini	246	1786721805.9769710000
./outputs/experiments/mugla_2021/step5c/step5c/step5c_metadata.json	13154	1784534427.3690000000
./outputs/experiments/mugla_2021/step5c/step5c/tvdi_anomaly_zscore.tif	8707250	1784534427.3310000000
./outputs/experiments/mugla_2021/step5c/step5c/tvdi_difference.tif	77889030	1784534427.3310000000
./outputs/experiments/mugla_2021/step5c/step5c/tvdi_edge_diagnostics.csv	2217	1784534413.2070000000
./outputs/experiments/mugla_2021/step5c/step5c/tvdi_edge_diagnostics.png	70560	1784534413.5560000000
./outputs/experiments/mugla_2021/step5c/step5c_metadata.json	13154	1784534427.3690000000
./outputs/experiments/mugla_2021/step5c/tvdi_anomaly_zscore.tif	8707250	1784534427.3310000000
./outputs/experiments/mugla_2021/step5c/tvdi_difference.tif	77889030	1784534427.3310000000
./outputs/experiments/mugla_2021/step5c/tvdi_edge_diagnostics.csv	2217	1784534413.2070000000
./outputs/experiments/mugla_2021/step5c/tvdi_edge_diagnostics.png	70560	1784534413.5560000000
./outputs/experiments/mugla_2021/step7a/desktop.ini	246	1786721805.9769710000
./outputs/experiments/mugla_2021/step7a/step7a/desktop.ini	246	1786721805.9769710000
./outputs/experiments/mugla_2021/step7a/step7a/tiling_test_difference.tif	340884	1784536127.3080000000
./outputs/experiments/mugla_2021/step7a/step7a/tiling_test_reconstructed.tif	60547136	1784536125.3750000000
./outputs/experiments/mugla_2021/step7a/step7a/tiling_test_summary.json	1547	1784536127.3310000000
./outputs/experiments/mugla_2021/step7a/step7a/tiling_test_summary.md	1070	1784536127.3310000000
./outputs/experiments/mugla_2021/step7a/tiling_test_difference.tif	340884	1786737743.2154543000
./outputs/experiments/mugla_2021/step7a/tiling_test_reconstructed.tif	60547136	1786737741.9104797000
./outputs/experiments/mugla_2021/step7a/tiling_test_summary.json	1609	1786737743.2359664000
./outputs/experiments/mugla_2021/step7a/tiling_test_summary.md	1078	1786737743.2294661000
./outputs/experiments/mugla_2021/step7b/aligned_inputs/anomaly_zscore.tif	51039578	1786737747.0106121000
./outputs/experiments/mugla_2021/step7b/aligned_inputs/current_tvdi.tif	74005395	1786737747.3203757000
./outputs/experiments/mugla_2021/step7b/aligned_inputs/desktop.ini	246	1786721805.9769710000
./outputs/experiments/mugla_2021/step7b/aligned_inputs/elevation.tif	55749871	1786737746.4995355000
./outputs/experiments/mugla_2021/step7b/aligned_inputs/landcover.tif	1493638	1786737746.7485303000
./outputs/experiments/mugla_2021/step7b/aligned_inputs/modis_lst_mean_celsius.tif	42140398	1786737744.5566650000
./outputs/experiments/mugla_2021/step7b/aligned_inputs/modis_lst_std_celsius.tif	42703944	1786737745.9077560000
./outputs/experiments/mugla_2021/step7b/aligned_inputs/ndvi.tif	102225936	1786737746.3393836000
./outputs/experiments/mugla_2021/step7b/aligned_inputs/slope.tif	58525586	1786737746.6728178000
./outputs/experiments/mugla_2021/step7b/aligned_inputs/tvdi_difference.tif	77889030	1786737747.6425996000
./outputs/experiments/mugla_2021/step7b/desktop.ini	246	1786721805.9769710000
./outputs/experiments/mugla_2021/step7b/downscaling_dataset_stats.json	17392	1786737777.7895990000
./outputs/experiments/mugla_2021/step7b/downscaling_dataset_summary.md	1571	1786737777.7625489000
./outputs/experiments/mugla_2021/step7b/downscaling_training_samples.csv	108739976	1786737777.7600482000
./outputs/experiments/mugla_2021/step7b/downscaling_training_samples.parquet	22211513	1786737771.8793455000
./outputs/experiments/mugla_2021/step7b/step7b/aligned_inputs/anomaly_zscore.tif	51039578	1784536132.8780000000
./outputs/experiments/mugla_2021/step7b/step7b/aligned_inputs/current_tvdi.tif	74005395	1784536133.5990000000
./outputs/experiments/mugla_2021/step7b/step7b/aligned_inputs/desktop.ini	246	1786721805.9769710000
./outputs/experiments/mugla_2021/step7b/step7b/aligned_inputs/elevation.tif	55749871	1784536131.8400000000
./outputs/experiments/mugla_2021/step7b/step7b/aligned_inputs/landcover.tif	1493638	1784536132.2700000000
./outputs/experiments/mugla_2021/step7b/step7b/aligned_inputs/modis_lst_mean_celsius.tif	46231027	1784536128.9290000000
./outputs/experiments/mugla_2021/step7b/step7b/aligned_inputs/modis_lst_std_celsius.tif	46375650	1784536130.4960000000
./outputs/experiments/mugla_2021/step7b/step7b/aligned_inputs/ndvi.tif	102225936	1784536131.4850000000
./outputs/experiments/mugla_2021/step7b/step7b/aligned_inputs/slope.tif	58525586	1784536132.2140000000
./outputs/experiments/mugla_2021/step7b/step7b/aligned_inputs/tvdi_difference.tif	77889030	1784536134.3240000000
./outputs/experiments/mugla_2021/step7b/step7b/desktop.ini	246	1786721805.9769710000
./outputs/experiments/mugla_2021/step7b/step7b/downscaling_dataset_stats.json	14609	1784536205.1000000000
./outputs/experiments/mugla_2021/step7b/step7b/downscaling_dataset_summary.md	1546	1784536205.0890000000
./outputs/experiments/mugla_2021/step7b/step7b/downscaling_training_samples.csv	109920339	1784536205.0740000000
./outputs/experiments/mugla_2021/step7b/step7b/downscaling_training_samples.parquet	22382007	1784536196.4780000000
./outputs/experiments/mugla_2021/step7c/downscaling_model.joblib	1698930060	1786737802.1071083000
./outputs/experiments/mugla_2021/step7c/downscaling_model_metadata.json	4117	1786737802.1711856000
./outputs/experiments/mugla_2021/step7c/downscaling_model_metrics.json	1693	1786737802.1081096000
./outputs/experiments/mugla_2021/step7c/downscaling_model_summary.md	3179	1786737802.1086096000
./outputs/experiments/mugla_2021/step7c/feature_importance.csv	388	1786737801.2654860000
./outputs/experiments/mugla_2021/step7c/per_split_predictions_sample.csv	1201962	1786737801.5660113000
./outputs/experiments/mugla_2021/step7c/predicted_vs_actual.png	131739	1786737801.4529414000
./outputs/experiments/mugla_2021/step7c/residual_by_feature_summary.csv	755	1786737801.5259611000
./outputs/experiments/mugla_2021/step7c/residual_histogram.png	19535	1786737801.5114390000
./outputs/experiments/mugla_2021/step7d/desktop.ini	246	1786721805.9769710000
./outputs/experiments/mugla_2021/step7d/downscaled_lst_celsius.tif	43009024	1786737820.5707047000
./outputs/experiments/mugla_2021/step7d/downscaled_lst_valid_mask.tif	52807	1786737820.5707047000
./outputs/experiments/mugla_2021/step7d/downscaling_absolute_error.tif	42475443	1786737820.5712053000
./outputs/experiments/mugla_2021/step7d/downscaling_prediction_metadata.json	5370	1786737820.7204659000
./outputs/experiments/mugla_2021/step7d/downscaling_prediction_stats.json	1270	1786737820.6543232000
./outputs/experiments/mugla_2021/step7d/downscaling_prediction_summary.md	3048	1786737820.6553271000
./outputs/experiments/mugla_2021/step7d/downscaling_residual_observed_minus_predicted.tif	43643053	1786737820.5712053000
./outputs/experiments/mugla_2021/step7d/step7d/desktop.ini	246	1786721805.9769710000
./outputs/experiments/mugla_2021/step7d/step7d/downscaled_lst_celsius.tif	66172570	1784536364.7690000000
./outputs/experiments/mugla_2021/step7d/step7d/downscaled_lst_valid_mask.tif	68038	1784536364.7690000000
./outputs/experiments/mugla_2021/step7d/step7d/downscaling_absolute_error.tif	65523069	1784536364.7690000000
./outputs/experiments/mugla_2021/step7d/step7d/downscaling_prediction_metadata.json	5922	1784536364.8600000000
./outputs/experiments/mugla_2021/step7d/step7d/downscaling_prediction_stats.json	1231	1784536364.8070000000
./outputs/experiments/mugla_2021/step7d/step7d/downscaling_prediction_summary.md	3167	1784536364.8070000000
./outputs/experiments/mugla_2021/step7d/step7d/downscaling_residual_observed_minus_predicted.tif	67708572	1784536364.7690000000
./outputs/experiments/mugla_2021/step7e/desktop.ini	246	1786721805.9769710000
./outputs/experiments/mugla_2021/step7e/fused_lst_celsius.tif	41088823	1786737824.8360310000
./outputs/experiments/mugla_2021/step7e/fused_lst_gapfill_amount.tif	520670	1786737824.8370338000
./outputs/experiments/mugla_2021/step7e/fused_lst_metadata.json	3116	1786737824.8771027000
./outputs/experiments/mugla_2021/step7e/fused_lst_source_mask.tif	49900	1786737824.8360310000
./outputs/experiments/mugla_2021/step7e/fused_lst_stats.json	1689	1786737824.8655704000
./outputs/experiments/mugla_2021/step7e/fused_lst_summary.md	2511	1786737824.8655704000
./outputs/experiments/mugla_2021/step7e/fused_minus_observed_on_overlap.tif	117727	1786737824.8370338000
./outputs/experiments/mugla_2021/step7e/landsat_observed_valid_mask.tif	48807	1786737824.8370338000
./outputs/experiments/mugla_2021/step7e/step7e/desktop.ini	246	1786721805.9769710000
./outputs/experiments/mugla_2021/step7e/step7e/fused_lst_celsius.tif	40851871	1784536367.9160000000
./outputs/experiments/mugla_2021/step7e/step7e/fused_lst_gapfill_amount.tif	540549	1784536367.9160000000
./outputs/experiments/mugla_2021/step7e/step7e/fused_lst_metadata.json	3026	1784536367.9620000000
./outputs/experiments/mugla_2021/step7e/step7e/fused_lst_source_mask.tif	48871	1784536367.9160000000
./outputs/experiments/mugla_2021/step7e/step7e/fused_lst_stats.json	1635	1784536367.9620000000
./outputs/experiments/mugla_2021/step7e/step7e/fused_lst_summary.md	2466	1784536367.9620000000
./outputs/experiments/mugla_2021/step7e/step7e/fused_minus_observed_on_overlap.tif	117103	1784536367.9160000000
./outputs/experiments/mugla_2021/step7e/step7e/landsat_observed_valid_mask.tif	47455	1784536367.9160000000
./outputs/experiments/mugla_2021/step8a/desktop.ini	246	1786721805.9769710000
./outputs/experiments/mugla_2021/step8a/step8a/desktop.ini	246	1786721805.9769710000
./outputs/experiments/mugla_2021/step8a/step8a/step8a_500m_cell_preview.geojson	1776951	1784548721.2140000000
./outputs/experiments/mugla_2021/step8a/step8a/step8a_500m_grid_burned_label.tif	2626	1784548720.8100000000
./outputs/experiments/mugla_2021/step8a/step8a/step8a_500m_grid_valid_mask.tif	846	1784548720.8140000000
./outputs/experiments/mugla_2021/step8a/step8a/step8a_500m_modeling_dataset.csv	55153743	1784548724.5370000000
./outputs/experiments/mugla_2021/step8a/step8a/step8a_500m_modeling_dataset.parquet	14014820	1784548724.8050000000
./outputs/experiments/mugla_2021/step8a/step8a/step8a_dataset_stats.json	10551	1784548724.8170000000
./outputs/experiments/mugla_2021/step8a/step8a/step8a_dataset_summary.md	5637	1784548724.8130000000
./outputs/experiments/mugla_2021/step8a/step8a_500m_cell_preview.geojson	1776951	1786737880.8595972000
./outputs/experiments/mugla_2021/step8a/step8a_500m_grid_burned_label.tif	2642	1786737880.7128561000
./outputs/experiments/mugla_2021/step8a/step8a_500m_grid_valid_mask.tif	858	1786737880.7187688000
./outputs/experiments/mugla_2021/step8a/step8a_500m_modeling_dataset.csv	54165229	1786737882.3995363000
./outputs/experiments/mugla_2021/step8a/step8a_500m_modeling_dataset.parquet	13382259	1786737882.5610097000
./outputs/experiments/mugla_2021/step8a/step8a_dataset_stats.json	12338	1786737882.5865537000
./outputs/experiments/mugla_2021/step8a/step8a_dataset_summary.md	5707	1786737882.5735320000
./outputs/experiments/mugla_2021/step8b/desktop.ini	246	1786721805.9769710000
./outputs/experiments/mugla_2021/step8b/step8b/desktop.ini	246	1786721805.9769710000
./outputs/experiments/mugla_2021/step8b/step8b/step8b_delta_auc_by_population.csv	810	1784548833.4550000000
./outputs/experiments/mugla_2021/step8b/step8b/step8b_feature_importance.csv	6882	1784548833.4550000000
./outputs/experiments/mugla_2021/step8b/step8b/step8b_fold_metrics.csv	3277	1784548833.4510000000
./outputs/experiments/mugla_2021/step8b/step8b/step8b_model_comparison_metrics.json	12910	1784548833.8740000000
./outputs/experiments/mugla_2021/step8b/step8b/step8b_monthly_leadtime_metrics.csv	1446	1784548833.4550000000
./outputs/experiments/mugla_2021/step8b/step8b/step8b_pr_curves.png	132699	1784548833.8660000000
./outputs/experiments/mugla_2021/step8b/step8b/step8b_predictions.csv	17261226	1784548833.3600000000
./outputs/experiments/mugla_2021/step8b/step8b/step8b_predictions.parquet	3802177	1784548833.4470000000
./outputs/experiments/mugla_2021/step8b/step8b/step8b_roc_curves.png	114213	1784548833.6710000000
./outputs/experiments/mugla_2021/step8b/step8b/step8b_summary.md	4514	1784548833.8700000000
./outputs/experiments/mugla_2021/step8b/step8b_delta_auc_by_population.csv	814	1786737919.2744975000
./outputs/experiments/mugla_2021/step8b/step8b_feature_importance.csv	6999	1786737919.2734413000
./outputs/experiments/mugla_2021/step8b/step8b_fold_metrics.csv	3304	1786737919.2729390000
./outputs/experiments/mugla_2021/step8b/step8b_model_comparison_metrics.json	13336	1786737919.5840186000
./outputs/experiments/mugla_2021/step8b/step8b_monthly_leadtime_metrics.csv	1461	1786737919.2754973000
./outputs/experiments/mugla_2021/step8b/step8b_pr_curves.png	122030	1786737919.5740038000
./outputs/experiments/mugla_2021/step8b/step8b_predictions.csv	17408299	1786737919.2098234000
./outputs/experiments/mugla_2021/step8b/step8b_predictions.parquet	3802905	1786737919.2709285000
./outputs/experiments/mugla_2021/step8b/step8b_roc_curves.png	106396	1786737919.4057098000
./outputs/experiments/mugla_2021/step8b/step8b_summary.md	4579	1786737919.5760152000
./outputs/experiments/mugla_2021/step8c/desktop.ini	246	1786721805.9769710000
./outputs/experiments/mugla_2021/step8c/step8c/desktop.ini	246	1786721805.9769710000
./outputs/experiments/mugla_2021/step8c/step8c/step8c_bootstrap_metrics.json	45265	1784549461.1360000000
./outputs/experiments/mugla_2021/step8c/step8c/step8c_bootstrap_samples.csv	3463724	1784549460.4470000000
./outputs/experiments/mugla_2021/step8c/step8c/step8c_delta_auc_distribution.png	40647	1784549460.8250000000
./outputs/experiments/mugla_2021/step8c/step8c/step8c_delta_pr_auc_distribution.png	43813	1784549461.0640000000
./outputs/experiments/mugla_2021/step8c/step8c/step8c_monthly_bootstrap_metrics.csv	981855	1784549461.1240000000
./outputs/experiments/mugla_2021/step8c/step8c/step8c_summary.md	4160	1784549461.1280000000
./outputs/experiments/mugla_2021/step8c/step8c_bootstrap_metrics.json	46672	1786738241.2847656000
./outputs/experiments/mugla_2021/step8c/step8c_bootstrap_samples.csv	3476938	1786738241.0146287000
./outputs/experiments/mugla_2021/step8c/step8c_delta_auc_distribution.png	37513	1786738241.1294062000
./outputs/experiments/mugla_2021/step8c/step8c_delta_pr_auc_distribution.png	37044	1786738241.2430414000
./outputs/experiments/mugla_2021/step8c/step8c_monthly_bootstrap_metrics.csv	985598	1786738241.2730806000
./outputs/experiments/mugla_2021/step8c/step8c_summary.md	4218	1786738241.2745808000
./outputs/experiments/mugla_2021/step8d/desktop.ini	246	1786721805.9769710000
./outputs/experiments/mugla_2021/step8d/step8d/desktop.ini	246	1786721805.9769710000
./outputs/experiments/mugla_2021/step8d/step8d/step8d_ablation_barplot.png	167882	1784550017.8210000000
./outputs/experiments/mugla_2021/step8d/step8d/step8d_ablation_delta_auc_by_population.csv	2326	1784550017.4520000000
./outputs/experiments/mugla_2021/step8d/step8d/step8d_ablation_delta_pr_auc_by_population.csv	2318	1784550017.4520000000
./outputs/experiments/mugla_2021/step8d/step8d/step8d_ablation_feature_importance.csv	37011	1784550017.4400000000
./outputs/experiments/mugla_2021/step8d/step8d/step8d_ablation_fold_metrics.csv	25053	1784550017.4360000000
./outputs/experiments/mugla_2021/step8d/step8d/step8d_ablation_metrics.json	98316	1784550017.8410000000
./outputs/experiments/mugla_2021/step8d/step8d/step8d_ablation_predictions.csv	208366214	1784550016.7410000000
./outputs/experiments/mugla_2021/step8d/step8d/step8d_ablation_predictions.parquet	22218974	1784550017.4240000000
./outputs/experiments/mugla_2021/step8d/step8d/step8d_ablation_summary.md	6507	1784550017.8290000000
./outputs/experiments/mugla_2021/step8d/step8d_ablation_barplot.png	135638	1786738407.7088733000
./outputs/experiments/mugla_2021/step8d/step8d_ablation_delta_auc_by_population.csv	2369	1786738407.5141165000
./outputs/experiments/mugla_2021/step8d/step8d_ablation_delta_pr_auc_by_population.csv	2365	1786738407.5151171000
./outputs/experiments/mugla_2021/step8d/step8d_ablation_feature_importance.csv	37508	1786738407.5126147000
./outputs/experiments/mugla_2021/step8d/step8d_ablation_fold_metrics.csv	25280	1786738407.5106088000
./outputs/experiments/mugla_2021/step8d/step8d_ablation_metrics.json	101498	1786738407.7306653000
./outputs/experiments/mugla_2021/step8d/step8d_ablation_predictions.csv	209922538	1786738407.0137635000
./outputs/experiments/mugla_2021/step8d/step8d_ablation_predictions.parquet	22183184	1786738407.5081084000
./outputs/experiments/mugla_2021/step8d/step8d_ablation_summary.md	6677	1786738407.7123760000
./outputs/experiments/mugla_2021/step8e/desktop.ini	246	1786721805.9769710000
./outputs/experiments/mugla_2021/step8e/final_step8_report.json	173107	1786738407.7739976000
./outputs/experiments/mugla_2021/step8e/final_step8_report.md	2288	1786738407.7744984000
./outputs/experiments/mugla_2021/step8e/step8e/desktop.ini	246	1786721805.9769710000
./outputs/experiments/mugla_2021/step8e/step8e/final_step8_report.json	167849	1784550017.8530000000
./outputs/experiments/mugla_2021/step8e/step8e/final_step8_report.md	2164	1784550017.8530000000
./outputs/experiments/mugla_2021/validation/desktop.ini	246	1786721805.9769710000
./outputs/experiments/mugla_2021/validation/labels/_tiles/desktop.ini	246	1786721805.9769710000
./outputs/experiments/mugla_2021/validation/labels/_tiles/mcd64a1_burned/desktop.ini	246	1786721805.9769710000
./outputs/experiments/mugla_2021/validation/labels/_tiles/mcd64a1_burned/mcd64a1_burned_tile_r0_c0.tif	9790	1784458700.6740000000
./outputs/experiments/mugla_2021/validation/labels/_tiles/mcd64a1_burned/mcd64a1_burned_tile_r0_c1.tif	12076	1784458704.3160000000
./outputs/experiments/mugla_2021/validation/labels/_tiles/mcd64a1_burned/mcd64a1_burned_tile_r1_c0.tif	10914	1784458707.8350000000
./outputs/experiments/mugla_2021/validation/labels/_tiles/mcd64a1_burned/mcd64a1_burned_tile_r1_c1.tif	11336	1784458712.8500000000
./outputs/experiments/mugla_2021/validation/labels/_tiles/mcd64a1_prelabel_raw/desktop.ini	246	1786721805.9769710000
./outputs/experiments/mugla_2021/validation/labels/_tiles/mcd64a1_prelabel_raw/mcd64a1_prelabel_raw_tile_r0_c0.tif	15821	1784458722.8530000000
./outputs/experiments/mugla_2021/validation/labels/_tiles/mcd64a1_prelabel_raw/mcd64a1_prelabel_raw_tile_r0_c1.tif	16012	1784458726.9210000000
./outputs/experiments/mugla_2021/validation/labels/_tiles/mcd64a1_prelabel_raw/mcd64a1_prelabel_raw_tile_r1_c0.tif	15821	1784458729.6300000000
./outputs/experiments/mugla_2021/validation/labels/_tiles/mcd64a1_prelabel_raw/mcd64a1_prelabel_raw_tile_r1_c1.tif	15791	1784458733.5960000000
./outputs/experiments/mugla_2021/validation/labels/_tiles/mcd64a1_raw/desktop.ini	246	1786721805.9769710000
./outputs/experiments/mugla_2021/validation/labels/_tiles/mcd64a1_raw/mcd64a1_raw_tile_r0_c0.tif	16894	1784458679.0990000000
./outputs/experiments/mugla_2021/validation/labels/_tiles/mcd64a1_raw/mcd64a1_raw_tile_r0_c1.tif	22393	1784458684.7160000000
./outputs/experiments/mugla_2021/validation/labels/_tiles/mcd64a1_raw/mcd64a1_raw_tile_r1_c0.tif	20029	1784458688.3880000000
./outputs/experiments/mugla_2021/validation/labels/_tiles/mcd64a1_raw/mcd64a1_raw_tile_r1_c1.tif	20566	1784458693.0930000000
./outputs/experiments/mugla_2021/validation/labels/burned_landcover_gate.csv	2430	1784548534.8860000000
./outputs/experiments/mugla_2021/validation/labels/burned_landcover_gate.json	6641	1784548534.8860000000
./outputs/experiments/mugla_2021/validation/labels/burned_landcover_gate.md	4813	1784548534.8860000000
./outputs/experiments/mugla_2021/validation/labels/desktop.ini	246	1786721805.9769710000
./outputs/experiments/mugla_2021/validation/labels/mcd64a1_burned.tif	168060	1784458713.0470000000
./outputs/experiments/mugla_2021/validation/labels/mcd64a1_prelabel_raw.tif	219398	1784458733.9760000000
./outputs/experiments/mugla_2021/validation/labels/mcd64a1_raw.tif	277521	1784458693.5020000000
./outputs/experiments/mugla_2021/validation/labels/mugla_2021_gate_manifest.json	2633	1784548534.8940000000
./outputs/experiments/mugla_2021/validation/labels/pre_label_excluded_cells.csv	4344	1784548534.8820000000
./outputs/experiments/mugla_2021/validation/labels/pre_label_excluded_cells.parquet	6471	1784548534.8780000000
./outputs/experiments/mugla_2021/validation/labels/pre_label_excluded_cells_metadata.json	913	1784548534.8820000000
./outputs/experiments/mugla_2021/validation/validation/desktop.ini	246	1786721805.9769710000
./outputs/experiments/mugla_2021/validation/validation/labels/_tiles/desktop.ini	246	1786721805.9769710000
./outputs/experiments/mugla_2021/validation/validation/labels/_tiles/mcd64a1_burned/desktop.ini	246	1786721805.9769710000
./outputs/experiments/mugla_2021/validation/validation/labels/_tiles/mcd64a1_burned/mcd64a1_burned_tile_r0_c0.tif	9790	1784458700.6740000000
./outputs/experiments/mugla_2021/validation/validation/labels/_tiles/mcd64a1_burned/mcd64a1_burned_tile_r0_c1.tif	12076	1784458704.3160000000
./outputs/experiments/mugla_2021/validation/validation/labels/_tiles/mcd64a1_burned/mcd64a1_burned_tile_r1_c0.tif	10914	1784458707.8350000000
./outputs/experiments/mugla_2021/validation/validation/labels/_tiles/mcd64a1_burned/mcd64a1_burned_tile_r1_c1.tif	11336	1784458712.8500000000
./outputs/experiments/mugla_2021/validation/validation/labels/_tiles/mcd64a1_prelabel_raw/desktop.ini	246	1786721805.9769710000
./outputs/experiments/mugla_2021/validation/validation/labels/_tiles/mcd64a1_prelabel_raw/mcd64a1_prelabel_raw_tile_r0_c0.tif	15821	1784458722.8530000000
./outputs/experiments/mugla_2021/validation/validation/labels/_tiles/mcd64a1_prelabel_raw/mcd64a1_prelabel_raw_tile_r0_c1.tif	16012	1784458726.9210000000
./outputs/experiments/mugla_2021/validation/validation/labels/_tiles/mcd64a1_prelabel_raw/mcd64a1_prelabel_raw_tile_r1_c0.tif	15821	1784458729.6300000000
./outputs/experiments/mugla_2021/validation/validation/labels/_tiles/mcd64a1_prelabel_raw/mcd64a1_prelabel_raw_tile_r1_c1.tif	15791	1784458733.5960000000
./outputs/experiments/mugla_2021/validation/validation/labels/_tiles/mcd64a1_raw/desktop.ini	246	1786721805.9769710000
./outputs/experiments/mugla_2021/validation/validation/labels/_tiles/mcd64a1_raw/mcd64a1_raw_tile_r0_c0.tif	16894	1784458679.0990000000
./outputs/experiments/mugla_2021/validation/validation/labels/_tiles/mcd64a1_raw/mcd64a1_raw_tile_r0_c1.tif	22393	1784458684.7160000000
./outputs/experiments/mugla_2021/validation/validation/labels/_tiles/mcd64a1_raw/mcd64a1_raw_tile_r1_c0.tif	20029	1784458688.3880000000
./outputs/experiments/mugla_2021/validation/validation/labels/_tiles/mcd64a1_raw/mcd64a1_raw_tile_r1_c1.tif	20566	1784458693.0930000000
./outputs/experiments/mugla_2021/validation/validation/labels/burned_landcover_gate.csv	2430	1784548534.8860000000
./outputs/experiments/mugla_2021/validation/validation/labels/burned_landcover_gate.json	6641	1784548534.8860000000
./outputs/experiments/mugla_2021/validation/validation/labels/burned_landcover_gate.md	4813	1784548534.8860000000
./outputs/experiments/mugla_2021/validation/validation/labels/desktop.ini	246	1786721805.9769710000
./outputs/experiments/mugla_2021/validation/validation/labels/mcd64a1_burned.tif	168060	1784458713.0470000000
./outputs/experiments/mugla_2021/validation/validation/labels/mcd64a1_prelabel_raw.tif	219398	1784458733.9760000000
./outputs/experiments/mugla_2021/validation/validation/labels/mcd64a1_raw.tif	277521	1784458693.5020000000
./outputs/experiments/mugla_2021/validation/validation/labels/mugla_2021_gate_manifest.json	2633	1784548534.8940000000
./outputs/experiments/mugla_2021/validation/validation/labels/pre_label_excluded_cells.csv	4344	1784548534.8820000000
./outputs/experiments/mugla_2021/validation/validation/labels/pre_label_excluded_cells.parquet	6471	1784548534.8780000000
./outputs/experiments/mugla_2021/validation/validation/labels/pre_label_excluded_cells_metadata.json	913	1784548534.8820000000
./pytest.ini	583	1786427107.1613202000
./requirements-lock.txt	1996	1786427107.1613202000
./requirements.txt	895	1786427107.1613202000
./scripts/__pycache__/prepare_modis_for_step7.cpython-312.pyc	26811	1786733921.8441572000
./scripts/__pycache__/run_landsat_composite_counterfactual_audit.cpython-312.pyc	65394	1786724932.2097523000
./scripts/__pycache__/run_landsat_composite_downstream_ab.cpython-312.pyc	49981	1786727298.0574605000
./scripts/__pycache__/run_predictors_only.cpython-312.pyc	54134	1786724980.9284855000
./scripts/__pycache__/run_step7_downscaling_only.cpython-312.pyc	27445	1786734031.5428306000
./scripts/__pycache__/run_step8_modeling.cpython-312.pyc	35438	1786734035.2434677000
./scripts/check_experiment_registry.py	9926	1784810582.3031746000
./scripts/export_mcd64a1_raw_burndate.py	3056	1784810582.3031746000
./scripts/main.py	88252	1786427107.1622863000
./scripts/make_readme_study_area_map.py	29695	1786427107.1627905000
./scripts/prepare_dem_for_experiment.py	18021	1784810582.3036746000
./scripts/prepare_modis_for_step7.py	25252	1786427107.1632905000
./scripts/preview_experiment_aoi.py	5295	1784810582.3041747000
./scripts/run_burned_pattern_audit.py	4124	1786427107.1632905000
./scripts/run_coral_lambda_sensitivity.py	1293	1786427107.1632905000
./scripts/run_cross_region_shift_audit.py	7108	1784810582.3041747000
./scripts/run_cross_region_transfer.py	9000	1784810582.3046744000
./scripts/run_domain_classifier_audit.py	3500	1786427107.1637902000
./scripts/run_era5_land_regional_diagnostic.py	6960	1786427107.1637902000
./scripts/run_exploratory_transfer_features.py	8202	1784810582.3046744000
./scripts/run_few_shot_recovery.py	4173	1786427107.1637902000
./scripts/run_label_gate_only.py	51330	1786427107.1642902000
./scripts/run_landsat_composite_counterfactual_audit.py	61711	1786427107.1647897000
./scripts/run_landsat_composite_downstream_ab.py	45153	1786427107.1652903000
./scripts/run_landsat_current_support_harmonization.py	54769	1786427107.1652903000
./scripts/run_landsat_harmonization_downstream_ab.py	49970	1786427107.1657904000
./scripts/run_landsat_residual_seam_attribution.py	30561	1786427107.1662066000
./scripts/run_manavgat_recompute_probe.py	6122	1786427107.1662066000
./scripts/run_manavgat_reference_replay.py	9411	1786427107.1667108000
./scripts/run_marginal_aoa_completion.py	4049	1786427107.1667108000
./scripts/run_marginal_area_of_applicability.py	2872	1786427107.1667108000
./scripts/run_mugla_subsampling.py	4258	1786427107.1672102000
./scripts/run_mugla_transfer_inventory.py	2871	1789392057.2505542000
./scripts/run_predictors_only.py	55603	1786427107.1677102000
./scripts/run_reproduction_check.py	3099	1789392057.2510539000
./scripts/run_seam_audit.py	23106	1784810582.3056744000
./scripts/run_seam_audit_v2.py	30865	1784810582.3061742000
./scripts/run_seam_localization.py	3887	1784810582.3061742000
./scripts/run_source_scene_provenance.py	3244	1784810582.3061742000
./scripts/run_step10_self_calibrated_transfer.py	10711	1784810582.3066743000
./scripts/run_step7_downscaling_only.py	26435	1784810582.3066743000
./scripts/run_step8_big_block_robustness.py	4950	1786427107.1677102000
./scripts/run_step8_large_block_robustness.py	1856	1784810582.3066743000
./scripts/run_step8_large_block_robustness_primary_all_valid.py	1852	1784810582.3066743000
./scripts/run_step8_modeling.py	33100	1784810582.3076773000
./scripts/run_window_closure_region.py	2964	1786427107.1677102000
./scripts/run_window_closure_sensitivity.py	4094	1786427107.1682103000
./scripts/validate_coral_lambda_sensitivity.py	11737	1786427107.1682103000
./scripts/validate_era5_land_regional_diagnostic.py	32288	1786427107.1687099000
./scripts/validate_few_shot_recovery.py	33780	1789392057.2515538000
./scripts/validate_marginal_aoa_completion.py	39279	1786427107.1692099000
./scripts/validate_mugla_subsampling.py	68945	1786427107.1692099000
./scripts/validate_window_closure_compare.py	34770	1786427107.1697127000
./scripts/validate_window_closure_local_downstream.py	49358	1786427107.1702149000
./scripts/validate_window_closure_model.py	35716	1786427107.1702149000
./scripts/validate_window_closure_predictor_export.py	33597	1786427107.1707131000
./scripts/validate_window_closure_region.py	1455	1786427107.1707131000
./src/__pycache__/burned_pattern_audit.cpython-312.pyc	76334	1789392097.4644887000
./src/__pycache__/era5_land_regional_diagnostic.cpython-312.pyc	76614	1789392098.9748526000
./src/__pycache__/step8_large_block_robustness.cpython-312.pyc	56205	1789392097.7408608000
./src/__pycache__/step8a_prepare_500m_modeling_dataset.cpython-312.pyc	138699	1789392098.5525525000
./src/__pycache__/step8b_train_baseline_vs_thermal_model.cpython-312.pyc	60505	1789373634.0859654000
./src/__pycache__/step8c_spatial_block_bootstrap_uncertainty.cpython-312.pyc	41510	1789392098.5225028000
./src/burned_pattern_audit.py	80865	1786427107.1712132000
./src/coral_lambda_sensitivity.py	56022	1786427107.1717126000
./src/domain_classifier_audit.py	45024	1786427107.1717126000
./src/era5_land_regional_diagnostic.py	74064	1786427107.1722127000
./src/evia_signed_auc_bootstrap.py	28663	1786427107.1727126000
./src/few_shot_recovery.py	116939	1789392057.2515538000
./src/historical_burn_exclusion.py	34499	1786427107.1732126000
./src/landsat_composite_counterfactual_audit.py	186130	1786427107.1742124000
./src/landsat_composite_downstream_ab.py	176310	1786427107.1752121000
./src/landsat_current_support_harmonization.py	245887	1786427107.1762126000
./src/landsat_harmonization_downstream_ab.py	124241	1786427107.1767124000
./src/landsat_residual_seam_attribution.py	207741	1786427107.1772124000
./src/marginal_aoa_climate_export.py	19488	1786427107.1777125000
./src/marginal_aoa_completion.py	172927	1786427107.1782127000
./src/marginal_area_of_applicability.py	58427	1786427107.1787130000
./src/mugla_subsampling.py	127986	1786427107.1792127000
./src/multi_aoi_transfer_synthesis/__init__.py	1543	1784810582.3081811000
./src/multi_aoi_transfer_synthesis/aoi_set.py	4776	1784810582.3081811000
./src/multi_aoi_transfer_synthesis/build.py	32656	1786427107.1792127000
./src/multi_aoi_transfer_synthesis/manifest.py	2767	1784810582.3081811000
./src/multi_aoi_transfer_synthesis/render.py	14890	1784810582.3091841000
./src/multi_aoi_transfer_synthesis/resolvers.py	38968	1786427107.1797131000
./src/multi_aoi_transfer_synthesis/schema_adapters.py	23277	1784810582.3096878000
./src/multi_aoi_transfer_synthesis/status_derivation.py	16819	1784810582.3096878000
./src/multi_region_window_closure/README.md	429	1786427107.1802132000
./src/multi_region_window_closure/__init__.py	0	1786427107.1802132000
./src/multi_region_window_closure/bootstrap.py	16963	1786427107.1802132000
./src/multi_region_window_closure/cohort.py	21769	1786427107.1807129000
./src/multi_region_window_closure/contract.py	32281	1786427107.1812150000
./src/multi_region_window_closure/dates.py	18681	1786427107.1812150000
./src/multi_region_window_closure/driver.py	8978	1786427107.1817130000
./src/multi_region_window_closure/execution.py	10733	1786427107.1817130000
./src/multi_region_window_closure/inputs.py	12972	1786427107.1822131000
./src/multi_region_window_closure/per_aoi.py	10023	1786427107.1822131000
./src/multi_region_window_closure/plan.py	19046	1786427107.1822131000
./src/multi_region_window_closure/production.py	56195	1786427107.1827130000
./src/multi_region_window_closure/recompute_probe.py	57486	1786427107.1832128000
./src/multi_region_window_closure/reference_replay.py	53212	1786427107.1832128000
./src/multi_region_window_closure/schema.py	24554	1786427107.1837128000
./src/multi_region_window_closure/stages.py	15915	1786427107.1837128000
./src/multi_region_window_closure/synthetic.py	12106	1786427107.1837128000
./src/multi_region_window_closure/validation.py	23098	1786427107.1837128000
./src/multi_region_window_closure/validators.py	4208	1786427107.1837128000
./src/multi_region_window_closure/wording.py	8278	1786427107.1847157000
./src/old_new_metric_deltas.py	11516	1786427107.1847157000
./src/provenance_audit.py	21885	1786427107.1847157000
./src/reproduction_validation/__init__.py	1461	1789392057.2525569000
./src/reproduction_validation/__pycache__/__init__.cpython-312.pyc	1624	1789392096.9371761000
./src/reproduction_validation/__pycache__/common.cpython-312.pyc	11064	1789392096.9431874000
./src/reproduction_validation/__pycache__/five_region.cpython-312.pyc	20386	1789392096.9634741000
./src/reproduction_validation/common.py	8805	1789392057.2525569000
./src/reproduction_validation/five_region.py	23275	1789392057.2530610000
./src/reproduction_validation/mugla_inventory.py	19534	1789392057.2535637000
./src/seam_audit.py	36593	1784810582.3101879000
./src/seam_audit_v2.py	54707	1784810582.3101879000
./src/seam_localization.py	56112	1784810582.3106876000
./src/source_scene_provenance.py	33933	1784810582.3111879000
./src/step10a_preregistration_and_audit.py	18459	1784810582.3111879000
./src/step10b_label_blind_adaptation.py	11404	1784810582.3116907000
./src/step10c_paired_evaluation_bootstrap.py	28522	1784810582.3116907000
./src/step10d_final_report.py	42005	1784810582.3121915000
./src/step1_fetch_modis.py	4515	1784810582.3121915000
./src/step2_modis_5year_mean.py	6154	1784810582.3121915000
./src/step2b_dem.py	10373	1784810582.3126908000
./src/step3_landsat_lst.py	31022	1784810582.3126908000
./src/step4_export_geotiff.py	30427	1784810582.3131906000
./src/step4b_download_drive_export.py	43522	1784810582.3131906000
./src/step5_preprocess_timeseries.py	49114	1786427107.1847157000
./src/step5b_diagnostic_report.py	70042	1784810582.3142037000
./src/step5c_tvdi.py	35732	1784810582.3142037000
./src/step6_validate_fire_relation.py	114716	1784810582.3147070000
./src/step6a_prepare_gate_inputs.py	15587	1784810582.3152066000
./src/step6b_burned_landcover_gate.py	79633	1786427107.1857251000
./src/step7a_tiling_infrastructure.py	14140	1784810582.3157066000
./src/step7b_prepare_downscaling_dataset.py	70410	1786427107.1862287000
./src/step7c_train_downscaling_model.py	47828	1784810582.3162070000
./src/step7d_predict_downscaled_lst.py	52224	1784810582.3167068000
./src/step7e_fuse_landsat_downscaled_lst.py	35886	1784810582.3172318000
./src/step8_big_block_robustness.py	84618	1784810582.3172318000
./src/step8_large_block_robustness.py	40969	1784810582.3177350000
./src/step8_large_block_robustness_primary_all_valid.py	47793	1784810582.3182353000
./src/step8a_prepare_500m_modeling_dataset.py	155251	1786427107.1872283000
./src/step8b_train_baseline_vs_thermal_model.py	57481	1784810582.3187347000
./src/step8c_spatial_block_bootstrap_uncertainty.py	39427	1784810582.3192349000
./src/step8d_thermal_feature_ablation.py	53945	1784810582.3197347000
./src/step8e_final_report.py	45998	1784810582.3201415000
./src/step9a_audit_cross_region_inputs.py	25564	1786427107.1877290000
./src/step9b_run_cross_region_transfer.py	23091	1784810582.3206451000
./src/step9c_cross_region_block_bootstrap.py	13569	1784810582.3206451000
./src/step9d_build_cross_region_report.py	14633	1784810582.3206451000
./src/step9e_distribution_shift_audit.py	80746	1784810582.3211446000
./src/step9f_exploratory_transfer_feature_experiment.py	63060	1784810582.3216446000
./src/step9g_integration_correction_v2.py	36257	1784810582.3221227000
./src/step9g_multi_aoi_comparison/__init__.py	1083	1786427107.1877290000
./src/step9g_multi_aoi_comparison/build.py	16908	1786427107.1877290000
./src/step9g_multi_aoi_comparison/consistency.py	3764	1786427107.1877290000
./src/step9g_multi_aoi_comparison/discovery.py	1892	1786427107.1887317000
./src/step9g_multi_aoi_comparison/parse.py	8806	1786427107.1887317000
./src/step9g_multi_aoi_comparison/render.py	7983	1786427107.1887317000
./src/step9g_report_revision.py	10922	1786427107.1887317000
./src/step9g_univariate_feature_auc_direction_reversal.py	51257	1786427107.1897425000
./src/transfer_decomposition.py	31978	1786427107.1897425000
./src/window_closure_sensitivity.py	516412	1786427107.1917476000
./tests/test_audit_output_layout.py	15941	1786427107.1917476000
./tests/test_burned_pattern_audit.py	61804	1786427107.1922510000
./tests/test_cohort_variant_selection.py	30880	1786427107.1922510000
./tests/test_coral_lambda_sensitivity.py	23388	1786427107.1927508000
./tests/test_domain_classifier_audit.py	23413	1786427107.1927508000
./tests/test_era5_land_regional_diagnostic.py	38615	1786427107.1927508000
./tests/test_evia_2021_extended_registry.py	14674	1786427107.1937532000
./tests/test_evia_signed_auc_bootstrap.py	10334	1786427107.1937532000
./tests/test_export_image_direct_or_tiled.py	9021	1786427107.1942566000
./tests/test_export_size_safe_tiling.py	39327	1784810582.3226262000
./tests/test_few_shot_recovery.py	60014	1786427107.1942566000
./tests/test_landsat_composite_counterfactual_audit.py	98864	1786427107.1947568000
./tests/test_landsat_composite_downstream_ab.py	101567	1786427107.1952563000
./tests/test_landsat_current_support_harmonization.py	131039	1786427107.1957562000
./tests/test_landsat_harmonization_downstream_ab.py	65006	1786427107.1962563000
./tests/test_landsat_residual_seam_attribution.py	85993	1786427107.1967565000
./tests/test_main_cli.py	34533	1786427107.1967565000
./tests/test_manavgat_recompute_probe.py	21257	1786427107.1972569000
./tests/test_manavgat_reference_replay.py	29481	1786427107.1972569000
./tests/test_marginal_aoa_completion.py	101383	1786427107.1977563000
./tests/test_marginal_area_of_applicability.py	34105	1786427107.1982564000
./tests/test_modis_nodata_qa.py	17442	1784810582.3231258000
./tests/test_modis_qc_valid_count.py	8079	1784810582.3231258000
./tests/test_montiferru_2021_registry.py	30688	1786427107.1982564000
./tests/test_mugla_2021_gate.py	25902	1784810582.3236261000
./tests/test_mugla_2022_event_relative.py	83016	1786427107.1987566000
./tests/test_mugla_2022_registry.py	23965	1786427107.1992562000
./tests/test_mugla_subsampling.py	71128	1786427107.1992562000
./tests/test_multi_aoi_transfer_synthesis.py	33599	1786427107.1997588000
./tests/test_pipeline_orchestrator.py	28055	1786427107.2002593000
./tests/test_provenance_audit.py	16616	1786427107.2002593000
./tests/test_readme_study_area_map.py	8624	1786427107.2002593000
./tests/test_scene_provenance_localization.py	8044	1784810582.3241258000
./tests/test_seam_audit.py	7980	1784810582.3241258000
./tests/test_seam_audit_v2.py	24147	1784810582.3246258000
./tests/test_seam_localization.py	14632	1784810582.3246258000
./tests/test_source_scene_provenance.py	8520	1784810582.3251259000
./tests/test_step10.py	37436	1786427107.2007592000
./tests/test_step7c_split_integrity.py	8342	1784810582.3251259000
./tests/test_step8_big_block_robustness.py	34484	1786427107.2012590000
./tests/test_step8_large_block_robustness.py	13097	1784810582.3256258000
./tests/test_step8_large_block_robustness_primary_all_valid.py	26142	1784810582.3261258000
./tests/test_step8a_burnable_population_semantics.py	8319	1786427107.2012590000
./tests/test_step8a_pre_label_exclusion.py	12361	1784810582.3261258000
./tests/test_step8e_report_population_accounting.py	15482	1786427107.2017589000
./tests/test_step9e_report_wording_and_provenance.py	26085	1786427107.2017589000
./tests/test_step9f.py	19747	1784810582.3261258000
./tests/test_step9g_integration_correction_v2.py	18843	1786427107.2022591000
./tests/test_step9g_multi_aoi_comparison.py	16744	1786427107.2022591000
./tests/test_step9g_report_revision.py	10609	1786427107.2027244000
./tests/test_step9g_univariate_feature_auc_direction_reversal.py	24791	1786427107.2027244000
./tests/test_transfer_decomposition.py	11549	1786427107.2032281000
./tests/test_window_closure_actual_validation.py	12998	1786427107.2032281000
./tests/test_window_closure_compare.py	71400	1786427107.2037277000
./tests/test_window_closure_local_downstream.py	159743	1786427107.2042275000
./tests/test_window_closure_model.py	65252	1786427107.2047275000
./tests/test_window_closure_per_aoi.py	10666	1786427107.2047275000
./tests/test_window_closure_per_aoi_cleanup.py	1568	1786427107.2052275000
./tests/test_window_closure_prelabel_and_accounting.py	27216	1786427107.2052275000
./tests/test_window_closure_production_wiring.py	36281	1786427107.2057275000
./tests/test_window_closure_sensitivity.py	223950	1786427107.2065334000
