block,direction,source_region,target_region,metric,value,ci_low,ci_high,source_file,source_column
aoa,manavgat_2021_to_bejis_2022,manavgat_2021,bejis_2022,fraction_inside_weighted_aoa,0.2646477946017117,,,"drive_new/diagnostics/marginal_aoa_completion/4b2a1c86c0c197c2a331c133d1120f9531ce385441d86af0d8c6154024417492/comparison/marginal_diagnostics_with_transfer.csv",fraction_inside_weighted_aoa
aoa,manavgat_2021_to_bejis_2022,manavgat_2021,bejis_2022,unweighted_fraction_target_cells_inside_support,0.91560236998025,,,"drive_new/diagnostics/marginal_aoa_completion/4b2a1c86c0c197c2a331c133d1120f9531ce385441d86af0d8c6154024417492/comparison/marginal_diagnostics_with_transfer.csv",unweighted_fraction_target_cells_inside_support
aoa,manavgat_2021_to_bejis_2022,manavgat_2021,bejis_2022,target_mean_dissimilarity,0.2731008511785548,,,"drive_new/diagnostics/marginal_aoa_completion/4b2a1c86c0c197c2a331c133d1120f9531ce385441d86af0d8c6154024417492/comparison/marginal_diagnostics_with_transfer.csv",target_mean_dissimilarity
aoa,manavgat_2021_to_bejis_2022,manavgat_2021,bejis_2022,target_p95_dissimilarity,0.4580095402456554,,,"drive_new/diagnostics/marginal_aoa_completion/4b2a1c86c0c197c2a331c133d1120f9531ce385441d86af0d8c6154024417492/comparison/marginal_diagnostics_with_transfer.csv",target_p95_dissimilarity
aoa,manavgat_2021_to_bejis_2022,manavgat_2021,bejis_2022,raw_thermal_roc_auc,0.3258336344280276,,,"drive_new/diagnostics/marginal_aoa_completion/4b2a1c86c0c197c2a331c133d1120f9531ce385441d86af0d8c6154024417492/comparison/marginal_diagnostics_with_transfer.csv",raw_thermal_roc_auc
aoa,manavgat_2021_to_bejis_2022,manavgat_2021,bejis_2022,raw_thermal_pr_auc,0.0487581216869248,,,"drive_new/diagnostics/marginal_aoa_completion/4b2a1c86c0c197c2a331c133d1120f9531ce385441d86af0d8c6154024417492/comparison/marginal_diagnostics_with_transfer.csv",raw_thermal_pr_auc
aoa,manavgat_2021_to_mugla_2021,manavgat_2021,mugla_2021,fraction_inside_weighted_aoa,0.8751767271333062,,,"drive_new/diagnostics/marginal_aoa_completion/4b2a1c86c0c197c2a331c133d1120f9531ce385441d86af0d8c6154024417492/comparison/marginal_diagnostics_with_transfer.csv",fraction_inside_weighted_aoa
aoa,manavgat_2021_to_mugla_2021,manavgat_2021,mugla_2021,unweighted_fraction_target_cells_inside_support,0.9639596463061034,,,"drive_new/diagnostics/marginal_aoa_completion/4b2a1c86c0c197c2a331c133d1120f9531ce385441d86af0d8c6154024417492/comparison/marginal_diagnostics_with_transfer.csv",unweighted_fraction_target_cells_inside_support
aoa,manavgat_2021_to_mugla_2021,manavgat_2021,mugla_2021,target_mean_dissimilarity,0.1401223032521492,,,"drive_new/diagnostics/marginal_aoa_completion/4b2a1c86c0c197c2a331c133d1120f9531ce385441d86af0d8c6154024417492/comparison/marginal_diagnostics_with_transfer.csv",target_mean_dissimilarity
aoa,manavgat_2021_to_mugla_2021,manavgat_2021,mugla_2021,target_p95_dissimilarity,0.2436492072762509,,,"drive_new/diagnostics/marginal_aoa_completion/4b2a1c86c0c197c2a331c133d1120f9531ce385441d86af0d8c6154024417492/comparison/marginal_diagnostics_with_transfer.csv",target_p95_dissimilarity
aoa,manavgat_2021_to_mugla_2021,manavgat_2021,mugla_2021,raw_thermal_roc_auc,0.4701598710870077,,,"drive_new/diagnostics/marginal_aoa_completion/4b2a1c86c0c197c2a331c133d1120f9531ce385441d86af0d8c6154024417492/comparison/marginal_diagnostics_with_transfer.csv",raw_thermal_roc_auc
aoa,manavgat_2021_to_mugla_2021,manavgat_2021,mugla_2021,raw_thermal_pr_auc,0.0626464704650159,,,"drive_new/diagnostics/marginal_aoa_completion/4b2a1c86c0c197c2a331c133d1120f9531ce385441d86af0d8c6154024417492/comparison/marginal_diagnostics_with_transfer.csv",raw_thermal_pr_auc
aoa,manavgat_2021_to_evia_2021_extended,manavgat_2021,evia_2021_extended,fraction_inside_weighted_aoa,0.7443536244353625,,,"drive_new/diagnostics/marginal_aoa_completion/4b2a1c86c0c197c2a331c133d1120f9531ce385441d86af0d8c6154024417492/comparison/marginal_diagnostics_with_transfer.csv",fraction_inside_weighted_aoa
aoa,manavgat_2021_to_evia_2021_extended,manavgat_2021,evia_2021_extended,unweighted_fraction_target_cells_inside_support,0.9424607442460744,,,"drive_new/diagnostics/marginal_aoa_completion/4b2a1c86c0c197c2a331c133d1120f9531ce385441d86af0d8c6154024417492/comparison/marginal_diagnostics_with_transfer.csv",unweighted_fraction_target_cells_inside_support
aoa,manavgat_2021_to_evia_2021_extended,manavgat_2021,evia_2021_extended,target_mean_dissimilarity,0.1675964082359548,,,"drive_new/diagnostics/marginal_aoa_completion/4b2a1c86c0c197c2a331c133d1120f9531ce385441d86af0d8c6154024417492/comparison/marginal_diagnostics_with_transfer.csv",target_mean_dissimilarity
aoa,manavgat_2021_to_evia_2021_extended,manavgat_2021,evia_2021_extended,target_p95_dissimilarity,0.2967656310940206,,,"drive_new/diagnostics/marginal_aoa_completion/4b2a1c86c0c197c2a331c133d1120f9531ce385441d86af0d8c6154024417492/comparison/marginal_diagnostics_with_transfer.csv",target_p95_dissimilarity
aoa,manavgat_2021_to_evia_2021_extended,manavgat_2021,evia_2021_extended,raw_thermal_roc_auc,0.6125620551965896,,,"drive_new/diagnostics/marginal_aoa_completion/4b2a1c86c0c197c2a331c133d1120f9531ce385441d86af0d8c6154024417492/comparison/marginal_diagnostics_with_transfer.csv",raw_thermal_roc_auc
aoa,manavgat_2021_to_evia_2021_extended,manavgat_2021,evia_2021_extended,raw_thermal_pr_auc,0.3426989575695243,,,"drive_new/diagnostics/marginal_aoa_completion/4b2a1c86c0c197c2a331c133d1120f9531ce385441d86af0d8c6154024417492/comparison/marginal_diagnostics_with_transfer.csv",raw_thermal_pr_auc
aoa,bejis_2022_to_manavgat_2021,bejis_2022,manavgat_2021,fraction_inside_weighted_aoa,0.2207248844563366,,,"drive_new/diagnostics/marginal_aoa_completion/4b2a1c86c0c197c2a331c133d1120f9531ce385441d86af0d8c6154024417492/comparison/marginal_diagnostics_with_transfer.csv",fraction_inside_weighted_aoa
aoa,bejis_2022_to_manavgat_2021,bejis_2022,manavgat_2021,unweighted_fraction_target_cells_inside_support,0.7485769885672586,,,"drive_new/diagnostics/marginal_aoa_completion/4b2a1c86c0c197c2a331c133d1120f9531ce385441d86af0d8c6154024417492/comparison/marginal_diagnostics_with_transfer.csv",unweighted_fraction_target_cells_inside_support
aoa,bejis_2022_to_manavgat_2021,bejis_2022,manavgat_2021,target_mean_dissimilarity,0.365092481069614,,,"drive_new/diagnostics/marginal_aoa_completion/4b2a1c86c0c197c2a331c133d1120f9531ce385441d86af0d8c6154024417492/comparison/marginal_diagnostics_with_transfer.csv",target_mean_dissimilarity
aoa,bejis_2022_to_manavgat_2021,bejis_2022,manavgat_2021,target_p95_dissimilarity,0.687146340764711,,,"drive_new/diagnostics/marginal_aoa_completion/4b2a1c86c0c197c2a331c133d1120f9531ce385441d86af0d8c6154024417492/comparison/marginal_diagnostics_with_transfer.csv",target_p95_dissimilarity
aoa,bejis_2022_to_manavgat_2021,bejis_2022,manavgat_2021,raw_thermal_roc_auc,0.4435284296463047,,,"drive_new/diagnostics/marginal_aoa_completion/4b2a1c86c0c197c2a331c133d1120f9531ce385441d86af0d8c6154024417492/comparison/marginal_diagnostics_with_transfer.csv",raw_thermal_roc_auc
aoa,bejis_2022_to_manavgat_2021,bejis_2022,manavgat_2021,raw_thermal_pr_auc,0.034406342979776,,,"drive_new/diagnostics/marginal_aoa_completion/4b2a1c86c0c197c2a331c133d1120f9531ce385441d86af0d8c6154024417492/comparison/marginal_diagnostics_with_transfer.csv",raw_thermal_pr_auc
aoa,bejis_2022_to_mugla_2021,bejis_2022,mugla_2021,fraction_inside_weighted_aoa,0.1997795403896384,,,"drive_new/diagnostics/marginal_aoa_completion/4b2a1c86c0c197c2a331c133d1120f9531ce385441d86af0d8c6154024417492/comparison/marginal_diagnostics_with_transfer.csv",fraction_inside_weighted_aoa
aoa,bejis_2022_to_mugla_2021,bejis_2022,mugla_2021,unweighted_fraction_target_cells_inside_support,0.7637966978984448,,,"drive_new/diagnostics/marginal_aoa_completion/4b2a1c86c0c197c2a331c133d1120f9531ce385441d86af0d8c6154024417492/comparison/marginal_diagnostics_with_transfer.csv",unweighted_fraction_target_cells_inside_support
aoa,bejis_2022_to_mugla_2021,bejis_2022,mugla_2021,target_mean_dissimilarity,0.3199361972811828,,,"drive_new/diagnostics/marginal_aoa_completion/4b2a1c86c0c197c2a331c133d1120f9531ce385441d86af0d8c6154024417492/comparison/marginal_diagnostics_with_transfer.csv",target_mean_dissimilarity
aoa,bejis_2022_to_mugla_2021,bejis_2022,mugla_2021,target_p95_dissimilarity,0.4932931773800146,,,"drive_new/diagnostics/marginal_aoa_completion/4b2a1c86c0c197c2a331c133d1120f9531ce385441d86af0d8c6154024417492/comparison/marginal_diagnostics_with_transfer.csv",target_p95_dissimilarity
aoa,bejis_2022_to_mugla_2021,bejis_2022,mugla_2021,raw_thermal_roc_auc,0.6184747489978262,,,"drive_new/diagnostics/marginal_aoa_completion/4b2a1c86c0c197c2a331c133d1120f9531ce385441d86af0d8c6154024417492/comparison/marginal_diagnostics_with_transfer.csv",raw_thermal_roc_auc
aoa,bejis_2022_to_mugla_2021,bejis_2022,mugla_2021,raw_thermal_pr_auc,0.0925385912286984,,,"drive_new/diagnostics/marginal_aoa_completion/4b2a1c86c0c197c2a331c133d1120f9531ce385441d86af0d8c6154024417492/comparison/marginal_diagnostics_with_transfer.csv",raw_thermal_pr_auc
aoa,bejis_2022_to_evia_2021_extended,bejis_2022,evia_2021_extended,fraction_inside_weighted_aoa,0.1704667670466767,,,"drive_new/diagnostics/marginal_aoa_completion/4b2a1c86c0c197c2a331c133d1120f9531ce385441d86af0d8c6154024417492/comparison/marginal_diagnostics_with_transfer.csv",fraction_inside_weighted_aoa
aoa,bejis_2022_to_evia_2021_extended,bejis_2022,evia_2021_extended,unweighted_fraction_target_cells_inside_support,0.6533663153366316,,,"drive_new/diagnostics/marginal_aoa_completion/4b2a1c86c0c197c2a331c133d1120f9531ce385441d86af0d8c6154024417492/comparison/marginal_diagnostics_with_transfer.csv",unweighted_fraction_target_cells_inside_support
aoa,bejis_2022_to_evia_2021_extended,bejis_2022,evia_2021_extended,target_mean_dissimilarity,0.3377786514882156,,,"drive_new/diagnostics/marginal_aoa_completion/4b2a1c86c0c197c2a331c133d1120f9531ce385441d86af0d8c6154024417492/comparison/marginal_diagnostics_with_transfer.csv",target_mean_dissimilarity
aoa,bejis_2022_to_evia_2021_extended,bejis_2022,evia_2021_extended,target_p95_dissimilarity,0.5257321618973324,,,"drive_new/diagnostics/marginal_aoa_completion/4b2a1c86c0c197c2a331c133d1120f9531ce385441d86af0d8c6154024417492/comparison/marginal_diagnostics_with_transfer.csv",target_p95_dissimilarity
aoa,bejis_2022_to_evia_2021_extended,bejis_2022,evia_2021_extended,raw_thermal_roc_auc,0.3828214331304473,,,"drive_new/diagnostics/marginal_aoa_completion/4b2a1c86c0c197c2a331c133d1120f9531ce385441d86af0d8c6154024417492/comparison/marginal_diagnostics_with_transfer.csv",raw_thermal_roc_auc
aoa,bejis_2022_to_evia_2021_extended,bejis_2022,evia_2021_extended,raw_thermal_pr_auc,0.2257835213181088,,,"drive_new/diagnostics/marginal_aoa_completion/4b2a1c86c0c197c2a331c133d1120f9531ce385441d86af0d8c6154024417492/comparison/marginal_diagnostics_with_transfer.csv",raw_thermal_pr_auc
aoa,mugla_2021_to_manavgat_2021,mugla_2021,manavgat_2021,fraction_inside_weighted_aoa,0.5305278521041109,,,"drive_new/diagnostics/marginal_aoa_completion/4b2a1c86c0c197c2a331c133d1120f9531ce385441d86af0d8c6154024417492/comparison/marginal_diagnostics_with_transfer.csv",fraction_inside_weighted_aoa
aoa,mugla_2021_to_manavgat_2021,mugla_2021,manavgat_2021,unweighted_fraction_target_cells_inside_support,0.9702262223303332,,,"drive_new/diagnostics/marginal_aoa_completion/4b2a1c86c0c197c2a331c133d1120f9531ce385441d86af0d8c6154024417492/comparison/marginal_diagnostics_with_transfer.csv",unweighted_fraction_target_cells_inside_support
aoa,mugla_2021_to_manavgat_2021,mugla_2021,manavgat_2021,target_mean_dissimilarity,0.2321812455590105,,,"drive_new/diagnostics/marginal_aoa_completion/4b2a1c86c0c197c2a331c133d1120f9531ce385441d86af0d8c6154024417492/comparison/marginal_diagnostics_with_transfer.csv",target_mean_dissimilarity
aoa,mugla_2021_to_manavgat_2021,mugla_2021,manavgat_2021,target_p95_dissimilarity,0.5501617268303004,,,"drive_new/diagnostics/marginal_aoa_completion/4b2a1c86c0c197c2a331c133d1120f9531ce385441d86af0d8c6154024417492/comparison/marginal_diagnostics_with_transfer.csv",target_p95_dissimilarity
aoa,mugla_2021_to_manavgat_2021,mugla_2021,manavgat_2021,raw_thermal_roc_auc,0.4009996658469744,,,"drive_new/diagnostics/marginal_aoa_completion/4b2a1c86c0c197c2a331c133d1120f9531ce385441d86af0d8c6154024417492/comparison/marginal_diagnostics_with_transfer.csv",raw_thermal_roc_auc
aoa,mugla_2021_to_manavgat_2021,mugla_2021,manavgat_2021,raw_thermal_pr_auc,0.0287387742102901,,,"drive_new/diagnostics/marginal_aoa_completion/4b2a1c86c0c197c2a331c133d1120f9531ce385441d86af0d8c6154024417492/comparison/marginal_diagnostics_with_transfer.csv",raw_thermal_pr_auc
aoa,mugla_2021_to_bejis_2022,mugla_2021,bejis_2022,fraction_inside_weighted_aoa,0.0050032916392363,,,"drive_new/diagnostics/marginal_aoa_completion/4b2a1c86c0c197c2a331c133d1120f9531ce385441d86af0d8c6154024417492/comparison/marginal_diagnostics_with_transfer.csv",fraction_inside_weighted_aoa
aoa,mugla_2021_to_bejis_2022,mugla_2021,bejis_2022,unweighted_fraction_target_cells_inside_support,0.9075707702435812,,,"drive_new/diagnostics/marginal_aoa_completion/4b2a1c86c0c197c2a331c133d1120f9531ce385441d86af0d8c6154024417492/comparison/marginal_diagnostics_with_transfer.csv",unweighted_fraction_target_cells_inside_support
aoa,mugla_2021_to_bejis_2022,mugla_2021,bejis_2022,target_mean_dissimilarity,0.4663418199185415,,,"drive_new/diagnostics/marginal_aoa_completion/4b2a1c86c0c197c2a331c133d1120f9531ce385441d86af0d8c6154024417492/comparison/marginal_diagnostics_with_transfer.csv",target_mean_dissimilarity
aoa,mugla_2021_to_bejis_2022,mugla_2021,bejis_2022,target_p95_dissimilarity,0.8549570643567039,,,"drive_new/diagnostics/marginal_aoa_completion/4b2a1c86c0c197c2a331c133d1120f9531ce385441d86af0d8c6154024417492/comparison/marginal_diagnostics_with_transfer.csv",target_p95_dissimilarity
aoa,mugla_2021_to_bejis_2022,mugla_2021,bejis_2022,raw_thermal_roc_auc,0.5831912381443964,,,"drive_new/diagnostics/marginal_aoa_completion/4b2a1c86c0c197c2a331c133d1120f9531ce385441d86af0d8c6154024417492/comparison/marginal_diagnostics_with_transfer.csv",raw_thermal_roc_auc
aoa,mugla_2021_to_bejis_2022,mugla_2021,bejis_2022,raw_thermal_pr_auc,0.0882719168819328,,,"drive_new/diagnostics/marginal_aoa_completion/4b2a1c86c0c197c2a331c133d1120f9531ce385441d86af0d8c6154024417492/comparison/marginal_diagnostics_with_transfer.csv",raw_thermal_pr_auc
aoa,mugla_2021_to_evia_2021_extended,mugla_2021,evia_2021_extended,fraction_inside_weighted_aoa,0.5809851580985158,,,"drive_new/diagnostics/marginal_aoa_completion/4b2a1c86c0c197c2a331c133d1120f9531ce385441d86af0d8c6154024417492/comparison/marginal_diagnostics_with_transfer.csv",fraction_inside_weighted_aoa
aoa,mugla_2021_to_evia_2021_extended,mugla_2021,evia_2021_extended,unweighted_fraction_target_cells_inside_support,0.9509571950957196,,,"drive_new/diagnostics/marginal_aoa_completion/4b2a1c86c0c197c2a331c133d1120f9531ce385441d86af0d8c6154024417492/comparison/marginal_diagnostics_with_transfer.csv",unweighted_fraction_target_cells_inside_support
aoa,mugla_2021_to_evia_2021_extended,mugla_2021,evia_2021_extended,target_mean_dissimilarity,0.2012591791587566,,,"drive_new/diagnostics/marginal_aoa_completion/4b2a1c86c0c197c2a331c133d1120f9531ce385441d86af0d8c6154024417492/comparison/marginal_diagnostics_with_transfer.csv",target_mean_dissimilarity
aoa,mugla_2021_to_evia_2021_extended,mugla_2021,evia_2021_extended,target_p95_dissimilarity,0.4325624797191889,,,"drive_new/diagnostics/marginal_aoa_completion/4b2a1c86c0c197c2a331c133d1120f9531ce385441d86af0d8c6154024417492/comparison/marginal_diagnostics_with_transfer.csv",target_p95_dissimilarity
aoa,mugla_2021_to_evia_2021_extended,mugla_2021,evia_2021_extended,raw_thermal_roc_auc,0.6534051763551312,,,"drive_new/diagnostics/marginal_aoa_completion/4b2a1c86c0c197c2a331c133d1120f9531ce385441d86af0d8c6154024417492/comparison/marginal_diagnostics_with_transfer.csv",raw_thermal_roc_auc
aoa,mugla_2021_to_evia_2021_extended,mugla_2021,evia_2021_extended,raw_thermal_pr_auc,0.3787524641133996,,,"drive_new/diagnostics/marginal_aoa_completion/4b2a1c86c0c197c2a331c133d1120f9531ce385441d86af0d8c6154024417492/comparison/marginal_diagnostics_with_transfer.csv",raw_thermal_pr_auc
aoa,evia_2021_extended_to_manavgat_2021,evia_2021_extended,manavgat_2021,fraction_inside_weighted_aoa,0.4067136949647287,,,"drive_new/diagnostics/marginal_aoa_completion/4b2a1c86c0c197c2a331c133d1120f9531ce385441d86af0d8c6154024417492/comparison/marginal_diagnostics_with_transfer.csv",fraction_inside_weighted_aoa
aoa,evia_2021_extended_to_manavgat_2021,evia_2021_extended,manavgat_2021,unweighted_fraction_target_cells_inside_support,0.8994891753831185,,,"drive_new/diagnostics/marginal_aoa_completion/4b2a1c86c0c197c2a331c133d1120f9531ce385441d86af0d8c6154024417492/comparison/marginal_diagnostics_with_transfer.csv",unweighted_fraction_target_cells_inside_support
aoa,evia_2021_extended_to_manavgat_2021,evia_2021_extended,manavgat_2021,target_mean_dissimilarity,0.3494944693248878,,,"drive_new/diagnostics/marginal_aoa_completion/4b2a1c86c0c197c2a331c133d1120f9531ce385441d86af0d8c6154024417492/comparison/marginal_diagnostics_with_transfer.csv",target_mean_dissimilarity
aoa,evia_2021_extended_to_manavgat_2021,evia_2021_extended,manavgat_2021,target_p95_dissimilarity,0.7555216197703724,,,"drive_new/diagnostics/marginal_aoa_completion/4b2a1c86c0c197c2a331c133d1120f9531ce385441d86af0d8c6154024417492/comparison/marginal_diagnostics_with_transfer.csv",target_p95_dissimilarity
aoa,evia_2021_extended_to_manavgat_2021,evia_2021_extended,manavgat_2021,raw_thermal_roc_auc,0.6857777670301659,,,"drive_new/diagnostics/marginal_aoa_completion/4b2a1c86c0c197c2a331c133d1120f9531ce385441d86af0d8c6154024417492/comparison/marginal_diagnostics_with_transfer.csv",raw_thermal_roc_auc
aoa,evia_2021_extended_to_manavgat_2021,evia_2021_extended,manavgat_2021,raw_thermal_pr_auc,0.0937917104825443,,,"drive_new/diagnostics/marginal_aoa_completion/4b2a1c86c0c197c2a331c133d1120f9531ce385441d86af0d8c6154024417492/comparison/marginal_diagnostics_with_transfer.csv",raw_thermal_pr_auc
aoa,evia_2021_extended_to_bejis_2022,evia_2021_extended,bejis_2022,fraction_inside_weighted_aoa,0.0728768926925609,,,"drive_new/diagnostics/marginal_aoa_completion/4b2a1c86c0c197c2a331c133d1120f9531ce385441d86af0d8c6154024417492/comparison/marginal_diagnostics_with_transfer.csv",fraction_inside_weighted_aoa
aoa,evia_2021_extended_to_bejis_2022,evia_2021_extended,bejis_2022,unweighted_fraction_target_cells_inside_support,0.8562211981566821,,,"drive_new/diagnostics/marginal_aoa_completion/4b2a1c86c0c197c2a331c133d1120f9531ce385441d86af0d8c6154024417492/comparison/marginal_diagnostics_with_transfer.csv",unweighted_fraction_target_cells_inside_support
aoa,evia_2021_extended_to_bejis_2022,evia_2021_extended,bejis_2022,target_mean_dissimilarity,0.4862588199588097,,,"drive_new/diagnostics/marginal_aoa_completion/4b2a1c86c0c197c2a331c133d1120f9531ce385441d86af0d8c6154024417492/comparison/marginal_diagnostics_with_transfer.csv",target_mean_dissimilarity
aoa,evia_2021_extended_to_bejis_2022,evia_2021_extended,bejis_2022,target_p95_dissimilarity,0.8844110397496701,,,"drive_new/diagnostics/marginal_aoa_completion/4b2a1c86c0c197c2a331c133d1120f9531ce385441d86af0d8c6154024417492/comparison/marginal_diagnostics_with_transfer.csv",target_p95_dissimilarity
aoa,evia_2021_extended_to_bejis_2022,evia_2021_extended,bejis_2022,raw_thermal_roc_auc,0.4480079359958707,,,"drive_new/diagnostics/marginal_aoa_completion/4b2a1c86c0c197c2a331c133d1120f9531ce385441d86af0d8c6154024417492/comparison/marginal_diagnostics_with_transfer.csv",raw_thermal_roc_auc
aoa,evia_2021_extended_to_bejis_2022,evia_2021_extended,bejis_2022,raw_thermal_pr_auc,0.0591842483213908,,,"drive_new/diagnostics/marginal_aoa_completion/4b2a1c86c0c197c2a331c133d1120f9531ce385441d86af0d8c6154024417492/comparison/marginal_diagnostics_with_transfer.csv",raw_thermal_pr_auc
aoa,evia_2021_extended_to_mugla_2021,evia_2021_extended,mugla_2021,fraction_inside_weighted_aoa,0.6309697826555798,,,"drive_new/diagnostics/marginal_aoa_completion/4b2a1c86c0c197c2a331c133d1120f9531ce385441d86af0d8c6154024417492/comparison/marginal_diagnostics_with_transfer.csv",fraction_inside_weighted_aoa
aoa,evia_2021_extended_to_mugla_2021,evia_2021_extended,mugla_2021,unweighted_fraction_target_cells_inside_support,0.9590232680740935,,,"drive_new/diagnostics/marginal_aoa_completion/4b2a1c86c0c197c2a331c133d1120f9531ce385441d86af0d8c6154024417492/comparison/marginal_diagnostics_with_transfer.csv",unweighted_fraction_target_cells_inside_support
aoa,evia_2021_extended_to_mugla_2021,evia_2021_extended,mugla_2021,target_mean_dissimilarity,0.2468574381461607,,,"drive_new/diagnostics/marginal_aoa_completion/4b2a1c86c0c197c2a331c133d1120f9531ce385441d86af0d8c6154024417492/comparison/marginal_diagnostics_with_transfer.csv",target_mean_dissimilarity
aoa,evia_2021_extended_to_mugla_2021,evia_2021_extended,mugla_2021,target_p95_dissimilarity,0.5115908787629446,,,"drive_new/diagnostics/marginal_aoa_completion/4b2a1c86c0c197c2a331c133d1120f9531ce385441d86af0d8c6154024417492/comparison/marginal_diagnostics_with_transfer.csv",target_p95_dissimilarity
aoa,evia_2021_extended_to_mugla_2021,evia_2021_extended,mugla_2021,raw_thermal_roc_auc,0.576836486299561,,,"drive_new/diagnostics/marginal_aoa_completion/4b2a1c86c0c197c2a331c133d1120f9531ce385441d86af0d8c6154024417492/comparison/marginal_diagnostics_with_transfer.csv",raw_thermal_roc_auc
aoa,evia_2021_extended_to_mugla_2021,evia_2021_extended,mugla_2021,raw_thermal_pr_auc,0.0856193943900276,,,"drive_new/diagnostics/marginal_aoa_completion/4b2a1c86c0c197c2a331c133d1120f9531ce385441d86af0d8c6154024417492/comparison/marginal_diagnostics_with_transfer.csv",raw_thermal_pr_auc
transfer_matrix,manavgat_2021_to_bejis_2022,manavgat_2021,bejis_2022,thermal_raw_source_only_pr_auc,0.048758121686924845,0.04343190388752561,0.05482599899500973,"drive_new/diagnostics/multi_aoi_transfer_synthesis/bejis_2022__evia_2021_extended__manavgat_2021__montiferru_2021__mugla_2021/multi_aoi_transfer_matrix.csv",pr_auc
transfer_matrix,manavgat_2021_to_bejis_2022,manavgat_2021,bejis_2022,thermal_raw_source_only_roc_auc,0.3258336344280276,0.30451538677753315,0.3489117706909987,"drive_new/diagnostics/multi_aoi_transfer_synthesis/bejis_2022__evia_2021_extended__manavgat_2021__montiferru_2021__mugla_2021/multi_aoi_transfer_matrix.csv",roc_auc
transfer_matrix,manavgat_2021_to_bejis_2022,manavgat_2021,bejis_2022,thermal_regionwise_zscore_pr_auc,0.06666741920312758,0.05843519870884246,0.07613532017820462,"drive_new/diagnostics/multi_aoi_transfer_synthesis/bejis_2022__evia_2021_extended__manavgat_2021__montiferru_2021__mugla_2021/multi_aoi_transfer_matrix.csv",pr_auc
transfer_matrix,manavgat_2021_to_bejis_2022,manavgat_2021,bejis_2022,thermal_regionwise_zscore_roc_auc,0.4770999741918833,0.4506650532294769,0.5018363136676169,"drive_new/diagnostics/multi_aoi_transfer_synthesis/bejis_2022__evia_2021_extended__manavgat_2021__montiferru_2021__mugla_2021/multi_aoi_transfer_matrix.csv",roc_auc
transfer_matrix,manavgat_2021_to_bejis_2022,manavgat_2021,bejis_2022,thermal_coral_after_regionwise_zscore_pr_auc,0.06958071891779777,0.06121738084311041,0.0790826121143335,"drive_new/diagnostics/multi_aoi_transfer_synthesis/bejis_2022__evia_2021_extended__manavgat_2021__montiferru_2021__mugla_2021/multi_aoi_transfer_matrix.csv",pr_auc
transfer_matrix,manavgat_2021_to_bejis_2022,manavgat_2021,bejis_2022,thermal_coral_after_regionwise_zscore_roc_auc,0.5105400025808117,0.48395276465032017,0.5342108088326657,"drive_new/diagnostics/multi_aoi_transfer_synthesis/bejis_2022__evia_2021_extended__manavgat_2021__montiferru_2021__mugla_2021/multi_aoi_transfer_matrix.csv",roc_auc
transfer_matrix,manavgat_2021_to_bejis_2022,manavgat_2021,bejis_2022,baseline_raw_source_only_pr_auc,0.049284923029179833,0.043996789397396804,0.055787912752355076,"drive_new/diagnostics/multi_aoi_transfer_synthesis/bejis_2022__evia_2021_extended__manavgat_2021__montiferru_2021__mugla_2021/multi_aoi_transfer_matrix.csv",pr_auc
transfer_matrix,manavgat_2021_to_bejis_2022,manavgat_2021,bejis_2022,baseline_raw_source_only_roc_auc,0.3321873346667527,0.3095603068146479,0.35456893154707886,"drive_new/diagnostics/multi_aoi_transfer_synthesis/bejis_2022__evia_2021_extended__manavgat_2021__montiferru_2021__mugla_2021/multi_aoi_transfer_matrix.csv",roc_auc
transfer_matrix,manavgat_2021_to_bejis_2022,manavgat_2021,bejis_2022,baseline_regionwise_zscore_pr_auc,0.057064722740575606,0.05061378700223412,0.06523885538858767,"drive_new/diagnostics/multi_aoi_transfer_synthesis/bejis_2022__evia_2021_extended__manavgat_2021__montiferru_2021__mugla_2021/multi_aoi_transfer_matrix.csv",pr_auc
transfer_matrix,manavgat_2021_to_bejis_2022,manavgat_2021,bejis_2022,baseline_regionwise_zscore_roc_auc,0.4081059423188592,0.38374089691761054,0.43323062806659585,"drive_new/diagnostics/multi_aoi_transfer_synthesis/bejis_2022__evia_2021_extended__manavgat_2021__montiferru_2021__mugla_2021/multi_aoi_transfer_matrix.csv",roc_auc
transfer_matrix,manavgat_2021_to_bejis_2022,manavgat_2021,bejis_2022,baseline_coral_after_regionwise_zscore_pr_auc,0.05744906026418394,0.050802043748571134,0.06546626096548659,"drive_new/diagnostics/multi_aoi_transfer_synthesis/bejis_2022__evia_2021_extended__manavgat_2021__montiferru_2021__mugla_2021/multi_aoi_transfer_matrix.csv",pr_auc
transfer_matrix,manavgat_2021_to_bejis_2022,manavgat_2021,bejis_2022,baseline_coral_after_regionwise_zscore_roc_auc,0.4198956384282857,0.3965886645487772,0.4426968213825941,"drive_new/diagnostics/multi_aoi_transfer_synthesis/bejis_2022__evia_2021_extended__manavgat_2021__montiferru_2021__mugla_2021/multi_aoi_transfer_matrix.csv",roc_auc
transfer_matrix,manavgat_2021_to_mugla_2021,manavgat_2021,mugla_2021,thermal_raw_source_only_pr_auc,0.06264647046501597,0.05776968851263152,0.06799238606400301,"drive_new/diagnostics/multi_aoi_transfer_synthesis/bejis_2022__evia_2021_extended__manavgat_2021__montiferru_2021__mugla_2021/multi_aoi_transfer_matrix.csv",pr_auc
transfer_matrix,manavgat_2021_to_mugla_2021,manavgat_2021,mugla_2021,thermal_raw_source_only_roc_auc,0.47015987108700774,0.4514544710147362,0.48809661028550316,"drive_new/diagnostics/multi_aoi_transfer_synthesis/bejis_2022__evia_2021_extended__manavgat_2021__montiferru_2021__mugla_2021/multi_aoi_transfer_matrix.csv",roc_auc
transfer_matrix,manavgat_2021_to_mugla_2021,manavgat_2021,mugla_2021,thermal_regionwise_zscore_pr_auc,0.06103434711139587,0.05568098731559772,0.06670059558367608,"drive_new/diagnostics/multi_aoi_transfer_synthesis/bejis_2022__evia_2021_extended__manavgat_2021__montiferru_2021__mugla_2021/multi_aoi_transfer_matrix.csv",pr_auc
transfer_matrix,manavgat_2021_to_mugla_2021,manavgat_2021,mugla_2021,thermal_regionwise_zscore_roc_auc,0.4305043280209929,0.410934937284168,0.4494361095670697,"drive_new/diagnostics/multi_aoi_transfer_synthesis/bejis_2022__evia_2021_extended__manavgat_2021__montiferru_2021__mugla_2021/multi_aoi_transfer_matrix.csv",roc_auc
transfer_matrix,manavgat_2021_to_mugla_2021,manavgat_2021,mugla_2021,thermal_coral_after_regionwise_zscore_pr_auc,0.06372755616715954,0.05808939437103916,0.06958419946610113,"drive_new/diagnostics/multi_aoi_transfer_synthesis/bejis_2022__evia_2021_extended__manavgat_2021__montiferru_2021__mugla_2021/multi_aoi_transfer_matrix.csv",pr_auc
transfer_matrix,manavgat_2021_to_mugla_2021,manavgat_2021,mugla_2021,thermal_coral_after_regionwise_zscore_roc_auc,0.44296224595241845,0.42262972858098685,0.4614536793317533,"drive_new/diagnostics/multi_aoi_transfer_synthesis/bejis_2022__evia_2021_extended__manavgat_2021__montiferru_2021__mugla_2021/multi_aoi_transfer_matrix.csv",roc_auc
transfer_matrix,manavgat_2021_to_mugla_2021,manavgat_2021,mugla_2021,baseline_raw_source_only_pr_auc,0.07490551117572594,0.06853227517236213,0.08233669280427164,"drive_new/diagnostics/multi_aoi_transfer_synthesis/bejis_2022__evia_2021_extended__manavgat_2021__montiferru_2021__mugla_2021/multi_aoi_transfer_matrix.csv",pr_auc
transfer_matrix,manavgat_2021_to_mugla_2021,manavgat_2021,mugla_2021,baseline_raw_source_only_roc_auc,0.5079294316533509,0.4906738596515208,0.5265559915021903,"drive_new/diagnostics/multi_aoi_transfer_synthesis/bejis_2022__evia_2021_extended__manavgat_2021__montiferru_2021__mugla_2021/multi_aoi_transfer_matrix.csv",roc_auc
transfer_matrix,manavgat_2021_to_mugla_2021,manavgat_2021,mugla_2021,baseline_regionwise_zscore_pr_auc,0.06515903894746683,0.05983868445468133,0.0707236665705395,"drive_new/diagnostics/multi_aoi_transfer_synthesis/bejis_2022__evia_2021_extended__manavgat_2021__montiferru_2021__mugla_2021/multi_aoi_transfer_matrix.csv",pr_auc
transfer_matrix,manavgat_2021_to_mugla_2021,manavgat_2021,mugla_2021,baseline_regionwise_zscore_roc_auc,0.4714366569919505,0.45347881789144895,0.4892235293169706,"drive_new/diagnostics/multi_aoi_transfer_synthesis/bejis_2022__evia_2021_extended__manavgat_2021__montiferru_2021__mugla_2021/multi_aoi_transfer_matrix.csv",roc_auc
transfer_matrix,manavgat_2021_to_mugla_2021,manavgat_2021,mugla_2021,baseline_coral_after_regionwise_zscore_pr_auc,0.06847523898502403,0.06276143811958443,0.07444497274692095,"drive_new/diagnostics/multi_aoi_transfer_synthesis/bejis_2022__evia_2021_extended__manavgat_2021__montiferru_2021__mugla_2021/multi_aoi_transfer_matrix.csv",pr_auc
transfer_matrix,manavgat_2021_to_mugla_2021,manavgat_2021,mugla_2021,baseline_coral_after_regionwise_zscore_roc_auc,0.4856767761741509,0.4679021117772,0.5038546010611735,"drive_new/diagnostics/multi_aoi_transfer_synthesis/bejis_2022__evia_2021_extended__manavgat_2021__montiferru_2021__mugla_2021/multi_aoi_transfer_matrix.csv",roc_auc
transfer_matrix,manavgat_2021_to_evia_2021_extended,manavgat_2021,evia_2021_extended,thermal_raw_source_only_pr_auc,0.3426989575695243,0.3181961104162294,0.36900438937974034,"drive_new/diagnostics/multi_aoi_transfer_synthesis/bejis_2022__evia_2021_extended__manavgat_2021__montiferru_2021__mugla_2021/multi_aoi_transfer_matrix.csv",pr_auc
transfer_matrix,manavgat_2021_to_evia_2021_extended,manavgat_2021,evia_2021_extended,thermal_raw_source_only_roc_auc,0.6125620551965896,0.5931717771385647,0.6314064442015456,"drive_new/diagnostics/multi_aoi_transfer_synthesis/bejis_2022__evia_2021_extended__manavgat_2021__montiferru_2021__mugla_2021/multi_aoi_transfer_matrix.csv",roc_auc
transfer_matrix,manavgat_2021_to_evia_2021_extended,manavgat_2021,evia_2021_extended,thermal_regionwise_zscore_pr_auc,0.31248349491865984,0.28801663205571326,0.33816872840281986,"drive_new/diagnostics/multi_aoi_transfer_synthesis/bejis_2022__evia_2021_extended__manavgat_2021__montiferru_2021__mugla_2021/multi_aoi_transfer_matrix.csv",pr_auc
transfer_matrix,manavgat_2021_to_evia_2021_extended,manavgat_2021,evia_2021_extended,thermal_regionwise_zscore_roc_auc,0.5422100386488388,0.5198656109154567,0.5645670415104483,"drive_new/diagnostics/multi_aoi_transfer_synthesis/bejis_2022__evia_2021_extended__manavgat_2021__montiferru_2021__mugla_2021/multi_aoi_transfer_matrix.csv",roc_auc
transfer_matrix,manavgat_2021_to_evia_2021_extended,manavgat_2021,evia_2021_extended,thermal_coral_after_regionwise_zscore_pr_auc,0.3239938001758473,0.29912861083658965,0.3515347395806732,"drive_new/diagnostics/multi_aoi_transfer_synthesis/bejis_2022__evia_2021_extended__manavgat_2021__montiferru_2021__mugla_2021/multi_aoi_transfer_matrix.csv",pr_auc
transfer_matrix,manavgat_2021_to_evia_2021_extended,manavgat_2021,evia_2021_extended,thermal_coral_after_regionwise_zscore_roc_auc,0.539335536923719,0.5177010989733599,0.5609611055337709,"drive_new/diagnostics/multi_aoi_transfer_synthesis/bejis_2022__evia_2021_extended__manavgat_2021__montiferru_2021__mugla_2021/multi_aoi_transfer_matrix.csv",roc_auc
transfer_matrix,manavgat_2021_to_evia_2021_extended,manavgat_2021,evia_2021_extended,baseline_raw_source_only_pr_auc,0.35285258701024047,0.32740093772215323,0.38088915792171046,"drive_new/diagnostics/multi_aoi_transfer_synthesis/bejis_2022__evia_2021_extended__manavgat_2021__montiferru_2021__mugla_2021/multi_aoi_transfer_matrix.csv",pr_auc
transfer_matrix,manavgat_2021_to_evia_2021_extended,manavgat_2021,evia_2021_extended,baseline_raw_source_only_roc_auc,0.5938705229951085,0.5742126163802784,0.6126647956508481,"drive_new/diagnostics/multi_aoi_transfer_synthesis/bejis_2022__evia_2021_extended__manavgat_2021__montiferru_2021__mugla_2021/multi_aoi_transfer_matrix.csv",roc_auc
transfer_matrix,manavgat_2021_to_evia_2021_extended,manavgat_2021,evia_2021_extended,baseline_regionwise_zscore_pr_auc,0.30759006690933743,0.2845138285142154,0.3325772388295104,"drive_new/diagnostics/multi_aoi_transfer_synthesis/bejis_2022__evia_2021_extended__manavgat_2021__montiferru_2021__mugla_2021/multi_aoi_transfer_matrix.csv",pr_auc
transfer_matrix,manavgat_2021_to_evia_2021_extended,manavgat_2021,evia_2021_extended,baseline_regionwise_zscore_roc_auc,0.5309580570923652,0.508960538064011,0.5550535179237919,"drive_new/diagnostics/multi_aoi_transfer_synthesis/bejis_2022__evia_2021_extended__manavgat_2021__montiferru_2021__mugla_2021/multi_aoi_transfer_matrix.csv",roc_auc
transfer_matrix,manavgat_2021_to_evia_2021_extended,manavgat_2021,evia_2021_extended,baseline_coral_after_regionwise_zscore_pr_auc,0.33002557511225644,0.3049703960684559,0.35769796368570544,"drive_new/diagnostics/multi_aoi_transfer_synthesis/bejis_2022__evia_2021_extended__manavgat_2021__montiferru_2021__mugla_2021/multi_aoi_transfer_matrix.csv",pr_auc
transfer_matrix,manavgat_2021_to_evia_2021_extended,manavgat_2021,evia_2021_extended,baseline_coral_after_regionwise_zscore_roc_auc,0.5474027973556916,0.52509649495089,0.5709134398431639,"drive_new/diagnostics/multi_aoi_transfer_synthesis/bejis_2022__evia_2021_extended__manavgat_2021__montiferru_2021__mugla_2021/multi_aoi_transfer_matrix.csv",roc_auc
transfer_matrix,manavgat_2021_to_montiferru_2021,manavgat_2021,montiferru_2021,thermal_raw_source_only_pr_auc,0.24260396955428254,0.20216108861913967,0.29155262812737,"drive_new/diagnostics/multi_aoi_transfer_synthesis/bejis_2022__evia_2021_extended__manavgat_2021__montiferru_2021__mugla_2021/multi_aoi_transfer_matrix.csv",pr_auc
transfer_matrix,manavgat_2021_to_montiferru_2021,manavgat_2021,montiferru_2021,thermal_raw_source_only_roc_auc,0.5332600780053577,0.4877918388024024,0.5804071088492808,"drive_new/diagnostics/multi_aoi_transfer_synthesis/bejis_2022__evia_2021_extended__manavgat_2021__montiferru_2021__mugla_2021/multi_aoi_transfer_matrix.csv",roc_auc
transfer_matrix,manavgat_2021_to_montiferru_2021,manavgat_2021,montiferru_2021,thermal_regionwise_zscore_pr_auc,0.25400649411419973,0.21227732577811806,0.299476112048947,"drive_new/diagnostics/multi_aoi_transfer_synthesis/bejis_2022__evia_2021_extended__manavgat_2021__montiferru_2021__mugla_2021/multi_aoi_transfer_matrix.csv",pr_auc
transfer_matrix,manavgat_2021_to_montiferru_2021,manavgat_2021,montiferru_2021,thermal_regionwise_zscore_roc_auc,0.5857355683148345,0.5396243213692403,0.6287897288423395,"drive_new/diagnostics/multi_aoi_transfer_synthesis/bejis_2022__evia_2021_extended__manavgat_2021__montiferru_2021__mugla_2021/multi_aoi_transfer_matrix.csv",roc_auc
transfer_matrix,manavgat_2021_to_montiferru_2021,manavgat_2021,montiferru_2021,thermal_coral_after_regionwise_zscore_pr_auc,0.2497813757168238,0.21012626751273641,0.2957113190703969,"drive_new/diagnostics/multi_aoi_transfer_synthesis/bejis_2022__evia_2021_extended__manavgat_2021__montiferru_2021__mugla_2021/multi_aoi_transfer_matrix.csv",pr_auc
transfer_matrix,manavgat_2021_to_montiferru_2021,manavgat_2021,montiferru_2021,thermal_coral_after_regionwise_zscore_roc_auc,0.5922411041043032,0.550173988813856,0.6311614882938034,"drive_new/diagnostics/multi_aoi_transfer_synthesis/bejis_2022__evia_2021_extended__manavgat_2021__montiferru_2021__mugla_2021/multi_aoi_transfer_matrix.csv",roc_auc
transfer_matrix,manavgat_2021_to_montiferru_2021,manavgat_2021,montiferru_2021,baseline_raw_source_only_pr_auc,0.26408322599827644,0.22094124147639996,0.31408827559287555,"drive_new/diagnostics/multi_aoi_transfer_synthesis/bejis_2022__evia_2021_extended__manavgat_2021__montiferru_2021__mugla_2021/multi_aoi_transfer_matrix.csv",pr_auc
transfer_matrix,manavgat_2021_to_montiferru_2021,manavgat_2021,montiferru_2021,baseline_raw_source_only_roc_auc,0.5779257792439125,0.5348215647812358,0.6191237100074252,"drive_new/diagnostics/multi_aoi_transfer_synthesis/bejis_2022__evia_2021_extended__manavgat_2021__montiferru_2021__mugla_2021/multi_aoi_transfer_matrix.csv",roc_auc
transfer_matrix,manavgat_2021_to_montiferru_2021,manavgat_2021,montiferru_2021,baseline_regionwise_zscore_pr_auc,0.2828437890105491,0.2359230760469585,0.3363612162224088,"drive_new/diagnostics/multi_aoi_transfer_synthesis/bejis_2022__evia_2021_extended__manavgat_2021__montiferru_2021__mugla_2021/multi_aoi_transfer_matrix.csv",pr_auc
transfer_matrix,manavgat_2021_to_montiferru_2021,manavgat_2021,montiferru_2021,baseline_regionwise_zscore_roc_auc,0.5996011825723262,0.5558081804033332,0.6398365914204734,"drive_new/diagnostics/multi_aoi_transfer_synthesis/bejis_2022__evia_2021_extended__manavgat_2021__montiferru_2021__mugla_2021/multi_aoi_transfer_matrix.csv",roc_auc
transfer_matrix,manavgat_2021_to_montiferru_2021,manavgat_2021,montiferru_2021,baseline_coral_after_regionwise_zscore_pr_auc,0.2524502478433585,0.2103573112799353,0.2964123655199642,"drive_new/diagnostics/multi_aoi_transfer_synthesis/bejis_2022__evia_2021_extended__manavgat_2021__montiferru_2021__mugla_2021/multi_aoi_transfer_matrix.csv",pr_auc
transfer_matrix,manavgat_2021_to_montiferru_2021,manavgat_2021,montiferru_2021,baseline_coral_after_regionwise_zscore_roc_auc,0.5866113935939372,0.5466739380534793,0.6260961974122135,"drive_new/diagnostics/multi_aoi_transfer_synthesis/bejis_2022__evia_2021_extended__manavgat_2021__montiferru_2021__mugla_2021/multi_aoi_transfer_matrix.csv",roc_auc
transfer_matrix,bejis_2022_to_manavgat_2021,bejis_2022,manavgat_2021,thermal_raw_source_only_pr_auc,0.03440634297977607,0.02889337503632467,0.04165960638901521,"drive_new/diagnostics/multi_aoi_transfer_synthesis/bejis_2022__evia_2021_extended__manavgat_2021__montiferru_2021__mugla_2021/multi_aoi_transfer_matrix.csv",pr_auc
transfer_matrix,bejis_2022_to_manavgat_2021,bejis_2022,manavgat_2021,thermal_raw_source_only_roc_auc,0.4435284296463047,0.4077646922401823,0.4799414802678467,"drive_new/diagnostics/multi_aoi_transfer_synthesis/bejis_2022__evia_2021_extended__manavgat_2021__montiferru_2021__mugla_2021/multi_aoi_transfer_matrix.csv",roc_auc
transfer_matrix,bejis_2022_to_manavgat_2021,bejis_2022,manavgat_2021,thermal_regionwise_zscore_pr_auc,0.03851318938960183,0.03207863713788723,0.04681296913032082,"drive_new/diagnostics/multi_aoi_transfer_synthesis/bejis_2022__evia_2021_extended__manavgat_2021__montiferru_2021__mugla_2021/multi_aoi_transfer_matrix.csv",pr_auc
transfer_matrix,bejis_2022_to_manavgat_2021,bejis_2022,manavgat_2021,thermal_regionwise_zscore_roc_auc,0.4573382668320535,0.4195795818925588,0.49681997087165924,"drive_new/diagnostics/multi_aoi_transfer_synthesis/bejis_2022__evia_2021_extended__manavgat_2021__montiferru_2021__mugla_2021/multi_aoi_transfer_matrix.csv",roc_auc
transfer_matrix,bejis_2022_to_manavgat_2021,bejis_2022,manavgat_2021,thermal_coral_after_regionwise_zscore_pr_auc,0.04270970536494872,0.036622032188114884,0.04980531343145186,"drive_new/diagnostics/multi_aoi_transfer_synthesis/bejis_2022__evia_2021_extended__manavgat_2021__montiferru_2021__mugla_2021/multi_aoi_transfer_matrix.csv",pr_auc
transfer_matrix,bejis_2022_to_manavgat_2021,bejis_2022,manavgat_2021,thermal_coral_after_regionwise_zscore_roc_auc,0.5553095674321841,0.5278017445727373,0.5828440794043487,"drive_new/diagnostics/multi_aoi_transfer_synthesis/bejis_2022__evia_2021_extended__manavgat_2021__montiferru_2021__mugla_2021/multi_aoi_transfer_matrix.csv",roc_auc
transfer_matrix,bejis_2022_to_manavgat_2021,bejis_2022,manavgat_2021,baseline_raw_source_only_pr_auc,0.033190336735100884,0.02798243493625697,0.04002706422206261,"drive_new/diagnostics/multi_aoi_transfer_synthesis/bejis_2022__evia_2021_extended__manavgat_2021__montiferru_2021__mugla_2021/multi_aoi_transfer_matrix.csv",pr_auc
transfer_matrix,bejis_2022_to_manavgat_2021,bejis_2022,manavgat_2021,baseline_raw_source_only_roc_auc,0.4209078604067977,0.3857126953214686,0.45922270142388355,"drive_new/diagnostics/multi_aoi_transfer_synthesis/bejis_2022__evia_2021_extended__manavgat_2021__montiferru_2021__mugla_2021/multi_aoi_transfer_matrix.csv",roc_auc
transfer_matrix,bejis_2022_to_manavgat_2021,bejis_2022,manavgat_2021,baseline_regionwise_zscore_pr_auc,0.03435243285780811,0.028982143044696027,0.04106122662688076,"drive_new/diagnostics/multi_aoi_transfer_synthesis/bejis_2022__evia_2021_extended__manavgat_2021__montiferru_2021__mugla_2021/multi_aoi_transfer_matrix.csv",pr_auc
transfer_matrix,bejis_2022_to_manavgat_2021,bejis_2022,manavgat_2021,baseline_regionwise_zscore_roc_auc,0.4414940597316637,0.4070723591573225,0.4796967974989678,"drive_new/diagnostics/multi_aoi_transfer_synthesis/bejis_2022__evia_2021_extended__manavgat_2021__montiferru_2021__mugla_2021/multi_aoi_transfer_matrix.csv",roc_auc
transfer_matrix,bejis_2022_to_manavgat_2021,bejis_2022,manavgat_2021,baseline_coral_after_regionwise_zscore_pr_auc,0.03497986772714781,0.029397370518406202,0.04274668577149583,"drive_new/diagnostics/multi_aoi_transfer_synthesis/bejis_2022__evia_2021_extended__manavgat_2021__montiferru_2021__mugla_2021/multi_aoi_transfer_matrix.csv",pr_auc
transfer_matrix,bejis_2022_to_manavgat_2021,bejis_2022,manavgat_2021,baseline_coral_after_regionwise_zscore_roc_auc,0.4560562584896076,0.4201339788070818,0.4910682146404256,"drive_new/diagnostics/multi_aoi_transfer_synthesis/bejis_2022__evia_2021_extended__manavgat_2021__montiferru_2021__mugla_2021/multi_aoi_transfer_matrix.csv",roc_auc
transfer_matrix,bejis_2022_to_mugla_2021,bejis_2022,mugla_2021,thermal_raw_source_only_pr_auc,0.09253859122869844,0.0845728668968239,0.10156456114018891,"drive_new/diagnostics/multi_aoi_transfer_synthesis/bejis_2022__evia_2021_extended__manavgat_2021__montiferru_2021__mugla_2021/multi_aoi_transfer_matrix.csv",pr_auc
transfer_matrix,bejis_2022_to_mugla_2021,bejis_2022,mugla_2021,thermal_raw_source_only_roc_auc,0.6184747489978262,0.6007719815536623,0.6345509090127365,"drive_new/diagnostics/multi_aoi_transfer_synthesis/bejis_2022__evia_2021_extended__manavgat_2021__montiferru_2021__mugla_2021/multi_aoi_transfer_matrix.csv",roc_auc
transfer_matrix,bejis_2022_to_mugla_2021,bejis_2022,mugla_2021,thermal_regionwise_zscore_pr_auc,0.06882390345452313,0.06352915499477547,0.07465714936827637,"drive_new/diagnostics/multi_aoi_transfer_synthesis/bejis_2022__evia_2021_extended__manavgat_2021__montiferru_2021__mugla_2021/multi_aoi_transfer_matrix.csv",pr_auc
transfer_matrix,bejis_2022_to_mugla_2021,bejis_2022,mugla_2021,thermal_regionwise_zscore_roc_auc,0.5177332840752557,0.5012550025897887,0.5352596621204385,"drive_new/diagnostics/multi_aoi_transfer_synthesis/bejis_2022__evia_2021_extended__manavgat_2021__montiferru_2021__mugla_2021/multi_aoi_transfer_matrix.csv",roc_auc
transfer_matrix,bejis_2022_to_mugla_2021,bejis_2022,mugla_2021,thermal_coral_after_regionwise_zscore_pr_auc,0.06907238999142255,0.06351290420530657,0.0749279641038294,"drive_new/diagnostics/multi_aoi_transfer_synthesis/bejis_2022__evia_2021_extended__manavgat_2021__montiferru_2021__mugla_2021/multi_aoi_transfer_matrix.csv",pr_auc
transfer_matrix,bejis_2022_to_mugla_2021,bejis_2022,mugla_2021,thermal_coral_after_regionwise_zscore_roc_auc,0.5066377964680288,0.4893203960731929,0.5241975570805645,"drive_new/diagnostics/multi_aoi_transfer_synthesis/bejis_2022__evia_2021_extended__manavgat_2021__montiferru_2021__mugla_2021/multi_aoi_transfer_matrix.csv",roc_auc
transfer_matrix,bejis_2022_to_mugla_2021,bejis_2022,mugla_2021,baseline_raw_source_only_pr_auc,0.09363146544008288,0.08466576674663197,0.10398344291106094,"drive_new/diagnostics/multi_aoi_transfer_synthesis/bejis_2022__evia_2021_extended__manavgat_2021__montiferru_2021__mugla_2021/multi_aoi_transfer_matrix.csv",pr_auc
transfer_matrix,bejis_2022_to_mugla_2021,bejis_2022,mugla_2021,baseline_raw_source_only_roc_auc,0.5922389997163681,0.5744073247287705,0.6089843455527543,"drive_new/diagnostics/multi_aoi_transfer_synthesis/bejis_2022__evia_2021_extended__manavgat_2021__montiferru_2021__mugla_2021/multi_aoi_transfer_matrix.csv",roc_auc
transfer_matrix,bejis_2022_to_mugla_2021,bejis_2022,mugla_2021,baseline_regionwise_zscore_pr_auc,0.08194563197847066,0.07466463459587834,0.09003583260054931,"drive_new/diagnostics/multi_aoi_transfer_synthesis/bejis_2022__evia_2021_extended__manavgat_2021__montiferru_2021__mugla_2021/multi_aoi_transfer_matrix.csv",pr_auc
transfer_matrix,bejis_2022_to_mugla_2021,bejis_2022,mugla_2021,baseline_regionwise_zscore_roc_auc,0.5649705351959404,0.5478618587706711,0.5812175006640783,"drive_new/diagnostics/multi_aoi_transfer_synthesis/bejis_2022__evia_2021_extended__manavgat_2021__montiferru_2021__mugla_2021/multi_aoi_transfer_matrix.csv",roc_auc
transfer_matrix,bejis_2022_to_mugla_2021,bejis_2022,mugla_2021,baseline_coral_after_regionwise_zscore_pr_auc,0.0835876596838193,0.07599486018353271,0.09219397191954122,"drive_new/diagnostics/multi_aoi_transfer_synthesis/bejis_2022__evia_2021_extended__manavgat_2021__montiferru_2021__mugla_2021/multi_aoi_transfer_matrix.csv",pr_auc
transfer_matrix,bejis_2022_to_mugla_2021,bejis_2022,mugla_2021,baseline_coral_after_regionwise_zscore_roc_auc,0.5701682656206,0.5533610367253833,0.5864502743013172,"drive_new/diagnostics/multi_aoi_transfer_synthesis/bejis_2022__evia_2021_extended__manavgat_2021__montiferru_2021__mugla_2021/multi_aoi_transfer_matrix.csv",roc_auc
transfer_matrix,bejis_2022_to_evia_2021_extended,bejis_2022,evia_2021_extended,thermal_raw_source_only_pr_auc,0.2257835213181088,0.208885527139773,0.24270655536705144,"drive_new/diagnostics/multi_aoi_transfer_synthesis/bejis_2022__evia_2021_extended__manavgat_2021__montiferru_2021__mugla_2021/multi_aoi_transfer_matrix.csv",pr_auc
transfer_matrix,bejis_2022_to_evia_2021_extended,bejis_2022,evia_2021_extended,thermal_raw_source_only_roc_auc,0.38282143313044736,0.3630438786042756,0.40191746614026674,"drive_new/diagnostics/multi_aoi_transfer_synthesis/bejis_2022__evia_2021_extended__manavgat_2021__montiferru_2021__mugla_2021/multi_aoi_transfer_matrix.csv",roc_auc
transfer_matrix,bejis_2022_to_evia_2021_extended,bejis_2022,evia_2021_extended,thermal_regionwise_zscore_pr_auc,0.29092854202330454,0.2699746024728818,0.3133874540278703,"drive_new/diagnostics/multi_aoi_transfer_synthesis/bejis_2022__evia_2021_extended__manavgat_2021__montiferru_2021__mugla_2021/multi_aoi_transfer_matrix.csv",pr_auc
transfer_matrix,bejis_2022_to_evia_2021_extended,bejis_2022,evia_2021_extended,thermal_regionwise_zscore_roc_auc,0.5315998278954264,0.5092765451292832,0.5508467833166735,"drive_new/diagnostics/multi_aoi_transfer_synthesis/bejis_2022__evia_2021_extended__manavgat_2021__montiferru_2021__mugla_2021/multi_aoi_transfer_matrix.csv",roc_auc
transfer_matrix,bejis_2022_to_evia_2021_extended,bejis_2022,evia_2021_extended,thermal_coral_after_regionwise_zscore_pr_auc,0.2748417434786117,0.2558501076535456,0.29640353777717726,"drive_new/diagnostics/multi_aoi_transfer_synthesis/bejis_2022__evia_2021_extended__manavgat_2021__montiferru_2021__mugla_2021/multi_aoi_transfer_matrix.csv",pr_auc
transfer_matrix,bejis_2022_to_evia_2021_extended,bejis_2022,evia_2021_extended,thermal_coral_after_regionwise_zscore_roc_auc,0.49909737895869943,0.4789378316382308,0.5178399231307814,"drive_new/diagnostics/multi_aoi_transfer_synthesis/bejis_2022__evia_2021_extended__manavgat_2021__montiferru_2021__mugla_2021/multi_aoi_transfer_matrix.csv",roc_auc
transfer_matrix,bejis_2022_to_evia_2021_extended,bejis_2022,evia_2021_extended,baseline_raw_source_only_pr_auc,0.28226185761164624,0.26246884572242596,0.3037897143467472,"drive_new/diagnostics/multi_aoi_transfer_synthesis/bejis_2022__evia_2021_extended__manavgat_2021__montiferru_2021__mugla_2021/multi_aoi_transfer_matrix.csv",pr_auc
transfer_matrix,bejis_2022_to_evia_2021_extended,bejis_2022,evia_2021_extended,baseline_raw_source_only_roc_auc,0.5304610270505659,0.5124590543904082,0.5489162227051457,"drive_new/diagnostics/multi_aoi_transfer_synthesis/bejis_2022__evia_2021_extended__manavgat_2021__montiferru_2021__mugla_2021/multi_aoi_transfer_matrix.csv",roc_auc
transfer_matrix,bejis_2022_to_evia_2021_extended,bejis_2022,evia_2021_extended,baseline_regionwise_zscore_pr_auc,0.3280115979933249,0.30322895254420135,0.35276463896058025,"drive_new/diagnostics/multi_aoi_transfer_synthesis/bejis_2022__evia_2021_extended__manavgat_2021__montiferru_2021__mugla_2021/multi_aoi_transfer_matrix.csv",pr_auc
transfer_matrix,bejis_2022_to_evia_2021_extended,bejis_2022,evia_2021_extended,baseline_regionwise_zscore_roc_auc,0.5842327856949503,0.5626402508723732,0.6055160420776279,"drive_new/diagnostics/multi_aoi_transfer_synthesis/bejis_2022__evia_2021_extended__manavgat_2021__montiferru_2021__mugla_2021/multi_aoi_transfer_matrix.csv",roc_auc
transfer_matrix,bejis_2022_to_evia_2021_extended,bejis_2022,evia_2021_extended,baseline_coral_after_regionwise_zscore_pr_auc,0.3359096391753359,0.31081972456991963,0.36145894989952043,"drive_new/diagnostics/multi_aoi_transfer_synthesis/bejis_2022__evia_2021_extended__manavgat_2021__montiferru_2021__mugla_2021/multi_aoi_transfer_matrix.csv",pr_auc
transfer_matrix,bejis_2022_to_evia_2021_extended,bejis_2022,evia_2021_extended,baseline_coral_after_regionwise_zscore_roc_auc,0.5985424016871861,0.5781425895087429,0.6194897599294047,"drive_new/diagnostics/multi_aoi_transfer_synthesis/bejis_2022__evia_2021_extended__manavgat_2021__montiferru_2021__mugla_2021/multi_aoi_transfer_matrix.csv",roc_auc
transfer_matrix,bejis_2022_to_montiferru_2021,bejis_2022,montiferru_2021,thermal_raw_source_only_pr_auc,0.28874094281489027,0.235999998884532,0.3487982103417781,"drive_new/diagnostics/multi_aoi_transfer_synthesis/bejis_2022__evia_2021_extended__manavgat_2021__montiferru_2021__mugla_2021/multi_aoi_transfer_matrix.csv",pr_auc
transfer_matrix,bejis_2022_to_montiferru_2021,bejis_2022,montiferru_2021,thermal_raw_source_only_roc_auc,0.5937253341599618,0.5599207417498522,0.6305896470126982,"drive_new/diagnostics/multi_aoi_transfer_synthesis/bejis_2022__evia_2021_extended__manavgat_2021__montiferru_2021__mugla_2021/multi_aoi_transfer_matrix.csv",roc_auc
transfer_matrix,bejis_2022_to_montiferru_2021,bejis_2022,montiferru_2021,thermal_regionwise_zscore_pr_auc,0.2540425162902778,0.20843099232188864,0.30977937836768643,"drive_new/diagnostics/multi_aoi_transfer_synthesis/bejis_2022__evia_2021_extended__manavgat_2021__montiferru_2021__mugla_2021/multi_aoi_transfer_matrix.csv",pr_auc
transfer_matrix,bejis_2022_to_montiferru_2021,bejis_2022,montiferru_2021,thermal_regionwise_zscore_roc_auc,0.5495051795372422,0.49977035550202475,0.6008547538204455,"drive_new/diagnostics/multi_aoi_transfer_synthesis/bejis_2022__evia_2021_extended__manavgat_2021__montiferru_2021__mugla_2021/multi_aoi_transfer_matrix.csv",roc_auc
transfer_matrix,bejis_2022_to_montiferru_2021,bejis_2022,montiferru_2021,thermal_coral_after_regionwise_zscore_pr_auc,0.2972916197493216,0.24082560318826687,0.3565887531560864,"drive_new/diagnostics/multi_aoi_transfer_synthesis/bejis_2022__evia_2021_extended__manavgat_2021__montiferru_2021__mugla_2021/multi_aoi_transfer_matrix.csv",pr_auc
transfer_matrix,bejis_2022_to_montiferru_2021,bejis_2022,montiferru_2021,thermal_coral_after_regionwise_zscore_roc_auc,0.5739649022157038,0.5299856732461299,0.6206741289102083,"drive_new/diagnostics/multi_aoi_transfer_synthesis/bejis_2022__evia_2021_extended__manavgat_2021__montiferru_2021__mugla_2021/multi_aoi_transfer_matrix.csv",roc_auc
transfer_matrix,bejis_2022_to_montiferru_2021,bejis_2022,montiferru_2021,baseline_raw_source_only_pr_auc,0.22698718507235782,0.19132273847675765,0.2678417488560292,"drive_new/diagnostics/multi_aoi_transfer_synthesis/bejis_2022__evia_2021_extended__manavgat_2021__montiferru_2021__mugla_2021/multi_aoi_transfer_matrix.csv",pr_auc
transfer_matrix,bejis_2022_to_montiferru_2021,bejis_2022,montiferru_2021,baseline_raw_source_only_roc_auc,0.5530357779021833,0.5156477602808358,0.5956459653532006,"drive_new/diagnostics/multi_aoi_transfer_synthesis/bejis_2022__evia_2021_extended__manavgat_2021__montiferru_2021__mugla_2021/multi_aoi_transfer_matrix.csv",roc_auc
transfer_matrix,bejis_2022_to_montiferru_2021,bejis_2022,montiferru_2021,baseline_regionwise_zscore_pr_auc,0.23929814515687087,0.19707170144420338,0.28885928468393357,"drive_new/diagnostics/multi_aoi_transfer_synthesis/bejis_2022__evia_2021_extended__manavgat_2021__montiferru_2021__mugla_2021/multi_aoi_transfer_matrix.csv",pr_auc
transfer_matrix,bejis_2022_to_montiferru_2021,bejis_2022,montiferru_2021,baseline_regionwise_zscore_roc_auc,0.536642160831687,0.4912044107232755,0.5842645864865014,"drive_new/diagnostics/multi_aoi_transfer_synthesis/bejis_2022__evia_2021_extended__manavgat_2021__montiferru_2021__mugla_2021/multi_aoi_transfer_matrix.csv",roc_auc
transfer_matrix,bejis_2022_to_montiferru_2021,bejis_2022,montiferru_2021,baseline_coral_after_regionwise_zscore_pr_auc,0.24700288632105782,0.20446879418602765,0.29738646123288404,"drive_new/diagnostics/multi_aoi_transfer_synthesis/bejis_2022__evia_2021_extended__manavgat_2021__montiferru_2021__mugla_2021/multi_aoi_transfer_matrix.csv",pr_auc
transfer_matrix,bejis_2022_to_montiferru_2021,bejis_2022,montiferru_2021,baseline_coral_after_regionwise_zscore_roc_auc,0.557180333026432,0.511688263422548,0.6032333181397066,"drive_new/diagnostics/multi_aoi_transfer_synthesis/bejis_2022__evia_2021_extended__manavgat_2021__montiferru_2021__mugla_2021/multi_aoi_transfer_matrix.csv",roc_auc
transfer_matrix,mugla_2021_to_manavgat_2021,mugla_2021,manavgat_2021,thermal_raw_source_only_pr_auc,0.028738774210290162,0.025111380507926346,0.03276880301138809,"drive_new/diagnostics/multi_aoi_transfer_synthesis/bejis_2022__evia_2021_extended__manavgat_2021__montiferru_2021__mugla_2021/multi_aoi_transfer_matrix.csv",pr_auc
transfer_matrix,mugla_2021_to_manavgat_2021,mugla_2021,manavgat_2021,thermal_raw_source_only_roc_auc,0.40099966584697444,0.37776138061727055,0.42592985925065757,"drive_new/diagnostics/multi_aoi_transfer_synthesis/bejis_2022__evia_2021_extended__manavgat_2021__montiferru_2021__mugla_2021/multi_aoi_transfer_matrix.csv",roc_auc
transfer_matrix,mugla_2021_to_manavgat_2021,mugla_2021,manavgat_2021,thermal_regionwise_zscore_pr_auc,0.04319428591008133,0.03654615656128197,0.0508260620757395,"drive_new/diagnostics/multi_aoi_transfer_synthesis/bejis_2022__evia_2021_extended__manavgat_2021__montiferru_2021__mugla_2021/multi_aoi_transfer_matrix.csv",pr_auc
transfer_matrix,mugla_2021_to_manavgat_2021,mugla_2021,manavgat_2021,thermal_regionwise_zscore_roc_auc,0.5589374037240993,0.5305752264513666,0.5865020720511877,"drive_new/diagnostics/multi_aoi_transfer_synthesis/bejis_2022__evia_2021_extended__manavgat_2021__montiferru_2021__mugla_2021/multi_aoi_transfer_matrix.csv",roc_auc
transfer_matrix,mugla_2021_to_manavgat_2021,mugla_2021,manavgat_2021,thermal_coral_after_regionwise_zscore_pr_auc,0.04394126075772345,0.037496450296046854,0.051586421439373656,"drive_new/diagnostics/multi_aoi_transfer_synthesis/bejis_2022__evia_2021_extended__manavgat_2021__montiferru_2021__mugla_2021/multi_aoi_transfer_matrix.csv",pr_auc
transfer_matrix,mugla_2021_to_manavgat_2021,mugla_2021,manavgat_2021,thermal_coral_after_regionwise_zscore_roc_auc,0.5604041725677953,0.5350207448580354,0.5869154761066447,"drive_new/diagnostics/multi_aoi_transfer_synthesis/bejis_2022__evia_2021_extended__manavgat_2021__montiferru_2021__mugla_2021/multi_aoi_transfer_matrix.csv",roc_auc
transfer_matrix,mugla_2021_to_manavgat_2021,mugla_2021,manavgat_2021,baseline_raw_source_only_pr_auc,0.03783686447417549,0.032492199664564535,0.043900722885099656,"drive_new/diagnostics/multi_aoi_transfer_synthesis/bejis_2022__evia_2021_extended__manavgat_2021__montiferru_2021__mugla_2021/multi_aoi_transfer_matrix.csv",pr_auc
transfer_matrix,mugla_2021_to_manavgat_2021,mugla_2021,manavgat_2021,baseline_raw_source_only_roc_auc,0.52151982986128,0.49661126008313305,0.5480918538080698,"drive_new/diagnostics/multi_aoi_transfer_synthesis/bejis_2022__evia_2021_extended__manavgat_2021__montiferru_2021__mugla_2021/multi_aoi_transfer_matrix.csv",roc_auc
transfer_matrix,mugla_2021_to_manavgat_2021,mugla_2021,manavgat_2021,baseline_regionwise_zscore_pr_auc,0.04812696774540205,0.04028379323654843,0.05678921072520378,"drive_new/diagnostics/multi_aoi_transfer_synthesis/bejis_2022__evia_2021_extended__manavgat_2021__montiferru_2021__mugla_2021/multi_aoi_transfer_matrix.csv",pr_auc
transfer_matrix,mugla_2021_to_manavgat_2021,mugla_2021,manavgat_2021,baseline_regionwise_zscore_roc_auc,0.5762350277719441,0.5476150047509709,0.6055727211040715,"drive_new/diagnostics/multi_aoi_transfer_synthesis/bejis_2022__evia_2021_extended__manavgat_2021__montiferru_2021__mugla_2021/multi_aoi_transfer_matrix.csv",roc_auc
transfer_matrix,mugla_2021_to_manavgat_2021,mugla_2021,manavgat_2021,baseline_coral_after_regionwise_zscore_pr_auc,0.047935830777332794,0.041186811194134434,0.05618168262698963,"drive_new/diagnostics/multi_aoi_transfer_synthesis/bejis_2022__evia_2021_extended__manavgat_2021__montiferru_2021__mugla_2021/multi_aoi_transfer_matrix.csv",pr_auc
transfer_matrix,mugla_2021_to_manavgat_2021,mugla_2021,manavgat_2021,baseline_coral_after_regionwise_zscore_roc_auc,0.6013406984936216,0.5774575624049685,0.6264962022372648,"drive_new/diagnostics/multi_aoi_transfer_synthesis/bejis_2022__evia_2021_extended__manavgat_2021__montiferru_2021__mugla_2021/multi_aoi_transfer_matrix.csv",roc_auc
transfer_matrix,mugla_2021_to_bejis_2022,mugla_2021,bejis_2022,thermal_raw_source_only_pr_auc,0.08827191688193281,0.07678634027602643,0.1023369929900934,"drive_new/diagnostics/multi_aoi_transfer_synthesis/bejis_2022__evia_2021_extended__manavgat_2021__montiferru_2021__mugla_2021/multi_aoi_transfer_matrix.csv",pr_auc
transfer_matrix,mugla_2021_to_bejis_2022,mugla_2021,bejis_2022,thermal_raw_source_only_roc_auc,0.5831912381443964,0.5606654572640564,0.6073082468046294,"drive_new/diagnostics/multi_aoi_transfer_synthesis/bejis_2022__evia_2021_extended__manavgat_2021__montiferru_2021__mugla_2021/multi_aoi_transfer_matrix.csv",roc_auc
transfer_matrix,mugla_2021_to_bejis_2022,mugla_2021,bejis_2022,thermal_regionwise_zscore_pr_auc,0.07218470691293462,0.06389721562413271,0.08188584294288359,"drive_new/diagnostics/multi_aoi_transfer_synthesis/bejis_2022__evia_2021_extended__manavgat_2021__montiferru_2021__mugla_2021/multi_aoi_transfer_matrix.csv",pr_auc
transfer_matrix,mugla_2021_to_bejis_2022,mugla_2021,bejis_2022,thermal_regionwise_zscore_roc_auc,0.5352625975869411,0.5124544199791791,0.5566333055543582,"drive_new/diagnostics/multi_aoi_transfer_synthesis/bejis_2022__evia_2021_extended__manavgat_2021__montiferru_2021__mugla_2021/multi_aoi_transfer_matrix.csv",roc_auc
transfer_matrix,mugla_2021_to_bejis_2022,mugla_2021,bejis_2022,thermal_coral_after_regionwise_zscore_pr_auc,0.0779051864706781,0.06866797021174889,0.08865025604564898,"drive_new/diagnostics/multi_aoi_transfer_synthesis/bejis_2022__evia_2021_extended__manavgat_2021__montiferru_2021__mugla_2021/multi_aoi_transfer_matrix.csv",pr_auc
transfer_matrix,mugla_2021_to_bejis_2022,mugla_2021,bejis_2022,thermal_coral_after_regionwise_zscore_roc_auc,0.560332344022195,0.537746956824107,0.5809565791531939,"drive_new/diagnostics/multi_aoi_transfer_synthesis/bejis_2022__evia_2021_extended__manavgat_2021__montiferru_2021__mugla_2021/multi_aoi_transfer_matrix.csv",roc_auc
transfer_matrix,mugla_2021_to_bejis_2022,mugla_2021,bejis_2022,baseline_raw_source_only_pr_auc,0.06416586588786181,0.05581853791463857,0.07391345771851175,"drive_new/diagnostics/multi_aoi_transfer_synthesis/bejis_2022__evia_2021_extended__manavgat_2021__montiferru_2021__mugla_2021/multi_aoi_transfer_matrix.csv",pr_auc
transfer_matrix,mugla_2021_to_bejis_2022,mugla_2021,bejis_2022,baseline_raw_source_only_roc_auc,0.4507383379572875,0.42501350278665395,0.4751079247909861,"drive_new/diagnostics/multi_aoi_transfer_synthesis/bejis_2022__evia_2021_extended__manavgat_2021__montiferru_2021__mugla_2021/multi_aoi_transfer_matrix.csv",roc_auc
transfer_matrix,mugla_2021_to_bejis_2022,mugla_2021,bejis_2022,baseline_regionwise_zscore_pr_auc,0.08524074242544247,0.07429035104465181,0.09728905992715318,"drive_new/diagnostics/multi_aoi_transfer_synthesis/bejis_2022__evia_2021_extended__manavgat_2021__montiferru_2021__mugla_2021/multi_aoi_transfer_matrix.csv",pr_auc
transfer_matrix,mugla_2021_to_bejis_2022,mugla_2021,bejis_2022,baseline_regionwise_zscore_roc_auc,0.573885605522937,0.5460276410544633,0.5993454157941586,"drive_new/diagnostics/multi_aoi_transfer_synthesis/bejis_2022__evia_2021_extended__manavgat_2021__montiferru_2021__mugla_2021/multi_aoi_transfer_matrix.csv",roc_auc
transfer_matrix,mugla_2021_to_bejis_2022,mugla_2021,bejis_2022,baseline_coral_after_regionwise_zscore_pr_auc,0.09560302736750559,0.08277576900755991,0.1097935349033282,"drive_new/diagnostics/multi_aoi_transfer_synthesis/bejis_2022__evia_2021_extended__manavgat_2021__montiferru_2021__mugla_2021/multi_aoi_transfer_matrix.csv",pr_auc
transfer_matrix,mugla_2021_to_bejis_2022,mugla_2021,bejis_2022,baseline_coral_after_regionwise_zscore_roc_auc,0.6087499838699271,0.5811961217370522,0.6318741920473697,"drive_new/diagnostics/multi_aoi_transfer_synthesis/bejis_2022__evia_2021_extended__manavgat_2021__montiferru_2021__mugla_2021/multi_aoi_transfer_matrix.csv",roc_auc
transfer_matrix,mugla_2021_to_evia_2021_extended,mugla_2021,evia_2021_extended,thermal_raw_source_only_pr_auc,0.37875246411339963,0.3498527753000058,0.4090331122089243,"drive_new/diagnostics/multi_aoi_transfer_synthesis/bejis_2022__evia_2021_extended__manavgat_2021__montiferru_2021__mugla_2021/multi_aoi_transfer_matrix.csv",pr_auc
transfer_matrix,mugla_2021_to_evia_2021_extended,mugla_2021,evia_2021_extended,thermal_raw_source_only_roc_auc,0.6534051763551312,0.6363728508589772,0.6713614397467457,"drive_new/diagnostics/multi_aoi_transfer_synthesis/bejis_2022__evia_2021_extended__manavgat_2021__montiferru_2021__mugla_2021/multi_aoi_transfer_matrix.csv",roc_auc
transfer_matrix,mugla_2021_to_evia_2021_extended,mugla_2021,evia_2021_extended,thermal_regionwise_zscore_pr_auc,0.2928117862149897,0.27317027791716647,0.3149321885082713,"drive_new/diagnostics/multi_aoi_transfer_synthesis/bejis_2022__evia_2021_extended__manavgat_2021__montiferru_2021__mugla_2021/multi_aoi_transfer_matrix.csv",pr_auc
transfer_matrix,mugla_2021_to_evia_2021_extended,mugla_2021,evia_2021_extended,thermal_regionwise_zscore_roc_auc,0.5613249007976924,0.5425937242083649,0.5799223988953973,"drive_new/diagnostics/multi_aoi_transfer_synthesis/bejis_2022__evia_2021_extended__manavgat_2021__montiferru_2021__mugla_2021/multi_aoi_transfer_matrix.csv",roc_auc
transfer_matrix,mugla_2021_to_evia_2021_extended,mugla_2021,evia_2021_extended,thermal_coral_after_regionwise_zscore_pr_auc,0.2940616170972712,0.27393476556741025,0.3157776271942127,"drive_new/diagnostics/multi_aoi_transfer_synthesis/bejis_2022__evia_2021_extended__manavgat_2021__montiferru_2021__mugla_2021/multi_aoi_transfer_matrix.csv",pr_auc
transfer_matrix,mugla_2021_to_evia_2021_extended,mugla_2021,evia_2021_extended,thermal_coral_after_regionwise_zscore_roc_auc,0.5632802590803043,0.5453443768848242,0.5824200701235744,"drive_new/diagnostics/multi_aoi_transfer_synthesis/bejis_2022__evia_2021_extended__manavgat_2021__montiferru_2021__mugla_2021/multi_aoi_transfer_matrix.csv",roc_auc
transfer_matrix,mugla_2021_to_evia_2021_extended,mugla_2021,evia_2021_extended,baseline_raw_source_only_pr_auc,0.34369850447793965,0.31816449442014416,0.37173034483406675,"drive_new/diagnostics/multi_aoi_transfer_synthesis/bejis_2022__evia_2021_extended__manavgat_2021__montiferru_2021__mugla_2021/multi_aoi_transfer_matrix.csv",pr_auc
transfer_matrix,mugla_2021_to_evia_2021_extended,mugla_2021,evia_2021_extended,baseline_raw_source_only_roc_auc,0.5997551855443022,0.5815470194523314,0.6200975692432298,"drive_new/diagnostics/multi_aoi_transfer_synthesis/bejis_2022__evia_2021_extended__manavgat_2021__montiferru_2021__mugla_2021/multi_aoi_transfer_matrix.csv",roc_auc
transfer_matrix,mugla_2021_to_evia_2021_extended,mugla_2021,evia_2021_extended,baseline_regionwise_zscore_pr_auc,0.2893900438523016,0.268787198681515,0.31136452166553913,"drive_new/diagnostics/multi_aoi_transfer_synthesis/bejis_2022__evia_2021_extended__manavgat_2021__montiferru_2021__mugla_2021/multi_aoi_transfer_matrix.csv",pr_auc
transfer_matrix,mugla_2021_to_evia_2021_extended,mugla_2021,evia_2021_extended,baseline_regionwise_zscore_roc_auc,0.544376397048239,0.5266899778437787,0.5629652180537331,"drive_new/diagnostics/multi_aoi_transfer_synthesis/bejis_2022__evia_2021_extended__manavgat_2021__montiferru_2021__mugla_2021/multi_aoi_transfer_matrix.csv",roc_auc
transfer_matrix,mugla_2021_to_evia_2021_extended,mugla_2021,evia_2021_extended,baseline_coral_after_regionwise_zscore_pr_auc,0.29705407170870424,0.2757052532885047,0.31967781444956783,"drive_new/diagnostics/multi_aoi_transfer_synthesis/bejis_2022__evia_2021_extended__manavgat_2021__montiferru_2021__mugla_2021/multi_aoi_transfer_matrix.csv",pr_auc
transfer_matrix,mugla_2021_to_evia_2021_extended,mugla_2021,evia_2021_extended,baseline_coral_after_regionwise_zscore_roc_auc,0.5526286291567419,0.5344509104335459,0.5711512676778622,"drive_new/diagnostics/multi_aoi_transfer_synthesis/bejis_2022__evia_2021_extended__manavgat_2021__montiferru_2021__mugla_2021/multi_aoi_transfer_matrix.csv",roc_auc
transfer_matrix,mugla_2021_to_montiferru_2021,mugla_2021,montiferru_2021,thermal_raw_source_only_pr_auc,0.21430398922752314,0.18151383206293814,0.24969667886363422,"drive_new/diagnostics/multi_aoi_transfer_synthesis/bejis_2022__evia_2021_extended__manavgat_2021__montiferru_2021__mugla_2021/multi_aoi_transfer_matrix.csv",pr_auc
transfer_matrix,mugla_2021_to_montiferru_2021,mugla_2021,montiferru_2021,thermal_raw_source_only_roc_auc,0.5312433202707516,0.4945820166635634,0.567525836738845,"drive_new/diagnostics/multi_aoi_transfer_synthesis/bejis_2022__evia_2021_extended__manavgat_2021__montiferru_2021__mugla_2021/multi_aoi_transfer_matrix.csv",roc_auc
transfer_matrix,mugla_2021_to_montiferru_2021,mugla_2021,montiferru_2021,thermal_regionwise_zscore_pr_auc,0.27610255992602845,0.22589968062370858,0.33014711744847913,"drive_new/diagnostics/multi_aoi_transfer_synthesis/bejis_2022__evia_2021_extended__manavgat_2021__montiferru_2021__mugla_2021/multi_aoi_transfer_matrix.csv",pr_auc
transfer_matrix,mugla_2021_to_montiferru_2021,mugla_2021,montiferru_2021,thermal_regionwise_zscore_roc_auc,0.5870111363520698,0.5494272968236976,0.6241094993220929,"drive_new/diagnostics/multi_aoi_transfer_synthesis/bejis_2022__evia_2021_extended__manavgat_2021__montiferru_2021__mugla_2021/multi_aoi_transfer_matrix.csv",roc_auc
transfer_matrix,mugla_2021_to_montiferru_2021,mugla_2021,montiferru_2021,thermal_coral_after_regionwise_zscore_pr_auc,0.2744481546270525,0.22908329862796212,0.32685545377944986,"drive_new/diagnostics/multi_aoi_transfer_synthesis/bejis_2022__evia_2021_extended__manavgat_2021__montiferru_2021__mugla_2021/multi_aoi_transfer_matrix.csv",pr_auc
transfer_matrix,mugla_2021_to_montiferru_2021,mugla_2021,montiferru_2021,thermal_coral_after_regionwise_zscore_roc_auc,0.583848356844438,0.546609250527778,0.6228974652038468,"drive_new/diagnostics/multi_aoi_transfer_synthesis/bejis_2022__evia_2021_extended__manavgat_2021__montiferru_2021__mugla_2021/multi_aoi_transfer_matrix.csv",roc_auc
transfer_matrix,mugla_2021_to_montiferru_2021,mugla_2021,montiferru_2021,baseline_raw_source_only_pr_auc,0.2825954007520012,0.23422978839277364,0.33848199351949143,"drive_new/diagnostics/multi_aoi_transfer_synthesis/bejis_2022__evia_2021_extended__manavgat_2021__montiferru_2021__mugla_2021/multi_aoi_transfer_matrix.csv",pr_auc
transfer_matrix,mugla_2021_to_montiferru_2021,mugla_2021,montiferru_2021,baseline_raw_source_only_roc_auc,0.6105251713018012,0.5707068969179695,0.6533693535767473,"drive_new/diagnostics/multi_aoi_transfer_synthesis/bejis_2022__evia_2021_extended__manavgat_2021__montiferru_2021__mugla_2021/multi_aoi_transfer_matrix.csv",roc_auc
transfer_matrix,mugla_2021_to_montiferru_2021,mugla_2021,montiferru_2021,baseline_regionwise_zscore_pr_auc,0.36967446378660795,0.30775833752862475,0.43408769895466986,"drive_new/diagnostics/multi_aoi_transfer_synthesis/bejis_2022__evia_2021_extended__manavgat_2021__montiferru_2021__mugla_2021/multi_aoi_transfer_matrix.csv",pr_auc
transfer_matrix,mugla_2021_to_montiferru_2021,mugla_2021,montiferru_2021,baseline_regionwise_zscore_roc_auc,0.651472432092311,0.6143168306351452,0.6888286947958028,"drive_new/diagnostics/multi_aoi_transfer_synthesis/bejis_2022__evia_2021_extended__manavgat_2021__montiferru_2021__mugla_2021/multi_aoi_transfer_matrix.csv",roc_auc
transfer_matrix,mugla_2021_to_montiferru_2021,mugla_2021,montiferru_2021,baseline_coral_after_regionwise_zscore_pr_auc,0.3427788269281981,0.2804632452775137,0.40597702827839166,"drive_new/diagnostics/multi_aoi_transfer_synthesis/bejis_2022__evia_2021_extended__manavgat_2021__montiferru_2021__mugla_2021/multi_aoi_transfer_matrix.csv",pr_auc
transfer_matrix,mugla_2021_to_montiferru_2021,mugla_2021,montiferru_2021,baseline_coral_after_regionwise_zscore_roc_auc,0.6170547656831946,0.5773693763133949,0.6558631749909002,"drive_new/diagnostics/multi_aoi_transfer_synthesis/bejis_2022__evia_2021_extended__manavgat_2021__montiferru_2021__mugla_2021/multi_aoi_transfer_matrix.csv",roc_auc
transfer_matrix,evia_2021_extended_to_manavgat_2021,evia_2021_extended,manavgat_2021,thermal_raw_source_only_pr_auc,0.0937917104825443,0.07595117228088043,0.11681716946988023,"drive_new/diagnostics/multi_aoi_transfer_synthesis/bejis_2022__evia_2021_extended__manavgat_2021__montiferru_2021__mugla_2021/multi_aoi_transfer_matrix.csv",pr_auc
transfer_matrix,evia_2021_extended_to_manavgat_2021,evia_2021_extended,manavgat_2021,thermal_raw_source_only_roc_auc,0.6857777670301659,0.6529112976117774,0.716409771259136,"drive_new/diagnostics/multi_aoi_transfer_synthesis/bejis_2022__evia_2021_extended__manavgat_2021__montiferru_2021__mugla_2021/multi_aoi_transfer_matrix.csv",roc_auc
transfer_matrix,evia_2021_extended_to_manavgat_2021,evia_2021_extended,manavgat_2021,thermal_regionwise_zscore_pr_auc,0.0361148483525623,0.031142451776118754,0.041582873106973214,"drive_new/diagnostics/multi_aoi_transfer_synthesis/bejis_2022__evia_2021_extended__manavgat_2021__montiferru_2021__mugla_2021/multi_aoi_transfer_matrix.csv",pr_auc
transfer_matrix,evia_2021_extended_to_manavgat_2021,evia_2021_extended,manavgat_2021,thermal_regionwise_zscore_roc_auc,0.5163020833872151,0.4889308094010603,0.5436458184872212,"drive_new/diagnostics/multi_aoi_transfer_synthesis/bejis_2022__evia_2021_extended__manavgat_2021__montiferru_2021__mugla_2021/multi_aoi_transfer_matrix.csv",roc_auc
transfer_matrix,evia_2021_extended_to_manavgat_2021,evia_2021_extended,manavgat_2021,thermal_coral_after_regionwise_zscore_pr_auc,0.03714901754373766,0.0320495648671702,0.04285959972103297,"drive_new/diagnostics/multi_aoi_transfer_synthesis/bejis_2022__evia_2021_extended__manavgat_2021__montiferru_2021__mugla_2021/multi_aoi_transfer_matrix.csv",pr_auc
transfer_matrix,evia_2021_extended_to_manavgat_2021,evia_2021_extended,manavgat_2021,thermal_coral_after_regionwise_zscore_roc_auc,0.5273082809947622,0.49987761684651044,0.552824569666375,"drive_new/diagnostics/multi_aoi_transfer_synthesis/bejis_2022__evia_2021_extended__manavgat_2021__montiferru_2021__mugla_2021/multi_aoi_transfer_matrix.csv",roc_auc
transfer_matrix,evia_2021_extended_to_manavgat_2021,evia_2021_extended,manavgat_2021,baseline_raw_source_only_pr_auc,0.07677911283168139,0.06370948339296449,0.0938913073176206,"drive_new/diagnostics/multi_aoi_transfer_synthesis/bejis_2022__evia_2021_extended__manavgat_2021__montiferru_2021__mugla_2021/multi_aoi_transfer_matrix.csv",pr_auc
transfer_matrix,evia_2021_extended_to_manavgat_2021,evia_2021_extended,manavgat_2021,baseline_raw_source_only_roc_auc,0.6757598037187198,0.6416022619609535,0.7104881011907781,"drive_new/diagnostics/multi_aoi_transfer_synthesis/bejis_2022__evia_2021_extended__manavgat_2021__montiferru_2021__mugla_2021/multi_aoi_transfer_matrix.csv",roc_auc
transfer_matrix,evia_2021_extended_to_manavgat_2021,evia_2021_extended,manavgat_2021,baseline_regionwise_zscore_pr_auc,0.04337220381788079,0.03681338231533237,0.0501979399504564,"drive_new/diagnostics/multi_aoi_transfer_synthesis/bejis_2022__evia_2021_extended__manavgat_2021__montiferru_2021__mugla_2021/multi_aoi_transfer_matrix.csv",pr_auc
transfer_matrix,evia_2021_extended_to_manavgat_2021,evia_2021_extended,manavgat_2021,baseline_regionwise_zscore_roc_auc,0.5749988296885136,0.5481204644119825,0.6004423919417186,"drive_new/diagnostics/multi_aoi_transfer_synthesis/bejis_2022__evia_2021_extended__manavgat_2021__montiferru_2021__mugla_2021/multi_aoi_transfer_matrix.csv",roc_auc
transfer_matrix,evia_2021_extended_to_manavgat_2021,evia_2021_extended,manavgat_2021,baseline_coral_after_regionwise_zscore_pr_auc,0.043947626632035455,0.03743245368038629,0.051197275894239766,"drive_new/diagnostics/multi_aoi_transfer_synthesis/bejis_2022__evia_2021_extended__manavgat_2021__montiferru_2021__mugla_2021/multi_aoi_transfer_matrix.csv",pr_auc
transfer_matrix,evia_2021_extended_to_manavgat_2021,evia_2021_extended,manavgat_2021,baseline_coral_after_regionwise_zscore_roc_auc,0.5719880902378693,0.5443183463077348,0.599536055628999,"drive_new/diagnostics/multi_aoi_transfer_synthesis/bejis_2022__evia_2021_extended__manavgat_2021__montiferru_2021__mugla_2021/multi_aoi_transfer_matrix.csv",roc_auc
transfer_matrix,evia_2021_extended_to_bejis_2022,evia_2021_extended,bejis_2022,thermal_raw_source_only_pr_auc,0.059184248321390825,0.052661060795988035,0.06688558240740061,"drive_new/diagnostics/multi_aoi_transfer_synthesis/bejis_2022__evia_2021_extended__manavgat_2021__montiferru_2021__mugla_2021/multi_aoi_transfer_matrix.csv",pr_auc
transfer_matrix,evia_2021_extended_to_bejis_2022,evia_2021_extended,bejis_2022,thermal_raw_source_only_roc_auc,0.4480079359958707,0.4257771326040634,0.46987676554785857,"drive_new/diagnostics/multi_aoi_transfer_synthesis/bejis_2022__evia_2021_extended__manavgat_2021__montiferru_2021__mugla_2021/multi_aoi_transfer_matrix.csv",roc_auc
transfer_matrix,evia_2021_extended_to_bejis_2022,evia_2021_extended,bejis_2022,thermal_regionwise_zscore_pr_auc,0.07655262154444524,0.06740686004261968,0.08726406217839498,"drive_new/diagnostics/multi_aoi_transfer_synthesis/bejis_2022__evia_2021_extended__manavgat_2021__montiferru_2021__mugla_2021/multi_aoi_transfer_matrix.csv",pr_auc
transfer_matrix,evia_2021_extended_to_bejis_2022,evia_2021_extended,bejis_2022,thermal_regionwise_zscore_roc_auc,0.5494716433318279,0.5239327513919875,0.5752930612358387,"drive_new/diagnostics/multi_aoi_transfer_synthesis/bejis_2022__evia_2021_extended__manavgat_2021__montiferru_2021__mugla_2021/multi_aoi_transfer_matrix.csv",roc_auc
transfer_matrix,evia_2021_extended_to_bejis_2022,evia_2021_extended,bejis_2022,thermal_coral_after_regionwise_zscore_pr_auc,0.0745688917143,0.06614137264545077,0.08443458702133318,"drive_new/diagnostics/multi_aoi_transfer_synthesis/bejis_2022__evia_2021_extended__manavgat_2021__montiferru_2021__mugla_2021/multi_aoi_transfer_matrix.csv",pr_auc
transfer_matrix,evia_2021_extended_to_bejis_2022,evia_2021_extended,bejis_2022,thermal_coral_after_regionwise_zscore_roc_auc,0.5489253500225821,0.525074567158925,0.5734955434916881,"drive_new/diagnostics/multi_aoi_transfer_synthesis/bejis_2022__evia_2021_extended__manavgat_2021__montiferru_2021__mugla_2021/multi_aoi_transfer_matrix.csv",roc_auc
transfer_matrix,evia_2021_extended_to_bejis_2022,evia_2021_extended,bejis_2022,baseline_raw_source_only_pr_auc,0.053976090011806165,0.0480451860125357,0.06094136796691142,"drive_new/diagnostics/multi_aoi_transfer_synthesis/bejis_2022__evia_2021_extended__manavgat_2021__montiferru_2021__mugla_2021/multi_aoi_transfer_matrix.csv",pr_auc
transfer_matrix,evia_2021_extended_to_bejis_2022,evia_2021_extended,bejis_2022,baseline_raw_source_only_roc_auc,0.3917341441383315,0.3691127263898981,0.415099646274749,"drive_new/diagnostics/multi_aoi_transfer_synthesis/bejis_2022__evia_2021_extended__manavgat_2021__montiferru_2021__mugla_2021/multi_aoi_transfer_matrix.csv",roc_auc
transfer_matrix,evia_2021_extended_to_bejis_2022,evia_2021_extended,bejis_2022,baseline_regionwise_zscore_pr_auc,0.06921134093051388,0.06038254860999912,0.08078432399448801,"drive_new/diagnostics/multi_aoi_transfer_synthesis/bejis_2022__evia_2021_extended__manavgat_2021__montiferru_2021__mugla_2021/multi_aoi_transfer_matrix.csv",pr_auc
transfer_matrix,evia_2021_extended_to_bejis_2022,evia_2021_extended,bejis_2022,baseline_regionwise_zscore_roc_auc,0.48099683850571007,0.4561244106101535,0.5082139470784642,"drive_new/diagnostics/multi_aoi_transfer_synthesis/bejis_2022__evia_2021_extended__manavgat_2021__montiferru_2021__mugla_2021/multi_aoi_transfer_matrix.csv",roc_auc
transfer_matrix,evia_2021_extended_to_bejis_2022,evia_2021_extended,bejis_2022,baseline_coral_after_regionwise_zscore_pr_auc,0.070481275873518,0.06144552334525187,0.08197908810143405,"drive_new/diagnostics/multi_aoi_transfer_synthesis/bejis_2022__evia_2021_extended__manavgat_2021__montiferru_2021__mugla_2021/multi_aoi_transfer_matrix.csv",pr_auc
transfer_matrix,evia_2021_extended_to_bejis_2022,evia_2021_extended,bejis_2022,baseline_coral_after_regionwise_zscore_roc_auc,0.4862510807148849,0.4602416359377028,0.5132165721221006,"drive_new/diagnostics/multi_aoi_transfer_synthesis/bejis_2022__evia_2021_extended__manavgat_2021__montiferru_2021__mugla_2021/multi_aoi_transfer_matrix.csv",roc_auc
transfer_matrix,evia_2021_extended_to_mugla_2021,evia_2021_extended,mugla_2021,thermal_raw_source_only_pr_auc,0.08561939439002765,0.07825126199944411,0.09349599579072404,"drive_new/diagnostics/multi_aoi_transfer_synthesis/bejis_2022__evia_2021_extended__manavgat_2021__montiferru_2021__mugla_2021/multi_aoi_transfer_matrix.csv",pr_auc
transfer_matrix,evia_2021_extended_to_mugla_2021,evia_2021_extended,mugla_2021,thermal_raw_source_only_roc_auc,0.576836486299561,0.5597352372977346,0.5925311618284088,"drive_new/diagnostics/multi_aoi_transfer_synthesis/bejis_2022__evia_2021_extended__manavgat_2021__montiferru_2021__mugla_2021/multi_aoi_transfer_matrix.csv",roc_auc
transfer_matrix,evia_2021_extended_to_mugla_2021,evia_2021_extended,mugla_2021,thermal_regionwise_zscore_pr_auc,0.0664215647014893,0.061116173022769116,0.07212028308524354,"drive_new/diagnostics/multi_aoi_transfer_synthesis/bejis_2022__evia_2021_extended__manavgat_2021__montiferru_2021__mugla_2021/multi_aoi_transfer_matrix.csv",pr_auc
transfer_matrix,evia_2021_extended_to_mugla_2021,evia_2021_extended,mugla_2021,thermal_regionwise_zscore_roc_auc,0.5013427713990719,0.48529203907811,0.5178266905607353,"drive_new/diagnostics/multi_aoi_transfer_synthesis/bejis_2022__evia_2021_extended__manavgat_2021__montiferru_2021__mugla_2021/multi_aoi_transfer_matrix.csv",roc_auc
transfer_matrix,evia_2021_extended_to_mugla_2021,evia_2021_extended,mugla_2021,thermal_coral_after_regionwise_zscore_pr_auc,0.0717027194431094,0.06594484613956664,0.07770733807594371,"drive_new/diagnostics/multi_aoi_transfer_synthesis/bejis_2022__evia_2021_extended__manavgat_2021__montiferru_2021__mugla_2021/multi_aoi_transfer_matrix.csv",pr_auc
transfer_matrix,evia_2021_extended_to_mugla_2021,evia_2021_extended,mugla_2021,thermal_coral_after_regionwise_zscore_roc_auc,0.5302390241229922,0.514515120199803,0.5463484994608052,"drive_new/diagnostics/multi_aoi_transfer_synthesis/bejis_2022__evia_2021_extended__manavgat_2021__montiferru_2021__mugla_2021/multi_aoi_transfer_matrix.csv",roc_auc
transfer_matrix,evia_2021_extended_to_mugla_2021,evia_2021_extended,mugla_2021,baseline_raw_source_only_pr_auc,0.0816148991849096,0.07371398144139037,0.09085573943815818,"drive_new/diagnostics/multi_aoi_transfer_synthesis/bejis_2022__evia_2021_extended__manavgat_2021__montiferru_2021__mugla_2021/multi_aoi_transfer_matrix.csv",pr_auc
transfer_matrix,evia_2021_extended_to_mugla_2021,evia_2021_extended,mugla_2021,baseline_raw_source_only_roc_auc,0.5125008330596732,0.49120462540866555,0.5320623140941606,"drive_new/diagnostics/multi_aoi_transfer_synthesis/bejis_2022__evia_2021_extended__manavgat_2021__montiferru_2021__mugla_2021/multi_aoi_transfer_matrix.csv",roc_auc
transfer_matrix,evia_2021_extended_to_mugla_2021,evia_2021_extended,mugla_2021,baseline_regionwise_zscore_pr_auc,0.06735732015256826,0.061469181151865,0.07338675540524184,"drive_new/diagnostics/multi_aoi_transfer_synthesis/bejis_2022__evia_2021_extended__manavgat_2021__montiferru_2021__mugla_2021/multi_aoi_transfer_matrix.csv",pr_auc
transfer_matrix,evia_2021_extended_to_mugla_2021,evia_2021_extended,mugla_2021,baseline_regionwise_zscore_roc_auc,0.49020030679250415,0.47171621760745563,0.5062106062434975,"drive_new/diagnostics/multi_aoi_transfer_synthesis/bejis_2022__evia_2021_extended__manavgat_2021__montiferru_2021__mugla_2021/multi_aoi_transfer_matrix.csv",roc_auc
transfer_matrix,evia_2021_extended_to_mugla_2021,evia_2021_extended,mugla_2021,baseline_coral_after_regionwise_zscore_pr_auc,0.06940963928638907,0.06353241781331655,0.07542794087399385,"drive_new/diagnostics/multi_aoi_transfer_synthesis/bejis_2022__evia_2021_extended__manavgat_2021__montiferru_2021__mugla_2021/multi_aoi_transfer_matrix.csv",pr_auc
transfer_matrix,evia_2021_extended_to_mugla_2021,evia_2021_extended,mugla_2021,baseline_coral_after_regionwise_zscore_roc_auc,0.49769089265404776,0.4800665317584893,0.5138536914379345,"drive_new/diagnostics/multi_aoi_transfer_synthesis/bejis_2022__evia_2021_extended__manavgat_2021__montiferru_2021__mugla_2021/multi_aoi_transfer_matrix.csv",roc_auc
transfer_matrix,evia_2021_extended_to_montiferru_2021,evia_2021_extended,montiferru_2021,thermal_raw_source_only_pr_auc,0.2829027511086257,0.23928644932833287,0.3313673566232759,"drive_new/diagnostics/multi_aoi_transfer_synthesis/bejis_2022__evia_2021_extended__manavgat_2021__montiferru_2021__mugla_2021/multi_aoi_transfer_matrix.csv",pr_auc
transfer_matrix,evia_2021_extended_to_montiferru_2021,evia_2021_extended,montiferru_2021,thermal_raw_source_only_roc_auc,0.6467042042389389,0.6076923033613082,0.6823574673192492,"drive_new/diagnostics/multi_aoi_transfer_synthesis/bejis_2022__evia_2021_extended__manavgat_2021__montiferru_2021__mugla_2021/multi_aoi_transfer_matrix.csv",roc_auc
transfer_matrix,evia_2021_extended_to_montiferru_2021,evia_2021_extended,montiferru_2021,thermal_regionwise_zscore_pr_auc,0.23633483418520781,0.2007858422391352,0.27662065874574876,"drive_new/diagnostics/multi_aoi_transfer_synthesis/bejis_2022__evia_2021_extended__manavgat_2021__montiferru_2021__mugla_2021/multi_aoi_transfer_matrix.csv",pr_auc
transfer_matrix,evia_2021_extended_to_montiferru_2021,evia_2021_extended,montiferru_2021,thermal_regionwise_zscore_roc_auc,0.5676115832866812,0.527835991770352,0.6085431314591581,"drive_new/diagnostics/multi_aoi_transfer_synthesis/bejis_2022__evia_2021_extended__manavgat_2021__montiferru_2021__mugla_2021/multi_aoi_transfer_matrix.csv",roc_auc
transfer_matrix,evia_2021_extended_to_montiferru_2021,evia_2021_extended,montiferru_2021,thermal_coral_after_regionwise_zscore_pr_auc,0.23809602559935178,0.20172639261025435,0.2787344606435681,"drive_new/diagnostics/multi_aoi_transfer_synthesis/bejis_2022__evia_2021_extended__manavgat_2021__montiferru_2021__mugla_2021/multi_aoi_transfer_matrix.csv",pr_auc
transfer_matrix,evia_2021_extended_to_montiferru_2021,evia_2021_extended,montiferru_2021,thermal_coral_after_regionwise_zscore_roc_auc,0.5814674815743572,0.5392032021202131,0.6234716065110919,"drive_new/diagnostics/multi_aoi_transfer_synthesis/bejis_2022__evia_2021_extended__manavgat_2021__montiferru_2021__mugla_2021/multi_aoi_transfer_matrix.csv",roc_auc
transfer_matrix,evia_2021_extended_to_montiferru_2021,evia_2021_extended,montiferru_2021,baseline_raw_source_only_pr_auc,0.25786601392099906,0.21592833638881095,0.3034415538831641,"drive_new/diagnostics/multi_aoi_transfer_synthesis/bejis_2022__evia_2021_extended__manavgat_2021__montiferru_2021__mugla_2021/multi_aoi_transfer_matrix.csv",pr_auc
transfer_matrix,evia_2021_extended_to_montiferru_2021,evia_2021_extended,montiferru_2021,baseline_raw_source_only_roc_auc,0.5494242131221113,0.5124112445618861,0.5899330148393352,"drive_new/diagnostics/multi_aoi_transfer_synthesis/bejis_2022__evia_2021_extended__manavgat_2021__montiferru_2021__mugla_2021/multi_aoi_transfer_matrix.csv",roc_auc
transfer_matrix,evia_2021_extended_to_montiferru_2021,evia_2021_extended,montiferru_2021,baseline_regionwise_zscore_pr_auc,0.22451495571798052,0.19073422876948162,0.2618904159156886,"drive_new/diagnostics/multi_aoi_transfer_synthesis/bejis_2022__evia_2021_extended__manavgat_2021__montiferru_2021__mugla_2021/multi_aoi_transfer_matrix.csv",pr_auc
transfer_matrix,evia_2021_extended_to_montiferru_2021,evia_2021_extended,montiferru_2021,baseline_regionwise_zscore_roc_auc,0.5194629382018053,0.4791979563478967,0.5603657912433049,"drive_new/diagnostics/multi_aoi_transfer_synthesis/bejis_2022__evia_2021_extended__manavgat_2021__montiferru_2021__mugla_2021/multi_aoi_transfer_matrix.csv",roc_auc
transfer_matrix,evia_2021_extended_to_montiferru_2021,evia_2021_extended,montiferru_2021,baseline_coral_after_regionwise_zscore_pr_auc,0.23133401221207267,0.1971437123376982,0.2700954979751015,"drive_new/diagnostics/multi_aoi_transfer_synthesis/bejis_2022__evia_2021_extended__manavgat_2021__montiferru_2021__mugla_2021/multi_aoi_transfer_matrix.csv",pr_auc
transfer_matrix,evia_2021_extended_to_montiferru_2021,evia_2021_extended,montiferru_2021,baseline_coral_after_regionwise_zscore_roc_auc,0.5188013269238777,0.4782035190605931,0.5597801279343003,"drive_new/diagnostics/multi_aoi_transfer_synthesis/bejis_2022__evia_2021_extended__manavgat_2021__montiferru_2021__mugla_2021/multi_aoi_transfer_matrix.csv",roc_auc
transfer_matrix,montiferru_2021_to_manavgat_2021,montiferru_2021,manavgat_2021,thermal_raw_source_only_pr_auc,0.042455374077607064,0.036045908992744936,0.04936217233653568,"drive_new/diagnostics/multi_aoi_transfer_synthesis/bejis_2022__evia_2021_extended__manavgat_2021__montiferru_2021__mugla_2021/multi_aoi_transfer_matrix.csv",pr_auc
transfer_matrix,montiferru_2021_to_manavgat_2021,montiferru_2021,manavgat_2021,thermal_raw_source_only_roc_auc,0.5670426836522615,0.538574289853729,0.5938111273062514,"drive_new/diagnostics/multi_aoi_transfer_synthesis/bejis_2022__evia_2021_extended__manavgat_2021__montiferru_2021__mugla_2021/multi_aoi_transfer_matrix.csv",roc_auc
transfer_matrix,montiferru_2021_to_manavgat_2021,montiferru_2021,manavgat_2021,thermal_regionwise_zscore_pr_auc,0.054313527011089956,0.044392154658830715,0.06681308042990251,"drive_new/diagnostics/multi_aoi_transfer_synthesis/bejis_2022__evia_2021_extended__manavgat_2021__montiferru_2021__mugla_2021/multi_aoi_transfer_matrix.csv",pr_auc
transfer_matrix,montiferru_2021_to_manavgat_2021,montiferru_2021,manavgat_2021,thermal_regionwise_zscore_roc_auc,0.5732315623567823,0.5378175547085827,0.6087978917552037,"drive_new/diagnostics/multi_aoi_transfer_synthesis/bejis_2022__evia_2021_extended__manavgat_2021__montiferru_2021__mugla_2021/multi_aoi_transfer_matrix.csv",roc_auc
transfer_matrix,montiferru_2021_to_manavgat_2021,montiferru_2021,manavgat_2021,thermal_coral_after_regionwise_zscore_pr_auc,0.05339116766232588,0.044711053957861124,0.06319395556425093,"drive_new/diagnostics/multi_aoi_transfer_synthesis/bejis_2022__evia_2021_extended__manavgat_2021__montiferru_2021__mugla_2021/multi_aoi_transfer_matrix.csv",pr_auc
transfer_matrix,montiferru_2021_to_manavgat_2021,montiferru_2021,manavgat_2021,thermal_coral_after_regionwise_zscore_roc_auc,0.6060780030063426,0.5742356517605832,0.6385605092364502,"drive_new/diagnostics/multi_aoi_transfer_synthesis/bejis_2022__evia_2021_extended__manavgat_2021__montiferru_2021__mugla_2021/multi_aoi_transfer_matrix.csv",roc_auc
transfer_matrix,montiferru_2021_to_manavgat_2021,montiferru_2021,manavgat_2021,baseline_raw_source_only_pr_auc,0.03700488168289126,0.03157894746879488,0.043554298642914456,"drive_new/diagnostics/multi_aoi_transfer_synthesis/bejis_2022__evia_2021_extended__manavgat_2021__montiferru_2021__mugla_2021/multi_aoi_transfer_matrix.csv",pr_auc
transfer_matrix,montiferru_2021_to_manavgat_2021,montiferru_2021,manavgat_2021,baseline_raw_source_only_roc_auc,0.5018395227508553,0.47179948226545876,0.5340309669317703,"drive_new/diagnostics/multi_aoi_transfer_synthesis/bejis_2022__evia_2021_extended__manavgat_2021__montiferru_2021__mugla_2021/multi_aoi_transfer_matrix.csv",roc_auc
transfer_matrix,montiferru_2021_to_manavgat_2021,montiferru_2021,manavgat_2021,baseline_regionwise_zscore_pr_auc,0.06328136297498026,0.052724725219444026,0.07608172206775542,"drive_new/diagnostics/multi_aoi_transfer_synthesis/bejis_2022__evia_2021_extended__manavgat_2021__montiferru_2021__mugla_2021/multi_aoi_transfer_matrix.csv",pr_auc
transfer_matrix,montiferru_2021_to_manavgat_2021,montiferru_2021,manavgat_2021,baseline_regionwise_zscore_roc_auc,0.6528743949295641,0.6240789708239366,0.681405358643532,"drive_new/diagnostics/multi_aoi_transfer_synthesis/bejis_2022__evia_2021_extended__manavgat_2021__montiferru_2021__mugla_2021/multi_aoi_transfer_matrix.csv",roc_auc
transfer_matrix,montiferru_2021_to_manavgat_2021,montiferru_2021,manavgat_2021,baseline_coral_after_regionwise_zscore_pr_auc,0.066356690050416,0.05673551761225649,0.07799557741732893,"drive_new/diagnostics/multi_aoi_transfer_synthesis/bejis_2022__evia_2021_extended__manavgat_2021__montiferru_2021__mugla_2021/multi_aoi_transfer_matrix.csv",pr_auc
transfer_matrix,montiferru_2021_to_manavgat_2021,montiferru_2021,manavgat_2021,baseline_coral_after_regionwise_zscore_roc_auc,0.6815443107085182,0.6571369558035665,0.7046380558928362,"drive_new/diagnostics/multi_aoi_transfer_synthesis/bejis_2022__evia_2021_extended__manavgat_2021__montiferru_2021__mugla_2021/multi_aoi_transfer_matrix.csv",roc_auc
transfer_matrix,montiferru_2021_to_bejis_2022,montiferru_2021,bejis_2022,thermal_raw_source_only_pr_auc,0.09285102514616964,0.0771592840133878,0.11471143462088851,"drive_new/diagnostics/multi_aoi_transfer_synthesis/bejis_2022__evia_2021_extended__manavgat_2021__montiferru_2021__mugla_2021/multi_aoi_transfer_matrix.csv",pr_auc
transfer_matrix,montiferru_2021_to_bejis_2022,montiferru_2021,bejis_2022,thermal_raw_source_only_roc_auc,0.5483011162010453,0.5209528316649221,0.5781810365217555,"drive_new/diagnostics/multi_aoi_transfer_synthesis/bejis_2022__evia_2021_extended__manavgat_2021__montiferru_2021__mugla_2021/multi_aoi_transfer_matrix.csv",roc_auc
transfer_matrix,montiferru_2021_to_bejis_2022,montiferru_2021,bejis_2022,thermal_regionwise_zscore_pr_auc,0.08169870349416208,0.07203500943078613,0.09268438300897164,"drive_new/diagnostics/multi_aoi_transfer_synthesis/bejis_2022__evia_2021_extended__manavgat_2021__montiferru_2021__mugla_2021/multi_aoi_transfer_matrix.csv",pr_auc
transfer_matrix,montiferru_2021_to_bejis_2022,montiferru_2021,bejis_2022,thermal_regionwise_zscore_roc_auc,0.5737406929479322,0.5516607198105777,0.5963573577951428,"drive_new/diagnostics/multi_aoi_transfer_synthesis/bejis_2022__evia_2021_extended__manavgat_2021__montiferru_2021__mugla_2021/multi_aoi_transfer_matrix.csv",roc_auc
transfer_matrix,montiferru_2021_to_bejis_2022,montiferru_2021,bejis_2022,thermal_coral_after_regionwise_zscore_pr_auc,0.0804576841011413,0.07054149428217713,0.09184742060632142,"drive_new/diagnostics/multi_aoi_transfer_synthesis/bejis_2022__evia_2021_extended__manavgat_2021__montiferru_2021__mugla_2021/multi_aoi_transfer_matrix.csv",pr_auc
transfer_matrix,montiferru_2021_to_bejis_2022,montiferru_2021,bejis_2022,thermal_coral_after_regionwise_zscore_roc_auc,0.5689084457061746,0.5475899914764071,0.5909137420178239,"drive_new/diagnostics/multi_aoi_transfer_synthesis/bejis_2022__evia_2021_extended__manavgat_2021__montiferru_2021__mugla_2021/multi_aoi_transfer_matrix.csv",roc_auc
transfer_matrix,montiferru_2021_to_bejis_2022,montiferru_2021,bejis_2022,baseline_raw_source_only_pr_auc,0.11367518379586421,0.0943277675126874,0.1395413693376682,"drive_new/diagnostics/multi_aoi_transfer_synthesis/bejis_2022__evia_2021_extended__manavgat_2021__montiferru_2021__mugla_2021/multi_aoi_transfer_matrix.csv",pr_auc
transfer_matrix,montiferru_2021_to_bejis_2022,montiferru_2021,bejis_2022,baseline_raw_source_only_roc_auc,0.6126267823730563,0.5872554258748676,0.6394773192550581,"drive_new/diagnostics/multi_aoi_transfer_synthesis/bejis_2022__evia_2021_extended__manavgat_2021__montiferru_2021__mugla_2021/multi_aoi_transfer_matrix.csv",roc_auc
transfer_matrix,montiferru_2021_to_bejis_2022,montiferru_2021,bejis_2022,baseline_regionwise_zscore_pr_auc,0.08413477771595762,0.07419429388586102,0.09527124744257696,"drive_new/diagnostics/multi_aoi_transfer_synthesis/bejis_2022__evia_2021_extended__manavgat_2021__montiferru_2021__mugla_2021/multi_aoi_transfer_matrix.csv",pr_auc
transfer_matrix,montiferru_2021_to_bejis_2022,montiferru_2021,bejis_2022,baseline_regionwise_zscore_roc_auc,0.590360184528034,0.5689359657748891,0.6095504563608694,"drive_new/diagnostics/multi_aoi_transfer_synthesis/bejis_2022__evia_2021_extended__manavgat_2021__montiferru_2021__mugla_2021/multi_aoi_transfer_matrix.csv",roc_auc
transfer_matrix,montiferru_2021_to_bejis_2022,montiferru_2021,bejis_2022,baseline_coral_after_regionwise_zscore_pr_auc,0.08214538759373048,0.07234960109917475,0.09323975575282589,"drive_new/diagnostics/multi_aoi_transfer_synthesis/bejis_2022__evia_2021_extended__manavgat_2021__montiferru_2021__mugla_2021/multi_aoi_transfer_matrix.csv",pr_auc
transfer_matrix,montiferru_2021_to_bejis_2022,montiferru_2021,bejis_2022,baseline_coral_after_regionwise_zscore_roc_auc,0.5852029485773276,0.5612138324237973,0.6066705166312283,"drive_new/diagnostics/multi_aoi_transfer_synthesis/bejis_2022__evia_2021_extended__manavgat_2021__montiferru_2021__mugla_2021/multi_aoi_transfer_matrix.csv",roc_auc
transfer_matrix,montiferru_2021_to_mugla_2021,montiferru_2021,mugla_2021,thermal_raw_source_only_pr_auc,0.0886887632396203,0.08163679533721871,0.09628926354284895,"drive_new/diagnostics/multi_aoi_transfer_synthesis/bejis_2022__evia_2021_extended__manavgat_2021__montiferru_2021__mugla_2021/multi_aoi_transfer_matrix.csv",pr_auc
transfer_matrix,montiferru_2021_to_mugla_2021,montiferru_2021,mugla_2021,thermal_raw_source_only_roc_auc,0.6193519007685069,0.6042787356947583,0.6343128764211556,"drive_new/diagnostics/multi_aoi_transfer_synthesis/bejis_2022__evia_2021_extended__manavgat_2021__montiferru_2021__mugla_2021/multi_aoi_transfer_matrix.csv",roc_auc
transfer_matrix,montiferru_2021_to_mugla_2021,montiferru_2021,mugla_2021,thermal_regionwise_zscore_pr_auc,0.08032653268842897,0.07372908852727195,0.08737684430965972,"drive_new/diagnostics/multi_aoi_transfer_synthesis/bejis_2022__evia_2021_extended__manavgat_2021__montiferru_2021__mugla_2021/multi_aoi_transfer_matrix.csv",pr_auc
transfer_matrix,montiferru_2021_to_mugla_2021,montiferru_2021,mugla_2021,thermal_regionwise_zscore_roc_auc,0.5759383216467225,0.5618336621699772,0.5894226282488194,"drive_new/diagnostics/multi_aoi_transfer_synthesis/bejis_2022__evia_2021_extended__manavgat_2021__montiferru_2021__mugla_2021/multi_aoi_transfer_matrix.csv",roc_auc
transfer_matrix,montiferru_2021_to_mugla_2021,montiferru_2021,mugla_2021,thermal_coral_after_regionwise_zscore_pr_auc,0.08507846863101934,0.07675938898248126,0.0943977278543194,"drive_new/diagnostics/multi_aoi_transfer_synthesis/bejis_2022__evia_2021_extended__manavgat_2021__montiferru_2021__mugla_2021/multi_aoi_transfer_matrix.csv",pr_auc
transfer_matrix,montiferru_2021_to_mugla_2021,montiferru_2021,mugla_2021,thermal_coral_after_regionwise_zscore_roc_auc,0.5649497745214649,0.5499669328507472,0.579170354844776,"drive_new/diagnostics/multi_aoi_transfer_synthesis/bejis_2022__evia_2021_extended__manavgat_2021__montiferru_2021__mugla_2021/multi_aoi_transfer_matrix.csv",roc_auc
transfer_matrix,montiferru_2021_to_mugla_2021,montiferru_2021,mugla_2021,baseline_raw_source_only_pr_auc,0.12418946741262851,0.11158625767644284,0.13918815513220548,"drive_new/diagnostics/multi_aoi_transfer_synthesis/bejis_2022__evia_2021_extended__manavgat_2021__montiferru_2021__mugla_2021/multi_aoi_transfer_matrix.csv",pr_auc
transfer_matrix,montiferru_2021_to_mugla_2021,montiferru_2021,mugla_2021,baseline_raw_source_only_roc_auc,0.6512032487818435,0.6347654907335513,0.667565377332467,"drive_new/diagnostics/multi_aoi_transfer_synthesis/bejis_2022__evia_2021_extended__manavgat_2021__montiferru_2021__mugla_2021/multi_aoi_transfer_matrix.csv",roc_auc
transfer_matrix,montiferru_2021_to_mugla_2021,montiferru_2021,mugla_2021,baseline_regionwise_zscore_pr_auc,0.14086409715529885,0.1246375832519991,0.1606547068699503,"drive_new/diagnostics/multi_aoi_transfer_synthesis/bejis_2022__evia_2021_extended__manavgat_2021__montiferru_2021__mugla_2021/multi_aoi_transfer_matrix.csv",pr_auc
transfer_matrix,montiferru_2021_to_mugla_2021,montiferru_2021,mugla_2021,baseline_regionwise_zscore_roc_auc,0.6299301590911015,0.6132605729541819,0.6458010350289975,"drive_new/diagnostics/multi_aoi_transfer_synthesis/bejis_2022__evia_2021_extended__manavgat_2021__montiferru_2021__mugla_2021/multi_aoi_transfer_matrix.csv",roc_auc
transfer_matrix,montiferru_2021_to_mugla_2021,montiferru_2021,mugla_2021,baseline_coral_after_regionwise_zscore_pr_auc,0.12733869436981224,0.11365336956792872,0.1425536511417853,"drive_new/diagnostics/multi_aoi_transfer_synthesis/bejis_2022__evia_2021_extended__manavgat_2021__montiferru_2021__mugla_2021/multi_aoi_transfer_matrix.csv",pr_auc
transfer_matrix,montiferru_2021_to_mugla_2021,montiferru_2021,mugla_2021,baseline_coral_after_regionwise_zscore_roc_auc,0.6322589209374845,0.6155970266759292,0.6494384910334697,"drive_new/diagnostics/multi_aoi_transfer_synthesis/bejis_2022__evia_2021_extended__manavgat_2021__montiferru_2021__mugla_2021/multi_aoi_transfer_matrix.csv",roc_auc
transfer_matrix,montiferru_2021_to_evia_2021_extended,montiferru_2021,evia_2021_extended,thermal_raw_source_only_pr_auc,0.31707825794461764,0.2930494602497059,0.34128462148847116,"drive_new/diagnostics/multi_aoi_transfer_synthesis/bejis_2022__evia_2021_extended__manavgat_2021__montiferru_2021__mugla_2021/multi_aoi_transfer_matrix.csv",pr_auc
transfer_matrix,montiferru_2021_to_evia_2021_extended,montiferru_2021,evia_2021_extended,thermal_raw_source_only_roc_auc,0.5861929535806533,0.5651484545459279,0.6060253882475715,"drive_new/diagnostics/multi_aoi_transfer_synthesis/bejis_2022__evia_2021_extended__manavgat_2021__montiferru_2021__mugla_2021/multi_aoi_transfer_matrix.csv",roc_auc
transfer_matrix,montiferru_2021_to_evia_2021_extended,montiferru_2021,evia_2021_extended,thermal_regionwise_zscore_pr_auc,0.32985840635424135,0.3083015419437573,0.35462857538496,"drive_new/diagnostics/multi_aoi_transfer_synthesis/bejis_2022__evia_2021_extended__manavgat_2021__montiferru_2021__mugla_2021/multi_aoi_transfer_matrix.csv",pr_auc
transfer_matrix,montiferru_2021_to_evia_2021_extended,montiferru_2021,evia_2021_extended,thermal_regionwise_zscore_roc_auc,0.6304455740787516,0.6112140564678675,0.6490369448062729,"drive_new/diagnostics/multi_aoi_transfer_synthesis/bejis_2022__evia_2021_extended__manavgat_2021__montiferru_2021__mugla_2021/multi_aoi_transfer_matrix.csv",roc_auc
transfer_matrix,montiferru_2021_to_evia_2021_extended,montiferru_2021,evia_2021_extended,thermal_coral_after_regionwise_zscore_pr_auc,0.3255290121904344,0.30331183030898695,0.35030695413668517,"drive_new/diagnostics/multi_aoi_transfer_synthesis/bejis_2022__evia_2021_extended__manavgat_2021__montiferru_2021__mugla_2021/multi_aoi_transfer_matrix.csv",pr_auc
transfer_matrix,montiferru_2021_to_evia_2021_extended,montiferru_2021,evia_2021_extended,thermal_coral_after_regionwise_zscore_roc_auc,0.6238898304394234,0.6048135928730249,0.641359628323993,"drive_new/diagnostics/multi_aoi_transfer_synthesis/bejis_2022__evia_2021_extended__manavgat_2021__montiferru_2021__mugla_2021/multi_aoi_transfer_matrix.csv",roc_auc
transfer_matrix,montiferru_2021_to_evia_2021_extended,montiferru_2021,evia_2021_extended,baseline_raw_source_only_pr_auc,0.29606068088557547,0.27457391102672335,0.3182573257287597,"drive_new/diagnostics/multi_aoi_transfer_synthesis/bejis_2022__evia_2021_extended__manavgat_2021__montiferru_2021__mugla_2021/multi_aoi_transfer_matrix.csv",pr_auc
transfer_matrix,montiferru_2021_to_evia_2021_extended,montiferru_2021,evia_2021_extended,baseline_raw_source_only_roc_auc,0.5564241132902574,0.5376255794735346,0.576027684629921,"drive_new/diagnostics/multi_aoi_transfer_synthesis/bejis_2022__evia_2021_extended__manavgat_2021__montiferru_2021__mugla_2021/multi_aoi_transfer_matrix.csv",roc_auc
transfer_matrix,montiferru_2021_to_evia_2021_extended,montiferru_2021,evia_2021_extended,baseline_regionwise_zscore_pr_auc,0.3109524269698739,0.2890394782144066,0.3344929369341824,"drive_new/diagnostics/multi_aoi_transfer_synthesis/bejis_2022__evia_2021_extended__manavgat_2021__montiferru_2021__mugla_2021/multi_aoi_transfer_matrix.csv",pr_auc
transfer_matrix,montiferru_2021_to_evia_2021_extended,montiferru_2021,evia_2021_extended,baseline_regionwise_zscore_roc_auc,0.5769329398738503,0.5580556631232996,0.5951330195476806,"drive_new/diagnostics/multi_aoi_transfer_synthesis/bejis_2022__evia_2021_extended__manavgat_2021__montiferru_2021__mugla_2021/multi_aoi_transfer_matrix.csv",roc_auc
transfer_matrix,montiferru_2021_to_evia_2021_extended,montiferru_2021,evia_2021_extended,baseline_coral_after_regionwise_zscore_pr_auc,0.29375175306068646,0.27358770622193634,0.31611496525238003,"drive_new/diagnostics/multi_aoi_transfer_synthesis/bejis_2022__evia_2021_extended__manavgat_2021__montiferru_2021__mugla_2021/multi_aoi_transfer_matrix.csv",pr_auc
transfer_matrix,montiferru_2021_to_evia_2021_extended,montiferru_2021,evia_2021_extended,baseline_coral_after_regionwise_zscore_roc_auc,0.5502879650829606,0.53138782639047,0.5701573798934413,"drive_new/diagnostics/multi_aoi_transfer_synthesis/bejis_2022__evia_2021_extended__manavgat_2021__montiferru_2021__mugla_2021/multi_aoi_transfer_matrix.csv",roc_auc
prevalence,,,manavgat_2021,target_row_count,20511,,,"drive_new/diagnostics/multi_aoi_transfer_synthesis/bejis_2022__evia_2021_extended__manavgat_2021__montiferru_2021__mugla_2021/multi_aoi_transfer_matrix.csv",target_row_count
prevalence,,,manavgat_2021,target_burned_count,784,,,"drive_new/diagnostics/multi_aoi_transfer_synthesis/bejis_2022__evia_2021_extended__manavgat_2021__montiferru_2021__mugla_2021/multi_aoi_transfer_matrix.csv",target_burned_count
prevalence,,,manavgat_2021,burned_prevalence_modelled,0.038223,,,"drive_new/diagnostics/multi_aoi_transfer_synthesis/bejis_2022__evia_2021_extended__manavgat_2021__montiferru_2021__mugla_2021/multi_aoi_transfer_matrix.csv",target_burned_count/target_row_count
prevalence,,,manavgat_2021,tsg_count_legacy_all_rows,20555,,,"drive_new/experiments/manavgat_2021/step8a/step8a_dataset_stats.json",burnable_tree_shrub_grass_count
prevalence,,,manavgat_2021,burned_tsg_legacy_all_rows,784,,,"drive_new/experiments/manavgat_2021/step8a/step8a_dataset_stats.json",burned_count_within_each_burnable_mask.burnable_tree_shrub_grass
prevalence,,,manavgat_2021,burned_tsg_modelled,784,,,"drive_new/experiments/manavgat_2021/step8a/step8a_dataset_stats.json",burned_count_within_primary_burnable_mask
prevalence,,,bejis_2022,target_row_count,15190,,,"drive_new/diagnostics/multi_aoi_transfer_synthesis/bejis_2022__evia_2021_extended__manavgat_2021__montiferru_2021__mugla_2021/multi_aoi_transfer_matrix.csv",target_row_count
prevalence,,,bejis_2022,target_burned_count,1100,,,"drive_new/diagnostics/multi_aoi_transfer_synthesis/bejis_2022__evia_2021_extended__manavgat_2021__montiferru_2021__mugla_2021/multi_aoi_transfer_matrix.csv",target_burned_count
prevalence,,,bejis_2022,burned_prevalence_modelled,0.072416,,,"drive_new/diagnostics/multi_aoi_transfer_synthesis/bejis_2022__evia_2021_extended__manavgat_2021__montiferru_2021__mugla_2021/multi_aoi_transfer_matrix.csv",target_burned_count/target_row_count
prevalence,,,bejis_2022,tsg_count_legacy_all_rows,15190,,,"drive_new/experiments/bejis_2022/step8a/step8a_dataset_stats.json",burnable_tree_shrub_grass_count
prevalence,,,bejis_2022,burned_tsg_legacy_all_rows,1100,,,"drive_new/experiments/bejis_2022/step8a/step8a_dataset_stats.json",burned_count_within_each_burnable_mask.burnable_tree_shrub_grass
prevalence,,,bejis_2022,burned_tsg_modelled,1100,,,"drive_new/experiments/bejis_2022/step8a/step8a_dataset_stats.json",burned_count_within_primary_burnable_mask
prevalence,,,mugla_2021,target_row_count,41730,,,"drive_new/diagnostics/multi_aoi_transfer_synthesis/bejis_2022__evia_2021_extended__manavgat_2021__montiferru_2021__mugla_2021/multi_aoi_transfer_matrix.csv",target_row_count
prevalence,,,mugla_2021,target_burned_count,2911,,,"drive_new/diagnostics/multi_aoi_transfer_synthesis/bejis_2022__evia_2021_extended__manavgat_2021__montiferru_2021__mugla_2021/multi_aoi_transfer_matrix.csv",target_burned_count
prevalence,,,mugla_2021,burned_prevalence_modelled,0.069758,,,"drive_new/diagnostics/multi_aoi_transfer_synthesis/bejis_2022__evia_2021_extended__manavgat_2021__montiferru_2021__mugla_2021/multi_aoi_transfer_matrix.csv",target_burned_count/target_row_count
prevalence,,,mugla_2021,tsg_count_legacy_all_rows,41772,,,"drive_new/experiments/mugla_2021/step8a/step8a_dataset_stats.json",burnable_tree_shrub_grass_count
prevalence,,,mugla_2021,burned_tsg_legacy_all_rows,2952,,,"drive_new/experiments/mugla_2021/step8a/step8a_dataset_stats.json",burned_count_within_each_burnable_mask.burnable_tree_shrub_grass
prevalence,,,mugla_2021,burned_tsg_modelled,2911,,,"drive_new/experiments/mugla_2021/step8a/step8a_dataset_stats.json",burned_count_within_primary_burnable_mask
prevalence,,,evia_2021_extended,target_row_count,9298,,,"drive_new/diagnostics/multi_aoi_transfer_synthesis/bejis_2022__evia_2021_extended__manavgat_2021__montiferru_2021__mugla_2021/multi_aoi_transfer_matrix.csv",target_row_count
prevalence,,,evia_2021_extended,target_burned_count,2664,,,"drive_new/diagnostics/multi_aoi_transfer_synthesis/bejis_2022__evia_2021_extended__manavgat_2021__montiferru_2021__mugla_2021/multi_aoi_transfer_matrix.csv",target_burned_count
prevalence,,,evia_2021_extended,burned_prevalence_modelled,0.286513,,,"drive_new/diagnostics/multi_aoi_transfer_synthesis/bejis_2022__evia_2021_extended__manavgat_2021__montiferru_2021__mugla_2021/multi_aoi_transfer_matrix.csv",target_burned_count/target_row_count
prevalence,,,evia_2021_extended,tsg_count_legacy_all_rows,9309,,,"drive_new/experiments/evia_2021_extended/step8a/step8a_dataset_stats.json",burnable_tree_shrub_grass_count
prevalence,,,evia_2021_extended,burned_tsg_legacy_all_rows,2675,,,"drive_new/experiments/evia_2021_extended/step8a/step8a_dataset_stats.json",burned_count_within_each_burnable_mask.burnable_tree_shrub_grass
prevalence,,,evia_2021_extended,burned_tsg_modelled,2664,,,"drive_new/experiments/evia_2021_extended/step8a/step8a_dataset_stats.json",burned_count_within_primary_burnable_mask
prevalence,,,montiferru_2021,target_row_count,2544,,,"drive_new/diagnostics/multi_aoi_transfer_synthesis/bejis_2022__evia_2021_extended__manavgat_2021__montiferru_2021__mugla_2021/multi_aoi_transfer_matrix.csv",target_row_count
prevalence,,,montiferru_2021,target_burned_count,539,,,"drive_new/diagnostics/multi_aoi_transfer_synthesis/bejis_2022__evia_2021_extended__manavgat_2021__montiferru_2021__mugla_2021/multi_aoi_transfer_matrix.csv",target_burned_count
prevalence,,,montiferru_2021,burned_prevalence_modelled,0.211871,,,"drive_new/diagnostics/multi_aoi_transfer_synthesis/bejis_2022__evia_2021_extended__manavgat_2021__montiferru_2021__mugla_2021/multi_aoi_transfer_matrix.csv",target_burned_count/target_row_count
prevalence,,,montiferru_2021,tsg_count_legacy_all_rows,2591,,,"drive_new/experiments/montiferru_2021/step8a/step8a_dataset_stats.json",burnable_tree_shrub_grass_count
prevalence,,,montiferru_2021,burned_tsg_legacy_all_rows,582,,,"drive_new/experiments/montiferru_2021/step8a/step8a_dataset_stats.json",burned_count_within_each_burnable_mask.burnable_tree_shrub_grass
prevalence,,,montiferru_2021,burned_tsg_modelled,539,,,"drive_new/experiments/montiferru_2021/step8a/step8a_dataset_stats.json",burned_count_within_primary_burnable_mask
baseline_vs_thermal,manavgat_2021_to_bejis_2022,manavgat_2021,bejis_2022,baseline_roc_auc_raw,0.3322,0.3115,0.3553,"paper/baseline_vs_thermal_transfer.csv",baseline_roc
baseline_vs_thermal,manavgat_2021_to_bejis_2022,manavgat_2021,bejis_2022,thermal_roc_auc_raw,0.3258,0.3043,0.3477,"paper/baseline_vs_thermal_transfer.csv",thermal_roc
baseline_vs_thermal,manavgat_2021_to_bejis_2022,manavgat_2021,bejis_2022,delta_roc_auc,-0.0064,-0.0235,0.0097,"paper/baseline_vs_thermal_transfer.csv",delta_roc
baseline_vs_thermal,manavgat_2021_to_mugla_2021,manavgat_2021,mugla_2021,baseline_roc_auc_raw,0.5079,0.4895,0.5255,"paper/baseline_vs_thermal_transfer.csv",baseline_roc
baseline_vs_thermal,manavgat_2021_to_mugla_2021,manavgat_2021,mugla_2021,thermal_roc_auc_raw,0.4702,0.4542,0.4861,"paper/baseline_vs_thermal_transfer.csv",thermal_roc
baseline_vs_thermal,manavgat_2021_to_mugla_2021,manavgat_2021,mugla_2021,delta_roc_auc,-0.0378,-0.0512,-0.0244,"paper/baseline_vs_thermal_transfer.csv",delta_roc
baseline_vs_thermal,manavgat_2021_to_evia_2021_extended,manavgat_2021,evia_2021_extended,baseline_roc_auc_raw,0.5939,0.5747,0.6142,"paper/baseline_vs_thermal_transfer.csv",baseline_roc
baseline_vs_thermal,manavgat_2021_to_evia_2021_extended,manavgat_2021,evia_2021_extended,thermal_roc_auc_raw,0.6126,0.5930,0.6328,"paper/baseline_vs_thermal_transfer.csv",thermal_roc
baseline_vs_thermal,manavgat_2021_to_evia_2021_extended,manavgat_2021,evia_2021_extended,delta_roc_auc,0.0187,0.0027,0.0344,"paper/baseline_vs_thermal_transfer.csv",delta_roc
baseline_vs_thermal,manavgat_2021_to_montiferru_2021,manavgat_2021,montiferru_2021,baseline_roc_auc_raw,0.5779,0.5399,0.6204,"paper/baseline_vs_thermal_transfer.csv",baseline_roc
baseline_vs_thermal,manavgat_2021_to_montiferru_2021,manavgat_2021,montiferru_2021,thermal_roc_auc_raw,0.5333,0.4874,0.5782,"paper/baseline_vs_thermal_transfer.csv",thermal_roc
baseline_vs_thermal,manavgat_2021_to_montiferru_2021,manavgat_2021,montiferru_2021,delta_roc_auc,-0.0447,-0.0775,-0.0102,"paper/baseline_vs_thermal_transfer.csv",delta_roc
baseline_vs_thermal,bejis_2022_to_manavgat_2021,bejis_2022,manavgat_2021,baseline_roc_auc_raw,0.4209,0.3851,0.4568,"paper/baseline_vs_thermal_transfer.csv",baseline_roc
baseline_vs_thermal,bejis_2022_to_manavgat_2021,bejis_2022,manavgat_2021,thermal_roc_auc_raw,0.4435,0.4095,0.4772,"paper/baseline_vs_thermal_transfer.csv",thermal_roc
baseline_vs_thermal,bejis_2022_to_manavgat_2021,bejis_2022,manavgat_2021,delta_roc_auc,0.0226,-0.0004,0.0438,"paper/baseline_vs_thermal_transfer.csv",delta_roc
baseline_vs_thermal,bejis_2022_to_mugla_2021,bejis_2022,mugla_2021,baseline_roc_auc_raw,0.5922,0.5749,0.6088,"paper/baseline_vs_thermal_transfer.csv",baseline_roc
baseline_vs_thermal,bejis_2022_to_mugla_2021,bejis_2022,mugla_2021,thermal_roc_auc_raw,0.6185,0.6019,0.6339,"paper/baseline_vs_thermal_transfer.csv",thermal_roc
baseline_vs_thermal,bejis_2022_to_mugla_2021,bejis_2022,mugla_2021,delta_roc_auc,0.0262,0.0140,0.0384,"paper/baseline_vs_thermal_transfer.csv",delta_roc
baseline_vs_thermal,bejis_2022_to_evia_2021_extended,bejis_2022,evia_2021_extended,baseline_roc_auc_raw,0.5305,0.5129,0.5491,"paper/baseline_vs_thermal_transfer.csv",baseline_roc
baseline_vs_thermal,bejis_2022_to_evia_2021_extended,bejis_2022,evia_2021_extended,thermal_roc_auc_raw,0.3828,0.3640,0.4029,"paper/baseline_vs_thermal_transfer.csv",thermal_roc
baseline_vs_thermal,bejis_2022_to_evia_2021_extended,bejis_2022,evia_2021_extended,delta_roc_auc,-0.1476,-0.1682,-0.1263,"paper/baseline_vs_thermal_transfer.csv",delta_roc
baseline_vs_thermal,bejis_2022_to_montiferru_2021,bejis_2022,montiferru_2021,baseline_roc_auc_raw,0.5530,0.5156,0.5908,"paper/baseline_vs_thermal_transfer.csv",baseline_roc
baseline_vs_thermal,bejis_2022_to_montiferru_2021,bejis_2022,montiferru_2021,thermal_roc_auc_raw,0.5937,0.5582,0.6301,"paper/baseline_vs_thermal_transfer.csv",thermal_roc
baseline_vs_thermal,bejis_2022_to_montiferru_2021,bejis_2022,montiferru_2021,delta_roc_auc,0.0407,0.0054,0.0730,"paper/baseline_vs_thermal_transfer.csv",delta_roc
baseline_vs_thermal,mugla_2021_to_manavgat_2021,mugla_2021,manavgat_2021,baseline_roc_auc_raw,0.5215,0.4955,0.5484,"paper/baseline_vs_thermal_transfer.csv",baseline_roc
baseline_vs_thermal,mugla_2021_to_manavgat_2021,mugla_2021,manavgat_2021,thermal_roc_auc_raw,0.4010,0.3761,0.4255,"paper/baseline_vs_thermal_transfer.csv",thermal_roc
baseline_vs_thermal,mugla_2021_to_manavgat_2021,mugla_2021,manavgat_2021,delta_roc_auc,-0.1205,-0.1458,-0.0978,"paper/baseline_vs_thermal_transfer.csv",delta_roc
baseline_vs_thermal,mugla_2021_to_bejis_2022,mugla_2021,bejis_2022,baseline_roc_auc_raw,0.4507,0.4267,0.4771,"paper/baseline_vs_thermal_transfer.csv",baseline_roc
baseline_vs_thermal,mugla_2021_to_bejis_2022,mugla_2021,bejis_2022,thermal_roc_auc_raw,0.5832,0.5587,0.6053,"paper/baseline_vs_thermal_transfer.csv",thermal_roc
baseline_vs_thermal,mugla_2021_to_bejis_2022,mugla_2021,bejis_2022,delta_roc_auc,0.1325,0.1048,0.1583,"paper/baseline_vs_thermal_transfer.csv",delta_roc
baseline_vs_thermal,mugla_2021_to_evia_2021_extended,mugla_2021,evia_2021_extended,baseline_roc_auc_raw,0.5998,0.5819,0.6189,"paper/baseline_vs_thermal_transfer.csv",baseline_roc
baseline_vs_thermal,mugla_2021_to_evia_2021_extended,mugla_2021,evia_2021_extended,thermal_roc_auc_raw,0.6534,0.6336,0.6722,"paper/baseline_vs_thermal_transfer.csv",thermal_roc
baseline_vs_thermal,mugla_2021_to_evia_2021_extended,mugla_2021,evia_2021_extended,delta_roc_auc,0.0536,0.0388,0.0674,"paper/baseline_vs_thermal_transfer.csv",delta_roc
baseline_vs_thermal,mugla_2021_to_montiferru_2021,mugla_2021,montiferru_2021,baseline_roc_auc_raw,0.6105,0.5716,0.6512,"paper/baseline_vs_thermal_transfer.csv",baseline_roc
baseline_vs_thermal,mugla_2021_to_montiferru_2021,mugla_2021,montiferru_2021,thermal_roc_auc_raw,0.5312,0.4979,0.5669,"paper/baseline_vs_thermal_transfer.csv",thermal_roc
baseline_vs_thermal,mugla_2021_to_montiferru_2021,mugla_2021,montiferru_2021,delta_roc_auc,-0.0793,-0.1168,-0.0374,"paper/baseline_vs_thermal_transfer.csv",delta_roc
baseline_vs_thermal,evia_2021_extended_to_manavgat_2021,evia_2021_extended,manavgat_2021,baseline_roc_auc_raw,0.6758,0.6409,0.7100,"paper/baseline_vs_thermal_transfer.csv",baseline_roc
baseline_vs_thermal,evia_2021_extended_to_manavgat_2021,evia_2021_extended,manavgat_2021,thermal_roc_auc_raw,0.6858,0.6515,0.7171,"paper/baseline_vs_thermal_transfer.csv",thermal_roc
baseline_vs_thermal,evia_2021_extended_to_manavgat_2021,evia_2021_extended,manavgat_2021,delta_roc_auc,0.0100,-0.0120,0.0321,"paper/baseline_vs_thermal_transfer.csv",delta_roc
baseline_vs_thermal,evia_2021_extended_to_bejis_2022,evia_2021_extended,bejis_2022,baseline_roc_auc_raw,0.3917,0.3678,0.4145,"paper/baseline_vs_thermal_transfer.csv",baseline_roc
baseline_vs_thermal,evia_2021_extended_to_bejis_2022,evia_2021_extended,bejis_2022,thermal_roc_auc_raw,0.4480,0.4266,0.4685,"paper/baseline_vs_thermal_transfer.csv",thermal_roc
baseline_vs_thermal,evia_2021_extended_to_bejis_2022,evia_2021_extended,bejis_2022,delta_roc_auc,0.0563,0.0371,0.0772,"paper/baseline_vs_thermal_transfer.csv",delta_roc
baseline_vs_thermal,evia_2021_extended_to_mugla_2021,evia_2021_extended,mugla_2021,baseline_roc_auc_raw,0.5125,0.4927,0.5305,"paper/baseline_vs_thermal_transfer.csv",baseline_roc
baseline_vs_thermal,evia_2021_extended_to_mugla_2021,evia_2021_extended,mugla_2021,thermal_roc_auc_raw,0.5768,0.5598,0.5941,"paper/baseline_vs_thermal_transfer.csv",thermal_roc
baseline_vs_thermal,evia_2021_extended_to_mugla_2021,evia_2021_extended,mugla_2021,delta_roc_auc,0.0643,0.0444,0.0829,"paper/baseline_vs_thermal_transfer.csv",delta_roc
baseline_vs_thermal,evia_2021_extended_to_montiferru_2021,evia_2021_extended,montiferru_2021,baseline_roc_auc_raw,0.5494,0.5074,0.5884,"paper/baseline_vs_thermal_transfer.csv",baseline_roc
baseline_vs_thermal,evia_2021_extended_to_montiferru_2021,evia_2021_extended,montiferru_2021,thermal_roc_auc_raw,0.6467,0.6090,0.6828,"paper/baseline_vs_thermal_transfer.csv",thermal_roc
baseline_vs_thermal,evia_2021_extended_to_montiferru_2021,evia_2021_extended,montiferru_2021,delta_roc_auc,0.0973,0.0543,0.1385,"paper/baseline_vs_thermal_transfer.csv",delta_roc
baseline_vs_thermal,montiferru_2021_to_manavgat_2021,montiferru_2021,manavgat_2021,baseline_roc_auc_raw,0.5018,0.4710,0.5331,"paper/baseline_vs_thermal_transfer.csv",baseline_roc
baseline_vs_thermal,montiferru_2021_to_manavgat_2021,montiferru_2021,manavgat_2021,thermal_roc_auc_raw,0.5670,0.5398,0.5955,"paper/baseline_vs_thermal_transfer.csv",thermal_roc
baseline_vs_thermal,montiferru_2021_to_manavgat_2021,montiferru_2021,manavgat_2021,delta_roc_auc,0.0652,0.0408,0.0913,"paper/baseline_vs_thermal_transfer.csv",delta_roc
baseline_vs_thermal,montiferru_2021_to_bejis_2022,montiferru_2021,bejis_2022,baseline_roc_auc_raw,0.6126,0.5866,0.6373,"paper/baseline_vs_thermal_transfer.csv",baseline_roc
baseline_vs_thermal,montiferru_2021_to_bejis_2022,montiferru_2021,bejis_2022,thermal_roc_auc_raw,0.5483,0.5210,0.5781,"paper/baseline_vs_thermal_transfer.csv",thermal_roc
baseline_vs_thermal,montiferru_2021_to_bejis_2022,montiferru_2021,bejis_2022,delta_roc_auc,-0.0643,-0.0823,-0.0440,"paper/baseline_vs_thermal_transfer.csv",delta_roc
baseline_vs_thermal,montiferru_2021_to_mugla_2021,montiferru_2021,mugla_2021,baseline_roc_auc_raw,0.6512,0.6341,0.6680,"paper/baseline_vs_thermal_transfer.csv",baseline_roc
baseline_vs_thermal,montiferru_2021_to_mugla_2021,montiferru_2021,mugla_2021,thermal_roc_auc_raw,0.6194,0.6031,0.6346,"paper/baseline_vs_thermal_transfer.csv",thermal_roc
baseline_vs_thermal,montiferru_2021_to_mugla_2021,montiferru_2021,mugla_2021,delta_roc_auc,-0.0319,-0.0476,-0.0170,"paper/baseline_vs_thermal_transfer.csv",delta_roc
baseline_vs_thermal,montiferru_2021_to_evia_2021_extended,montiferru_2021,evia_2021_extended,baseline_roc_auc_raw,0.5564,0.5349,0.5757,"paper/baseline_vs_thermal_transfer.csv",baseline_roc
baseline_vs_thermal,montiferru_2021_to_evia_2021_extended,montiferru_2021,evia_2021_extended,thermal_roc_auc_raw,0.5862,0.5646,0.6065,"paper/baseline_vs_thermal_transfer.csv",thermal_roc
baseline_vs_thermal,montiferru_2021_to_evia_2021_extended,montiferru_2021,evia_2021_extended,delta_roc_auc,0.0298,0.0132,0.0457,"paper/baseline_vs_thermal_transfer.csv",delta_roc
summary,all_20,,,baseline_mean_roc_auc,0.537120,,,"paper/baseline_vs_thermal_transfer.csv",baseline_roc
summary,all_20,,,baseline_min_roc_auc,0.3322,,,"paper/baseline_vs_thermal_transfer.csv",baseline_roc
summary,all_20,,,baseline_max_roc_auc,0.6758,,,"paper/baseline_vs_thermal_transfer.csv",baseline_roc
summary,all_20,,,baseline_n_below_half_point,4,,,"paper/baseline_vs_thermal_transfer.csv",baseline_roc
summary,all_20,,,baseline_n_ci_entirely_below_half,4,,,"paper/baseline_vs_thermal_transfer.csv",baseline_ci_high
summary,all_20,,,baseline_n_ci_entirely_above_half,12,,,"paper/baseline_vs_thermal_transfer.csv",baseline_ci_low
summary,all_20,,,thermal_mean_roc_auc,0.541370,,,"paper/baseline_vs_thermal_transfer.csv",thermal_roc
summary,all_20,,,thermal_min_roc_auc,0.3258,,,"paper/baseline_vs_thermal_transfer.csv",thermal_roc
summary,all_20,,,thermal_max_roc_auc,0.6858,,,"paper/baseline_vs_thermal_transfer.csv",thermal_roc
summary,all_20,,,thermal_n_below_half_point,6,,,"paper/baseline_vs_thermal_transfer.csv",thermal_roc
summary,all_20,,,thermal_n_ci_entirely_below_half,6,,,"paper/baseline_vs_thermal_transfer.csv",thermal_ci_high
summary,all_20,,,thermal_n_ci_entirely_above_half,12,,,"paper/baseline_vs_thermal_transfer.csv",thermal_ci_low
summary,all_20,,,mean_thermal_minus_baseline_delta,0.004235,,,"paper/baseline_vs_thermal_transfer.csv",delta_roc
